cell_id,lat,lon,lat_min,lon_min,land_frac
03555_01255,35.55,12.55,35.5,12.5,0.1252
03555_01265,35.55,12.65,35.5,12.6,0.0628
03585_01285,35.85,12.85,35.8,12.8,0.0547
03665_01505,36.65,15.05,36.6,15.0,0.2303
03665_01515,36.65,15.15,36.6,15.1,0.1106
03675_01195,36.75,11.95,36.7,11.9,0.231
03675_01205,36.75,12.05,36.7,12.0,0.3213
03675_01455,36.75,14.55,36.7,14.5,0.1889
03675_01465,36.75,14.65,36.7,14.6,0.5016
03675_01475,36.75,14.75,36.7,14.7,0.8535
03675_01485,36.75,14.85,36.7,14.8,0.7635
03675_01495,36.75,14.95,36.7,14.9,0.9222
03675_01505,36.75,15.05,36.7,15.0,0.9825
03675_01515,36.75,15.15,36.7,15.1,0.1045
03685_01195,36.85,11.95,36.8,11.9,0.2285
03685_01205,36.85,12.05,36.8,12.0,0.0691
03685_01445,36.85,14.45,36.8,14.4,0.4927
03685_01455,36.85,14.55,36.8,14.5,1.0
03685_01465,36.85,14.65,36.8,14.6,1.0
03685_01475,36.85,14.75,36.8,14.7,1.0
03685_01485,36.85,14.85,36.8,14.8,1.0
03685_01495,36.85,14.95,36.8,14.9,1.0
03685_01505,36.85,15.05,36.8,15.0,0.9995
03685_01515,36.85,15.15,36.8,15.1,0.2001
03695_01435,36.95,14.35,36.9,14.3,0.1841
03695_01445,36.95,14.45,36.9,14.4,0.9598
03695_01455,36.95,14.55,36.9,14.5,1.0
03695_01465,36.95,14.65,36.9,14.6,1.0
03695_01475,36.95,14.75,36.9,14.7,1.0
03695_01485,36.95,14.85,36.9,14.8,1.0
03695_01495,36.95,14.95,36.9,14.9,1.0
03695_01505,36.95,15.05,36.9,15.0,1.0
03695_01515,36.95,15.15,36.9,15.1,0.8378
03695_01525,36.95,15.25,36.9,15.2,0.2115
03705_01415,37.05,14.15,37.0,14.1,0.0575
03705_01425,37.05,14.25,37.0,14.2,0.4093
03705_01435,37.05,14.35,37.0,14.3,0.9298
03705_01445,37.05,14.45,37.0,14.4,1.0
03705_01455,37.05,14.55,37.0,14.5,1.0
03705_01465,37.05,14.65,37.0,14.6,1.0
03705_01475,37.05,14.75,37.0,14.7,1.0
03705_01485,37.05,14.85,37.0,14.8,1.0
03705_01495,37.05,14.95,37.0,14.9,1.0
03705_01505,37.05,15.05,37.0,15.0,1.0
03705_01515,37.05,15.15,37.0,15.1,1.0
03705_01525,37.05,15.25,37.0,15.2,0.8937
03705_01535,37.05,15.35,37.0,15.3,0.0828
03715_01375,37.15,13.75,37.1,13.7,0.4337
03715_01385,37.15,13.85,37.1,13.8,0.7568
03715_01395,37.15,13.95,37.1,13.9,0.9644
03715_01405,37.15,14.05,37.1,14.0,0.9112
03715_01415,37.15,14.15,37.1,14.1,0.9917
03715_01425,37.15,14.25,37.1,14.2,1.0
03715_01435,37.15,14.35,37.1,14.3,1.0
03715_01445,37.15,14.45,37.1,14.4,1.0
03715_01455,37.15,14.55,37.1,14.5,1.0
03715_01465,37.15,14.65,37.1,14.6,1.0
03715_01475,37.15,14.75,37.1,14.7,1.0
03715_01485,37.15,14.85,37.1,14.8,1.0
03715_01495,37.15,14.95,37.1,14.9,1.0
03715_01505,37.15,15.05,37.1,15.0,1.0
03715_01515,37.15,15.15,37.1,15.1,0.98
03715_01525,37.15,15.25,37.1,15.2,0.2188
03725_01355,37.25,13.55,37.2,13.5,0.2121
03725_01365,37.25,13.65,37.2,13.6,0.8057
03725_01375,37.25,13.75,37.2,13.7,1.0
03725_01385,37.25,13.85,37.2,13.8,1.0
03725_01395,37.25,13.95,37.2,13.9,1.0
03725_01405,37.25,14.05,37.2,14.0,1.0
03725_01415,37.25,14.15,37.2,14.1,1.0
03725_01425,37.25,14.25,37.2,14.2,1.0
03725_01435,37.25,14.35,37.2,14.3,1.0
03725_01445,37.25,14.45,37.2,14.4,1.0
03725_01455,37.25,14.55,37.2,14.5,1.0
03725_01465,37.25,14.65,37.2,14.6,1.0
03725_01475,37.25,14.75,37.2,14.7,1.0
03725_01485,37.25,14.85,37.2,14.8,1.0
03725_01495,37.25,14.95,37.2,14.9,1.0
03725_01505,37.25,15.05,37.2,15.0,1.0
03725_01515,37.25,15.15,37.2,15.1,0.9049
03725_01525,37.25,15.25,37.2,15.2,0.1798
03735_01335,37.35,13.35,37.3,13.3,0.4357
03735_01345,37.35,13.45,37.3,13.4,0.9356
03735_01355,37.35,13.55,37.3,13.5,1.0
03735_01365,37.35,13.65,37.3,13.6,1.0
03735_01375,37.35,13.75,37.3,13.7,1.0
03735_01385,37.35,13.85,37.3,13.8,1.0
03735_01395,37.35,13.95,37.3,13.9,1.0
03735_01405,37.35,14.05,37.3,14.0,1.0
03735_01415,37.35,14.15,37.3,14.1,1.0
03735_01425,37.35,14.25,37.3,14.2,1.0
03735_01435,37.35,14.35,37.3,14.3,1.0
03735_01445,37.35,14.45,37.3,14.4,1.0
03735_01455,37.35,14.55,37.3,14.5,1.0
03735_01465,37.35,14.65,37.3,14.6,1.0
03735_01475,37.35,14.75,37.3,14.7,1.0
03735_01485,37.35,14.85,37.3,14.8,1.0
03735_01495,37.35,14.95,37.3,14.9,1.0
03735_01505,37.35,15.05,37.3,15.0,0.9373
03745_01315,37.45,13.15,37.4,13.1,0.0919
03745_01325,37.45,13.25,37.4,13.2,0.7266
03745_01335,37.45,13.35,37.4,13.3,1.0
03745_01345,37.45,13.45,37.4,13.4,1.0
03745_01355,37.45,13.55,37.4,13.5,1.0
03745_01365,37.45,13.65,37.4,13.6,1.0
03745_01375,37.45,13.75,37.4,13.7,1.0
03745_01385,37.45,13.85,37.4,13.8,1.0
03745_01395,37.45,13.95,37.4,13.9,1.0
03745_01405,37.45,14.05,37.4,14.0,1.0
03745_01415,37.45,14.15,37.4,14.1,1.0
03745_01425,37.45,14.25,37.4,14.2,1.0
03745_01435,37.45,14.35,37.4,14.3,1.0
03745_01445,37.45,14.45,37.4,14.4,1.0
03745_01455,37.45,14.55,37.4,14.5,1.0
03745_01465,37.45,14.65,37.4,14.6,1.0
03745_01475,37.45,14.75,37.4,14.7,1.0
03745_01485,37.45,14.85,37.4,14.8,1.0
03745_01495,37.45,14.95,37.4,14.9,1.0
03745_01505,37.45,15.05,37.4,15.0,0.8859
03755_01265,37.55,12.65,37.5,12.6,0.1971
03755_01275,37.55,12.75,37.5,12.7,0.255
03755_01285,37.55,12.85,37.5,12.8,0.1916
03755_01295,37.55,12.95,37.5,12.9,0.3717
03755_01305,37.55,13.05,37.5,13.0,0.9531
03755_01315,37.55,13.15,37.5,13.1,0.9995
03755_01325,37.55,13.25,37.5,13.2,1.0
03755_01335,37.55,13.35,37.5,13.3,1.0
03755_01345,37.55,13.45,37.5,13.4,1.0
03755_01355,37.55,13.55,37.5,13.5,1.0
03755_01365,37.55,13.65,37.5,13.6,1.0
03755_01375,37.55,13.75,37.5,13.7,1.0
03755_01385,37.55,13.85,37.5,13.8,1.0
03755_01395,37.55,13.95,37.5,13.9,1.0
03755_01405,37.55,14.05,37.5,14.0,1.0
03755_01415,37.55,14.15,37.5,14.1,1.0
03755_01425,37.55,14.25,37.5,14.2,1.0
03755_01435,37.55,14.35,37.5,14.3,1.0
03755_01445,37.55,14.45,37.5,14.4,1.0
03755_01455,37.55,14.55,37.5,14.5,1.0
03755_01465,37.55,14.65,37.5,14.6,1.0
03755_01475,37.55,14.75,37.5,14.7,1.0
03755_01485,37.55,14.85,37.5,14.8,1.0
03755_01495,37.55,14.95,37.5,14.9,1.0
03755_01505,37.55,15.05,37.5,15.0,0.9993
03755_01515,37.55,15.15,37.5,15.1,0.4315
03765_01255,37.65,12.55,37.6,12.5,0.405
03765_01265,37.65,12.65,37.6,12.6,0.9215
03765_01275,37.65,12.75,37.6,12.7,1.0
03765_01285,37.65,12.85,37.6,12.8,1.0
03765_01295,37.65,12.95,37.6,12.9,1.0
03765_01305,37.65,13.05,37.6,13.0,1.0
03765_01315,37.65,13.15,37.6,13.1,1.0
03765_01325,37.65,13.25,37.6,13.2,1.0
03765_01335,37.65,13.35,37.6,13.3,1.0
03765_01345,37.65,13.45,37.6,13.4,1.0
03765_01355,37.65,13.55,37.6,13.5,1.0
03765_01365,37.65,13.65,37.6,13.6,1.0
03765_01375,37.65,13.75,37.6,13.7,1.0
03765_01385,37.65,13.85,37.6,13.8,1.0
03765_01395,37.65,13.95,37.6,13.9,1.0
03765_01405,37.65,14.05,37.6,14.0,1.0
03765_01415,37.65,14.15,37.6,14.1,1.0
03765_01425,37.65,14.25,37.6,14.2,1.0
03765_01435,37.65,14.35,37.6,14.3,1.0
03765_01445,37.65,14.45,37.6,14.4,1.0
03765_01455,37.65,14.55,37.6,14.5,1.0
03765_01465,37.65,14.65,37.6,14.6,1.0
03765_01475,37.65,14.75,37.6,14.7,1.0
03765_01485,37.65,14.85,37.6,14.8,1.0
03765_01495,37.65,14.95,37.6,14.9,1.0
03765_01505,37.65,15.05,37.6,15.0,1.0
03765_01515,37.65,15.15,37.6,15.1,0.8829
03775_01245,37.75,12.45,37.7,12.4,0.3916
03775_01255,37.75,12.55,37.7,12.5,1.0
03775_01265,37.75,12.65,37.7,12.6,1.0
03775_01275,37.75,12.75,37.7,12.7,1.0
03775_01285,37.75,12.85,37.7,12.8,1.0
03775_01295,37.75,12.95,37.7,12.9,1.0
03775_01305,37.75,13.05,37.7,13.0,1.0
03775_01315,37.75,13.15,37.7,13.1,1.0
03775_01325,37.75,13.25,37.7,13.2,1.0
03775_01335,37.75,13.35,37.7,13.3,1.0
03775_01345,37.75,13.45,37.7,13.4,1.0
03775_01355,37.75,13.55,37.7,13.5,1.0
03775_01365,37.75,13.65,37.7,13.6,1.0
03775_01375,37.75,13.75,37.7,13.7,1.0
03775_01385,37.75,13.85,37.7,13.8,1.0
03775_01395,37.75,13.95,37.7,13.9,1.0
03775_01405,37.75,14.05,37.7,14.0,1.0
03775_01415,37.75,14.15,37.7,14.1,1.0
03775_01425,37.75,14.25,37.7,14.2,1.0
03775_01435,37.75,14.35,37.7,14.3,1.0
03775_01445,37.75,14.45,37.7,14.4,1.0
03775_01455,37.75,14.55,37.7,14.5,1.0
03775_01465,37.75,14.65,37.7,14.6,1.0
03775_01475,37.75,14.75,37.7,14.7,1.0
03775_01485,37.75,14.85,37.7,14.8,1.0
03775_01495,37.75,14.95,37.7,14.9,1.0
03775_01505,37.75,15.05,37.7,15.0,1.0
03775_01515,37.75,15.15,37.7,15.1,1.0
03775_01525,37.75,15.25,37.7,15.2,0.202
03785_01245,37.85,12.45,37.8,12.4,0.4026
03785_01255,37.85,12.55,37.8,12.5,1.0
03785_01265,37.85,12.65,37.8,12.6,1.0
03785_01275,37.85,12.75,37.8,12.7,1.0
03785_01285,37.85,12.85,37.8,12.8,1.0
03785_01295,37.85,12.95,37.8,12.9,1.0
03785_01305,37.85,13.05,37.8,13.0,1.0
03785_01315,37.85,13.15,37.8,13.1,1.0
03785_01325,37.85,13.25,37.8,13.2,1.0
03785_01335,37.85,13.35,37.8,13.3,1.0
03785_01345,37.85,13.45,37.8,13.4,1.0
03785_01355,37.85,13.55,37.8,13.5,1.0
03785_01365,37.85,13.65,37.8,13.6,1.0
03785_01375,37.85,13.75,37.8,13.7,1.0
03785_01385,37.85,13.85,37.8,13.8,1.0
03785_01395,37.85,13.95,37.8,13.9,1.0
03785_01405,37.85,14.05,37.8,14.0,1.0
03785_01415,37.85,14.15,37.8,14.1,1.0
03785_01425,37.85,14.25,37.8,14.2,1.0
03785_01435,37.85,14.35,37.8,14.3,1.0
03785_01445,37.85,14.45,37.8,14.4,1.0
03785_01455,37.85,14.55,37.8,14.5,1.0
03785_01465,37.85,14.65,37.8,14.6,1.0
03785_01475,37.85,14.75,37.8,14.7,1.0
03785_01485,37.85,14.85,37.8,14.8,1.0
03785_01495,37.85,14.95,37.8,14.9,1.0
03785_01505,37.85,15.05,37.8,15.0,1.0
03785_01515,37.85,15.15,37.8,15.1,1.0
03785_01525,37.85,15.25,37.8,15.2,0.8488
03795_01205,37.95,12.05,37.9,12.0,0.1265
03795_01225,37.95,12.25,37.9,12.2,0.0633
03795_01235,37.95,12.35,37.9,12.3,0.1786
03795_01245,37.95,12.45,37.9,12.4,0.1505
03795_01255,37.95,12.55,37.9,12.5,0.9941
03795_01265,37.95,12.65,37.9,12.6,1.0
03795_01275,37.95,12.75,37.9,12.7,1.0
03795_01285,37.95,12.85,37.9,12.8,1.0
03795_01295,37.95,12.95,37.9,12.9,1.0
03795_01305,37.95,13.05,37.9,13.0,1.0
03795_01315,37.95,13.15,37.9,13.1,1.0
03795_01325,37.95,13.25,37.9,13.2,1.0
03795_01335,37.95,13.35,37.9,13.3,1.0
03795_01345,37.95,13.45,37.9,13.4,1.0
03795_01355,37.95,13.55,37.9,13.5,1.0
03795_01365,37.95,13.65,37.9,13.6,0.97
03795_01375,37.95,13.75,37.9,13.7,0.7486
03795_01385,37.95,13.85,37.9,13.8,0.8843
03795_01395,37.95,13.95,37.9,13.9,1.0
03795_01405,37.95,14.05,37.9,14.0,1.0
03795_01415,37.95,14.15,37.9,14.1,1.0
03795_01425,37.95,14.25,37.9,14.2,1.0
03795_01435,37.95,14.35,37.9,14.3,1.0
03795_01445,37.95,14.45,37.9,14.4,1.0
03795_01455,37.95,14.55,37.9,14.5,1.0
03795_01465,37.95,14.65,37.9,14.6,1.0
03795_01475,37.95,14.75,37.9,14.7,1.0
03795_01485,37.95,14.85,37.9,14.8,1.0
03795_01495,37.95,14.95,37.9,14.9,1.0
03795_01505,37.95,15.05,37.9,15.0,1.0
03795_01515,37.95,15.15,37.9,15.1,1.0
03795_01525,37.95,15.25,37.9,15.2,1.0
03795_01535,37.95,15.35,37.9,15.3,0.7264
03795_01565,37.95,15.65,37.9,15.6,0.1975
03795_01575,37.95,15.75,37.9,15.7,0.755
03795_01585,37.95,15.85,37.9,15.8,0.776
03795_01595,37.95,15.95,37.9,15.9,0.7702
03795_01605,37.95,16.05,37.9,16.0,0.7062
03795_01615,37.95,16.15,37.9,16.1,0.0557
03805_01255,38.05,12.55,38.0,12.5,0.4512
03805_01265,38.05,12.65,38.0,12.6,0.8442
03805_01275,38.05,12.75,38.0,12.7,0.9999
03805_01285,38.05,12.85,38.0,12.8,0.5443
03805_01295,38.05,12.95,38.0,12.9,0.3361
03805_01305,38.05,13.05,38.0,13.0,0.7557
03805_01315,38.05,13.15,38.0,13.1,1.0
03805_01325,38.05,13.25,38.0,13.2,1.0
03805_01335,38.05,13.35,38.0,13.3,1.0
03805_01345,38.05,13.45,38.0,13.4,0.9781
03805_01355,38.05,13.55,38.0,13.5,0.6358
03805_01365,38.05,13.65,38.0,13.6,0.0574
03805_01395,38.05,13.95,38.0,13.9,0.2422
03805_01405,38.05,14.05,38.0,14.0,0.2731
03805_01415,38.05,14.15,38.0,14.1,0.1925
03805_01425,38.05,14.25,38.0,14.2,0.1066
03805_01435,38.05,14.35,38.0,14.3,0.1565
03805_01445,38.05,14.45,38.0,14.4,0.3528
03805_01455,38.05,14.55,38.0,14.5,0.5202
03805_01465,38.05,14.65,38.0,14.6,0.835
03805_01475,38.05,14.75,38.0,14.7,1.0
03805_01485,38.05,14.85,38.0,14.8,1.0
03805_01495,38.05,14.95,38.0,14.9,1.0
03805_01505,38.05,15.05,38.0,15.0,1.0
03805_01515,38.05,15.15,38.0,15.1,1.0
03805_01525,38.05,15.25,38.0,15.2,1.0
03805_01535,38.05,15.35,38.0,15.3,1.0
03805_01545,38.05,15.45,38.0,15.4,0.6751
03805_01565,38.05,15.65,38.0,15.6,0.572
03805_01575,38.05,15.75,38.0,15.7,1.0
03805_01585,38.05,15.85,38.0,15.8,1.0
03805_01595,38.05,15.95,38.0,15.9,1.0
03805_01605,38.05,16.05,38.0,16.0,1.0
03805_01615,38.05,16.15,38.0,16.1,0.4517
03815_01275,38.15,12.75,38.1,12.7,0.4809
03815_01305,38.15,13.05,38.1,13.0,0.2289
03815_01315,38.15,13.15,38.1,13.1,0.8103
03815_01325,38.15,13.25,38.1,13.2,0.9089
03815_01335,38.15,13.35,38.1,13.3,0.692
03815_01475,38.15,14.75,38.1,14.7,0.499
03815_01485,38.15,14.85,38.1,14.8,0.6526
03815_01495,38.15,14.95,38.1,14.9,0.6966
03815_01505,38.15,15.05,38.1,15.0,0.3802
03815_01515,38.15,15.15,38.1,15.1,0.4465
03815_01525,38.15,15.25,38.1,15.2,0.9694
03815_01535,38.15,15.35,38.1,15.3,1.0
03815_01545,38.15,15.45,38.1,15.4,1.0
03815_01555,38.15,15.55,38.1,15.5,0.3752
03815_01565,38.15,15.65,38.1,15.6,0.5532
03815_01575,38.15,15.75,38.1,15.7,1.0
03815_01585,38.15,15.85,38.1,15.8,1.0
03815_01595,38.15,15.95,38.1,15.9,1.0
03815_01605,38.15,16.05,38.1,16.0,1.0
03815_01615,38.15,16.15,38.1,16.1,0.808
03815_01625,38.15,16.25,38.1,16.2,0.0563
03825_01335,38.25,13.35,38.2,13.3,0.0571
03825_01525,38.25,15.25,38.2,15.2,0.1357
03825_01535,38.25,15.35,38.2,15.3,0.1859
03825_01545,38.25,15.45,38.2,15.4,0.5499
03825_01555,38.25,15.55,38.2,15.5,0.7651
03825_01565,38.25,15.65,38.2,15.6,0.3429
03825_01575,38.25,15.75,38.2,15.7,0.6224
03825_01585,38.25,15.85,38.2,15.8,0.988
03825_01595,38.25,15.95,38.2,15.9,1.0
03825_01605,38.25,16.05,38.2,16.0,1.0
03825_01615,38.25,16.15,38.2,16.1,1.0
03825_01625,38.25,16.25,38.2,16.2,0.7746
03825_01635,38.25,16.35,38.2,16.3,0.0513
03835_01495,38.35,14.95,38.3,14.9,0.1357
03835_01585,38.35,15.85,38.3,15.8,0.621
03835_01595,38.35,15.95,38.3,15.9,1.0
03835_01605,38.35,16.05,38.3,16.0,1.0
03835_01615,38.35,16.15,38.3,16.1,1.0
03835_01625,38.35,16.25,38.3,16.2,1.0
03835_01635,38.35,16.35,38.3,16.3,0.942
03835_01645,38.35,16.45,38.3,16.4,0.6409
03835_01655,38.35,16.55,38.3,16.5,0.0825
03845_01495,38.45,14.95,38.4,14.9,0.352
03845_01585,38.45,15.85,38.4,15.8,0.097
03845_01595,38.45,15.95,38.4,15.9,0.9443
03845_01605,38.45,16.05,38.4,16.0,1.0
03845_01615,38.45,16.15,38.4,16.1,1.0
03845_01625,38.45,16.25,38.4,16.2,1.0
03845_01635,38.45,16.35,38.4,16.3,1.0
03845_01645,38.45,16.45,38.4,16.4,1.0
03845_01655,38.45,16.55,38.4,16.5,0.7406
03855_01435,38.55,14.35,38.5,14.3,0.0527
03855_01455,38.55,14.55,38.5,14.5,0.0965
03855_01485,38.55,14.85,38.5,14.8,0.2686
03855_01495,38.55,14.95,38.5,14.9,0.1171
03855_01585,38.55,15.85,38.5,15.8,0.0588
03855_01595,38.55,15.95,38.5,15.9,0.8515
03855_01605,38.55,16.05,38.5,16.0,1.0
03855_01615,38.55,16.15,38.5,16.1,1.0
03855_01625,38.55,16.25,38.5,16.2,1.0
03855_01635,38.55,16.35,38.5,16.3,1.0
03855_01645,38.55,16.45,38.5,16.4,1.0
03855_01655,38.55,16.55,38.5,16.5,0.7243
03865_01585,38.65,15.85,38.6,15.8,0.4258
03865_01595,38.65,15.95,38.6,15.9,0.9275
03865_01605,38.65,16.05,38.6,16.0,1.0
03865_01615,38.65,16.15,38.6,16.1,1.0
03865_01625,38.65,16.25,38.6,16.2,1.0
03865_01635,38.65,16.35,38.6,16.3,1.0
03865_01645,38.65,16.45,38.6,16.4,1.0
03865_01655,38.65,16.55,38.6,16.5,0.5804
03875_01315,38.75,13.15,38.7,13.1,0.0631
03875_01525,38.75,15.25,38.7,15.2,0.0807
03875_01595,38.75,15.95,38.7,15.9,0.0672
03875_01605,38.75,16.05,38.7,16.0,0.2215
03875_01615,38.75,16.15,38.7,16.1,0.3207
03875_01625,38.75,16.25,38.7,16.2,0.9898
03875_01635,38.75,16.35,38.7,16.3,1.0
03875_01645,38.75,16.45,38.7,16.4,1.0
03875_01655,38.75,16.55,38.7,16.5,0.6113
03885_00865,38.85,8.65,38.8,8.6,0.0675
03885_00885,38.85,8.85,38.8,8.8,0.1162
03885_01625,38.85,16.25,38.8,16.2,0.8142
03885_01635,38.85,16.35,38.8,16.3,1.0
03885_01645,38.85,16.45,38.8,16.4,1.0
03885_01655,38.85,16.55,38.8,16.5,0.9997
03885_01665,38.85,16.65,38.8,16.6,0.6618
03885_01675,38.85,16.75,38.8,16.7,0.1698
03895_00845,38.95,8.45,38.9,8.4,0.1807
03895_00855,38.95,8.55,38.9,8.5,0.096
03895_00865,38.95,8.65,38.9,8.6,0.8549
03895_00875,38.95,8.75,38.9,8.7,0.8172
03895_00885,38.95,8.85,38.9,8.8,0.9988
03895_00895,38.95,8.95,38.9,8.9,0.5578
03895_01615,38.95,16.15,38.9,16.1,0.3158
03895_01625,38.95,16.25,38.9,16.2,0.944
03895_01635,38.95,16.35,38.9,16.3,1.0
03895_01645,38.95,16.45,38.9,16.4,1.0
03895_01655,38.95,16.55,38.9,16.5,1.0
03895_01665,38.95,16.65,38.9,16.6,1.0
03895_01675,38.95,16.75,38.9,16.7,0.9973
03895_01685,38.95,16.85,38.9,16.8,0.8189
03895_01695,38.95,16.95,38.9,16.9,0.6504
03895_01705,38.95,17.05,38.9,17.0,0.8634
03895_01715,38.95,17.15,38.9,17.1,0.4595
03905_00835,39.05,8.35,39.0,8.3,0.3755
03905_00845,39.05,8.45,39.0,8.4,0.6289
03905_00855,39.05,8.55,39.0,8.5,0.6173
03905_00865,39.05,8.65,39.0,8.6,1.0
03905_00875,39.05,8.75,39.0,8.7,1.0
03905_00885,39.05,8.85,39.0,8.8,1.0
03905_00895,39.05,8.95,39.0,8.9,1.0
03905_00905,39.05,9.05,39.0,9.0,0.3031
03905_01605,39.05,16.05,39.0,16.0,0.0686
03905_01615,39.05,16.15,39.0,16.1,0.9628
03905_01625,39.05,16.25,39.0,16.2,1.0
03905_01635,39.05,16.35,39.0,16.3,1.0
03905_01645,39.05,16.45,39.0,16.4,1.0
03905_01655,39.05,16.55,39.0,16.5,1.0
03905_01665,39.05,16.65,39.0,16.6,1.0
03905_01675,39.05,16.75,39.0,16.7,1.0
03905_01685,39.05,16.85,39.0,16.8,1.0
03905_01695,39.05,16.95,39.0,16.9,1.0
03905_01705,39.05,17.05,39.0,17.0,1.0
03905_01715,39.05,17.15,39.0,17.1,0.5164
03915_00825,39.15,8.25,39.1,8.2,0.4438
03915_00835,39.15,8.35,39.1,8.3,0.1004
03915_00845,39.15,8.45,39.1,8.4,0.7097
03915_00855,39.15,8.55,39.1,8.5,1.0
03915_00865,39.15,8.65,39.1,8.6,1.0
03915_00875,39.15,8.75,39.1,8.7,1.0
03915_00885,39.15,8.85,39.1,8.8,1.0
03915_00895,39.15,8.95,39.1,8.9,1.0
03915_00905,39.15,9.05,39.1,9.0,0.2858
03915_00935,39.15,9.35,39.1,9.3,0.1911
03915_00945,39.15,9.45,39.1,9.4,0.6746
03915_00955,39.15,9.55,39.1,9.5,0.5152
03915_01605,39.15,16.05,39.1,16.0,0.3284
03915_01615,39.15,16.15,39.1,16.1,1.0
03915_01625,39.15,16.25,39.1,16.2,1.0
03915_01635,39.15,16.35,39.1,16.3,1.0
03915_01645,39.15,16.45,39.1,16.4,1.0
03915_01655,39.15,16.55,39.1,16.5,1.0
03915_01665,39.15,16.65,39.1,16.6,1.0
03915_01675,39.15,16.75,39.1,16.7,1.0
03915_01685,39.15,16.85,39.1,16.8,1.0
03915_01695,39.15,16.95,39.1,16.9,1.0
03915_01705,39.15,17.05,39.1,17.0,1.0
03915_01715,39.15,17.15,39.1,17.1,0.2241
03925_00835,39.25,8.35,39.2,8.3,0.1207
03925_00845,39.25,8.45,39.2,8.4,0.8834
03925_00855,39.25,8.55,39.2,8.5,1.0
03925_00865,39.25,8.65,39.2,8.6,1.0
03925_00875,39.25,8.75,39.2,8.7,1.0
03925_00885,39.25,8.85,39.2,8.8,1.0
03925_00895,39.25,8.95,39.2,8.9,1.0
03925_00905,39.25,9.05,39.2,9.0,0.984
03925_00915,39.25,9.15,39.2,9.1,0.9181
03925_00925,39.25,9.25,39.2,9.2,0.8022
03925_00935,39.25,9.35,39.2,9.3,0.9868
03925_00945,39.25,9.45,39.2,9.4,1.0
03925_00955,39.25,9.55,39.2,9.5,0.7889
03925_01605,39.25,16.05,39.2,16.0,0.4353
03925_01615,39.25,16.15,39.2,16.1,1.0
03925_01625,39.25,16.25,39.2,16.2,1.0
03925_01635,39.25,16.35,39.2,16.3,1.0
03925_01645,39.25,16.45,39.2,16.4,1.0
03925_01655,39.25,16.55,39.2,16.5,1.0
03925_01665,39.25,16.65,39.2,16.6,1.0
03925_01675,39.25,16.75,39.2,16.7,1.0
03925_01685,39.25,16.85,39.2,16.8,1.0
03925_01695,39.25,16.95,39.2,16.9,1.0
03925_01705,39.25,17.05,39.2,17.0,1.0
03925_01715,39.25,17.15,39.2,17.1,0.1837
03935_00835,39.35,8.35,39.3,8.3,0.0869
03935_00845,39.35,8.45,39.3,8.4,0.9062
03935_00855,39.35,8.55,39.3,8.5,1.0
03935_00865,39.35,8.65,39.3,8.6,1.0
03935_00875,39.35,8.75,39.3,8.7,1.0
03935_00885,39.35,8.85,39.3,8.8,1.0
03935_00895,39.35,8.95,39.3,8.9,1.0
03935_00905,39.35,9.05,39.3,9.0,1.0
03935_00915,39.35,9.15,39.3,9.1,1.0
03935_00925,39.35,9.25,39.3,9.2,1.0
03935_00935,39.35,9.35,39.3,9.3,1.0
03935_00945,39.35,9.45,39.3,9.4,1.0
03935_00955,39.35,9.55,39.3,9.5,0.9951
03935_00965,39.35,9.65,39.3,9.6,0.0616
03935_01605,39.35,16.05,39.3,16.0,0.6687
03935_01615,39.35,16.15,39.3,16.1,1.0
03935_01625,39.35,16.25,39.3,16.2,1.0
03935_01635,39.35,16.35,39.3,16.3,1.0
03935_01645,39.35,16.45,39.3,16.4,1.0
03935_01655,39.35,16.55,39.3,16.5,1.0
03935_01665,39.35,16.65,39.3,16.6,1.0
03935_01675,39.35,16.75,39.3,16.7,1.0
03935_01685,39.35,16.85,39.3,16.8,1.0
03935_01695,39.35,16.95,39.3,16.9,1.0
03935_01705,39.35,17.05,39.3,17.0,1.0
03935_01715,39.35,17.15,39.3,17.1,0.2848
03945_00835,39.45,8.35,39.4,8.3,0.0501
03945_00845,39.45,8.45,39.4,8.4,0.9484
03945_00855,39.45,8.55,39.4,8.5,1.0
03945_00865,39.45,8.65,39.4,8.6,1.0
03945_00875,39.45,8.75,39.4,8.7,1.0
03945_00885,39.45,8.85,39.4,8.8,1.0
03945_00895,39.45,8.95,39.4,8.9,1.0
03945_00905,39.45,9.05,39.4,9.0,1.0
03945_00915,39.45,9.15,39.4,9.1,1.0
03945_00925,39.45,9.25,39.4,9.2,1.0
03945_00935,39.45,9.35,39.4,9.3,1.0
03945_00945,39.45,9.45,39.4,9.4,1.0
03945_00955,39.45,9.55,39.4,9.5,1.0
03945_00965,39.45,9.65,39.4,9.6,0.3501
03945_01595,39.45,15.95,39.4,15.9,0.1784
03945_01605,39.45,16.05,39.4,16.0,0.9766
03945_01615,39.45,16.15,39.4,16.1,1.0
03945_01625,39.45,16.25,39.4,16.2,1.0
03945_01635,39.45,16.35,39.4,16.3,1.0
03945_01645,39.45,16.45,39.4,16.4,1.0
03945_01655,39.45,16.55,39.4,16.5,1.0
03945_01665,39.45,16.65,39.4,16.6,1.0
03945_01675,39.45,16.75,39.4,16.7,1.0
03945_01685,39.45,16.85,39.4,16.8,1.0
03945_01695,39.45,16.95,39.4,16.9,0.9635
03945_01705,39.45,17.05,39.4,17.0,0.4955
03955_00845,39.55,8.45,39.5,8.4,0.5173
03955_00855,39.55,8.55,39.5,8.5,1.0
03955_00865,39.55,8.65,39.5,8.6,1.0
03955_00875,39.55,8.75,39.5,8.7,1.0
03955_00885,39.55,8.85,39.5,8.8,1.0
03955_00895,39.55,8.95,39.5,8.9,1.0
03955_00905,39.55,9.05,39.5,9.0,1.0
03955_00915,39.55,9.15,39.5,9.1,1.0
03955_00925,39.55,9.25,39.5,9.2,1.0
03955_00935,39.55,9.35,39.5,9.3,1.0
03955_00945,39.55,9.45,39.5,9.4,1.0
03955_00955,39.55,9.55,39.5,9.5,1.0
03955_00965,39.55,9.65,39.5,9.6,0.4604
03955_01585,39.55,15.85,39.5,15.8,0.1852
03955_01595,39.55,15.95,39.5,15.9,0.8915
03955_01605,39.55,16.05,39.5,16.0,1.0
03955_01615,39.55,16.15,39.5,16.1,1.0
03955_01625,39.55,16.25,39.5,16.2,1.0
03955_01635,39.55,16.35,39.5,16.3,1.0
03955_01645,39.55,16.45,39.5,16.4,1.0
03955_01655,39.55,16.55,39.5,16.5,1.0
03955_01665,39.55,16.65,39.5,16.6,1.0
03955_01675,39.55,16.75,39.5,16.7,1.0
03955_01685,39.55,16.85,39.5,16.8,0.5519
03955_01695,39.55,16.95,39.5,16.9,0.0647
03965_00845,39.65,8.45,39.6,8.4,0.4542
03965_00855,39.65,8.55,39.6,8.5,1.0
03965_00865,39.65,8.65,39.6,8.6,1.0
03965_00875,39.65,8.75,39.6,8.7,1.0
03965_00885,39.65,8.85,39.6,8.8,1.0
03965_00895,39.65,8.95,39.6,8.9,1.0
03965_00905,39.65,9.05,39.6,9.0,1.0
03965_00915,39.65,9.15,39.6,9.1,1.0
03965_00925,39.65,9.25,39.6,9.2,1.0
03965_00935,39.65,9.35,39.6,9.3,1.0
03965_00945,39.65,9.45,39.6,9.4,1.0
03965_00955,39.65,9.55,39.6,9.5,1.0
03965_00965,39.65,9.65,39.6,9.6,0.5459
03965_01585,39.65,15.85,39.6,15.8,0.6437
03965_01595,39.65,15.95,39.6,15.9,1.0
03965_01605,39.65,16.05,39.6,16.0,1.0
03965_01615,39.65,16.15,39.6,16.1,1.0
03965_01625,39.65,16.25,39.6,16.2,1.0
03965_01635,39.65,16.35,39.6,16.3,1.0
03965_01645,39.65,16.45,39.6,16.4,1.0
03965_01655,39.65,16.55,39.6,16.5,0.5785
03965_01665,39.65,16.65,39.6,16.6,0.2104
03965_01675,39.65,16.75,39.6,16.7,0.1683
03975_00845,39.75,8.45,39.7,8.4,0.2423
03975_00855,39.75,8.55,39.7,8.5,0.7986
03975_00865,39.75,8.65,39.7,8.6,1.0
03975_00875,39.75,8.75,39.7,8.7,1.0
03975_00885,39.75,8.85,39.7,8.8,1.0
03975_00895,39.75,8.95,39.7,8.9,1.0
03975_00905,39.75,9.05,39.7,9.0,1.0
03975_00915,39.75,9.15,39.7,9.1,1.0
03975_00925,39.75,9.25,39.7,9.2,1.0
03975_00935,39.75,9.35,39.7,9.3,1.0
03975_00945,39.75,9.45,39.7,9.4,1.0
03975_00955,39.75,9.55,39.7,9.5,1.0
03975_00965,39.75,9.65,39.7,9.6,0.7267
03975_01585,39.75,15.85,39.7,15.8,0.9634
03975_01595,39.75,15.95,39.7,15.9,1.0
03975_01605,39.75,16.05,39.7,16.0,1.0
03975_01615,39.75,16.15,39.7,16.1,1.0
03975_01625,39.75,16.25,39.7,16.2,1.0
03975_01635,39.75,16.35,39.7,16.3,1.0
03975_01645,39.75,16.45,39.7,16.4,0.9391
03975_01655,39.75,16.55,39.7,16.5,0.0922
03985_00845,39.85,8.45,39.8,8.4,0.0629
03985_00855,39.85,8.55,39.8,8.5,0.5187
03985_00865,39.85,8.65,39.8,8.6,1.0
03985_00875,39.85,8.75,39.8,8.7,1.0
03985_00885,39.85,8.85,39.8,8.8,1.0
03985_00895,39.85,8.95,39.8,8.9,1.0
03985_00905,39.85,9.05,39.8,9.0,1.0
03985_00915,39.85,9.15,39.8,9.1,1.0
03985_00925,39.85,9.25,39.8,9.2,1.0
03985_00935,39.85,9.35,39.8,9.3,1.0
03985_00945,39.85,9.45,39.8,9.4,1.0
03985_00955,39.85,9.55,39.8,9.5,1.0
03985_00965,39.85,9.65,39.8,9.6,0.8278
03985_01575,39.85,15.75,39.8,15.7,0.1774
03985_01585,39.85,15.85,39.8,15.8,1.0
03985_01595,39.85,15.95,39.8,15.9,1.0
03985_01605,39.85,16.05,39.8,16.0,1.0
03985_01615,39.85,16.15,39.8,16.1,1.0
03985_01625,39.85,16.25,39.8,16.2,1.0
03985_01635,39.85,16.35,39.8,16.3,1.0
03985_01645,39.85,16.45,39.8,16.4,0.9871
03985_01655,39.85,16.55,39.8,16.5,0.2464
03985_01815,39.85,18.15,39.8,18.1,0.3389
03985_01825,39.85,18.25,39.8,18.2,0.6676
03985_01835,39.85,18.35,39.8,18.3,0.8762
03995_00845,39.95,8.45,39.9,8.4,0.9714
03995_00855,39.95,8.55,39.9,8.5,0.9849
03995_00865,39.95,8.65,39.9,8.6,1.0
03995_00875,39.95,8.75,39.9,8.7,1.0
03995_00885,39.95,8.85,39.9,8.8,1.0
03995_00895,39.95,8.95,39.9,8.9,1.0
03995_00905,39.95,9.05,39.9,9.0,1.0
03995_00915,39.95,9.15,39.9,9.1,1.0
03995_00925,39.95,9.25,39.9,9.2,1.0
03995_00935,39.95,9.35,39.9,9.3,1.0
03995_00945,39.95,9.45,39.9,9.4,1.0
03995_00955,39.95,9.55,39.9,9.5,1.0
03995_00965,39.95,9.65,39.9,9.6,0.9025
03995_01575,39.95,15.75,39.9,15.7,0.6332
03995_01585,39.95,15.85,39.9,15.8,1.0
03995_01595,39.95,15.95,39.9,15.9,1.0
03995_01605,39.95,16.05,39.9,16.0,1.0
03995_01615,39.95,16.15,39.9,16.1,1.0
03995_01625,39.95,16.25,39.9,16.2,1.0
03995_01635,39.95,16.35,39.9,16.3,1.0
03995_01645,39.95,16.45,39.9,16.4,1.0
03995_01655,39.95,16.55,39.9,16.5,0.9586
03995_01665,39.95,16.65,39.9,16.6,0.1214
03995_01805,39.95,18.05,39.9,18.0,0.6474
03995_01815,39.95,18.15,39.9,18.1,1.0
03995_01825,39.95,18.25,39.9,18.2,1.0
03995_01835,39.95,18.35,39.9,18.3,0.9775
04005_00845,40.05,8.45,40.0,8.4,0.5529
04005_00855,40.05,8.55,40.0,8.5,1.0
04005_00865,40.05,8.65,40.0,8.6,1.0
04005_00875,40.05,8.75,40.0,8.7,1.0
04005_00885,40.05,8.85,40.0,8.8,1.0
04005_00895,40.05,8.95,40.0,8.9,1.0
04005_00905,40.05,9.05,40.0,9.0,1.0
04005_00915,40.05,9.15,40.0,9.1,1.0
04005_00925,40.05,9.25,40.0,9.2,1.0
04005_00935,40.05,9.35,40.0,9.3,1.0
04005_00945,40.05,9.45,40.0,9.4,1.0
04005_00955,40.05,9.55,40.0,9.5,1.0
04005_00965,40.05,9.65,40.0,9.6,0.9996
04005_00975,40.05,9.75,40.0,9.7,0.1642
04005_01525,40.05,15.25,40.0,15.2,0.2285
04005_01535,40.05,15.35,40.0,15.3,0.8979
04005_01545,40.05,15.45,40.0,15.4,0.7756
04005_01555,40.05,15.55,40.0,15.5,0.2659
04005_01565,40.05,15.65,40.0,15.6,0.5927
04005_01575,40.05,15.75,40.0,15.7,1.0
04005_01585,40.05,15.85,40.0,15.8,1.0
04005_01595,40.05,15.95,40.0,15.9,1.0
04005_01605,40.05,16.05,40.0,16.0,1.0
04005_01615,40.05,16.15,40.0,16.1,1.0
04005_01625,40.05,16.25,40.0,16.2,1.0
04005_01635,40.05,16.35,40.0,16.3,1.0
04005_01645,40.05,16.45,40.0,16.4,1.0
04005_01655,40.05,16.55,40.0,16.5,0.9991
04005_01665,40.05,16.65,40.0,16.6,0.0643
04005_01805,40.05,18.05,40.0,18.0,0.8934
04005_01815,40.05,18.15,40.0,18.1,1.0
04005_01825,40.05,18.25,40.0,18.2,1.0
04005_01835,40.05,18.35,40.0,18.3,1.0
04005_01845,40.05,18.45,40.0,18.4,0.6704
04015_00845,40.15,8.45,40.1,8.4,0.3109
04015_00855,40.15,8.55,40.1,8.5,1.0
04015_00865,40.15,8.65,40.1,8.6,1.0
04015_00875,40.15,8.75,40.1,8.7,1.0
04015_00885,40.15,8.85,40.1,8.8,1.0
04015_00895,40.15,8.95,40.1,8.9,1.0
04015_00905,40.15,9.05,40.1,9.0,1.0
04015_00915,40.15,9.15,40.1,9.1,1.0
04015_00925,40.15,9.25,40.1,9.2,1.0
04015_00935,40.15,9.35,40.1,9.3,1.0
04015_00945,40.15,9.45,40.1,9.4,1.0
04015_00955,40.15,9.55,40.1,9.5,1.0
04015_00965,40.15,9.65,40.1,9.6,0.5755
04015_01505,40.15,15.05,40.1,15.0,0.2302
04015_01515,40.15,15.15,40.1,15.1,0.4677
04015_01525,40.15,15.25,40.1,15.2,0.9567
04015_01535,40.15,15.35,40.1,15.3,1.0
04015_01545,40.15,15.45,40.1,15.4,1.0
04015_01555,40.15,15.55,40.1,15.5,1.0
04015_01565,40.15,15.65,40.1,15.6,1.0
04015_01575,40.15,15.75,40.1,15.7,1.0
04015_01585,40.15,15.85,40.1,15.8,1.0
04015_01595,40.15,15.95,40.1,15.9,1.0
04015_01605,40.15,16.05,40.1,16.0,1.0
04015_01615,40.15,16.15,40.1,16.1,1.0
04015_01625,40.15,16.25,40.1,16.2,1.0
04015_01635,40.15,16.35,40.1,16.3,1.0
04015_01645,40.15,16.45,40.1,16.4,1.0
04015_01655,40.15,16.55,40.1,16.5,1.0
04015_01665,40.15,16.65,40.1,16.6,0.7672
04015_01795,40.15,17.95,40.1,17.9,0.3533
04015_01805,40.15,18.05,40.1,18.0,0.9854
04015_01815,40.15,18.15,40.1,18.1,1.0
04015_01825,40.15,18.25,40.1,18.2,1.0
04015_01835,40.15,18.35,40.1,18.3,1.0
04015_01845,40.15,18.45,40.1,18.4,0.8831
04015_01855,40.15,18.55,40.1,18.5,0.0568
04025_00845,40.25,8.45,40.2,8.4,0.2784
04025_00855,40.25,8.55,40.2,8.5,1.0
04025_00865,40.25,8.65,40.2,8.6,1.0
04025_00875,40.25,8.75,40.2,8.7,1.0
04025_00885,40.25,8.85,40.2,8.8,1.0
04025_00895,40.25,8.95,40.2,8.9,1.0
04025_00905,40.25,9.05,40.2,9.0,1.0
04025_00915,40.25,9.15,40.2,9.1,1.0
04025_00925,40.25,9.25,40.2,9.2,1.0
04025_00935,40.25,9.35,40.2,9.3,1.0
04025_00945,40.25,9.45,40.2,9.4,1.0
04025_00955,40.25,9.55,40.2,9.5,1.0
04025_00965,40.25,9.65,40.2,9.6,0.3002
04025_01495,40.25,14.95,40.2,14.9,0.5332
04025_01505,40.25,15.05,40.2,15.0,0.9923
04025_01515,40.25,15.15,40.2,15.1,1.0
04025_01525,40.25,15.25,40.2,15.2,1.0
04025_01535,40.25,15.35,40.2,15.3,1.0
04025_01545,40.25,15.45,40.2,15.4,1.0
04025_01555,40.25,15.55,40.2,15.5,1.0
04025_01565,40.25,15.65,40.2,15.6,1.0
04025_01575,40.25,15.75,40.2,15.7,1.0
04025_01585,40.25,15.85,40.2,15.8,1.0
04025_01595,40.25,15.95,40.2,15.9,1.0
04025_01605,40.25,16.05,40.2,16.0,1.0
04025_01615,40.25,16.15,40.2,16.1,1.0
04025_01625,40.25,16.25,40.2,16.2,1.0
04025_01635,40.25,16.35,40.2,16.3,1.0
04025_01645,40.25,16.45,40.2,16.4,1.0
04025_01655,40.25,16.55,40.2,16.5,1.0
04025_01665,40.25,16.65,40.2,16.6,1.0
04025_01675,40.25,16.75,40.2,16.7,0.5548
04025_01785,40.25,17.85,40.2,17.8,0.2076
04025_01795,40.25,17.95,40.2,17.9,0.9116
04025_01805,40.25,18.05,40.2,18.0,1.0
04025_01815,40.25,18.15,40.2,18.1,1.0
04025_01825,40.25,18.25,40.2,18.2,1.0
04025_01835,40.25,18.35,40.2,18.3,1.0
04025_01845,40.25,18.45,40.2,18.4,0.4597
04035_00835,40.35,8.35,40.3,8.3,0.0731
04035_00845,40.35,8.45,40.3,8.4,0.817
04035_00855,40.35,8.55,40.3,8.5,1.0
04035_00865,40.35,8.65,40.3,8.6,1.0
04035_00875,40.35,8.75,40.3,8.7,1.0
04035_00885,40.35,8.85,40.3,8.8,1.0
04035_00895,40.35,8.95,40.3,8.9,1.0
04035_00905,40.35,9.05,40.3,9.0,1.0
04035_00915,40.35,9.15,40.3,9.1,1.0
04035_00925,40.35,9.25,40.3,9.2,1.0
04035_00935,40.35,9.35,40.3,9.3,1.0
04035_00945,40.35,9.45,40.3,9.4,1.0
04035_00955,40.35,9.55,40.3,9.5,1.0
04035_00965,40.35,9.65,40.3,9.6,0.8653
04035_00975,40.35,9.75,40.3,9.7,0.1727
04035_01495,40.35,14.95,40.3,14.9,0.2632
04035_01505,40.35,15.05,40.3,15.0,0.999
04035_01515,40.35,15.15,40.3,15.1,1.0
04035_01525,40.35,15.25,40.3,15.2,1.0
04035_01535,40.35,15.35,40.3,15.3,1.0
04035_01545,40.35,15.45,40.3,15.4,1.0
04035_01555,40.35,15.55,40.3,15.5,1.0
04035_01565,40.35,15.65,40.3,15.6,1.0
04035_01575,40.35,15.75,40.3,15.7,1.0
04035_01585,40.35,15.85,40.3,15.8,1.0
04035_01595,40.35,15.95,40.3,15.9,1.0
04035_01605,40.35,16.05,40.3,16.0,1.0
04035_01615,40.35,16.15,40.3,16.1,1.0
04035_01625,40.35,16.25,40.3,16.2,1.0
04035_01635,40.35,16.35,40.3,16.3,1.0
04035_01645,40.35,16.45,40.3,16.4,1.0
04035_01655,40.35,16.55,40.3,16.5,1.0
04035_01665,40.35,16.65,40.3,16.6,1.0
04035_01675,40.35,16.75,40.3,16.7,0.9872
04035_01685,40.35,16.85,40.3,16.8,0.3007
04035_01725,40.35,17.25,40.3,17.2,0.0753
04035_01735,40.35,17.35,40.3,17.3,0.4557
04035_01745,40.35,17.45,40.3,17.4,0.7723
04035_01755,40.35,17.55,40.3,17.5,0.9984
04035_01765,40.35,17.65,40.3,17.6,0.9699
04035_01775,40.35,17.75,40.3,17.7,0.9953
04035_01785,40.35,17.85,40.3,17.8,1.0
04035_01795,40.35,17.95,40.3,17.9,1.0
04035_01805,40.35,18.05,40.3,18.0,1.0
04035_01815,40.35,18.15,40.3,18.1,1.0
04035_01825,40.35,18.25,40.3,18.2,0.9979
04035_01835,40.35,18.35,40.3,18.3,0.4884
04045_00835,40.45,8.35,40.4,8.3,0.1273
04045_00845,40.45,8.45,40.4,8.4,0.9995
04045_00855,40.45,8.55,40.4,8.5,1.0
04045_00865,40.45,8.65,40.4,8.6,1.0
04045_00875,40.45,8.75,40.4,8.7,1.0
04045_00885,40.45,8.85,40.4,8.8,1.0
04045_00895,40.45,8.95,40.4,8.9,1.0
04045_00905,40.45,9.05,40.4,9.0,1.0
04045_00915,40.45,9.15,40.4,9.1,1.0
04045_00925,40.45,9.25,40.4,9.2,1.0
04045_00935,40.45,9.35,40.4,9.3,1.0
04045_00945,40.45,9.45,40.4,9.4,1.0
04045_00955,40.45,9.55,40.4,9.5,1.0
04045_00965,40.45,9.65,40.4,9.6,1.0
04045_00975,40.45,9.75,40.4,9.7,0.8903
04045_01495,40.45,14.95,40.4,14.9,0.3578
04045_01505,40.45,15.05,40.4,15.0,1.0
04045_01515,40.45,15.15,40.4,15.1,1.0
04045_01525,40.45,15.25,40.4,15.2,1.0
04045_01535,40.45,15.35,40.4,15.3,1.0
04045_01545,40.45,15.45,40.4,15.4,1.0
04045_01555,40.45,15.55,40.4,15.5,1.0
04045_01565,40.45,15.65,40.4,15.6,1.0
04045_01575,40.45,15.75,40.4,15.7,1.0
04045_01585,40.45,15.85,40.4,15.8,1.0
04045_01595,40.45,15.95,40.4,15.9,1.0
04045_01605,40.45,16.05,40.4,16.0,1.0
04045_01615,40.45,16.15,40.4,16.1,1.0
04045_01625,40.45,16.25,40.4,16.2,1.0
04045_01635,40.45,16.35,40.4,16.3,1.0
04045_01645,40.45,16.45,40.4,16.4,1.0
04045_01655,40.45,16.55,40.4,16.5,1.0
04045_01665,40.45,16.65,40.4,16.6,1.0
04045_01675,40.45,16.75,40.4,16.7,1.0
04045_01685,40.45,16.85,40.4,16.8,0.9452
04045_01695,40.45,16.95,40.4,16.9,0.3154
04045_01715,40.45,17.15,40.4,17.1,0.0667
04045_01725,40.45,17.25,40.4,17.2,0.7271
04045_01735,40.45,17.35,40.4,17.3,1.0
04045_01745,40.45,17.45,40.4,17.4,1.0
04045_01755,40.45,17.55,40.4,17.5,1.0
04045_01765,40.45,17.65,40.4,17.6,1.0
04045_01775,40.45,17.75,40.4,17.7,1.0
04045_01785,40.45,17.85,40.4,17.8,1.0
04045_01795,40.45,17.95,40.4,17.9,1.0
04045_01805,40.45,18.05,40.4,18.0,1.0
04045_01815,40.45,18.15,40.4,18.1,0.8485
04045_01825,40.45,18.25,40.4,18.2,0.3306
04055_00815,40.55,8.15,40.5,8.1,0.0613
04055_00825,40.55,8.25,40.5,8.2,0.1769
04055_00835,40.55,8.35,40.5,8.3,0.7993
04055_00845,40.55,8.45,40.5,8.4,1.0
04055_00855,40.55,8.55,40.5,8.5,1.0
04055_00865,40.55,8.65,40.5,8.6,1.0
04055_00875,40.55,8.75,40.5,8.7,1.0
04055_00885,40.55,8.85,40.5,8.8,1.0
04055_00895,40.55,8.95,40.5,8.9,1.0
04055_00905,40.55,9.05,40.5,9.0,1.0
04055_00915,40.55,9.15,40.5,9.1,1.0
04055_00925,40.55,9.25,40.5,9.2,1.0
04055_00935,40.55,9.35,40.5,9.3,1.0
04055_00945,40.55,9.45,40.5,9.4,1.0
04055_00955,40.55,9.55,40.5,9.5,1.0
04055_00965,40.55,9.65,40.5,9.6,1.0
04055_00975,40.55,9.75,40.5,9.7,0.8922
04055_00985,40.55,9.85,40.5,9.8,0.0957
04055_01425,40.55,14.25,40.5,14.2,0.1071
04055_01435,40.55,14.35,40.5,14.3,0.1254
04055_01485,40.55,14.85,40.5,14.8,0.0702
04055_01495,40.55,14.95,40.5,14.9,0.9053
04055_01505,40.55,15.05,40.5,15.0,1.0
04055_01515,40.55,15.15,40.5,15.1,1.0
04055_01525,40.55,15.25,40.5,15.2,1.0
04055_01535,40.55,15.35,40.5,15.3,1.0
04055_01545,40.55,15.45,40.5,15.4,1.0
04055_01555,40.55,15.55,40.5,15.5,1.0
04055_01565,40.55,15.65,40.5,15.6,1.0
04055_01575,40.55,15.75,40.5,15.7,1.0
04055_01585,40.55,15.85,40.5,15.8,1.0
04055_01595,40.55,15.95,40.5,15.9,1.0
04055_01605,40.55,16.05,40.5,16.0,1.0
04055_01615,40.55,16.15,40.5,16.1,1.0
04055_01625,40.55,16.25,40.5,16.2,1.0
04055_01635,40.55,16.35,40.5,16.3,1.0
04055_01645,40.55,16.45,40.5,16.4,1.0
04055_01655,40.55,16.55,40.5,16.5,1.0
04055_01665,40.55,16.65,40.5,16.6,1.0
04055_01675,40.55,16.75,40.5,16.7,1.0
04055_01685,40.55,16.85,40.5,16.8,1.0
04055_01695,40.55,16.95,40.5,16.9,1.0
04055_01705,40.55,17.05,40.5,17.0,0.8785
04055_01715,40.55,17.15,40.5,17.1,0.9151
04055_01725,40.55,17.25,40.5,17.2,1.0
04055_01735,40.55,17.35,40.5,17.3,1.0
04055_01745,40.55,17.45,40.5,17.4,1.0
04055_01755,40.55,17.55,40.5,17.5,1.0
04055_01765,40.55,17.65,40.5,17.6,1.0
04055_01775,40.55,17.75,40.5,17.7,1.0
04055_01785,40.55,17.85,40.5,17.8,1.0
04055_01795,40.55,17.95,40.5,17.9,1.0
04055_01805,40.55,18.05,40.5,18.0,0.6219
04065_00815,40.65,8.15,40.6,8.1,0.2156
04065_00825,40.65,8.25,40.6,8.2,0.9707
04065_00835,40.65,8.35,40.6,8.3,1.0
04065_00845,40.65,8.45,40.6,8.4,1.0
04065_00855,40.65,8.55,40.6,8.5,1.0
04065_00865,40.65,8.65,40.6,8.6,1.0
04065_00875,40.65,8.75,40.6,8.7,1.0
04065_00885,40.65,8.85,40.6,8.8,1.0
04065_00895,40.65,8.95,40.6,8.9,1.0
04065_00905,40.65,9.05,40.6,9.0,1.0
04065_00915,40.65,9.15,40.6,9.1,1.0
04065_00925,40.65,9.25,40.6,9.2,1.0
04065_00935,40.65,9.35,40.6,9.3,1.0
04065_00945,40.65,9.45,40.6,9.4,1.0
04065_00955,40.65,9.55,40.6,9.5,1.0
04065_00965,40.65,9.65,40.6,9.6,1.0
04065_00975,40.65,9.75,40.6,9.7,0.4608
04065_01435,40.65,14.35,40.6,14.3,0.1972
04065_01445,40.65,14.45,40.6,14.4,0.645
04065_01455,40.65,14.55,40.6,14.5,0.8309
04065_01465,40.65,14.65,40.6,14.6,0.5985
04065_01475,40.65,14.75,40.6,14.7,0.3227
04065_01485,40.65,14.85,40.6,14.8,0.7972
04065_01495,40.65,14.95,40.6,14.9,1.0
04065_01505,40.65,15.05,40.6,15.0,1.0
04065_01515,40.65,15.15,40.6,15.1,1.0
04065_01525,40.65,15.25,40.6,15.2,1.0
04065_01535,40.65,15.35,40.6,15.3,1.0
04065_01545,40.65,15.45,40.6,15.4,1.0
04065_01555,40.65,15.55,40.6,15.5,1.0
04065_01565,40.65,15.65,40.6,15.6,1.0
04065_01575,40.65,15.75,40.6,15.7,1.0
04065_01585,40.65,15.85,40.6,15.8,1.0
04065_01595,40.65,15.95,40.6,15.9,1.0
04065_01605,40.65,16.05,40.6,16.0,1.0
04065_01615,40.65,16.15,40.6,16.1,1.0
04065_01625,40.65,16.25,40.6,16.2,1.0
04065_01635,40.65,16.35,40.6,16.3,1.0
04065_01645,40.65,16.45,40.6,16.4,1.0
04065_01655,40.65,16.55,40.6,16.5,1.0
04065_01665,40.65,16.65,40.6,16.6,1.0
04065_01675,40.65,16.75,40.6,16.7,1.0
04065_01685,40.65,16.85,40.6,16.8,1.0
04065_01695,40.65,16.95,40.6,16.9,1.0
04065_01705,40.65,17.05,40.6,17.0,1.0
04065_01715,40.65,17.15,40.6,17.1,1.0
04065_01725,40.65,17.25,40.6,17.2,1.0
04065_01735,40.65,17.35,40.6,17.3,1.0
04065_01745,40.65,17.45,40.6,17.4,1.0
04065_01755,40.65,17.55,40.6,17.5,1.0
04065_01765,40.65,17.65,40.6,17.6,1.0
04065_01775,40.65,17.75,40.6,17.7,1.0
04065_01785,40.65,17.85,40.6,17.8,0.9068
04065_01795,40.65,17.95,40.6,17.9,0.6457
04065_01805,40.65,18.05,40.6,18.0,0.0967
04075_00815,40.75,8.15,40.7,8.1,0.423
04075_00825,40.75,8.25,40.7,8.2,1.0
04075_00835,40.75,8.35,40.7,8.3,1.0
04075_00845,40.75,8.45,40.7,8.4,1.0
04075_00855,40.75,8.55,40.7,8.5,1.0
04075_00865,40.75,8.65,40.7,8.6,1.0
04075_00875,40.75,8.75,40.7,8.7,1.0
04075_00885,40.75,8.85,40.7,8.8,1.0
04075_00895,40.75,8.95,40.7,8.9,1.0
04075_00905,40.75,9.05,40.7,9.0,1.0
04075_00915,40.75,9.15,40.7,9.1,1.0
04075_00925,40.75,9.25,40.7,9.2,1.0
04075_00935,40.75,9.35,40.7,9.3,1.0
04075_00945,40.75,9.45,40.7,9.4,1.0
04075_00955,40.75,9.55,40.7,9.5,1.0
04075_00965,40.75,9.65,40.7,9.6,0.9107
04075_00975,40.75,9.75,40.7,9.7,0.0853
04075_01385,40.75,13.85,40.7,13.8,0.2225
04075_01395,40.75,13.95,40.7,13.9,0.2738
04075_01405,40.75,14.05,40.7,14.0,0.092
04075_01435,40.75,14.35,40.7,14.3,0.1179
04075_01445,40.75,14.45,40.7,14.4,0.6309
04075_01455,40.75,14.55,40.7,14.5,1.0
04075_01465,40.75,14.65,40.7,14.6,1.0
04075_01475,40.75,14.75,40.7,14.7,1.0
04075_01485,40.75,14.85,40.7,14.8,1.0
04075_01495,40.75,14.95,40.7,14.9,1.0
04075_01505,40.75,15.05,40.7,15.0,1.0
04075_01515,40.75,15.15,40.7,15.1,1.0
04075_01525,40.75,15.25,40.7,15.2,1.0
04075_01535,40.75,15.35,40.7,15.3,1.0
04075_01545,40.75,15.45,40.7,15.4,1.0
04075_01555,40.75,15.55,40.7,15.5,1.0
04075_01565,40.75,15.65,40.7,15.6,1.0
04075_01575,40.75,15.75,40.7,15.7,1.0
04075_01585,40.75,15.85,40.7,15.8,1.0
04075_01595,40.75,15.95,40.7,15.9,1.0
04075_01605,40.75,16.05,40.7,16.0,1.0
04075_01615,40.75,16.15,40.7,16.1,1.0
04075_01625,40.75,16.25,40.7,16.2,1.0
04075_01635,40.75,16.35,40.7,16.3,1.0
04075_01645,40.75,16.45,40.7,16.4,1.0
04075_01655,40.75,16.55,40.7,16.5,1.0
04075_01665,40.75,16.65,40.7,16.6,1.0
04075_01675,40.75,16.75,40.7,16.7,1.0
04075_01685,40.75,16.85,40.7,16.8,1.0
04075_01695,40.75,16.95,40.7,16.9,1.0
04075_01705,40.75,17.05,40.7,17.0,1.0
04075_01715,40.75,17.15,40.7,17.1,1.0
04075_01725,40.75,17.25,40.7,17.2,1.0
04075_01735,40.75,17.35,40.7,17.3,1.0
04075_01745,40.75,17.45,40.7,17.4,1.0
04075_01755,40.75,17.55,40.7,17.5,0.9735
04075_01765,40.75,17.65,40.7,17.6,0.7523
04075_01775,40.75,17.75,40.7,17.7,0.3494
04085_00815,40.85,8.15,40.8,8.1,0.0507
04085_00825,40.85,8.25,40.8,8.2,0.7605
04085_00835,40.85,8.35,40.8,8.3,0.4178
04085_00845,40.85,8.45,40.8,8.4,0.265
04085_00855,40.85,8.55,40.8,8.5,0.3047
04085_00865,40.85,8.65,40.8,8.6,0.8318
04085_00875,40.85,8.75,40.8,8.7,1.0
04085_00885,40.85,8.85,40.8,8.8,1.0
04085_00895,40.85,8.95,40.8,8.9,1.0
04085_00905,40.85,9.05,40.8,9.0,1.0
04085_00915,40.85,9.15,40.8,9.1,1.0
04085_00925,40.85,9.25,40.8,9.2,1.0
04085_00935,40.85,9.35,40.8,9.3,1.0
04085_00945,40.85,9.45,40.8,9.4,1.0
04085_00955,40.85,9.55,40.8,9.5,0.9999
04085_00965,40.85,9.65,40.8,9.6,0.6938
04085_00975,40.85,9.75,40.8,9.7,0.0695
04085_01405,40.85,14.05,40.8,14.0,0.5029
04085_01415,40.85,14.15,40.8,14.1,0.8517
04085_01425,40.85,14.25,40.8,14.2,0.6909
04085_01435,40.85,14.35,40.8,14.3,0.915
04085_01445,40.85,14.45,40.8,14.4,1.0
04085_01455,40.85,14.55,40.8,14.5,1.0
04085_01465,40.85,14.65,40.8,14.6,1.0
04085_01475,40.85,14.75,40.8,14.7,1.0
04085_01485,40.85,14.85,40.8,14.8,1.0
04085_01495,40.85,14.95,40.8,14.9,1.0
04085_01505,40.85,15.05,40.8,15.0,1.0
04085_01515,40.85,15.15,40.8,15.1,1.0
04085_01525,40.85,15.25,40.8,15.2,1.0
04085_01535,40.85,15.35,40.8,15.3,1.0
04085_01545,40.85,15.45,40.8,15.4,1.0
04085_01555,40.85,15.55,40.8,15.5,1.0
04085_01565,40.85,15.65,40.8,15.6,1.0
04085_01575,40.85,15.75,40.8,15.7,1.0
04085_01585,40.85,15.85,40.8,15.8,1.0
04085_01595,40.85,15.95,40.8,15.9,1.0
04085_01605,40.85,16.05,40.8,16.0,1.0
04085_01615,40.85,16.15,40.8,16.1,1.0
04085_01625,40.85,16.25,40.8,16.2,1.0
04085_01635,40.85,16.35,40.8,16.3,1.0
04085_01645,40.85,16.45,40.8,16.4,1.0
04085_01655,40.85,16.55,40.8,16.5,1.0
04085_01665,40.85,16.65,40.8,16.6,1.0
04085_01675,40.85,16.75,40.8,16.7,1.0
04085_01685,40.85,16.85,40.8,16.8,1.0
04085_01695,40.85,16.95,40.8,16.9,1.0
04085_01705,40.85,17.05,40.8,17.0,1.0
04085_01715,40.85,17.15,40.8,17.1,1.0
04085_01725,40.85,17.25,40.8,17.2,1.0
04085_01735,40.85,17.35,40.8,17.3,0.9773
04085_01745,40.85,17.45,40.8,17.4,0.5001
04085_01755,40.85,17.55,40.8,17.5,0.0556
04095_00815,40.95,8.15,40.9,8.1,0.0727
04095_00825,40.95,8.25,40.9,8.2,0.27
04095_00875,40.95,8.75,40.9,8.7,0.176
04095_00885,40.95,8.85,40.9,8.8,0.7027
04095_00895,40.95,8.95,40.9,8.9,1.0
04095_00905,40.95,9.05,40.9,9.0,1.0
04095_00915,40.95,9.15,40.9,9.1,1.0
04095_00925,40.95,9.25,40.9,9.2,1.0
04095_00935,40.95,9.35,40.9,9.3,1.0
04095_00945,40.95,9.45,40.9,9.4,1.0
04095_00955,40.95,9.55,40.9,9.5,0.7327
04095_00965,40.95,9.65,40.9,9.6,0.1166
04095_01295,40.95,12.95,40.9,12.9,0.0554
04095_01395,40.95,13.95,40.9,13.9,0.1169
04095_01405,40.95,14.05,40.9,14.0,0.9133
04095_01415,40.95,14.15,40.9,14.1,1.0
04095_01425,40.95,14.25,40.9,14.2,1.0
04095_01435,40.95,14.35,40.9,14.3,1.0
04095_01445,40.95,14.45,40.9,14.4,1.0
04095_01455,40.95,14.55,40.9,14.5,1.0
04095_01465,40.95,14.65,40.9,14.6,1.0
04095_01475,40.95,14.75,40.9,14.7,1.0
04095_01485,40.95,14.85,40.9,14.8,1.0
04095_01495,40.95,14.95,40.9,14.9,1.0
04095_01505,40.95,15.05,40.9,15.0,1.0
04095_01515,40.95,15.15,40.9,15.1,1.0
04095_01525,40.95,15.25,40.9,15.2,1.0
04095_01535,40.95,15.35,40.9,15.3,1.0
04095_01545,40.95,15.45,40.9,15.4,1.0
04095_01555,40.95,15.55,40.9,15.5,1.0
04095_01565,40.95,15.65,40.9,15.6,1.0
04095_01575,40.95,15.75,40.9,15.7,1.0
04095_01585,40.95,15.85,40.9,15.8,1.0
04095_01595,40.95,15.95,40.9,15.9,1.0
04095_01605,40.95,16.05,40.9,16.0,1.0
04095_01615,40.95,16.15,40.9,16.1,1.0
04095_01625,40.95,16.25,40.9,16.2,1.0
04095_01635,40.95,16.35,40.9,16.3,1.0
04095_01645,40.95,16.45,40.9,16.4,1.0
04095_01655,40.95,16.55,40.9,16.5,1.0
04095_01665,40.95,16.65,40.9,16.6,1.0
04095_01675,40.95,16.75,40.9,16.7,1.0
04095_01685,40.95,16.85,40.9,16.8,1.0
04095_01695,40.95,16.95,40.9,16.9,1.0
04095_01705,40.95,17.05,40.9,17.0,1.0
04095_01715,40.95,17.15,40.9,17.1,1.0
04095_01725,40.95,17.25,40.9,17.2,0.8312
04095_01735,40.95,17.35,40.9,17.3,0.1767
04105_00825,41.05,8.25,41.0,8.2,0.268
04105_00835,41.05,8.35,41.0,8.3,0.1755
04105_00885,41.05,8.85,41.0,8.8,0.062
04105_00895,41.05,8.95,41.0,8.9,0.6358
04105_00905,41.05,9.05,41.0,9.0,1.0
04105_00915,41.05,9.15,41.0,9.1,1.0
04105_00925,41.05,9.25,41.0,9.2,1.0
04105_00935,41.05,9.35,41.0,9.3,1.0
04105_00945,41.05,9.45,41.0,9.4,1.0
04105_00955,41.05,9.55,41.0,9.5,0.4598
04105_01395,41.05,13.95,41.0,13.9,0.84
04105_01405,41.05,14.05,41.0,14.0,1.0
04105_01415,41.05,14.15,41.0,14.1,1.0
04105_01425,41.05,14.25,41.0,14.2,1.0
04105_01435,41.05,14.35,41.0,14.3,1.0
04105_01445,41.05,14.45,41.0,14.4,1.0
04105_01455,41.05,14.55,41.0,14.5,1.0
04105_01465,41.05,14.65,41.0,14.6,1.0
04105_01475,41.05,14.75,41.0,14.7,1.0
04105_01485,41.05,14.85,41.0,14.8,1.0
04105_01495,41.05,14.95,41.0,14.9,1.0
04105_01505,41.05,15.05,41.0,15.0,1.0
04105_01515,41.05,15.15,41.0,15.1,1.0
04105_01525,41.05,15.25,41.0,15.2,1.0
04105_01535,41.05,15.35,41.0,15.3,1.0
04105_01545,41.05,15.45,41.0,15.4,1.0
04105_01555,41.05,15.55,41.0,15.5,1.0
04105_01565,41.05,15.65,41.0,15.6,1.0
04105_01575,41.05,15.75,41.0,15.7,1.0
04105_01585,41.05,15.85,41.0,15.8,1.0
04105_01595,41.05,15.95,41.0,15.9,1.0
04105_01605,41.05,16.05,41.0,16.0,1.0
04105_01615,41.05,16.15,41.0,16.1,1.0
04105_01625,41.05,16.25,41.0,16.2,1.0
04105_01635,41.05,16.35,41.0,16.3,1.0
04105_01645,41.05,16.45,41.0,16.4,1.0
04105_01655,41.05,16.55,41.0,16.5,1.0
04105_01665,41.05,16.65,41.0,16.6,1.0
04105_01675,41.05,16.75,41.0,16.7,1.0
04105_01685,41.05,16.85,41.0,16.8,1.0
04105_01695,41.05,16.95,41.0,16.9,0.9746
04105_01705,41.05,17.05,41.0,17.0,0.7612
04105_01715,41.05,17.15,41.0,17.1,0.3543
04115_00905,41.15,9.05,41.1,9.0,0.2881
04115_00915,41.15,9.15,41.1,9.1,0.6851
04115_00925,41.15,9.25,41.1,9.2,0.9864
04115_00935,41.15,9.35,41.1,9.3,0.9118
04115_00945,41.15,9.45,41.1,9.4,0.5031
04115_00955,41.15,9.55,41.1,9.5,0.2409
04115_01385,41.15,13.85,41.1,13.8,0.5599
04115_01395,41.15,13.95,41.1,13.9,1.0
04115_01405,41.15,14.05,41.1,14.0,1.0
04115_01415,41.15,14.15,41.1,14.1,1.0
04115_01425,41.15,14.25,41.1,14.2,1.0
04115_01435,41.15,14.35,41.1,14.3,1.0
04115_01445,41.15,14.45,41.1,14.4,1.0
04115_01455,41.15,14.55,41.1,14.5,1.0
04115_01465,41.15,14.65,41.1,14.6,1.0
04115_01475,41.15,14.75,41.1,14.7,1.0
04115_01485,41.15,14.85,41.1,14.8,1.0
04115_01495,41.15,14.95,41.1,14.9,1.0
04115_01505,41.15,15.05,41.1,15.0,1.0
04115_01515,41.15,15.15,41.1,15.1,1.0
04115_01525,41.15,15.25,41.1,15.2,1.0
04115_01535,41.15,15.35,41.1,15.3,1.0
04115_01545,41.15,15.45,41.1,15.4,1.0
04115_01555,41.15,15.55,41.1,15.5,1.0
04115_01565,41.15,15.65,41.1,15.6,1.0
04115_01575,41.15,15.75,41.1,15.7,1.0
04115_01585,41.15,15.85,41.1,15.8,1.0
04115_01595,41.15,15.95,41.1,15.9,1.0
04115_01605,41.15,16.05,41.1,16.0,1.0
04115_01615,41.15,16.15,41.1,16.1,1.0
04115_01625,41.15,16.25,41.1,16.2,1.0
04115_01635,41.15,16.35,41.1,16.3,1.0
04115_01645,41.15,16.45,41.1,16.4,1.0
04115_01655,41.15,16.55,41.1,16.5,1.0
04115_01665,41.15,16.65,41.1,16.6,0.9118
04115_01675,41.15,16.75,41.1,16.7,0.6433
04115_01685,41.15,16.85,41.1,16.8,0.3241
04115_01695,41.15,16.95,41.1,16.9,0.0529
04125_00915,41.25,9.15,41.2,9.1,0.1874
04125_00925,41.25,9.25,41.2,9.2,0.3917
04125_00935,41.25,9.35,41.2,9.3,0.1719
04125_00945,41.25,9.45,41.2,9.4,0.2872
04125_01305,41.25,13.05,41.2,13.0,0.5429
04125_01315,41.25,13.15,41.2,13.1,0.3643
04125_01325,41.25,13.25,41.2,13.2,0.1148
04125_01335,41.25,13.35,41.2,13.3,0.1319
04125_01345,41.25,13.45,41.2,13.4,0.4988
04125_01355,41.25,13.55,41.2,13.5,0.7622
04125_01365,41.25,13.65,41.2,13.6,0.4606
04125_01375,41.25,13.75,41.2,13.7,0.7081
04125_01385,41.25,13.85,41.2,13.8,1.0
04125_01395,41.25,13.95,41.2,13.9,1.0
04125_01405,41.25,14.05,41.2,14.0,1.0
04125_01415,41.25,14.15,41.2,14.1,1.0
04125_01425,41.25,14.25,41.2,14.2,1.0
04125_01435,41.25,14.35,41.2,14.3,1.0
04125_01445,41.25,14.45,41.2,14.4,1.0
04125_01455,41.25,14.55,41.2,14.5,1.0
04125_01465,41.25,14.65,41.2,14.6,1.0
04125_01475,41.25,14.75,41.2,14.7,1.0
04125_01485,41.25,14.85,41.2,14.8,1.0
04125_01495,41.25,14.95,41.2,14.9,1.0
04125_01505,41.25,15.05,41.2,15.0,1.0
04125_01515,41.25,15.15,41.2,15.1,1.0
04125_01525,41.25,15.25,41.2,15.2,1.0
04125_01535,41.25,15.35,41.2,15.3,1.0
04125_01545,41.25,15.45,41.2,15.4,1.0
04125_01555,41.25,15.55,41.2,15.5,1.0
04125_01565,41.25,15.65,41.2,15.6,1.0
04125_01575,41.25,15.75,41.2,15.7,1.0
04125_01585,41.25,15.85,41.2,15.8,1.0
04125_01595,41.25,15.95,41.2,15.9,1.0
04125_01605,41.25,16.05,41.2,16.0,1.0
04125_01615,41.25,16.15,41.2,16.1,1.0
04125_01625,41.25,16.25,41.2,16.2,1.0
04125_01635,41.25,16.35,41.2,16.3,0.9754
04125_01645,41.25,16.45,41.2,16.4,0.6546
04125_01655,41.25,16.55,41.2,16.5,0.2727
04135_01295,41.35,12.95,41.3,12.9,0.4151
04135_01305,41.35,13.05,41.3,13.0,0.995
04135_01315,41.35,13.15,41.3,13.1,1.0
04135_01325,41.35,13.25,41.3,13.2,1.0
04135_01335,41.35,13.35,41.3,13.3,1.0
04135_01345,41.35,13.45,41.3,13.4,1.0
04135_01355,41.35,13.55,41.3,13.5,1.0
04135_01365,41.35,13.65,41.3,13.6,1.0
04135_01375,41.35,13.75,41.3,13.7,1.0
04135_01385,41.35,13.85,41.3,13.8,1.0
04135_01395,41.35,13.95,41.3,13.9,1.0
04135_01405,41.35,14.05,41.3,14.0,1.0
04135_01415,41.35,14.15,41.3,14.1,1.0
04135_01425,41.35,14.25,41.3,14.2,1.0
04135_01435,41.35,14.35,41.3,14.3,1.0
04135_01445,41.35,14.45,41.3,14.4,1.0
04135_01455,41.35,14.55,41.3,14.5,1.0
04135_01465,41.35,14.65,41.3,14.6,1.0
04135_01475,41.35,14.75,41.3,14.7,1.0
04135_01485,41.35,14.85,41.3,14.8,1.0
04135_01495,41.35,14.95,41.3,14.9,1.0
04135_01505,41.35,15.05,41.3,15.0,1.0
04135_01515,41.35,15.15,41.3,15.1,1.0
04135_01525,41.35,15.25,41.3,15.2,1.0
04135_01535,41.35,15.35,41.3,15.3,1.0
04135_01545,41.35,15.45,41.3,15.4,1.0
04135_01555,41.35,15.55,41.3,15.5,1.0
04135_01565,41.35,15.65,41.3,15.6,1.0
04135_01575,41.35,15.75,41.3,15.7,1.0
04135_01585,41.35,15.85,41.3,15.8,1.0
04135_01595,41.35,15.95,41.3,15.9,1.0
04135_01605,41.35,16.05,41.3,16.0,0.9997
04135_01615,41.35,16.15,41.3,16.1,0.7858
04135_01625,41.35,16.25,41.3,16.2,0.3723
04135_01635,41.35,16.35,41.3,16.3,0.0756
04145_01265,41.45,12.65,41.4,12.6,0.461
04145_01275,41.45,12.75,41.4,12.7,0.7524
04145_01285,41.45,12.85,41.4,12.8,0.9056
04145_01295,41.45,12.95,41.4,12.9,1.0
04145_01305,41.45,13.05,41.4,13.0,1.0
04145_01315,41.45,13.15,41.4,13.1,1.0
04145_01325,41.45,13.25,41.4,13.2,1.0
04145_01335,41.45,13.35,41.4,13.3,1.0
04145_01345,41.45,13.45,41.4,13.4,1.0
04145_01355,41.45,13.55,41.4,13.5,1.0
04145_01365,41.45,13.65,41.4,13.6,1.0
04145_01375,41.45,13.75,41.4,13.7,1.0
04145_01385,41.45,13.85,41.4,13.8,1.0
04145_01395,41.45,13.95,41.4,13.9,1.0
04145_01405,41.45,14.05,41.4,14.0,1.0
04145_01415,41.45,14.15,41.4,14.1,1.0
04145_01425,41.45,14.25,41.4,14.2,1.0
04145_01435,41.45,14.35,41.4,14.3,1.0
04145_01445,41.45,14.45,41.4,14.4,1.0
04145_01455,41.45,14.55,41.4,14.5,1.0
04145_01465,41.45,14.65,41.4,14.6,1.0
04145_01475,41.45,14.75,41.4,14.7,1.0
04145_01485,41.45,14.85,41.4,14.8,1.0
04145_01495,41.45,14.95,41.4,14.9,1.0
04145_01505,41.45,15.05,41.4,15.0,1.0
04145_01515,41.45,15.15,41.4,15.1,1.0
04145_01525,41.45,15.25,41.4,15.2,1.0
04145_01535,41.45,15.35,41.4,15.3,1.0
04145_01545,41.45,15.45,41.4,15.4,1.0
04145_01555,41.45,15.55,41.4,15.5,1.0
04145_01565,41.45,15.65,41.4,15.6,1.0
04145_01575,41.45,15.75,41.4,15.7,1.0
04145_01585,41.45,15.85,41.4,15.8,1.0
04145_01595,41.45,15.95,41.4,15.9,0.6992
04145_01605,41.45,16.05,41.4,16.0,0.1722
04155_01255,41.55,12.55,41.5,12.5,0.6354
04155_01265,41.55,12.65,41.5,12.6,1.0
04155_01275,41.55,12.75,41.5,12.7,1.0
04155_01285,41.55,12.85,41.5,12.8,1.0
04155_01295,41.55,12.95,41.5,12.9,1.0
04155_01305,41.55,13.05,41.5,13.0,1.0
04155_01315,41.55,13.15,41.5,13.1,1.0
04155_01325,41.55,13.25,41.5,13.2,1.0
04155_01335,41.55,13.35,41.5,13.3,1.0
04155_01345,41.55,13.45,41.5,13.4,1.0
04155_01355,41.55,13.55,41.5,13.5,1.0
04155_01365,41.55,13.65,41.5,13.6,1.0
04155_01375,41.55,13.75,41.5,13.7,1.0
04155_01385,41.55,13.85,41.5,13.8,1.0
04155_01395,41.55,13.95,41.5,13.9,1.0
04155_01405,41.55,14.05,41.5,14.0,1.0
04155_01415,41.55,14.15,41.5,14.1,1.0
04155_01425,41.55,14.25,41.5,14.2,1.0
04155_01435,41.55,14.35,41.5,14.3,1.0
04155_01445,41.55,14.45,41.5,14.4,1.0
04155_01455,41.55,14.55,41.5,14.5,1.0
04155_01465,41.55,14.65,41.5,14.6,1.0
04155_01475,41.55,14.75,41.5,14.7,1.0
04155_01485,41.55,14.85,41.5,14.8,1.0
04155_01495,41.55,14.95,41.5,14.9,1.0
04155_01505,41.55,15.05,41.5,15.0,1.0
04155_01515,41.55,15.15,41.5,15.1,1.0
04155_01525,41.55,15.25,41.5,15.2,1.0
04155_01535,41.55,15.35,41.5,15.3,1.0
04155_01545,41.55,15.45,41.5,15.4,1.0
04155_01555,41.55,15.55,41.5,15.5,1.0
04155_01565,41.55,15.65,41.5,15.6,1.0
04155_01575,41.55,15.75,41.5,15.7,1.0
04155_01585,41.55,15.85,41.5,15.8,0.9782
04165_01235,41.65,12.35,41.6,12.3,0.0893
04165_01245,41.65,12.45,41.6,12.4,0.7045
04165_01255,41.65,12.55,41.6,12.5,1.0
04165_01265,41.65,12.65,41.6,12.6,1.0
04165_01275,41.65,12.75,41.6,12.7,1.0
04165_01285,41.65,12.85,41.6,12.8,1.0
04165_01295,41.65,12.95,41.6,12.9,1.0
04165_01305,41.65,13.05,41.6,13.0,1.0
04165_01315,41.65,13.15,41.6,13.1,1.0
04165_01325,41.65,13.25,41.6,13.2,1.0
04165_01335,41.65,13.35,41.6,13.3,1.0
04165_01345,41.65,13.45,41.6,13.4,1.0
04165_01355,41.65,13.55,41.6,13.5,1.0
04165_01365,41.65,13.65,41.6,13.6,1.0
04165_01375,41.65,13.75,41.6,13.7,1.0
04165_01385,41.65,13.85,41.6,13.8,1.0
04165_01395,41.65,13.95,41.6,13.9,1.0
04165_01405,41.65,14.05,41.6,14.0,1.0
04165_01415,41.65,14.15,41.6,14.1,1.0
04165_01425,41.65,14.25,41.6,14.2,1.0
04165_01435,41.65,14.35,41.6,14.3,1.0
04165_01445,41.65,14.45,41.6,14.4,1.0
04165_01455,41.65,14.55,41.6,14.5,1.0
04165_01465,41.65,14.65,41.6,14.6,1.0
04165_01475,41.65,14.75,41.6,14.7,1.0
04165_01485,41.65,14.85,41.6,14.8,1.0
04165_01495,41.65,14.95,41.6,14.9,1.0
04165_01505,41.65,15.05,41.6,15.0,1.0
04165_01515,41.65,15.15,41.6,15.1,1.0
04165_01525,41.65,15.25,41.6,15.2,1.0
04165_01535,41.65,15.35,41.6,15.3,1.0
04165_01545,41.65,15.45,41.6,15.4,1.0
04165_01555,41.65,15.55,41.6,15.5,1.0
04165_01565,41.65,15.65,41.6,15.6,1.0
04165_01575,41.65,15.75,41.6,15.7,1.0
04165_01585,41.65,15.85,41.6,15.8,0.9977
04165_01595,41.65,15.95,41.6,15.9,0.5734
04165_01605,41.65,16.05,41.6,16.0,0.1371
04175_01225,41.75,12.25,41.7,12.2,0.5169
04175_01235,41.75,12.35,41.7,12.3,0.9568
04175_01245,41.75,12.45,41.7,12.4,1.0
04175_01255,41.75,12.55,41.7,12.5,1.0
04175_01265,41.75,12.65,41.7,12.6,0.9958
04175_01275,41.75,12.75,41.7,12.7,1.0
04175_01285,41.75,12.85,41.7,12.8,1.0
04175_01295,41.75,12.95,41.7,12.9,1.0
04175_01305,41.75,13.05,41.7,13.0,1.0
04175_01315,41.75,13.15,41.7,13.1,1.0
04175_01325,41.75,13.25,41.7,13.2,1.0
04175_01335,41.75,13.35,41.7,13.3,1.0
04175_01345,41.75,13.45,41.7,13.4,1.0
04175_01355,41.75,13.55,41.7,13.5,1.0
04175_01365,41.75,13.65,41.7,13.6,1.0
04175_01375,41.75,13.75,41.7,13.7,1.0
04175_01385,41.75,13.85,41.7,13.8,1.0
04175_01395,41.75,13.95,41.7,13.9,1.0
04175_01405,41.75,14.05,41.7,14.0,1.0
04175_01415,41.75,14.15,41.7,14.1,1.0
04175_01425,41.75,14.25,41.7,14.2,1.0
04175_01435,41.75,14.35,41.7,14.3,1.0
04175_01445,41.75,14.45,41.7,14.4,1.0
04175_01455,41.75,14.55,41.7,14.5,1.0
04175_01465,41.75,14.65,41.7,14.6,1.0
04175_01475,41.75,14.75,41.7,14.7,1.0
04175_01485,41.75,14.85,41.7,14.8,1.0
04175_01495,41.75,14.95,41.7,14.9,1.0
04175_01505,41.75,15.05,41.7,15.0,1.0
04175_01515,41.75,15.15,41.7,15.1,1.0
04175_01525,41.75,15.25,41.7,15.2,1.0
04175_01535,41.75,15.35,41.7,15.3,1.0
04175_01545,41.75,15.45,41.7,15.4,1.0
04175_01555,41.75,15.55,41.7,15.5,1.0
04175_01565,41.75,15.65,41.7,15.6,1.0
04175_01575,41.75,15.75,41.7,15.7,1.0
04175_01585,41.75,15.85,41.7,15.8,1.0
04175_01595,41.75,15.95,41.7,15.9,1.0
04175_01605,41.75,16.05,41.7,16.0,0.9549
04175_01615,41.75,16.15,41.7,16.1,0.4682
04185_01215,41.85,12.15,41.8,12.1,0.1284
04185_01225,41.85,12.25,41.8,12.2,0.9711
04185_01235,41.85,12.35,41.8,12.3,1.0
04185_01245,41.85,12.45,41.8,12.4,1.0
04185_01255,41.85,12.55,41.8,12.5,1.0
04185_01265,41.85,12.65,41.8,12.6,1.0
04185_01275,41.85,12.75,41.8,12.7,1.0
04185_01285,41.85,12.85,41.8,12.8,1.0
04185_01295,41.85,12.95,41.8,12.9,1.0
04185_01305,41.85,13.05,41.8,13.0,1.0
04185_01315,41.85,13.15,41.8,13.1,1.0
04185_01325,41.85,13.25,41.8,13.2,1.0
04185_01335,41.85,13.35,41.8,13.3,1.0
04185_01345,41.85,13.45,41.8,13.4,1.0
04185_01355,41.85,13.55,41.8,13.5,1.0
04185_01365,41.85,13.65,41.8,13.6,1.0
04185_01375,41.85,13.75,41.8,13.7,1.0
04185_01385,41.85,13.85,41.8,13.8,1.0
04185_01395,41.85,13.95,41.8,13.9,1.0
04185_01405,41.85,14.05,41.8,14.0,1.0
04185_01415,41.85,14.15,41.8,14.1,1.0
04185_01425,41.85,14.25,41.8,14.2,1.0
04185_01435,41.85,14.35,41.8,14.3,1.0
04185_01445,41.85,14.45,41.8,14.4,1.0
04185_01455,41.85,14.55,41.8,14.5,1.0
04185_01465,41.85,14.65,41.8,14.6,1.0
04185_01475,41.85,14.75,41.8,14.7,1.0
04185_01485,41.85,14.85,41.8,14.8,1.0
04185_01495,41.85,14.95,41.8,14.9,1.0
04185_01505,41.85,15.05,41.8,15.0,1.0
04185_01515,41.85,15.15,41.8,15.1,1.0
04185_01525,41.85,15.25,41.8,15.2,1.0
04185_01535,41.85,15.35,41.8,15.3,1.0
04185_01545,41.85,15.45,41.8,15.4,1.0
04185_01555,41.85,15.55,41.8,15.5,1.0
04185_01565,41.85,15.65,41.8,15.6,1.0
04185_01575,41.85,15.75,41.8,15.7,1.0
04185_01585,41.85,15.85,41.8,15.8,1.0
04185_01595,41.85,15.95,41.8,15.9,1.0
04185_01605,41.85,16.05,41.8,16.0,1.0
04185_01615,41.85,16.15,41.8,16.1,0.8237
04195_01205,41.95,12.05,41.9,12.0,0.3743
04195_01215,41.95,12.15,41.9,12.1,0.8788
04195_01225,41.95,12.25,41.9,12.2,1.0
04195_01235,41.95,12.35,41.9,12.3,1.0
04195_01245,41.95,12.45,41.9,12.4,0.994
04195_01255,41.95,12.55,41.9,12.5,1.0
04195_01265,41.95,12.65,41.9,12.6,1.0
04195_01275,41.95,12.75,41.9,12.7,1.0
04195_01285,41.95,12.85,41.9,12.8,1.0
04195_01295,41.95,12.95,41.9,12.9,1.0
04195_01305,41.95,13.05,41.9,13.0,1.0
04195_01315,41.95,13.15,41.9,13.1,1.0
04195_01325,41.95,13.25,41.9,13.2,1.0
04195_01335,41.95,13.35,41.9,13.3,1.0
04195_01345,41.95,13.45,41.9,13.4,1.0
04195_01355,41.95,13.55,41.9,13.5,1.0
04195_01365,41.95,13.65,41.9,13.6,1.0
04195_01375,41.95,13.75,41.9,13.7,1.0
04195_01385,41.95,13.85,41.9,13.8,1.0
04195_01395,41.95,13.95,41.9,13.9,1.0
04195_01405,41.95,14.05,41.9,14.0,1.0
04195_01415,41.95,14.15,41.9,14.1,1.0
04195_01425,41.95,14.25,41.9,14.2,1.0
04195_01435,41.95,14.35,41.9,14.3,1.0
04195_01445,41.95,14.45,41.9,14.4,1.0
04195_01455,41.95,14.55,41.9,14.5,1.0
04195_01465,41.95,14.65,41.9,14.6,1.0
04195_01475,41.95,14.75,41.9,14.7,1.0
04195_01485,41.95,14.85,41.9,14.8,1.0
04195_01495,41.95,14.95,41.9,14.9,1.0
04195_01505,41.95,15.05,41.9,15.0,0.6409
04195_01515,41.95,15.15,41.9,15.1,0.2569
04195_01525,41.95,15.25,41.9,15.2,0.1953
04195_01535,41.95,15.35,41.9,15.3,0.0979
04195_01555,41.95,15.55,41.9,15.5,0.158
04195_01565,41.95,15.65,41.9,15.6,0.2169
04195_01575,41.95,15.75,41.9,15.7,0.1688
04195_01585,41.95,15.85,41.9,15.8,0.2583
04195_01595,41.95,15.95,41.9,15.9,0.376
04195_01605,41.95,16.05,41.9,16.0,0.4435
04195_01615,41.95,16.15,41.9,16.1,0.089
04205_01185,42.05,11.85,42.0,11.8,0.5739
04205_01195,42.05,11.95,42.0,11.9,0.8041
04205_01205,42.05,12.05,42.0,12.0,1.0
04205_01215,42.05,12.15,42.0,12.1,1.0
04205_01225,42.05,12.25,42.0,12.2,1.0
04205_01235,42.05,12.35,42.0,12.3,1.0
04205_01245,42.05,12.45,42.0,12.4,1.0
04205_01255,42.05,12.55,42.0,12.5,1.0
04205_01265,42.05,12.65,42.0,12.6,1.0
04205_01275,42.05,12.75,42.0,12.7,1.0
04205_01285,42.05,12.85,42.0,12.8,1.0
04205_01295,42.05,12.95,42.0,12.9,1.0
04205_01305,42.05,13.05,42.0,13.0,1.0
04205_01315,42.05,13.15,42.0,13.1,1.0
04205_01325,42.05,13.25,42.0,13.2,1.0
04205_01335,42.05,13.35,42.0,13.3,1.0
04205_01345,42.05,13.45,42.0,13.4,1.0
04205_01355,42.05,13.55,42.0,13.5,1.0
04205_01365,42.05,13.65,42.0,13.6,1.0
04205_01375,42.05,13.75,42.0,13.7,1.0
04205_01385,42.05,13.85,42.0,13.8,1.0
04205_01395,42.05,13.95,42.0,13.9,1.0
04205_01405,42.05,14.05,42.0,14.0,1.0
04205_01415,42.05,14.15,42.0,14.1,1.0
04205_01425,42.05,14.25,42.0,14.2,1.0
04205_01435,42.05,14.35,42.0,14.3,1.0
04205_01445,42.05,14.45,42.0,14.4,1.0
04205_01455,42.05,14.55,42.0,14.5,1.0
04205_01465,42.05,14.65,42.0,14.6,1.0
04205_01475,42.05,14.75,42.0,14.7,0.8331
04205_01485,42.05,14.85,42.0,14.8,0.3908
04205_01495,42.05,14.95,42.0,14.9,0.12
04215_01175,42.15,11.75,42.1,11.7,0.5649
04215_01185,42.15,11.85,42.1,11.8,1.0
04215_01195,42.15,11.95,42.1,11.9,1.0
04215_01205,42.15,12.05,42.1,12.0,1.0
04215_01215,42.15,12.15,42.1,12.1,1.0
04215_01225,42.15,12.25,42.1,12.2,1.0
04215_01235,42.15,12.35,42.1,12.3,1.0
04215_01245,42.15,12.45,42.1,12.4,1.0
04215_01255,42.15,12.55,42.1,12.5,1.0
04215_01265,42.15,12.65,42.1,12.6,1.0
04215_01275,42.15,12.75,42.1,12.7,1.0
04215_01285,42.15,12.85,42.1,12.8,1.0
04215_01295,42.15,12.95,42.1,12.9,1.0
04215_01305,42.15,13.05,42.1,13.0,1.0
04215_01315,42.15,13.15,42.1,13.1,1.0
04215_01325,42.15,13.25,42.1,13.2,1.0
04215_01335,42.15,13.35,42.1,13.3,1.0
04215_01345,42.15,13.45,42.1,13.4,1.0
04215_01355,42.15,13.55,42.1,13.5,1.0
04215_01365,42.15,13.65,42.1,13.6,1.0
04215_01375,42.15,13.75,42.1,13.7,1.0
04215_01385,42.15,13.85,42.1,13.8,1.0
04215_01395,42.15,13.95,42.1,13.9,1.0
04215_01405,42.15,14.05,42.1,14.0,1.0
04215_01415,42.15,14.15,42.1,14.1,1.0
04215_01425,42.15,14.25,42.1,14.2,1.0
04215_01435,42.15,14.35,42.1,14.3,1.0
04215_01445,42.15,14.45,42.1,14.4,1.0
04215_01455,42.15,14.55,42.1,14.5,1.0
04215_01465,42.15,14.65,42.1,14.6,0.8965
04215_01475,42.15,14.75,42.1,14.7,0.1442
04225_01165,42.25,11.65,42.2,11.6,0.2491
04225_01175,42.25,11.75,42.2,11.7,0.9789
04225_01185,42.25,11.85,42.2,11.8,1.0
04225_01195,42.25,11.95,42.2,11.9,1.0
04225_01205,42.25,12.05,42.2,12.0,1.0
04225_01215,42.25,12.15,42.2,12.1,1.0
04225_01225,42.25,12.25,42.2,12.2,1.0
04225_01235,42.25,12.35,42.2,12.3,1.0
04225_01245,42.25,12.45,42.2,12.4,1.0
04225_01255,42.25,12.55,42.2,12.5,1.0
04225_01265,42.25,12.65,42.2,12.6,1.0
04225_01275,42.25,12.75,42.2,12.7,1.0
04225_01285,42.25,12.85,42.2,12.8,1.0
04225_01295,42.25,12.95,42.2,12.9,1.0
04225_01305,42.25,13.05,42.2,13.0,1.0
04225_01315,42.25,13.15,42.2,13.1,1.0
04225_01325,42.25,13.25,42.2,13.2,1.0
04225_01335,42.25,13.35,42.2,13.3,1.0
04225_01345,42.25,13.45,42.2,13.4,1.0
04225_01355,42.25,13.55,42.2,13.5,1.0
04225_01365,42.25,13.65,42.2,13.6,1.0
04225_01375,42.25,13.75,42.2,13.7,1.0
04225_01385,42.25,13.85,42.2,13.8,1.0
04225_01395,42.25,13.95,42.2,13.9,1.0
04225_01405,42.25,14.05,42.2,14.0,1.0
04225_01415,42.25,14.15,42.2,14.1,1.0
04225_01425,42.25,14.25,42.2,14.2,1.0
04225_01435,42.25,14.35,42.2,14.3,1.0
04225_01445,42.25,14.45,42.2,14.4,0.9501
04225_01455,42.25,14.55,42.2,14.5,0.316
04235_01035,42.35,10.35,42.3,10.3,0.0915
04235_01085,42.35,10.85,42.3,10.8,0.1068
04235_01095,42.35,10.95,42.3,10.9,0.1277
04235_01115,42.35,11.15,42.3,11.1,0.2338
04235_01145,42.35,11.45,42.3,11.4,0.23
04235_01155,42.35,11.55,42.3,11.5,0.6081
04235_01165,42.35,11.65,42.3,11.6,0.986
04235_01175,42.35,11.75,42.3,11.7,1.0
04235_01185,42.35,11.85,42.3,11.8,1.0
04235_01195,42.35,11.95,42.3,11.9,1.0
04235_01205,42.35,12.05,42.3,12.0,1.0
04235_01215,42.35,12.15,42.3,12.1,1.0
04235_01225,42.35,12.25,42.3,12.2,1.0
04235_01235,42.35,12.35,42.3,12.3,1.0
04235_01245,42.35,12.45,42.3,12.4,1.0
04235_01255,42.35,12.55,42.3,12.5,1.0
04235_01265,42.35,12.65,42.3,12.6,1.0
04235_01275,42.35,12.75,42.3,12.7,1.0
04235_01285,42.35,12.85,42.3,12.8,1.0
04235_01295,42.35,12.95,42.3,12.9,1.0
04235_01305,42.35,13.05,42.3,13.0,1.0
04235_01315,42.35,13.15,42.3,13.1,1.0
04235_01325,42.35,13.25,42.3,13.2,1.0
04235_01335,42.35,13.35,42.3,13.3,1.0
04235_01345,42.35,13.45,42.3,13.4,1.0
04235_01355,42.35,13.55,42.3,13.5,1.0
04235_01365,42.35,13.65,42.3,13.6,1.0
04235_01375,42.35,13.75,42.3,13.7,1.0
04235_01385,42.35,13.85,42.3,13.8,1.0
04235_01395,42.35,13.95,42.3,13.9,1.0
04235_01405,42.35,14.05,42.3,14.0,1.0
04235_01415,42.35,14.15,42.3,14.1,1.0
04235_01425,42.35,14.25,42.3,14.2,1.0
04235_01435,42.35,14.35,42.3,14.3,0.883
04235_01445,42.35,14.45,42.3,14.4,0.1665
04245_01115,42.45,11.15,42.4,11.1,0.4837
04245_01125,42.45,11.25,42.4,11.2,0.8669
04245_01135,42.45,11.35,42.4,11.3,0.9771
04245_01145,42.45,11.45,42.4,11.4,1.0
04245_01155,42.45,11.55,42.4,11.5,1.0
04245_01165,42.45,11.65,42.4,11.6,1.0
04245_01175,42.45,11.75,42.4,11.7,1.0
04245_01185,42.45,11.85,42.4,11.8,1.0
04245_01195,42.45,11.95,42.4,11.9,1.0
04245_01205,42.45,12.05,42.4,12.0,1.0
04245_01215,42.45,12.15,42.4,12.1,1.0
04245_01225,42.45,12.25,42.4,12.2,1.0
04245_01235,42.45,12.35,42.4,12.3,1.0
04245_01245,42.45,12.45,42.4,12.4,1.0
04245_01255,42.45,12.55,42.4,12.5,1.0
04245_01265,42.45,12.65,42.4,12.6,1.0
04245_01275,42.45,12.75,42.4,12.7,1.0
04245_01285,42.45,12.85,42.4,12.8,1.0
04245_01295,42.45,12.95,42.4,12.9,1.0
04245_01305,42.45,13.05,42.4,13.0,1.0
04245_01315,42.45,13.15,42.4,13.1,1.0
04245_01325,42.45,13.25,42.4,13.2,1.0
04245_01335,42.45,13.35,42.4,13.3,1.0
04245_01345,42.45,13.45,42.4,13.4,1.0
04245_01355,42.45,13.55,42.4,13.5,1.0
04245_01365,42.45,13.65,42.4,13.6,1.0
04245_01375,42.45,13.75,42.4,13.7,1.0
04245_01385,42.45,13.85,42.4,13.8,1.0
04245_01395,42.45,13.95,42.4,13.9,1.0
04245_01405,42.45,14.05,42.4,14.0,1.0
04245_01415,42.45,14.15,42.4,14.1,0.9821
04245_01425,42.45,14.25,42.4,14.2,0.4928
04255_01005,42.55,10.05,42.5,10.0,0.1044
04255_01115,42.55,11.15,42.5,11.1,0.4725
04255_01125,42.55,11.25,42.5,11.2,1.0
04255_01135,42.55,11.35,42.5,11.3,1.0
04255_01145,42.55,11.45,42.5,11.4,1.0
04255_01155,42.55,11.55,42.5,11.5,1.0
04255_01165,42.55,11.65,42.5,11.6,1.0
04255_01175,42.55,11.75,42.5,11.7,1.0
04255_01185,42.55,11.85,42.5,11.8,1.0
04255_01195,42.55,11.95,42.5,11.9,1.0
04255_01205,42.55,12.05,42.5,12.0,1.0
04255_01215,42.55,12.15,42.5,12.1,1.0
04255_01225,42.55,12.25,42.5,12.2,1.0
04255_01235,42.55,12.35,42.5,12.3,1.0
04255_01245,42.55,12.45,42.5,12.4,1.0
04255_01255,42.55,12.55,42.5,12.5,1.0
04255_01265,42.55,12.65,42.5,12.6,1.0
04255_01275,42.55,12.75,42.5,12.7,1.0
04255_01285,42.55,12.85,42.5,12.8,1.0
04255_01295,42.55,12.95,42.5,12.9,1.0
04255_01305,42.55,13.05,42.5,13.0,1.0
04255_01315,42.55,13.15,42.5,13.1,1.0
04255_01325,42.55,13.25,42.5,13.2,1.0
04255_01335,42.55,13.35,42.5,13.3,1.0
04255_01345,42.55,13.45,42.5,13.4,1.0
04255_01355,42.55,13.55,42.5,13.5,1.0
04255_01365,42.55,13.65,42.5,13.6,1.0
04255_01375,42.55,13.75,42.5,13.7,1.0
04255_01385,42.55,13.85,42.5,13.8,1.0
04255_01395,42.55,13.95,42.5,13.9,1.0
04255_01405,42.55,14.05,42.5,14.0,0.9698
04255_01415,42.55,14.15,42.5,14.1,0.2885
04265_01105,42.65,11.05,42.6,11.0,0.5862
04265_01115,42.65,11.15,42.6,11.1,0.9995
04265_01125,42.65,11.25,42.6,11.2,1.0
04265_01135,42.65,11.35,42.6,11.3,1.0
04265_01145,42.65,11.45,42.6,11.4,1.0
04265_01155,42.65,11.55,42.6,11.5,1.0
04265_01165,42.65,11.65,42.6,11.6,1.0
04265_01175,42.65,11.75,42.6,11.7,1.0
04265_01185,42.65,11.85,42.6,11.8,1.0
04265_01195,42.65,11.95,42.6,11.9,1.0
04265_01205,42.65,12.05,42.6,12.0,1.0
04265_01215,42.65,12.15,42.6,12.1,1.0
04265_01225,42.65,12.25,42.6,12.2,1.0
04265_01235,42.65,12.35,42.6,12.3,1.0
04265_01245,42.65,12.45,42.6,12.4,1.0
04265_01255,42.65,12.55,42.6,12.5,1.0
04265_01265,42.65,12.65,42.6,12.6,1.0
04265_01275,42.65,12.75,42.6,12.7,1.0
04265_01285,42.65,12.85,42.6,12.8,1.0
04265_01295,42.65,12.95,42.6,12.9,1.0
04265_01305,42.65,13.05,42.6,13.0,1.0
04265_01315,42.65,13.15,42.6,13.1,1.0
04265_01325,42.65,13.25,42.6,13.2,1.0
04265_01335,42.65,13.35,42.6,13.3,1.0
04265_01345,42.65,13.45,42.6,13.4,1.0
04265_01355,42.65,13.55,42.6,13.5,1.0
04265_01365,42.65,13.65,42.6,13.6,1.0
04265_01375,42.65,13.75,42.6,13.7,1.0
04265_01385,42.65,13.85,42.6,13.8,1.0
04265_01395,42.65,13.95,42.6,13.9,1.0
04265_01405,42.65,14.05,42.6,14.0,0.395
04275_01015,42.75,10.15,42.7,10.1,0.5866
04275_01025,42.75,10.25,42.7,10.2,0.5772
04275_01035,42.75,10.35,42.7,10.3,0.5486
04275_01045,42.75,10.45,42.7,10.4,0.2092
04275_01075,42.75,10.75,42.7,10.7,0.0917
04275_01085,42.75,10.85,42.7,10.8,0.3246
04275_01095,42.75,10.95,42.7,10.9,0.6663
04275_01105,42.75,11.05,42.7,11.0,1.0
04275_01115,42.75,11.15,42.7,11.1,1.0
04275_01125,42.75,11.25,42.7,11.2,1.0
04275_01135,42.75,11.35,42.7,11.3,1.0
04275_01145,42.75,11.45,42.7,11.4,1.0
04275_01155,42.75,11.55,42.7,11.5,1.0
04275_01165,42.75,11.65,42.7,11.6,1.0
04275_01175,42.75,11.75,42.7,11.7,1.0
04275_01185,42.75,11.85,42.7,11.8,1.0
04275_01195,42.75,11.95,42.7,11.9,1.0
04275_01205,42.75,12.05,42.7,12.0,1.0
04275_01215,42.75,12.15,42.7,12.1,1.0
04275_01225,42.75,12.25,42.7,12.2,1.0
04275_01235,42.75,12.35,42.7,12.3,1.0
04275_01245,42.75,12.45,42.7,12.4,1.0
04275_01255,42.75,12.55,42.7,12.5,1.0
04275_01265,42.75,12.65,42.7,12.6,1.0
04275_01275,42.75,12.75,42.7,12.7,1.0
04275_01285,42.75,12.85,42.7,12.8,1.0
04275_01295,42.75,12.95,42.7,12.9,1.0
04275_01305,42.75,13.05,42.7,13.0,1.0
04275_01315,42.75,13.15,42.7,13.1,1.0
04275_01325,42.75,13.25,42.7,13.2,1.0
04275_01335,42.75,13.35,42.7,13.3,1.0
04275_01345,42.75,13.45,42.7,13.4,1.0
04275_01355,42.75,13.55,42.7,13.5,1.0
04275_01365,42.75,13.65,42.7,13.6,1.0
04275_01375,42.75,13.75,42.7,13.7,1.0
04275_01385,42.75,13.85,42.7,13.8,1.0
04275_01395,42.75,13.95,42.7,13.9,0.7334
04285_01015,42.85,10.15,42.8,10.1,0.0597
04285_01025,42.85,10.25,42.8,10.2,0.077
04285_01035,42.85,10.35,42.8,10.3,0.1791
04285_01045,42.85,10.45,42.8,10.4,0.2241
04285_01075,42.85,10.75,42.8,10.7,0.2896
04285_01085,42.85,10.85,42.8,10.8,1.0
04285_01095,42.85,10.95,42.8,10.9,1.0
04285_01105,42.85,11.05,42.8,11.0,1.0
04285_01115,42.85,11.15,42.8,11.1,1.0
04285_01125,42.85,11.25,42.8,11.2,1.0
04285_01135,42.85,11.35,42.8,11.3,1.0
04285_01145,42.85,11.45,42.8,11.4,1.0
04285_01155,42.85,11.55,42.8,11.5,1.0
04285_01165,42.85,11.65,42.8,11.6,1.0
04285_01175,42.85,11.75,42.8,11.7,1.0
04285_01185,42.85,11.85,42.8,11.8,1.0
04285_01195,42.85,11.95,42.8,11.9,1.0
04285_01205,42.85,12.05,42.8,12.0,1.0
04285_01215,42.85,12.15,42.8,12.1,1.0
04285_01225,42.85,12.25,42.8,12.2,1.0
04285_01235,42.85,12.35,42.8,12.3,1.0
04285_01245,42.85,12.45,42.8,12.4,1.0
04285_01255,42.85,12.55,42.8,12.5,1.0
04285_01265,42.85,12.65,42.8,12.6,1.0
04285_01275,42.85,12.75,42.8,12.7,1.0
04285_01285,42.85,12.85,42.8,12.8,1.0
04285_01295,42.85,12.95,42.8,12.9,1.0
04285_01305,42.85,13.05,42.8,13.0,1.0
04285_01315,42.85,13.15,42.8,13.1,1.0
04285_01325,42.85,13.25,42.8,13.2,1.0
04285_01335,42.85,13.35,42.8,13.3,1.0
04285_01345,42.85,13.45,42.8,13.4,1.0
04285_01355,42.85,13.55,42.8,13.5,1.0
04285_01365,42.85,13.65,42.8,13.6,1.0
04285_01375,42.85,13.75,42.8,13.7,1.0
04285_01385,42.85,13.85,42.8,13.8,1.0
04285_01395,42.85,13.95,42.8,13.9,0.3004
04295_01045,42.95,10.45,42.9,10.4,0.0704
04295_01055,42.95,10.55,42.9,10.5,0.6047
04295_01065,42.95,10.65,42.9,10.6,0.4843
04295_01075,42.95,10.75,42.9,10.7,0.785
04295_01085,42.95,10.85,42.9,10.8,1.0
04295_01095,42.95,10.95,42.9,10.9,1.0
04295_01105,42.95,11.05,42.9,11.0,1.0
04295_01115,42.95,11.15,42.9,11.1,1.0
04295_01125,42.95,11.25,42.9,11.2,1.0
04295_01135,42.95,11.35,42.9,11.3,1.0
04295_01145,42.95,11.45,42.9,11.4,1.0
04295_01155,42.95,11.55,42.9,11.5,1.0
04295_01165,42.95,11.65,42.9,11.6,1.0
04295_01175,42.95,11.75,42.9,11.7,1.0
04295_01185,42.95,11.85,42.9,11.8,1.0
04295_01195,42.95,11.95,42.9,11.9,1.0
04295_01205,42.95,12.05,42.9,12.0,1.0
04295_01215,42.95,12.15,42.9,12.1,1.0
04295_01225,42.95,12.25,42.9,12.2,1.0
04295_01235,42.95,12.35,42.9,12.3,1.0
04295_01245,42.95,12.45,42.9,12.4,1.0
04295_01255,42.95,12.55,42.9,12.5,1.0
04295_01265,42.95,12.65,42.9,12.6,1.0
04295_01275,42.95,12.75,42.9,12.7,1.0
04295_01285,42.95,12.85,42.9,12.8,1.0
04295_01295,42.95,12.95,42.9,12.9,1.0
04295_01305,42.95,13.05,42.9,13.0,1.0
04295_01315,42.95,13.15,42.9,13.1,1.0
04295_01325,42.95,13.25,42.9,13.2,1.0
04295_01335,42.95,13.35,42.9,13.3,1.0
04295_01345,42.95,13.45,42.9,13.4,1.0
04295_01355,42.95,13.55,42.9,13.5,1.0
04295_01365,42.95,13.65,42.9,13.6,1.0
04295_01375,42.95,13.75,42.9,13.7,1.0
04295_01385,42.95,13.85,42.9,13.8,0.8753
04305_00985,43.05,9.85,43.0,9.8,0.2053
04305_01055,43.05,10.55,43.0,10.5,0.7167
04305_01065,43.05,10.65,43.0,10.6,1.0
04305_01075,43.05,10.75,43.0,10.7,1.0
04305_01085,43.05,10.85,43.0,10.8,1.0
04305_01095,43.05,10.95,43.0,10.9,1.0
04305_01105,43.05,11.05,43.0,11.0,1.0
04305_01115,43.05,11.15,43.0,11.1,1.0
04305_01125,43.05,11.25,43.0,11.2,1.0
04305_01135,43.05,11.35,43.0,11.3,1.0
04305_01145,43.05,11.45,43.0,11.4,1.0
04305_01155,43.05,11.55,43.0,11.5,1.0
04305_01165,43.05,11.65,43.0,11.6,1.0
04305_01175,43.05,11.75,43.0,11.7,1.0
04305_01185,43.05,11.85,43.0,11.8,1.0
04305_01195,43.05,11.95,43.0,11.9,1.0
04305_01205,43.05,12.05,43.0,12.0,1.0
04305_01215,43.05,12.15,43.0,12.1,1.0
04305_01225,43.05,12.25,43.0,12.2,1.0
04305_01235,43.05,12.35,43.0,12.3,1.0
04305_01245,43.05,12.45,43.0,12.4,1.0
04305_01255,43.05,12.55,43.0,12.5,1.0
04305_01265,43.05,12.65,43.0,12.6,1.0
04305_01275,43.05,12.75,43.0,12.7,1.0
04305_01285,43.05,12.85,43.0,12.8,1.0
04305_01295,43.05,12.95,43.0,12.9,1.0
04305_01305,43.05,13.05,43.0,13.0,1.0
04305_01315,43.05,13.15,43.0,13.1,1.0
04305_01325,43.05,13.25,43.0,13.2,1.0
04305_01335,43.05,13.35,43.0,13.3,1.0
04305_01345,43.05,13.45,43.0,13.4,1.0
04305_01355,43.05,13.55,43.0,13.5,1.0
04305_01365,43.05,13.65,43.0,13.6,1.0
04305_01375,43.05,13.75,43.0,13.7,1.0
04305_01385,43.05,13.85,43.0,13.8,0.5509
04315_01055,43.15,10.55,43.1,10.5,0.6162
04315_01065,43.15,10.65,43.1,10.6,1.0
04315_01075,43.15,10.75,43.1,10.7,1.0
04315_01085,43.15,10.85,43.1,10.8,1.0
04315_01095,43.15,10.95,43.1,10.9,1.0
04315_01105,43.15,11.05,43.1,11.0,1.0
04315_01115,43.15,11.15,43.1,11.1,1.0
04315_01125,43.15,11.25,43.1,11.2,1.0
04315_01135,43.15,11.35,43.1,11.3,1.0
04315_01145,43.15,11.45,43.1,11.4,1.0
04315_01155,43.15,11.55,43.1,11.5,1.0
04315_01165,43.15,11.65,43.1,11.6,1.0
04315_01175,43.15,11.75,43.1,11.7,1.0
04315_01185,43.15,11.85,43.1,11.8,1.0
04315_01195,43.15,11.95,43.1,11.9,1.0
04315_01205,43.15,12.05,43.1,12.0,1.0
04315_01215,43.15,12.15,43.1,12.1,1.0
04315_01225,43.15,12.25,43.1,12.2,1.0
04315_01235,43.15,12.35,43.1,12.3,1.0
04315_01245,43.15,12.45,43.1,12.4,1.0
04315_01255,43.15,12.55,43.1,12.5,1.0
04315_01265,43.15,12.65,43.1,12.6,1.0
04315_01275,43.15,12.75,43.1,12.7,1.0
04315_01285,43.15,12.85,43.1,12.8,1.0
04315_01295,43.15,12.95,43.1,12.9,1.0
04315_01305,43.15,13.05,43.1,13.0,1.0
04315_01315,43.15,13.15,43.1,13.1,1.0
04315_01325,43.15,13.25,43.1,13.2,1.0
04315_01335,43.15,13.35,43.1,13.3,1.0
04315_01345,43.15,13.45,43.1,13.4,1.0
04315_01355,43.15,13.55,43.1,13.5,1.0
04315_01365,43.15,13.65,43.1,13.6,1.0
04315_01375,43.15,13.75,43.1,13.7,0.992
04315_01385,43.15,13.85,43.1,13.8,0.1746
04325_01055,43.25,10.55,43.2,10.5,0.8023
04325_01065,43.25,10.65,43.2,10.6,1.0
04325_01075,43.25,10.75,43.2,10.7,1.0
04325_01085,43.25,10.85,43.2,10.8,1.0
04325_01095,43.25,10.95,43.2,10.9,1.0
04325_01105,43.25,11.05,43.2,11.0,1.0
04325_01115,43.25,11.15,43.2,11.1,1.0
04325_01125,43.25,11.25,43.2,11.2,1.0
04325_01135,43.25,11.35,43.2,11.3,1.0
04325_01145,43.25,11.45,43.2,11.4,1.0
04325_01155,43.25,11.55,43.2,11.5,1.0
04325_01165,43.25,11.65,43.2,11.6,1.0
04325_01175,43.25,11.75,43.2,11.7,1.0
04325_01185,43.25,11.85,43.2,11.8,1.0
04325_01195,43.25,11.95,43.2,11.9,1.0
04325_01205,43.25,12.05,43.2,12.0,1.0
04325_01215,43.25,12.15,43.2,12.1,1.0
04325_01225,43.25,12.25,43.2,12.2,1.0
04325_01235,43.25,12.35,43.2,12.3,1.0
04325_01245,43.25,12.45,43.2,12.4,1.0
04325_01255,43.25,12.55,43.2,12.5,1.0
04325_01265,43.25,12.65,43.2,12.6,1.0
04325_01275,43.25,12.75,43.2,12.7,1.0
04325_01285,43.25,12.85,43.2,12.8,1.0
04325_01295,43.25,12.95,43.2,12.9,1.0
04325_01305,43.25,13.05,43.2,13.0,1.0
04325_01315,43.25,13.15,43.2,13.1,1.0
04325_01325,43.25,13.25,43.2,13.2,1.0
04325_01335,43.25,13.35,43.2,13.3,1.0
04325_01345,43.25,13.45,43.2,13.4,1.0
04325_01355,43.25,13.55,43.2,13.5,1.0
04325_01365,43.25,13.65,43.2,13.6,1.0
04325_01375,43.25,13.75,43.2,13.7,0.6732
04335_01045,43.35,10.45,43.3,10.4,0.4952
04335_01055,43.35,10.55,43.3,10.5,1.0
04335_01065,43.35,10.65,43.3,10.6,1.0
04335_01075,43.35,10.75,43.3,10.7,1.0
04335_01085,43.35,10.85,43.3,10.8,1.0
04335_01095,43.35,10.95,43.3,10.9,1.0
04335_01105,43.35,11.05,43.3,11.0,1.0
04335_01115,43.35,11.15,43.3,11.1,1.0
04335_01125,43.35,11.25,43.3,11.2,1.0
04335_01135,43.35,11.35,43.3,11.3,1.0
04335_01145,43.35,11.45,43.3,11.4,1.0
04335_01155,43.35,11.55,43.3,11.5,1.0
04335_01165,43.35,11.65,43.3,11.6,1.0
04335_01175,43.35,11.75,43.3,11.7,1.0
04335_01185,43.35,11.85,43.3,11.8,1.0
04335_01195,43.35,11.95,43.3,11.9,1.0
04335_01205,43.35,12.05,43.3,12.0,1.0
04335_01215,43.35,12.15,43.3,12.1,1.0
04335_01225,43.35,12.25,43.3,12.2,1.0
04335_01235,43.35,12.35,43.3,12.3,1.0
04335_01245,43.35,12.45,43.3,12.4,1.0
04335_01255,43.35,12.55,43.3,12.5,1.0
04335_01265,43.35,12.65,43.3,12.6,1.0
04335_01275,43.35,12.75,43.3,12.7,1.0
04335_01285,43.35,12.85,43.3,12.8,1.0
04335_01295,43.35,12.95,43.3,12.9,1.0
04335_01305,43.35,13.05,43.3,13.0,1.0
04335_01315,43.35,13.15,43.3,13.1,1.0
04335_01325,43.35,13.25,43.3,13.2,1.0
04335_01335,43.35,13.35,43.3,13.3,1.0
04335_01345,43.35,13.45,43.3,13.4,1.0
04335_01355,43.35,13.55,43.3,13.5,1.0
04335_01365,43.35,13.65,43.3,13.6,0.9602
04335_01375,43.35,13.75,43.3,13.7,0.1004
04345_01035,43.45,10.35,43.4,10.3,0.3353
04345_01045,43.45,10.45,43.4,10.4,0.9884
04345_01055,43.45,10.55,43.4,10.5,1.0
04345_01065,43.45,10.65,43.4,10.6,1.0
04345_01075,43.45,10.75,43.4,10.7,1.0
04345_01085,43.45,10.85,43.4,10.8,1.0
04345_01095,43.45,10.95,43.4,10.9,1.0
04345_01105,43.45,11.05,43.4,11.0,1.0
04345_01115,43.45,11.15,43.4,11.1,1.0
04345_01125,43.45,11.25,43.4,11.2,1.0
04345_01135,43.45,11.35,43.4,11.3,1.0
04345_01145,43.45,11.45,43.4,11.4,1.0
04345_01155,43.45,11.55,43.4,11.5,1.0
04345_01165,43.45,11.65,43.4,11.6,1.0
04345_01175,43.45,11.75,43.4,11.7,1.0
04345_01185,43.45,11.85,43.4,11.8,1.0
04345_01195,43.45,11.95,43.4,11.9,1.0
04345_01205,43.45,12.05,43.4,12.0,1.0
04345_01215,43.45,12.15,43.4,12.1,1.0
04345_01225,43.45,12.25,43.4,12.2,1.0
04345_01235,43.45,12.35,43.4,12.3,1.0
04345_01245,43.45,12.45,43.4,12.4,1.0
04345_01255,43.45,12.55,43.4,12.5,1.0
04345_01265,43.45,12.65,43.4,12.6,1.0
04345_01275,43.45,12.75,43.4,12.7,1.0
04345_01285,43.45,12.85,43.4,12.8,1.0
04345_01295,43.45,12.95,43.4,12.9,1.0
04345_01305,43.45,13.05,43.4,13.0,1.0
04345_01315,43.45,13.15,43.4,13.1,1.0
04345_01325,43.45,13.25,43.4,13.2,1.0
04345_01335,43.45,13.35,43.4,13.3,1.0
04345_01345,43.45,13.45,43.4,13.4,1.0
04345_01355,43.45,13.55,43.4,13.5,1.0
04345_01365,43.45,13.65,43.4,13.6,0.5511
04355_01035,43.55,10.35,43.5,10.3,0.948
04355_01045,43.55,10.45,43.5,10.4,1.0
04355_01055,43.55,10.55,43.5,10.5,1.0
04355_01065,43.55,10.65,43.5,10.6,1.0
04355_01075,43.55,10.75,43.5,10.7,1.0
04355_01085,43.55,10.85,43.5,10.8,1.0
04355_01095,43.55,10.95,43.5,10.9,1.0
04355_01105,43.55,11.05,43.5,11.0,1.0
04355_01115,43.55,11.15,43.5,11.1,1.0
04355_01125,43.55,11.25,43.5,11.2,1.0
04355_01135,43.55,11.35,43.5,11.3,1.0
04355_01145,43.55,11.45,43.5,11.4,1.0
04355_01155,43.55,11.55,43.5,11.5,1.0
04355_01165,43.55,11.65,43.5,11.6,1.0
04355_01175,43.55,11.75,43.5,11.7,1.0
04355_01185,43.55,11.85,43.5,11.8,1.0
04355_01195,43.55,11.95,43.5,11.9,1.0
04355_01205,43.55,12.05,43.5,12.0,1.0
04355_01215,43.55,12.15,43.5,12.1,1.0
04355_01225,43.55,12.25,43.5,12.2,1.0
04355_01235,43.55,12.35,43.5,12.3,1.0
04355_01245,43.55,12.45,43.5,12.4,1.0
04355_01255,43.55,12.55,43.5,12.5,1.0
04355_01265,43.55,12.65,43.5,12.6,1.0
04355_01275,43.55,12.75,43.5,12.7,1.0
04355_01285,43.55,12.85,43.5,12.8,1.0
04355_01295,43.55,12.95,43.5,12.9,1.0
04355_01305,43.55,13.05,43.5,13.0,1.0
04355_01315,43.55,13.15,43.5,13.1,1.0
04355_01325,43.55,13.25,43.5,13.2,1.0
04355_01335,43.55,13.35,43.5,13.3,1.0
04355_01345,43.55,13.45,43.5,13.4,1.0
04355_01355,43.55,13.55,43.5,13.5,0.882
04355_01365,43.55,13.65,43.5,13.6,0.1386
04365_01025,43.65,10.25,43.6,10.2,0.171
04365_01035,43.65,10.35,43.6,10.3,1.0
04365_01045,43.65,10.45,43.6,10.4,1.0
04365_01055,43.65,10.55,43.6,10.5,1.0
04365_01065,43.65,10.65,43.6,10.6,1.0
04365_01075,43.65,10.75,43.6,10.7,1.0
04365_01085,43.65,10.85,43.6,10.8,1.0
04365_01095,43.65,10.95,43.6,10.9,1.0
04365_01105,43.65,11.05,43.6,11.0,1.0
04365_01115,43.65,11.15,43.6,11.1,1.0
04365_01125,43.65,11.25,43.6,11.2,1.0
04365_01135,43.65,11.35,43.6,11.3,1.0
04365_01145,43.65,11.45,43.6,11.4,1.0
04365_01155,43.65,11.55,43.6,11.5,1.0
04365_01165,43.65,11.65,43.6,11.6,1.0
04365_01175,43.65,11.75,43.6,11.7,1.0
04365_01185,43.65,11.85,43.6,11.8,1.0
04365_01195,43.65,11.95,43.6,11.9,1.0
04365_01205,43.65,12.05,43.6,12.0,1.0
04365_01215,43.65,12.15,43.6,12.1,1.0
04365_01225,43.65,12.25,43.6,12.2,1.0
04365_01235,43.65,12.35,43.6,12.3,1.0
04365_01245,43.65,12.45,43.6,12.4,1.0
04365_01255,43.65,12.55,43.6,12.5,1.0
04365_01265,43.65,12.65,43.6,12.6,1.0
04365_01275,43.65,12.75,43.6,12.7,1.0
04365_01285,43.65,12.85,43.6,12.8,1.0
04365_01295,43.65,12.95,43.6,12.9,1.0
04365_01305,43.65,13.05,43.6,13.0,1.0
04365_01315,43.65,13.15,43.6,13.1,1.0
04365_01325,43.65,13.25,43.6,13.2,0.9277
04365_01335,43.65,13.35,43.6,13.3,0.5159
04365_01345,43.65,13.45,43.6,13.4,0.1543
04365_01355,43.65,13.55,43.6,13.5,0.0952
04375_00755,43.75,7.55,43.7,7.5,0.0923
04375_00765,43.75,7.65,43.7,7.6,0.161
04375_01025,43.75,10.25,43.7,10.2,0.2699
04375_01035,43.75,10.35,43.7,10.3,1.0
04375_01045,43.75,10.45,43.7,10.4,1.0
04375_01055,43.75,10.55,43.7,10.5,1.0
04375_01065,43.75,10.65,43.7,10.6,1.0
04375_01075,43.75,10.75,43.7,10.7,1.0
04375_01085,43.75,10.85,43.7,10.8,1.0
04375_01095,43.75,10.95,43.7,10.9,1.0
04375_01105,43.75,11.05,43.7,11.0,1.0
04375_01115,43.75,11.15,43.7,11.1,1.0
04375_01125,43.75,11.25,43.7,11.2,1.0
04375_01135,43.75,11.35,43.7,11.3,1.0
04375_01145,43.75,11.45,43.7,11.4,1.0
04375_01155,43.75,11.55,43.7,11.5,1.0
04375_01165,43.75,11.65,43.7,11.6,1.0
04375_01175,43.75,11.75,43.7,11.7,1.0
04375_01185,43.75,11.85,43.7,11.8,1.0
04375_01195,43.75,11.95,43.7,11.9,1.0
04375_01205,43.75,12.05,43.7,12.0,1.0
04375_01215,43.75,12.15,43.7,12.1,1.0
04375_01225,43.75,12.25,43.7,12.2,1.0
04375_01235,43.75,12.35,43.7,12.3,1.0
04375_01245,43.75,12.45,43.7,12.4,1.0
04375_01255,43.75,12.55,43.7,12.5,1.0
04375_01265,43.75,12.65,43.7,12.6,1.0
04375_01275,43.75,12.75,43.7,12.7,1.0
04375_01285,43.75,12.85,43.7,12.8,1.0
04375_01295,43.75,12.95,43.7,12.9,1.0
04375_01305,43.75,13.05,43.7,13.0,0.9994
04375_01315,43.75,13.15,43.7,13.1,0.6431
04375_01325,43.75,13.25,43.7,13.2,0.0821
04385_00755,43.85,7.55,43.8,7.5,0.8725
04385_00765,43.85,7.65,43.8,7.6,1.0
04385_00775,43.85,7.75,43.8,7.7,0.9295
04385_00785,43.85,7.85,43.8,7.8,0.7186
04385_00795,43.85,7.95,43.8,7.9,0.4927
04385_00805,43.85,8.05,43.8,8.0,0.1371
04385_01025,43.85,10.25,43.8,10.2,0.5676
04385_01035,43.85,10.35,43.8,10.3,1.0
04385_01045,43.85,10.45,43.8,10.4,1.0
04385_01055,43.85,10.55,43.8,10.5,1.0
04385_01065,43.85,10.65,43.8,10.6,1.0
04385_01075,43.85,10.75,43.8,10.7,1.0
04385_01085,43.85,10.85,43.8,10.8,1.0
04385_01095,43.85,10.95,43.8,10.9,1.0
04385_01105,43.85,11.05,43.8,11.0,1.0
04385_01115,43.85,11.15,43.8,11.1,1.0
04385_01125,43.85,11.25,43.8,11.2,1.0
04385_01135,43.85,11.35,43.8,11.3,1.0
04385_01145,43.85,11.45,43.8,11.4,1.0
04385_01155,43.85,11.55,43.8,11.5,1.0
04385_01165,43.85,11.65,43.8,11.6,1.0
04385_01175,43.85,11.75,43.8,11.7,1.0
04385_01185,43.85,11.85,43.8,11.8,1.0
04385_01195,43.85,11.95,43.8,11.9,1.0
04385_01205,43.85,12.05,43.8,12.0,1.0
04385_01215,43.85,12.15,43.8,12.1,1.0
04385_01225,43.85,12.25,43.8,12.2,1.0
04385_01235,43.85,12.35,43.8,12.3,1.0
04385_01245,43.85,12.45,43.8,12.4,0.9835
04385_01255,43.85,12.55,43.8,12.5,1.0
04385_01265,43.85,12.65,43.8,12.6,1.0
04385_01275,43.85,12.75,43.8,12.7,1.0
04385_01285,43.85,12.85,43.8,12.8,1.0
04385_01295,43.85,12.95,43.8,12.9,0.8647
04385_01305,43.85,13.05,43.8,13.0,0.3103
04395_00755,43.95,7.55,43.9,7.5,0.1764
04395_00765,43.95,7.65,43.9,7.6,0.7899
04395_00775,43.95,7.75,43.9,7.7,1.0
04395_00785,43.95,7.85,43.9,7.8,1.0
04395_00795,43.95,7.95,43.9,7.9,1.0
04395_00805,43.95,8.05,43.9,8.0,0.972
04395_00815,43.95,8.15,43.9,8.1,0.4127
04395_01015,43.95,10.15,43.9,10.1,0.3204
04395_01025,43.95,10.25,43.9,10.2,0.9795
04395_01035,43.95,10.35,43.9,10.3,1.0
04395_01045,43.95,10.45,43.9,10.4,1.0
04395_01055,43.95,10.55,43.9,10.5,1.0
04395_01065,43.95,10.65,43.9,10.6,1.0
04395_01075,43.95,10.75,43.9,10.7,1.0
04395_01085,43.95,10.85,43.9,10.8,1.0
04395_01095,43.95,10.95,43.9,10.9,1.0
04395_01105,43.95,11.05,43.9,11.0,1.0
04395_01115,43.95,11.15,43.9,11.1,1.0
04395_01125,43.95,11.25,43.9,11.2,1.0
04395_01135,43.95,11.35,43.9,11.3,1.0
04395_01145,43.95,11.45,43.9,11.4,1.0
04395_01155,43.95,11.55,43.9,11.5,1.0
04395_01165,43.95,11.65,43.9,11.6,1.0
04395_01175,43.95,11.75,43.9,11.7,1.0
04395_01185,43.95,11.85,43.9,11.8,1.0
04395_01195,43.95,11.95,43.9,11.9,1.0
04395_01205,43.95,12.05,43.9,12.0,1.0
04395_01215,43.95,12.15,43.9,12.1,1.0
04395_01225,43.95,12.25,43.9,12.2,1.0
04395_01235,43.95,12.35,43.9,12.3,1.0
04395_01245,43.95,12.45,43.9,12.4,0.4024
04395_01255,43.95,12.55,43.9,12.5,0.9312
04395_01265,43.95,12.65,43.9,12.6,0.9686
04395_01275,43.95,12.75,43.9,12.7,0.695
04395_01285,43.95,12.85,43.9,12.8,0.4262
04395_01295,43.95,12.95,43.9,12.9,0.0542
04405_00765,44.05,7.65,44.0,7.6,0.1278
04405_00775,44.05,7.75,44.0,7.7,0.9458
04405_00785,44.05,7.85,44.0,7.8,1.0
04405_00795,44.05,7.95,44.0,7.9,1.0
04405_00805,44.05,8.05,44.0,8.0,1.0
04405_00815,44.05,8.15,44.0,8.1,0.9541
04405_00825,44.05,8.25,44.0,8.2,0.1759
04405_00975,44.05,9.75,44.0,9.7,0.123
04405_00985,44.05,9.85,44.0,9.8,0.211
04405_00995,44.05,9.95,44.0,9.9,0.472
04405_01005,44.05,10.05,44.0,10.0,0.6889
04405_01015,44.05,10.15,44.0,10.1,0.9969
04405_01025,44.05,10.25,44.0,10.2,1.0
04405_01035,44.05,10.35,44.0,10.3,1.0
04405_01045,44.05,10.45,44.0,10.4,1.0
04405_01055,44.05,10.55,44.0,10.5,1.0
04405_01065,44.05,10.65,44.0,10.6,1.0
04405_01075,44.05,10.75,44.0,10.7,1.0
04405_01085,44.05,10.85,44.0,10.8,1.0
04405_01095,44.05,10.95,44.0,10.9,1.0
04405_01105,44.05,11.05,44.0,11.0,1.0
04405_01115,44.05,11.15,44.0,11.1,1.0
04405_01125,44.05,11.25,44.0,11.2,1.0
04405_01135,44.05,11.35,44.0,11.3,1.0
04405_01145,44.05,11.45,44.0,11.4,1.0
04405_01155,44.05,11.55,44.0,11.5,1.0
04405_01165,44.05,11.65,44.0,11.6,1.0
04405_01175,44.05,11.75,44.0,11.7,1.0
04405_01185,44.05,11.85,44.0,11.8,1.0
04405_01195,44.05,11.95,44.0,11.9,1.0
04405_01205,44.05,12.05,44.0,12.0,1.0
04405_01215,44.05,12.15,44.0,12.1,1.0
04405_01225,44.05,12.25,44.0,12.2,1.0
04405_01235,44.05,12.35,44.0,12.3,1.0
04405_01245,44.05,12.45,44.0,12.4,1.0
04405_01255,44.05,12.55,44.0,12.5,0.8346
04405_01265,44.05,12.65,44.0,12.6,0.1708
04415_00725,44.15,7.25,44.1,7.2,0.404
04415_00735,44.15,7.35,44.1,7.3,0.6757
04415_00745,44.15,7.45,44.1,7.4,0.7226
04415_00755,44.15,7.55,44.1,7.5,0.5286
04415_00765,44.15,7.65,44.1,7.6,0.4752
04415_00775,44.15,7.75,44.1,7.7,1.0
04415_00785,44.15,7.85,44.1,7.8,1.0
04415_00795,44.15,7.95,44.1,7.9,1.0
04415_00805,44.15,8.05,44.1,8.0,1.0
04415_00815,44.15,8.15,44.1,8.1,1.0
04415_00825,44.15,8.25,44.1,8.2,0.79
04415_00835,44.15,8.35,44.1,8.3,0.3079
04415_00955,44.15,9.55,44.1,9.5,0.077
04415_00965,44.15,9.65,44.1,9.6,0.5715
04415_00975,44.15,9.75,44.1,9.7,0.9472
04415_00985,44.15,9.85,44.1,9.8,0.9754
04415_00995,44.15,9.95,44.1,9.9,1.0
04415_01005,44.15,10.05,44.1,10.0,1.0
04415_01015,44.15,10.15,44.1,10.1,1.0
04415_01025,44.15,10.25,44.1,10.2,1.0
04415_01035,44.15,10.35,44.1,10.3,1.0
04415_01045,44.15,10.45,44.1,10.4,1.0
04415_01055,44.15,10.55,44.1,10.5,1.0
04415_01065,44.15,10.65,44.1,10.6,1.0
04415_01075,44.15,10.75,44.1,10.7,1.0
04415_01085,44.15,10.85,44.1,10.8,1.0
04415_01095,44.15,10.95,44.1,10.9,1.0
04415_01105,44.15,11.05,44.1,11.0,1.0
04415_01115,44.15,11.15,44.1,11.1,1.0
04415_01125,44.15,11.25,44.1,11.2,1.0
04415_01135,44.15,11.35,44.1,11.3,1.0
04415_01145,44.15,11.45,44.1,11.4,1.0
04415_01155,44.15,11.55,44.1,11.5,1.0
04415_01165,44.15,11.65,44.1,11.6,1.0
04415_01175,44.15,11.75,44.1,11.7,1.0
04415_01185,44.15,11.85,44.1,11.8,1.0
04415_01195,44.15,11.95,44.1,11.9,1.0
04415_01205,44.15,12.05,44.1,12.0,1.0
04415_01215,44.15,12.15,44.1,12.1,1.0
04415_01225,44.15,12.25,44.1,12.2,1.0
04415_01235,44.15,12.35,44.1,12.3,1.0
04415_01245,44.15,12.45,44.1,12.4,0.6283
04425_00695,44.25,6.95,44.2,6.9,0.068
04425_00705,44.25,7.05,44.2,7.0,0.699
04425_00715,44.25,7.15,44.2,7.1,0.9369
04425_00725,44.25,7.25,44.2,7.2,1.0
04425_00735,44.25,7.35,44.2,7.3,1.0
04425_00745,44.25,7.45,44.2,7.4,1.0
04425_00755,44.25,7.55,44.2,7.5,1.0
04425_00765,44.25,7.65,44.2,7.6,1.0
04425_00775,44.25,7.75,44.2,7.7,1.0
04425_00785,44.25,7.85,44.2,7.8,1.0
04425_00795,44.25,7.95,44.2,7.9,1.0
04425_00805,44.25,8.05,44.2,8.0,1.0
04425_00815,44.25,8.15,44.2,8.1,1.0
04425_00825,44.25,8.25,44.2,8.2,1.0
04425_00835,44.25,8.35,44.2,8.3,1.0
04425_00845,44.25,8.45,44.2,8.4,0.3887
04425_00935,44.25,9.35,44.2,9.3,0.059
04425_00945,44.25,9.45,44.2,9.4,0.5568
04425_00955,44.25,9.55,44.2,9.5,0.9373
04425_00965,44.25,9.65,44.2,9.6,1.0
04425_00975,44.25,9.75,44.2,9.7,1.0
04425_00985,44.25,9.85,44.2,9.8,1.0
04425_00995,44.25,9.95,44.2,9.9,1.0
04425_01005,44.25,10.05,44.2,10.0,1.0
04425_01015,44.25,10.15,44.2,10.1,1.0
04425_01025,44.25,10.25,44.2,10.2,1.0
04425_01035,44.25,10.35,44.2,10.3,1.0
04425_01045,44.25,10.45,44.2,10.4,1.0
04425_01055,44.25,10.55,44.2,10.5,1.0
04425_01065,44.25,10.65,44.2,10.6,1.0
04425_01075,44.25,10.75,44.2,10.7,1.0
04425_01085,44.25,10.85,44.2,10.8,1.0
04425_01095,44.25,10.95,44.2,10.9,1.0
04425_01105,44.25,11.05,44.2,11.0,1.0
04425_01115,44.25,11.15,44.2,11.1,1.0
04425_01125,44.25,11.25,44.2,11.2,1.0
04425_01135,44.25,11.35,44.2,11.3,1.0
04425_01145,44.25,11.45,44.2,11.4,1.0
04425_01155,44.25,11.55,44.2,11.5,1.0
04425_01165,44.25,11.65,44.2,11.6,1.0
04425_01175,44.25,11.75,44.2,11.7,1.0
04425_01185,44.25,11.85,44.2,11.8,1.0
04425_01195,44.25,11.95,44.2,11.9,1.0
04425_01205,44.25,12.05,44.2,12.0,1.0
04425_01215,44.25,12.15,44.2,12.1,1.0
04425_01225,44.25,12.25,44.2,12.2,1.0
04425_01235,44.25,12.35,44.2,12.3,0.7034
04435_00695,44.35,6.95,44.3,6.9,0.7851
04435_00705,44.35,7.05,44.3,7.0,1.0
04435_00715,44.35,7.15,44.3,7.1,1.0
04435_00725,44.35,7.25,44.3,7.2,1.0
04435_00735,44.35,7.35,44.3,7.3,1.0
04435_00745,44.35,7.45,44.3,7.4,1.0
04435_00755,44.35,7.55,44.3,7.5,1.0
04435_00765,44.35,7.65,44.3,7.6,1.0
04435_00775,44.35,7.75,44.3,7.7,1.0
04435_00785,44.35,7.85,44.3,7.8,1.0
04435_00795,44.35,7.95,44.3,7.9,1.0
04435_00805,44.35,8.05,44.3,8.0,1.0
04435_00815,44.35,8.15,44.3,8.1,1.0
04435_00825,44.35,8.25,44.3,8.2,1.0
04435_00835,44.35,8.35,44.3,8.3,1.0
04435_00845,44.35,8.45,44.3,8.4,0.9812
04435_00855,44.35,8.55,44.3,8.5,0.5657
04435_00865,44.35,8.65,44.3,8.6,0.1546
04435_00895,44.35,8.95,44.3,8.9,0.0617
04435_00905,44.35,9.05,44.3,9.0,0.2077
04435_00915,44.35,9.15,44.3,9.1,0.6159
04435_00925,44.35,9.25,44.3,9.2,0.6903
04435_00935,44.35,9.35,44.3,9.3,0.9347
04435_00945,44.35,9.45,44.3,9.4,1.0
04435_00955,44.35,9.55,44.3,9.5,1.0
04435_00965,44.35,9.65,44.3,9.6,1.0
04435_00975,44.35,9.75,44.3,9.7,1.0
04435_00985,44.35,9.85,44.3,9.8,1.0
04435_00995,44.35,9.95,44.3,9.9,1.0
04435_01005,44.35,10.05,44.3,10.0,1.0
04435_01015,44.35,10.15,44.3,10.1,1.0
04435_01025,44.35,10.25,44.3,10.2,1.0
04435_01035,44.35,10.35,44.3,10.3,1.0
04435_01045,44.35,10.45,44.3,10.4,1.0
04435_01055,44.35,10.55,44.3,10.5,1.0
04435_01065,44.35,10.65,44.3,10.6,1.0
04435_01075,44.35,10.75,44.3,10.7,1.0
04435_01085,44.35,10.85,44.3,10.8,1.0
04435_01095,44.35,10.95,44.3,10.9,1.0
04435_01105,44.35,11.05,44.3,11.0,1.0
04435_01115,44.35,11.15,44.3,11.1,1.0
04435_01125,44.35,11.25,44.3,11.2,1.0
04435_01135,44.35,11.35,44.3,11.3,1.0
04435_01145,44.35,11.45,44.3,11.4,1.0
04435_01155,44.35,11.55,44.3,11.5,1.0
04435_01165,44.35,11.65,44.3,11.6,1.0
04435_01175,44.35,11.75,44.3,11.7,1.0
04435_01185,44.35,11.85,44.3,11.8,1.0
04435_01195,44.35,11.95,44.3,11.9,1.0
04435_01205,44.35,12.05,44.3,12.0,1.0
04435_01215,44.35,12.15,44.3,12.1,1.0
04435_01225,44.35,12.25,44.3,12.2,1.0
04435_01235,44.35,12.35,44.3,12.3,0.3066
04445_00685,44.45,6.85,44.4,6.8,0.082
04445_00695,44.45,6.95,44.4,6.9,0.8959
04445_00705,44.45,7.05,44.4,7.0,1.0
04445_00715,44.45,7.15,44.4,7.1,1.0
04445_00725,44.45,7.25,44.4,7.2,1.0
04445_00735,44.45,7.35,44.4,7.3,1.0
04445_00745,44.45,7.45,44.4,7.4,1.0
04445_00755,44.45,7.55,44.4,7.5,1.0
04445_00765,44.45,7.65,44.4,7.6,1.0
04445_00775,44.45,7.75,44.4,7.7,1.0
04445_00785,44.45,7.85,44.4,7.8,1.0
04445_00795,44.45,7.95,44.4,7.9,1.0
04445_00805,44.45,8.05,44.4,8.0,1.0
04445_00815,44.45,8.15,44.4,8.1,1.0
04445_00825,44.45,8.25,44.4,8.2,1.0
04445_00835,44.45,8.35,44.4,8.3,1.0
04445_00845,44.45,8.45,44.4,8.4,1.0
04445_00855,44.45,8.55,44.4,8.5,1.0
04445_00865,44.45,8.65,44.4,8.6,0.989
04445_00875,44.45,8.75,44.4,8.7,0.7892
04445_00885,44.45,8.85,44.4,8.8,0.8689
04445_00895,44.45,8.95,44.4,8.9,0.9838
04445_00905,44.45,9.05,44.4,9.0,1.0
04445_00915,44.45,9.15,44.4,9.1,1.0
04445_00925,44.45,9.25,44.4,9.2,1.0
04445_00935,44.45,9.35,44.4,9.3,1.0
04445_00945,44.45,9.45,44.4,9.4,1.0
04445_00955,44.45,9.55,44.4,9.5,1.0
04445_00965,44.45,9.65,44.4,9.6,1.0
04445_00975,44.45,9.75,44.4,9.7,1.0
04445_00985,44.45,9.85,44.4,9.8,1.0
04445_00995,44.45,9.95,44.4,9.9,1.0
04445_01005,44.45,10.05,44.4,10.0,1.0
04445_01015,44.45,10.15,44.4,10.1,1.0
04445_01025,44.45,10.25,44.4,10.2,1.0
04445_01035,44.45,10.35,44.4,10.3,1.0
04445_01045,44.45,10.45,44.4,10.4,1.0
04445_01055,44.45,10.55,44.4,10.5,1.0
04445_01065,44.45,10.65,44.4,10.6,1.0
04445_01075,44.45,10.75,44.4,10.7,1.0
04445_01085,44.45,10.85,44.4,10.8,1.0
04445_01095,44.45,10.95,44.4,10.9,1.0
04445_01105,44.45,11.05,44.4,11.0,1.0
04445_01115,44.45,11.15,44.4,11.1,1.0
04445_01125,44.45,11.25,44.4,11.2,1.0
04445_01135,44.45,11.35,44.4,11.3,1.0
04445_01145,44.45,11.45,44.4,11.4,1.0
04445_01155,44.45,11.55,44.4,11.5,1.0
04445_01165,44.45,11.65,44.4,11.6,1.0
04445_01175,44.45,11.75,44.4,11.7,1.0
04445_01185,44.45,11.85,44.4,11.8,1.0
04445_01195,44.45,11.95,44.4,11.9,1.0
04445_01205,44.45,12.05,44.4,12.0,1.0
04445_01215,44.45,12.15,44.4,12.1,1.0
04445_01225,44.45,12.25,44.4,12.2,0.9403
04455_00685,44.55,6.85,44.5,6.8,0.2045
04455_00695,44.55,6.95,44.5,6.9,0.8819
04455_00705,44.55,7.05,44.5,7.0,1.0
04455_00715,44.55,7.15,44.5,7.1,1.0
04455_00725,44.55,7.25,44.5,7.2,1.0
04455_00735,44.55,7.35,44.5,7.3,1.0
04455_00745,44.55,7.45,44.5,7.4,1.0
04455_00755,44.55,7.55,44.5,7.5,1.0
04455_00765,44.55,7.65,44.5,7.6,1.0
04455_00775,44.55,7.75,44.5,7.7,1.0
04455_00785,44.55,7.85,44.5,7.8,1.0
04455_00795,44.55,7.95,44.5,7.9,1.0
04455_00805,44.55,8.05,44.5,8.0,1.0
04455_00815,44.55,8.15,44.5,8.1,1.0
04455_00825,44.55,8.25,44.5,8.2,1.0
04455_00835,44.55,8.35,44.5,8.3,1.0
04455_00845,44.55,8.45,44.5,8.4,1.0
04455_00855,44.55,8.55,44.5,8.5,1.0
04455_00865,44.55,8.65,44.5,8.6,1.0
04455_00875,44.55,8.75,44.5,8.7,1.0
04455_00885,44.55,8.85,44.5,8.8,1.0
04455_00895,44.55,8.95,44.5,8.9,1.0
04455_00905,44.55,9.05,44.5,9.0,1.0
04455_00915,44.55,9.15,44.5,9.1,1.0
04455_00925,44.55,9.25,44.5,9.2,1.0
04455_00935,44.55,9.35,44.5,9.3,1.0
04455_00945,44.55,9.45,44.5,9.4,1.0
04455_00955,44.55,9.55,44.5,9.5,1.0
04455_00965,44.55,9.65,44.5,9.6,1.0
04455_00975,44.55,9.75,44.5,9.7,1.0
04455_00985,44.55,9.85,44.5,9.8,1.0
04455_00995,44.55,9.95,44.5,9.9,1.0
04455_01005,44.55,10.05,44.5,10.0,1.0
04455_01015,44.55,10.15,44.5,10.1,1.0
04455_01025,44.55,10.25,44.5,10.2,1.0
04455_01035,44.55,10.35,44.5,10.3,1.0
04455_01045,44.55,10.45,44.5,10.4,1.0
04455_01055,44.55,10.55,44.5,10.5,1.0
04455_01065,44.55,10.65,44.5,10.6,1.0
04455_01075,44.55,10.75,44.5,10.7,1.0
04455_01085,44.55,10.85,44.5,10.8,1.0
04455_01095,44.55,10.95,44.5,10.9,1.0
04455_01105,44.55,11.05,44.5,11.0,1.0
04455_01115,44.55,11.15,44.5,11.1,1.0
04455_01125,44.55,11.25,44.5,11.2,1.0
04455_01135,44.55,11.35,44.5,11.3,1.0
04455_01145,44.55,11.45,44.5,11.4,1.0
04455_01155,44.55,11.55,44.5,11.5,1.0
04455_01165,44.55,11.65,44.5,11.6,1.0
04455_01175,44.55,11.75,44.5,11.7,1.0
04455_01185,44.55,11.85,44.5,11.8,1.0
04455_01195,44.55,11.95,44.5,11.9,1.0
04455_01205,44.55,12.05,44.5,12.0,1.0
04455_01215,44.55,12.15,44.5,12.1,1.0
04455_01225,44.55,12.25,44.5,12.2,0.816
04465_00695,44.65,6.95,44.6,6.9,0.3887
04465_00705,44.65,7.05,44.6,7.0,0.8987
04465_00715,44.65,7.15,44.6,7.1,1.0
04465_00725,44.65,7.25,44.6,7.2,1.0
04465_00735,44.65,7.35,44.6,7.3,1.0
04465_00745,44.65,7.45,44.6,7.4,1.0
04465_00755,44.65,7.55,44.6,7.5,1.0
04465_00765,44.65,7.65,44.6,7.6,1.0
04465_00775,44.65,7.75,44.6,7.7,1.0
04465_00785,44.65,7.85,44.6,7.8,1.0
04465_00795,44.65,7.95,44.6,7.9,1.0
04465_00805,44.65,8.05,44.6,8.0,1.0
04465_00815,44.65,8.15,44.6,8.1,1.0
04465_00825,44.65,8.25,44.6,8.2,1.0
04465_00835,44.65,8.35,44.6,8.3,1.0
04465_00845,44.65,8.45,44.6,8.4,1.0
04465_00855,44.65,8.55,44.6,8.5,1.0
04465_00865,44.65,8.65,44.6,8.6,1.0
04465_00875,44.65,8.75,44.6,8.7,1.0
04465_00885,44.65,8.85,44.6,8.8,1.0
04465_00895,44.65,8.95,44.6,8.9,1.0
04465_00905,44.65,9.05,44.6,9.0,1.0
04465_00915,44.65,9.15,44.6,9.1,1.0
04465_00925,44.65,9.25,44.6,9.2,1.0
04465_00935,44.65,9.35,44.6,9.3,1.0
04465_00945,44.65,9.45,44.6,9.4,1.0
04465_00955,44.65,9.55,44.6,9.5,1.0
04465_00965,44.65,9.65,44.6,9.6,1.0
04465_00975,44.65,9.75,44.6,9.7,1.0
04465_00985,44.65,9.85,44.6,9.8,1.0
04465_00995,44.65,9.95,44.6,9.9,1.0
04465_01005,44.65,10.05,44.6,10.0,1.0
04465_01015,44.65,10.15,44.6,10.1,1.0
04465_01025,44.65,10.25,44.6,10.2,1.0
04465_01035,44.65,10.35,44.6,10.3,1.0
04465_01045,44.65,10.45,44.6,10.4,1.0
04465_01055,44.65,10.55,44.6,10.5,1.0
04465_01065,44.65,10.65,44.6,10.6,1.0
04465_01075,44.65,10.75,44.6,10.7,1.0
04465_01085,44.65,10.85,44.6,10.8,1.0
04465_01095,44.65,10.95,44.6,10.9,1.0
04465_01105,44.65,11.05,44.6,11.0,1.0
04465_01115,44.65,11.15,44.6,11.1,1.0
04465_01125,44.65,11.25,44.6,11.2,1.0
04465_01135,44.65,11.35,44.6,11.3,1.0
04465_01145,44.65,11.45,44.6,11.4,1.0
04465_01155,44.65,11.55,44.6,11.5,1.0
04465_01165,44.65,11.65,44.6,11.6,1.0
04465_01175,44.65,11.75,44.6,11.7,1.0
04465_01185,44.65,11.85,44.6,11.8,1.0
04465_01195,44.65,11.95,44.6,11.9,1.0
04465_01205,44.65,12.05,44.6,12.0,1.0
04465_01215,44.65,12.15,44.6,12.1,1.0
04465_01225,44.65,12.25,44.6,12.2,0.582
04475_00705,44.75,7.05,44.7,7.0,0.7117
04475_00715,44.75,7.15,44.7,7.1,1.0
04475_00725,44.75,7.25,44.7,7.2,1.0
04475_00735,44.75,7.35,44.7,7.3,1.0
04475_00745,44.75,7.45,44.7,7.4,1.0
04475_00755,44.75,7.55,44.7,7.5,1.0
04475_00765,44.75,7.65,44.7,7.6,1.0
04475_00775,44.75,7.75,44.7,7.7,1.0
04475_00785,44.75,7.85,44.7,7.8,1.0
04475_00795,44.75,7.95,44.7,7.9,1.0
04475_00805,44.75,8.05,44.7,8.0,1.0
04475_00815,44.75,8.15,44.7,8.1,1.0
04475_00825,44.75,8.25,44.7,8.2,1.0
04475_00835,44.75,8.35,44.7,8.3,1.0
04475_00845,44.75,8.45,44.7,8.4,1.0
04475_00855,44.75,8.55,44.7,8.5,1.0
04475_00865,44.75,8.65,44.7,8.6,1.0
04475_00875,44.75,8.75,44.7,8.7,1.0
04475_00885,44.75,8.85,44.7,8.8,1.0
04475_00895,44.75,8.95,44.7,8.9,1.0
04475_00905,44.75,9.05,44.7,9.0,1.0
04475_00915,44.75,9.15,44.7,9.1,1.0
04475_00925,44.75,9.25,44.7,9.2,1.0
04475_00935,44.75,9.35,44.7,9.3,1.0
04475_00945,44.75,9.45,44.7,9.4,1.0
04475_00955,44.75,9.55,44.7,9.5,1.0
04475_00965,44.75,9.65,44.7,9.6,1.0
04475_00975,44.75,9.75,44.7,9.7,1.0
04475_00985,44.75,9.85,44.7,9.8,1.0
04475_00995,44.75,9.95,44.7,9.9,1.0
04475_01005,44.75,10.05,44.7,10.0,1.0
04475_01015,44.75,10.15,44.7,10.1,1.0
04475_01025,44.75,10.25,44.7,10.2,1.0
04475_01035,44.75,10.35,44.7,10.3,1.0
04475_01045,44.75,10.45,44.7,10.4,1.0
04475_01055,44.75,10.55,44.7,10.5,1.0
04475_01065,44.75,10.65,44.7,10.6,1.0
04475_01075,44.75,10.75,44.7,10.7,1.0
04475_01085,44.75,10.85,44.7,10.8,1.0
04475_01095,44.75,10.95,44.7,10.9,1.0
04475_01105,44.75,11.05,44.7,11.0,1.0
04475_01115,44.75,11.15,44.7,11.1,1.0
04475_01125,44.75,11.25,44.7,11.2,1.0
04475_01135,44.75,11.35,44.7,11.3,1.0
04475_01145,44.75,11.45,44.7,11.4,1.0
04475_01155,44.75,11.55,44.7,11.5,1.0
04475_01165,44.75,11.65,44.7,11.6,1.0
04475_01175,44.75,11.75,44.7,11.7,1.0
04475_01185,44.75,11.85,44.7,11.8,1.0
04475_01195,44.75,11.95,44.7,11.9,1.0
04475_01205,44.75,12.05,44.7,12.0,1.0
04475_01215,44.75,12.15,44.7,12.1,1.0
04475_01225,44.75,12.25,44.7,12.2,0.4947
04475_01235,44.75,12.35,44.7,12.3,0.0521
04485_00685,44.85,6.85,44.8,6.8,0.4039
04485_00695,44.85,6.95,44.8,6.9,0.4939
04485_00705,44.85,7.05,44.8,7.0,0.9446
04485_00715,44.85,7.15,44.8,7.1,1.0
04485_00725,44.85,7.25,44.8,7.2,1.0
04485_00735,44.85,7.35,44.8,7.3,1.0
04485_00745,44.85,7.45,44.8,7.4,1.0
04485_00755,44.85,7.55,44.8,7.5,1.0
04485_00765,44.85,7.65,44.8,7.6,1.0
04485_00775,44.85,7.75,44.8,7.7,1.0
04485_00785,44.85,7.85,44.8,7.8,1.0
04485_00795,44.85,7.95,44.8,7.9,1.0
04485_00805,44.85,8.05,44.8,8.0,1.0
04485_00815,44.85,8.15,44.8,8.1,1.0
04485_00825,44.85,8.25,44.8,8.2,1.0
04485_00835,44.85,8.35,44.8,8.3,1.0
04485_00845,44.85,8.45,44.8,8.4,1.0
04485_00855,44.85,8.55,44.8,8.5,1.0
04485_00865,44.85,8.65,44.8,8.6,1.0
04485_00875,44.85,8.75,44.8,8.7,1.0
04485_00885,44.85,8.85,44.8,8.8,1.0
04485_00895,44.85,8.95,44.8,8.9,1.0
04485_00905,44.85,9.05,44.8,9.0,1.0
04485_00915,44.85,9.15,44.8,9.1,1.0
04485_00925,44.85,9.25,44.8,9.2,1.0
04485_00935,44.85,9.35,44.8,9.3,1.0
04485_00945,44.85,9.45,44.8,9.4,1.0
04485_00955,44.85,9.55,44.8,9.5,1.0
04485_00965,44.85,9.65,44.8,9.6,1.0
04485_00975,44.85,9.75,44.8,9.7,1.0
04485_00985,44.85,9.85,44.8,9.8,1.0
04485_00995,44.85,9.95,44.8,9.9,1.0
04485_01005,44.85,10.05,44.8,10.0,1.0
04485_01015,44.85,10.15,44.8,10.1,1.0
04485_01025,44.85,10.25,44.8,10.2,1.0
04485_01035,44.85,10.35,44.8,10.3,1.0
04485_01045,44.85,10.45,44.8,10.4,1.0
04485_01055,44.85,10.55,44.8,10.5,1.0
04485_01065,44.85,10.65,44.8,10.6,1.0
04485_01075,44.85,10.75,44.8,10.7,1.0
04485_01085,44.85,10.85,44.8,10.8,1.0
04485_01095,44.85,10.95,44.8,10.9,1.0
04485_01105,44.85,11.05,44.8,11.0,1.0
04485_01115,44.85,11.15,44.8,11.1,1.0
04485_01125,44.85,11.25,44.8,11.2,1.0
04485_01135,44.85,11.35,44.8,11.3,1.0
04485_01145,44.85,11.45,44.8,11.4,1.0
04485_01155,44.85,11.55,44.8,11.5,1.0
04485_01165,44.85,11.65,44.8,11.6,1.0
04485_01175,44.85,11.75,44.8,11.7,1.0
04485_01185,44.85,11.85,44.8,11.8,1.0
04485_01195,44.85,11.95,44.8,11.9,1.0
04485_01205,44.85,12.05,44.8,12.0,1.0
04485_01215,44.85,12.15,44.8,12.1,1.0
04485_01225,44.85,12.25,44.8,12.2,0.8899
04485_01235,44.85,12.35,44.8,12.3,0.8252
04485_01245,44.85,12.45,44.8,12.4,0.5914
04495_00675,44.95,6.75,44.9,6.7,0.4551
04495_00685,44.95,6.85,44.9,6.8,1.0
04495_00695,44.95,6.95,44.9,6.9,1.0
04495_00705,44.95,7.05,44.9,7.0,1.0
04495_00715,44.95,7.15,44.9,7.1,1.0
04495_00725,44.95,7.25,44.9,7.2,1.0
04495_00735,44.95,7.35,44.9,7.3,1.0
04495_00745,44.95,7.45,44.9,7.4,1.0
04495_00755,44.95,7.55,44.9,7.5,1.0
04495_00765,44.95,7.65,44.9,7.6,1.0
04495_00775,44.95,7.75,44.9,7.7,1.0
04495_00785,44.95,7.85,44.9,7.8,1.0
04495_00795,44.95,7.95,44.9,7.9,1.0
04495_00805,44.95,8.05,44.9,8.0,1.0
04495_00815,44.95,8.15,44.9,8.1,1.0
04495_00825,44.95,8.25,44.9,8.2,1.0
04495_00835,44.95,8.35,44.9,8.3,1.0
04495_00845,44.95,8.45,44.9,8.4,1.0
04495_00855,44.95,8.55,44.9,8.5,1.0
04495_00865,44.95,8.65,44.9,8.6,1.0
04495_00875,44.95,8.75,44.9,8.7,1.0
04495_00885,44.95,8.85,44.9,8.8,1.0
04495_00895,44.95,8.95,44.9,8.9,1.0
04495_00905,44.95,9.05,44.9,9.0,1.0
04495_00915,44.95,9.15,44.9,9.1,1.0
04495_00925,44.95,9.25,44.9,9.2,1.0
04495_00935,44.95,9.35,44.9,9.3,1.0
04495_00945,44.95,9.45,44.9,9.4,1.0
04495_00955,44.95,9.55,44.9,9.5,1.0
04495_00965,44.95,9.65,44.9,9.6,1.0
04495_00975,44.95,9.75,44.9,9.7,1.0
04495_00985,44.95,9.85,44.9,9.8,1.0
04495_00995,44.95,9.95,44.9,9.9,1.0
04495_01005,44.95,10.05,44.9,10.0,1.0
04495_01015,44.95,10.15,44.9,10.1,1.0
04495_01025,44.95,10.25,44.9,10.2,1.0
04495_01035,44.95,10.35,44.9,10.3,1.0
04495_01045,44.95,10.45,44.9,10.4,1.0
04495_01055,44.95,10.55,44.9,10.5,1.0
04495_01065,44.95,10.65,44.9,10.6,1.0
04495_01075,44.95,10.75,44.9,10.7,1.0
04495_01085,44.95,10.85,44.9,10.8,1.0
04495_01095,44.95,10.95,44.9,10.9,1.0
04495_01105,44.95,11.05,44.9,11.0,1.0
04495_01115,44.95,11.15,44.9,11.1,1.0
04495_01125,44.95,11.25,44.9,11.2,1.0
04495_01135,44.95,11.35,44.9,11.3,1.0
04495_01145,44.95,11.45,44.9,11.4,1.0
04495_01155,44.95,11.55,44.9,11.5,1.0
04495_01165,44.95,11.65,44.9,11.6,1.0
04495_01175,44.95,11.75,44.9,11.7,1.0
04495_01185,44.95,11.85,44.9,11.8,1.0
04495_01195,44.95,11.95,44.9,11.9,1.0
04495_01205,44.95,12.05,44.9,12.0,1.0
04495_01215,44.95,12.15,44.9,12.1,1.0
04495_01225,44.95,12.25,44.9,12.2,1.0
04495_01235,44.95,12.35,44.9,12.3,1.0
04495_01245,44.95,12.45,44.9,12.4,0.9866
04495_01255,44.95,12.55,44.9,12.5,0.2305
04505_00665,45.05,6.65,45.0,6.6,0.3428
04505_00675,45.05,6.75,45.0,6.7,0.9066
04505_00685,45.05,6.85,45.0,6.8,1.0
04505_00695,45.05,6.95,45.0,6.9,1.0
04505_00705,45.05,7.05,45.0,7.0,1.0
04505_00715,45.05,7.15,45.0,7.1,1.0
04505_00725,45.05,7.25,45.0,7.2,1.0
04505_00735,45.05,7.35,45.0,7.3,1.0
04505_00745,45.05,7.45,45.0,7.4,1.0
04505_00755,45.05,7.55,45.0,7.5,1.0
04505_00765,45.05,7.65,45.0,7.6,1.0
04505_00775,45.05,7.75,45.0,7.7,1.0
04505_00785,45.05,7.85,45.0,7.8,1.0
04505_00795,45.05,7.95,45.0,7.9,1.0
04505_00805,45.05,8.05,45.0,8.0,1.0
04505_00815,45.05,8.15,45.0,8.1,1.0
04505_00825,45.05,8.25,45.0,8.2,1.0
04505_00835,45.05,8.35,45.0,8.3,1.0
04505_00845,45.05,8.45,45.0,8.4,1.0
04505_00855,45.05,8.55,45.0,8.5,1.0
04505_00865,45.05,8.65,45.0,8.6,1.0
04505_00875,45.05,8.75,45.0,8.7,1.0
04505_00885,45.05,8.85,45.0,8.8,1.0
04505_00895,45.05,8.95,45.0,8.9,1.0
04505_00905,45.05,9.05,45.0,9.0,1.0
04505_00915,45.05,9.15,45.0,9.1,1.0
04505_00925,45.05,9.25,45.0,9.2,1.0
04505_00935,45.05,9.35,45.0,9.3,1.0
04505_00945,45.05,9.45,45.0,9.4,1.0
04505_00955,45.05,9.55,45.0,9.5,1.0
04505_00965,45.05,9.65,45.0,9.6,1.0
04505_00975,45.05,9.75,45.0,9.7,1.0
04505_00985,45.05,9.85,45.0,9.8,1.0
04505_00995,45.05,9.95,45.0,9.9,1.0
04505_01005,45.05,10.05,45.0,10.0,1.0
04505_01015,45.05,10.15,45.0,10.1,1.0
04505_01025,45.05,10.25,45.0,10.2,1.0
04505_01035,45.05,10.35,45.0,10.3,1.0
04505_01045,45.05,10.45,45.0,10.4,1.0
04505_01055,45.05,10.55,45.0,10.5,1.0
04505_01065,45.05,10.65,45.0,10.6,1.0
04505_01075,45.05,10.75,45.0,10.7,1.0
04505_01085,45.05,10.85,45.0,10.8,1.0
04505_01095,45.05,10.95,45.0,10.9,1.0
04505_01105,45.05,11.05,45.0,11.0,1.0
04505_01115,45.05,11.15,45.0,11.1,1.0
04505_01125,45.05,11.25,45.0,11.2,1.0
04505_01135,45.05,11.35,45.0,11.3,1.0
04505_01145,45.05,11.45,45.0,11.4,1.0
04505_01155,45.05,11.55,45.0,11.5,1.0
04505_01165,45.05,11.65,45.0,11.6,1.0
04505_01175,45.05,11.75,45.0,11.7,1.0
04505_01185,45.05,11.85,45.0,11.8,1.0
04505_01195,45.05,11.95,45.0,11.9,1.0
04505_01205,45.05,12.05,45.0,12.0,1.0
04505_01215,45.05,12.15,45.0,12.1,1.0
04505_01225,45.05,12.25,45.0,12.2,1.0
04505_01235,45.05,12.35,45.0,12.3,0.7997
04505_01245,45.05,12.45,45.0,12.4,0.1492
04515_00665,45.15,6.65,45.1,6.6,0.1869
04515_00675,45.15,6.75,45.1,6.7,0.4773
04515_00685,45.15,6.85,45.1,6.8,0.4065
04515_00695,45.15,6.95,45.1,6.9,0.8329
04515_00705,45.15,7.05,45.1,7.0,1.0
04515_00715,45.15,7.15,45.1,7.1,1.0
04515_00725,45.15,7.25,45.1,7.2,1.0
04515_00735,45.15,7.35,45.1,7.3,1.0
04515_00745,45.15,7.45,45.1,7.4,1.0
04515_00755,45.15,7.55,45.1,7.5,1.0
04515_00765,45.15,7.65,45.1,7.6,1.0
04515_00775,45.15,7.75,45.1,7.7,1.0
04515_00785,45.15,7.85,45.1,7.8,1.0
04515_00795,45.15,7.95,45.1,7.9,1.0
04515_00805,45.15,8.05,45.1,8.0,1.0
04515_00815,45.15,8.15,45.1,8.1,1.0
04515_00825,45.15,8.25,45.1,8.2,1.0
04515_00835,45.15,8.35,45.1,8.3,1.0
04515_00845,45.15,8.45,45.1,8.4,1.0
04515_00855,45.15,8.55,45.1,8.5,1.0
04515_00865,45.15,8.65,45.1,8.6,1.0
04515_00875,45.15,8.75,45.1,8.7,1.0
04515_00885,45.15,8.85,45.1,8.8,1.0
04515_00895,45.15,8.95,45.1,8.9,1.0
04515_00905,45.15,9.05,45.1,9.0,1.0
04515_00915,45.15,9.15,45.1,9.1,1.0
04515_00925,45.15,9.25,45.1,9.2,1.0
04515_00935,45.15,9.35,45.1,9.3,1.0
04515_00945,45.15,9.45,45.1,9.4,1.0
04515_00955,45.15,9.55,45.1,9.5,1.0
04515_00965,45.15,9.65,45.1,9.6,1.0
04515_00975,45.15,9.75,45.1,9.7,1.0
04515_00985,45.15,9.85,45.1,9.8,1.0
04515_00995,45.15,9.95,45.1,9.9,1.0
04515_01005,45.15,10.05,45.1,10.0,1.0
04515_01015,45.15,10.15,45.1,10.1,1.0
04515_01025,45.15,10.25,45.1,10.2,1.0
04515_01035,45.15,10.35,45.1,10.3,1.0
04515_01045,45.15,10.45,45.1,10.4,1.0
04515_01055,45.15,10.55,45.1,10.5,1.0
04515_01065,45.15,10.65,45.1,10.6,1.0
04515_01075,45.15,10.75,45.1,10.7,1.0
04515_01085,45.15,10.85,45.1,10.8,1.0
04515_01095,45.15,10.95,45.1,10.9,1.0
04515_01105,45.15,11.05,45.1,11.0,1.0
04515_01115,45.15,11.15,45.1,11.1,1.0
04515_01125,45.15,11.25,45.1,11.2,1.0
04515_01135,45.15,11.35,45.1,11.3,1.0
04515_01145,45.15,11.45,45.1,11.4,1.0
04515_01155,45.15,11.55,45.1,11.5,1.0
04515_01165,45.15,11.65,45.1,11.6,1.0
04515_01175,45.15,11.75,45.1,11.7,1.0
04515_01185,45.15,11.85,45.1,11.8,1.0
04515_01195,45.15,11.95,45.1,11.9,1.0
04515_01205,45.15,12.05,45.1,12.0,1.0
04515_01215,45.15,12.15,45.1,12.1,1.0
04515_01225,45.15,12.25,45.1,12.2,1.0
04515_01235,45.15,12.35,45.1,12.3,0.2567
04525_00705,45.25,7.05,45.2,7.0,0.2006
04525_00715,45.25,7.15,45.2,7.1,0.8244
04525_00725,45.25,7.25,45.2,7.2,1.0
04525_00735,45.25,7.35,45.2,7.3,1.0
04525_00745,45.25,7.45,45.2,7.4,1.0
04525_00755,45.25,7.55,45.2,7.5,1.0
04525_00765,45.25,7.65,45.2,7.6,1.0
04525_00775,45.25,7.75,45.2,7.7,1.0
04525_00785,45.25,7.85,45.2,7.8,1.0
04525_00795,45.25,7.95,45.2,7.9,1.0
04525_00805,45.25,8.05,45.2,8.0,1.0
04525_00815,45.25,8.15,45.2,8.1,1.0
04525_00825,45.25,8.25,45.2,8.2,1.0
04525_00835,45.25,8.35,45.2,8.3,1.0
04525_00845,45.25,8.45,45.2,8.4,1.0
04525_00855,45.25,8.55,45.2,8.5,1.0
04525_00865,45.25,8.65,45.2,8.6,1.0
04525_00875,45.25,8.75,45.2,8.7,1.0
04525_00885,45.25,8.85,45.2,8.8,1.0
04525_00895,45.25,8.95,45.2,8.9,1.0
04525_00905,45.25,9.05,45.2,9.0,1.0
04525_00915,45.25,9.15,45.2,9.1,1.0
04525_00925,45.25,9.25,45.2,9.2,1.0
04525_00935,45.25,9.35,45.2,9.3,1.0
04525_00945,45.25,9.45,45.2,9.4,1.0
04525_00955,45.25,9.55,45.2,9.5,1.0
04525_00965,45.25,9.65,45.2,9.6,1.0
04525_00975,45.25,9.75,45.2,9.7,1.0
04525_00985,45.25,9.85,45.2,9.8,1.0
04525_00995,45.25,9.95,45.2,9.9,1.0
04525_01005,45.25,10.05,45.2,10.0,1.0
04525_01015,45.25,10.15,45.2,10.1,1.0
04525_01025,45.25,10.25,45.2,10.2,1.0
04525_01035,45.25,10.35,45.2,10.3,1.0
04525_01045,45.25,10.45,45.2,10.4,1.0
04525_01055,45.25,10.55,45.2,10.5,1.0
04525_01065,45.25,10.65,45.2,10.6,1.0
04525_01075,45.25,10.75,45.2,10.7,1.0
04525_01085,45.25,10.85,45.2,10.8,1.0
04525_01095,45.25,10.95,45.2,10.9,1.0
04525_01105,45.25,11.05,45.2,11.0,1.0
04525_01115,45.25,11.15,45.2,11.1,1.0
04525_01125,45.25,11.25,45.2,11.2,1.0
04525_01135,45.25,11.35,45.2,11.3,1.0
04525_01145,45.25,11.45,45.2,11.4,1.0
04525_01155,45.25,11.55,45.2,11.5,1.0
04525_01165,45.25,11.65,45.2,11.6,1.0
04525_01175,45.25,11.75,45.2,11.7,1.0
04525_01185,45.25,11.85,45.2,11.8,1.0
04525_01195,45.25,11.95,45.2,11.9,1.0
04525_01205,45.25,12.05,45.2,12.0,1.0
04525_01215,45.25,12.15,45.2,12.1,1.0
04525_01225,45.25,12.25,45.2,12.2,0.9982
04535_00715,45.35,7.15,45.3,7.1,0.5677
04535_00725,45.35,7.25,45.3,7.2,1.0
04535_00735,45.35,7.35,45.3,7.3,1.0
04535_00745,45.35,7.45,45.3,7.4,1.0
04535_00755,45.35,7.55,45.3,7.5,1.0
04535_00765,45.35,7.65,45.3,7.6,1.0
04535_00775,45.35,7.75,45.3,7.7,1.0
04535_00785,45.35,7.85,45.3,7.8,1.0
04535_00795,45.35,7.95,45.3,7.9,1.0
04535_00805,45.35,8.05,45.3,8.0,1.0
04535_00815,45.35,8.15,45.3,8.1,1.0
04535_00825,45.35,8.25,45.3,8.2,1.0
04535_00835,45.35,8.35,45.3,8.3,1.0
04535_00845,45.35,8.45,45.3,8.4,1.0
04535_00855,45.35,8.55,45.3,8.5,1.0
04535_00865,45.35,8.65,45.3,8.6,1.0
04535_00875,45.35,8.75,45.3,8.7,1.0
04535_00885,45.35,8.85,45.3,8.8,1.0
04535_00895,45.35,8.95,45.3,8.9,1.0
04535_00905,45.35,9.05,45.3,9.0,1.0
04535_00915,45.35,9.15,45.3,9.1,1.0
04535_00925,45.35,9.25,45.3,9.2,1.0
04535_00935,45.35,9.35,45.3,9.3,1.0
04535_00945,45.35,9.45,45.3,9.4,1.0
04535_00955,45.35,9.55,45.3,9.5,1.0
04535_00965,45.35,9.65,45.3,9.6,1.0
04535_00975,45.35,9.75,45.3,9.7,1.0
04535_00985,45.35,9.85,45.3,9.8,1.0
04535_00995,45.35,9.95,45.3,9.9,1.0
04535_01005,45.35,10.05,45.3,10.0,1.0
04535_01015,45.35,10.15,45.3,10.1,1.0
04535_01025,45.35,10.25,45.3,10.2,1.0
04535_01035,45.35,10.35,45.3,10.3,1.0
04535_01045,45.35,10.45,45.3,10.4,1.0
04535_01055,45.35,10.55,45.3,10.5,1.0
04535_01065,45.35,10.65,45.3,10.6,1.0
04535_01075,45.35,10.75,45.3,10.7,1.0
04535_01085,45.35,10.85,45.3,10.8,1.0
04535_01095,45.35,10.95,45.3,10.9,1.0
04535_01105,45.35,11.05,45.3,11.0,1.0
04535_01115,45.35,11.15,45.3,11.1,1.0
04535_01125,45.35,11.25,45.3,11.2,1.0
04535_01135,45.35,11.35,45.3,11.3,1.0
04535_01145,45.35,11.45,45.3,11.4,1.0
04535_01155,45.35,11.55,45.3,11.5,1.0
04535_01165,45.35,11.65,45.3,11.6,1.0
04535_01175,45.35,11.75,45.3,11.7,1.0
04535_01185,45.35,11.85,45.3,11.8,1.0
04535_01195,45.35,11.95,45.3,11.9,1.0
04535_01205,45.35,12.05,45.3,12.0,1.0
04535_01215,45.35,12.15,45.3,12.1,1.0
04535_01225,45.35,12.25,45.3,12.2,1.0
04535_01235,45.35,12.35,45.3,12.3,0.3522
04545_00705,45.45,7.05,45.4,7.0,0.1516
04545_00715,45.45,7.15,45.4,7.1,0.785
04545_00725,45.45,7.25,45.4,7.2,1.0
04545_00735,45.45,7.35,45.4,7.3,1.0
04545_00745,45.45,7.45,45.4,7.4,1.0
04545_00755,45.45,7.55,45.4,7.5,1.0
04545_00765,45.45,7.65,45.4,7.6,1.0
04545_00775,45.45,7.75,45.4,7.7,1.0
04545_00785,45.45,7.85,45.4,7.8,1.0
04545_00795,45.45,7.95,45.4,7.9,1.0
04545_00805,45.45,8.05,45.4,8.0,1.0
04545_00815,45.45,8.15,45.4,8.1,1.0
04545_00825,45.45,8.25,45.4,8.2,1.0
04545_00835,45.45,8.35,45.4,8.3,1.0
04545_00845,45.45,8.45,45.4,8.4,1.0
04545_00855,45.45,8.55,45.4,8.5,1.0
04545_00865,45.45,8.65,45.4,8.6,1.0
04545_00875,45.45,8.75,45.4,8.7,1.0
04545_00885,45.45,8.85,45.4,8.8,1.0
04545_00895,45.45,8.95,45.4,8.9,1.0
04545_00905,45.45,9.05,45.4,9.0,1.0
04545_00915,45.45,9.15,45.4,9.1,1.0
04545_00925,45.45,9.25,45.4,9.2,1.0
04545_00935,45.45,9.35,45.4,9.3,1.0
04545_00945,45.45,9.45,45.4,9.4,1.0
04545_00955,45.45,9.55,45.4,9.5,1.0
04545_00965,45.45,9.65,45.4,9.6,1.0
04545_00975,45.45,9.75,45.4,9.7,1.0
04545_00985,45.45,9.85,45.4,9.8,1.0
04545_00995,45.45,9.95,45.4,9.9,1.0
04545_01005,45.45,10.05,45.4,10.0,1.0
04545_01015,45.45,10.15,45.4,10.1,1.0
04545_01025,45.45,10.25,45.4,10.2,1.0
04545_01035,45.45,10.35,45.4,10.3,1.0
04545_01045,45.45,10.45,45.4,10.4,1.0
04545_01055,45.45,10.55,45.4,10.5,1.0
04545_01065,45.45,10.65,45.4,10.6,1.0
04545_01075,45.45,10.75,45.4,10.7,1.0
04545_01085,45.45,10.85,45.4,10.8,1.0
04545_01095,45.45,10.95,45.4,10.9,1.0
04545_01105,45.45,11.05,45.4,11.0,1.0
04545_01115,45.45,11.15,45.4,11.1,1.0
04545_01125,45.45,11.25,45.4,11.2,1.0
04545_01135,45.45,11.35,45.4,11.3,1.0
04545_01145,45.45,11.45,45.4,11.4,1.0
04545_01155,45.45,11.55,45.4,11.5,1.0
04545_01165,45.45,11.65,45.4,11.6,1.0
04545_01175,45.45,11.75,45.4,11.7,1.0
04545_01185,45.45,11.85,45.4,11.8,1.0
04545_01195,45.45,11.95,45.4,11.9,1.0
04545_01205,45.45,12.05,45.4,12.0,1.0
04545_01215,45.45,12.15,45.4,12.1,1.0
04545_01225,45.45,12.25,45.4,12.2,1.0
04545_01235,45.45,12.35,45.4,12.3,0.9443
04545_01245,45.45,12.45,45.4,12.4,0.6377
04545_01255,45.45,12.55,45.4,12.5,0.3078
04555_00695,45.55,6.95,45.5,6.9,0.078
04555_00705,45.55,7.05,45.5,7.0,0.9938
04555_00715,45.55,7.15,45.5,7.1,1.0
04555_00725,45.55,7.25,45.5,7.2,1.0
04555_00735,45.55,7.35,45.5,7.3,1.0
04555_00745,45.55,7.45,45.5,7.4,1.0
04555_00755,45.55,7.55,45.5,7.5,1.0
04555_00765,45.55,7.65,45.5,7.6,1.0
04555_00775,45.55,7.75,45.5,7.7,1.0
04555_00785,45.55,7.85,45.5,7.8,1.0
04555_00795,45.55,7.95,45.5,7.9,1.0
04555_00805,45.55,8.05,45.5,8.0,1.0
04555_00815,45.55,8.15,45.5,8.1,1.0
04555_00825,45.55,8.25,45.5,8.2,1.0
04555_00835,45.55,8.35,45.5,8.3,1.0
04555_00845,45.55,8.45,45.5,8.4,1.0
04555_00855,45.55,8.55,45.5,8.5,1.0
04555_00865,45.55,8.65,45.5,8.6,1.0
04555_00875,45.55,8.75,45.5,8.7,1.0
04555_00885,45.55,8.85,45.5,8.8,1.0
04555_00895,45.55,8.95,45.5,8.9,1.0
04555_00905,45.55,9.05,45.5,9.0,1.0
04555_00915,45.55,9.15,45.5,9.1,1.0
04555_00925,45.55,9.25,45.5,9.2,1.0
04555_00935,45.55,9.35,45.5,9.3,1.0
04555_00945,45.55,9.45,45.5,9.4,1.0
04555_00955,45.55,9.55,45.5,9.5,1.0
04555_00965,45.55,9.65,45.5,9.6,1.0
04555_00975,45.55,9.75,45.5,9.7,1.0
04555_00985,45.55,9.85,45.5,9.8,1.0
04555_00995,45.55,9.95,45.5,9.9,1.0
04555_01005,45.55,10.05,45.5,10.0,1.0
04555_01015,45.55,10.15,45.5,10.1,1.0
04555_01025,45.55,10.25,45.5,10.2,1.0
04555_01035,45.55,10.35,45.5,10.3,1.0
04555_01045,45.55,10.45,45.5,10.4,1.0
04555_01055,45.55,10.55,45.5,10.5,1.0
04555_01065,45.55,10.65,45.5,10.6,1.0
04555_01075,45.55,10.75,45.5,10.7,1.0
04555_01085,45.55,10.85,45.5,10.8,1.0
04555_01095,45.55,10.95,45.5,10.9,1.0
04555_01105,45.55,11.05,45.5,11.0,1.0
04555_01115,45.55,11.15,45.5,11.1,1.0
04555_01125,45.55,11.25,45.5,11.2,1.0
04555_01135,45.55,11.35,45.5,11.3,1.0
04555_01145,45.55,11.45,45.5,11.4,1.0
04555_01155,45.55,11.55,45.5,11.5,1.0
04555_01165,45.55,11.65,45.5,11.6,1.0
04555_01175,45.55,11.75,45.5,11.7,1.0
04555_01185,45.55,11.85,45.5,11.8,1.0
04555_01195,45.55,11.95,45.5,11.9,1.0
04555_01205,45.55,12.05,45.5,12.0,1.0
04555_01215,45.55,12.15,45.5,12.1,1.0
04555_01225,45.55,12.25,45.5,12.2,1.0
04555_01235,45.55,12.35,45.5,12.3,1.0
04555_01245,45.55,12.45,45.5,12.4,1.0
04555_01255,45.55,12.55,45.5,12.5,1.0
04555_01265,45.55,12.65,45.5,12.6,0.9314
04555_01275,45.55,12.75,45.5,12.7,0.6112
04555_01285,45.55,12.85,45.5,12.8,0.1799
04555_01375,45.55,13.75,45.5,13.7,0.0729
04555_01385,45.55,13.85,45.5,13.8,0.0985
04565_00685,45.65,6.85,45.6,6.8,0.1011
04565_00695,45.65,6.95,45.6,6.9,0.5258
04565_00705,45.65,7.05,45.6,7.0,1.0
04565_00715,45.65,7.15,45.6,7.1,1.0
04565_00725,45.65,7.25,45.6,7.2,1.0
04565_00735,45.65,7.35,45.6,7.3,1.0
04565_00745,45.65,7.45,45.6,7.4,1.0
04565_00755,45.65,7.55,45.6,7.5,1.0
04565_00765,45.65,7.65,45.6,7.6,1.0
04565_00775,45.65,7.75,45.6,7.7,1.0
04565_00785,45.65,7.85,45.6,7.8,1.0
04565_00795,45.65,7.95,45.6,7.9,1.0
04565_00805,45.65,8.05,45.6,8.0,1.0
04565_00815,45.65,8.15,45.6,8.1,1.0
04565_00825,45.65,8.25,45.6,8.2,1.0
04565_00835,45.65,8.35,45.6,8.3,1.0
04565_00845,45.65,8.45,45.6,8.4,1.0
04565_00855,45.65,8.55,45.6,8.5,1.0
04565_00865,45.65,8.65,45.6,8.6,1.0
04565_00875,45.65,8.75,45.6,8.7,1.0
04565_00885,45.65,8.85,45.6,8.8,1.0
04565_00895,45.65,8.95,45.6,8.9,1.0
04565_00905,45.65,9.05,45.6,9.0,1.0
04565_00915,45.65,9.15,45.6,9.1,1.0
04565_00925,45.65,9.25,45.6,9.2,1.0
04565_00935,45.65,9.35,45.6,9.3,1.0
04565_00945,45.65,9.45,45.6,9.4,1.0
04565_00955,45.65,9.55,45.6,9.5,1.0
04565_00965,45.65,9.65,45.6,9.6,1.0
04565_00975,45.65,9.75,45.6,9.7,1.0
04565_00985,45.65,9.85,45.6,9.8,1.0
04565_00995,45.65,9.95,45.6,9.9,1.0
04565_01005,45.65,10.05,45.6,10.0,1.0
04565_01015,45.65,10.15,45.6,10.1,1.0
04565_01025,45.65,10.25,45.6,10.2,1.0
04565_01035,45.65,10.35,45.6,10.3,1.0
04565_01045,45.65,10.45,45.6,10.4,1.0
04565_01055,45.65,10.55,45.6,10.5,1.0
04565_01065,45.65,10.65,45.6,10.6,1.0
04565_01075,45.65,10.75,45.6,10.7,1.0
04565_01085,45.65,10.85,45.6,10.8,1.0
04565_01095,45.65,10.95,45.6,10.9,1.0
04565_01105,45.65,11.05,45.6,11.0,1.0
04565_01115,45.65,11.15,45.6,11.1,1.0
04565_01125,45.65,11.25,45.6,11.2,1.0
04565_01135,45.65,11.35,45.6,11.3,1.0
04565_01145,45.65,11.45,45.6,11.4,1.0
04565_01155,45.65,11.55,45.6,11.5,1.0
04565_01165,45.65,11.65,45.6,11.6,1.0
04565_01175,45.65,11.75,45.6,11.7,1.0
04565_01185,45.65,11.85,45.6,11.8,1.0
04565_01195,45.65,11.95,45.6,11.9,1.0
04565_01205,45.65,12.05,45.6,12.0,1.0
04565_01215,45.65,12.15,45.6,12.1,1.0
04565_01225,45.65,12.25,45.6,12.2,1.0
04565_01235,45.65,12.35,45.6,12.3,1.0
04565_01245,45.65,12.45,45.6,12.4,1.0
04565_01255,45.65,12.55,45.6,12.5,1.0
04565_01265,45.65,12.65,45.6,12.6,1.0
04565_01275,45.65,12.75,45.6,12.7,1.0
04565_01285,45.65,12.85,45.6,12.8,0.9974
04565_01295,45.65,12.95,45.6,12.9,0.8098
04565_01305,45.65,13.05,45.6,13.0,0.6921
04565_01315,45.65,13.15,45.6,13.1,0.1383
04565_01335,45.65,13.35,45.6,13.3,0.1696
04565_01345,45.65,13.45,45.6,13.4,0.1098
04565_01375,45.65,13.75,45.6,13.7,0.4136
04565_01385,45.65,13.85,45.6,13.8,0.7
04575_00685,45.75,6.85,45.7,6.8,0.8862
04575_00695,45.75,6.95,45.7,6.9,1.0
04575_00705,45.75,7.05,45.7,7.0,1.0
04575_00715,45.75,7.15,45.7,7.1,1.0
04575_00725,45.75,7.25,45.7,7.2,1.0
04575_00735,45.75,7.35,45.7,7.3,1.0
04575_00745,45.75,7.45,45.7,7.4,1.0
04575_00755,45.75,7.55,45.7,7.5,1.0
04575_00765,45.75,7.65,45.7,7.6,1.0
04575_00775,45.75,7.75,45.7,7.7,1.0
04575_00785,45.75,7.85,45.7,7.8,1.0
04575_00795,45.75,7.95,45.7,7.9,1.0
04575_00805,45.75,8.05,45.7,8.0,1.0
04575_00815,45.75,8.15,45.7,8.1,1.0
04575_00825,45.75,8.25,45.7,8.2,1.0
04575_00835,45.75,8.35,45.7,8.3,1.0
04575_00845,45.75,8.45,45.7,8.4,1.0
04575_00855,45.75,8.55,45.7,8.5,1.0
04575_00865,45.75,8.65,45.7,8.6,1.0
04575_00875,45.75,8.75,45.7,8.7,1.0
04575_00885,45.75,8.85,45.7,8.8,1.0
04575_00895,45.75,8.95,45.7,8.9,1.0
04575_00905,45.75,9.05,45.7,9.0,1.0
04575_00915,45.75,9.15,45.7,9.1,1.0
04575_00925,45.75,9.25,45.7,9.2,1.0
04575_00935,45.75,9.35,45.7,9.3,1.0
04575_00945,45.75,9.45,45.7,9.4,1.0
04575_00955,45.75,9.55,45.7,9.5,1.0
04575_00965,45.75,9.65,45.7,9.6,1.0
04575_00975,45.75,9.75,45.7,9.7,1.0
04575_00985,45.75,9.85,45.7,9.8,1.0
04575_00995,45.75,9.95,45.7,9.9,1.0
04575_01005,45.75,10.05,45.7,10.0,1.0
04575_01015,45.75,10.15,45.7,10.1,1.0
04575_01025,45.75,10.25,45.7,10.2,1.0
04575_01035,45.75,10.35,45.7,10.3,1.0
04575_01045,45.75,10.45,45.7,10.4,1.0
04575_01055,45.75,10.55,45.7,10.5,1.0
04575_01065,45.75,10.65,45.7,10.6,1.0
04575_01075,45.75,10.75,45.7,10.7,1.0
04575_01085,45.75,10.85,45.7,10.8,1.0
04575_01095,45.75,10.95,45.7,10.9,1.0
04575_01105,45.75,11.05,45.7,11.0,1.0
04575_01115,45.75,11.15,45.7,11.1,1.0
04575_01125,45.75,11.25,45.7,11.2,1.0
04575_01135,45.75,11.35,45.7,11.3,1.0
04575_01145,45.75,11.45,45.7,11.4,1.0
04575_01155,45.75,11.55,45.7,11.5,1.0
04575_01165,45.75,11.65,45.7,11.6,1.0
04575_01175,45.75,11.75,45.7,11.7,1.0
04575_01185,45.75,11.85,45.7,11.8,1.0
04575_01195,45.75,11.95,45.7,11.9,1.0
04575_01205,45.75,12.05,45.7,12.0,1.0
04575_01215,45.75,12.15,45.7,12.1,1.0
04575_01225,45.75,12.25,45.7,12.2,1.0
04575_01235,45.75,12.35,45.7,12.3,1.0
04575_01245,45.75,12.45,45.7,12.4,1.0
04575_01255,45.75,12.55,45.7,12.5,1.0
04575_01265,45.75,12.65,45.7,12.6,1.0
04575_01275,45.75,12.75,45.7,12.7,1.0
04575_01285,45.75,12.85,45.7,12.8,1.0
04575_01295,45.75,12.95,45.7,12.9,1.0
04575_01305,45.75,13.05,45.7,13.0,1.0
04575_01315,45.75,13.15,45.7,13.1,0.9683
04575_01325,45.75,13.25,45.7,13.2,0.902
04575_01335,45.75,13.35,45.7,13.3,1.0
04575_01345,45.75,13.45,45.7,13.4,0.981
04575_01355,45.75,13.55,45.7,13.5,0.3786
04575_01365,45.75,13.65,45.7,13.6,0.4478
04575_01375,45.75,13.75,45.7,13.7,0.5618
04575_01385,45.75,13.85,45.7,13.8,0.0705
04585_00685,45.85,6.85,45.8,6.8,0.3553
04585_00695,45.85,6.95,45.8,6.9,0.5633
04585_00705,45.85,7.05,45.8,7.0,0.9383
04585_00715,45.85,7.15,45.8,7.1,0.6653
04585_00725,45.85,7.25,45.8,7.2,0.9188
04585_00735,45.85,7.35,45.8,7.3,0.9972
04585_00745,45.85,7.45,45.8,7.4,1.0
04585_00755,45.85,7.55,45.8,7.5,1.0
04585_00765,45.85,7.65,45.8,7.6,1.0
04585_00775,45.85,7.75,45.8,7.7,1.0
04585_00785,45.85,7.85,45.8,7.8,1.0
04585_00795,45.85,7.95,45.8,7.9,1.0
04585_00805,45.85,8.05,45.8,8.0,1.0
04585_00815,45.85,8.15,45.8,8.1,1.0
04585_00825,45.85,8.25,45.8,8.2,1.0
04585_00835,45.85,8.35,45.8,8.3,1.0
04585_00845,45.85,8.45,45.8,8.4,1.0
04585_00855,45.85,8.55,45.8,8.5,1.0
04585_00865,45.85,8.65,45.8,8.6,1.0
04585_00875,45.85,8.75,45.8,8.7,1.0
04585_00885,45.85,8.85,45.8,8.8,1.0
04585_00895,45.85,8.95,45.8,8.9,0.5401
04585_00905,45.85,9.05,45.8,9.0,0.5729
04585_00915,45.85,9.15,45.8,9.1,1.0
04585_00925,45.85,9.25,45.8,9.2,1.0
04585_00935,45.85,9.35,45.8,9.3,1.0
04585_00945,45.85,9.45,45.8,9.4,1.0
04585_00955,45.85,9.55,45.8,9.5,1.0
04585_00965,45.85,9.65,45.8,9.6,1.0
04585_00975,45.85,9.75,45.8,9.7,1.0
04585_00985,45.85,9.85,45.8,9.8,1.0
04585_00995,45.85,9.95,45.8,9.9,1.0
04585_01005,45.85,10.05,45.8,10.0,1.0
04585_01015,45.85,10.15,45.8,10.1,1.0
04585_01025,45.85,10.25,45.8,10.2,1.0
04585_01035,45.85,10.35,45.8,10.3,1.0
04585_01045,45.85,10.45,45.8,10.4,1.0
04585_01055,45.85,10.55,45.8,10.5,1.0
04585_01065,45.85,10.65,45.8,10.6,1.0
04585_01075,45.85,10.75,45.8,10.7,1.0
04585_01085,45.85,10.85,45.8,10.8,1.0
04585_01095,45.85,10.95,45.8,10.9,1.0
04585_01105,45.85,11.05,45.8,11.0,1.0
04585_01115,45.85,11.15,45.8,11.1,1.0
04585_01125,45.85,11.25,45.8,11.2,1.0
04585_01135,45.85,11.35,45.8,11.3,1.0
04585_01145,45.85,11.45,45.8,11.4,1.0
04585_01155,45.85,11.55,45.8,11.5,1.0
04585_01165,45.85,11.65,45.8,11.6,1.0
04585_01175,45.85,11.75,45.8,11.7,1.0
04585_01185,45.85,11.85,45.8,11.8,1.0
04585_01195,45.85,11.95,45.8,11.9,1.0
04585_01205,45.85,12.05,45.8,12.0,1.0
04585_01215,45.85,12.15,45.8,12.1,1.0
04585_01225,45.85,12.25,45.8,12.2,1.0
04585_01235,45.85,12.35,45.8,12.3,1.0
04585_01245,45.85,12.45,45.8,12.4,1.0
04585_01255,45.85,12.55,45.8,12.5,1.0
04585_01265,45.85,12.65,45.8,12.6,1.0
04585_01275,45.85,12.75,45.8,12.7,1.0
04585_01285,45.85,12.85,45.8,12.8,1.0
04585_01295,45.85,12.95,45.8,12.9,1.0
04585_01305,45.85,13.05,45.8,13.0,1.0
04585_01315,45.85,13.15,45.8,13.1,1.0
04585_01325,45.85,13.25,45.8,13.2,1.0
04585_01335,45.85,13.35,45.8,13.3,1.0
04585_01345,45.85,13.45,45.8,13.4,1.0
04585_01355,45.85,13.55,45.8,13.5,0.8909
04595_00705,45.95,7.05,45.9,7.0,0.0947
04595_00735,45.95,7.35,45.9,7.3,0.0881
04595_00745,45.95,7.45,45.9,7.4,0.3153
04595_00755,45.95,7.55,45.9,7.5,0.7146
04595_00765,45.95,7.65,45.9,7.6,0.6824
04595_00775,45.95,7.75,45.9,7.7,0.3178
04595_00785,45.95,7.85,45.9,7.8,0.3614
04595_00795,45.95,7.95,45.9,7.9,0.9687
04595_00805,45.95,8.05,45.9,8.0,1.0
04595_00815,45.95,8.15,45.9,8.1,1.0
04595_00825,45.95,8.25,45.9,8.2,1.0
04595_00835,45.95,8.35,45.9,8.3,1.0
04595_00845,45.95,8.45,45.9,8.4,1.0
04595_00855,45.95,8.55,45.9,8.5,1.0
04595_00865,45.95,8.65,45.9,8.6,1.0
04595_00875,45.95,8.75,45.9,8.7,0.9888
04595_00885,45.95,8.85,45.9,8.8,0.723
04595_00895,45.95,8.95,45.9,8.9,0.0831
04595_00905,45.95,9.05,45.9,9.0,0.7331
04595_00915,45.95,9.15,45.9,9.1,1.0
04595_00925,45.95,9.25,45.9,9.2,1.0
04595_00935,45.95,9.35,45.9,9.3,1.0
04595_00945,45.95,9.45,45.9,9.4,1.0
04595_00955,45.95,9.55,45.9,9.5,1.0
04595_00965,45.95,9.65,45.9,9.6,1.0
04595_00975,45.95,9.75,45.9,9.7,1.0
04595_00985,45.95,9.85,45.9,9.8,1.0
04595_00995,45.95,9.95,45.9,9.9,1.0
04595_01005,45.95,10.05,45.9,10.0,1.0
04595_01015,45.95,10.15,45.9,10.1,1.0
04595_01025,45.95,10.25,45.9,10.2,1.0
04595_01035,45.95,10.35,45.9,10.3,1.0
04595_01045,45.95,10.45,45.9,10.4,1.0
04595_01055,45.95,10.55,45.9,10.5,1.0
04595_01065,45.95,10.65,45.9,10.6,1.0
04595_01075,45.95,10.75,45.9,10.7,1.0
04595_01085,45.95,10.85,45.9,10.8,1.0
04595_01095,45.95,10.95,45.9,10.9,1.0
04595_01105,45.95,11.05,45.9,11.0,1.0
04595_01115,45.95,11.15,45.9,11.1,1.0
04595_01125,45.95,11.25,45.9,11.2,1.0
04595_01135,45.95,11.35,45.9,11.3,1.0
04595_01145,45.95,11.45,45.9,11.4,1.0
04595_01155,45.95,11.55,45.9,11.5,1.0
04595_01165,45.95,11.65,45.9,11.6,1.0
04595_01175,45.95,11.75,45.9,11.7,1.0
04595_01185,45.95,11.85,45.9,11.8,1.0
04595_01195,45.95,11.95,45.9,11.9,1.0
04595_01205,45.95,12.05,45.9,12.0,1.0
04595_01215,45.95,12.15,45.9,12.1,1.0
04595_01225,45.95,12.25,45.9,12.2,1.0
04595_01235,45.95,12.35,45.9,12.3,1.0
04595_01245,45.95,12.45,45.9,12.4,1.0
04595_01255,45.95,12.55,45.9,12.5,1.0
04595_01265,45.95,12.65,45.9,12.6,1.0
04595_01275,45.95,12.75,45.9,12.7,1.0
04595_01285,45.95,12.85,45.9,12.8,1.0
04595_01295,45.95,12.95,45.9,12.9,1.0
04595_01305,45.95,13.05,45.9,13.0,1.0
04595_01315,45.95,13.15,45.9,13.1,1.0
04595_01325,45.95,13.25,45.9,13.2,1.0
04595_01335,45.95,13.35,45.9,13.3,1.0
04595_01345,45.95,13.45,45.9,13.4,0.9852
04595_01355,45.95,13.55,45.9,13.5,0.7531
04595_01365,45.95,13.65,45.9,13.6,0.2667
04605_00805,46.05,8.05,46.0,8.0,0.7871
04605_00815,46.05,8.15,46.0,8.1,1.0
04605_00825,46.05,8.25,46.0,8.2,1.0
04605_00835,46.05,8.35,46.0,8.3,1.0
04605_00845,46.05,8.45,46.0,8.4,1.0
04605_00855,46.05,8.55,46.0,8.5,1.0
04605_00865,46.05,8.65,46.0,8.6,1.0
04605_00875,46.05,8.75,46.0,8.7,0.9758
04605_00885,46.05,8.85,46.0,8.8,0.2772
04605_00905,46.05,9.05,46.0,9.0,0.5615
04605_00915,46.05,9.15,46.0,9.1,1.0
04605_00925,46.05,9.25,46.0,9.2,1.0
04605_00935,46.05,9.35,46.0,9.3,1.0
04605_00945,46.05,9.45,46.0,9.4,1.0
04605_00955,46.05,9.55,46.0,9.5,1.0
04605_00965,46.05,9.65,46.0,9.6,1.0
04605_00975,46.05,9.75,46.0,9.7,1.0
04605_00985,46.05,9.85,46.0,9.8,1.0
04605_00995,46.05,9.95,46.0,9.9,1.0
04605_01005,46.05,10.05,46.0,10.0,1.0
04605_01015,46.05,10.15,46.0,10.1,1.0
04605_01025,46.05,10.25,46.0,10.2,1.0
04605_01035,46.05,10.35,46.0,10.3,1.0
04605_01045,46.05,10.45,46.0,10.4,1.0
04605_01055,46.05,10.55,46.0,10.5,1.0
04605_01065,46.05,10.65,46.0,10.6,1.0
04605_01075,46.05,10.75,46.0,10.7,1.0
04605_01085,46.05,10.85,46.0,10.8,1.0
04605_01095,46.05,10.95,46.0,10.9,1.0
04605_01105,46.05,11.05,46.0,11.0,1.0
04605_01115,46.05,11.15,46.0,11.1,1.0
04605_01125,46.05,11.25,46.0,11.2,1.0
04605_01135,46.05,11.35,46.0,11.3,1.0
04605_01145,46.05,11.45,46.0,11.4,1.0
04605_01155,46.05,11.55,46.0,11.5,1.0
04605_01165,46.05,11.65,46.0,11.6,1.0
04605_01175,46.05,11.75,46.0,11.7,1.0
04605_01185,46.05,11.85,46.0,11.8,1.0
04605_01195,46.05,11.95,46.0,11.9,1.0
04605_01205,46.05,12.05,46.0,12.0,1.0
04605_01215,46.05,12.15,46.0,12.1,1.0
04605_01225,46.05,12.25,46.0,12.2,1.0
04605_01235,46.05,12.35,46.0,12.3,1.0
04605_01245,46.05,12.45,46.0,12.4,1.0
04605_01255,46.05,12.55,46.0,12.5,1.0
04605_01265,46.05,12.65,46.0,12.6,1.0
04605_01275,46.05,12.75,46.0,12.7,1.0
04605_01285,46.05,12.85,46.0,12.8,1.0
04605_01295,46.05,12.95,46.0,12.9,1.0
04605_01305,46.05,13.05,46.0,13.0,1.0
04605_01315,46.05,13.15,46.0,13.1,1.0
04605_01325,46.05,13.25,46.0,13.2,1.0
04605_01335,46.05,13.35,46.0,13.3,1.0
04605_01345,46.05,13.45,46.0,13.4,0.9652
04605_01355,46.05,13.55,46.0,13.5,0.2089
04615_00815,46.15,8.15,46.1,8.1,0.6126
04615_00825,46.15,8.25,46.1,8.2,1.0
04615_00835,46.15,8.35,46.1,8.3,1.0
04615_00845,46.15,8.45,46.1,8.4,1.0
04615_00855,46.15,8.55,46.1,8.5,0.8452
04615_00865,46.15,8.65,46.1,8.6,0.1669
04615_00875,46.15,8.75,46.1,8.7,0.0532
04615_00905,46.15,9.05,46.1,9.0,0.0569
04615_00915,46.15,9.15,46.1,9.1,0.5866
04615_00925,46.15,9.25,46.1,9.2,1.0
04615_00935,46.15,9.35,46.1,9.3,1.0
04615_00945,46.15,9.45,46.1,9.4,1.0
04615_00955,46.15,9.55,46.1,9.5,1.0
04615_00965,46.15,9.65,46.1,9.6,1.0
04615_00975,46.15,9.75,46.1,9.7,1.0
04615_00985,46.15,9.85,46.1,9.8,1.0
04615_00995,46.15,9.95,46.1,9.9,1.0
04615_01005,46.15,10.05,46.1,10.0,1.0
04615_01015,46.15,10.15,46.1,10.1,1.0
04615_01025,46.15,10.25,46.1,10.2,1.0
04615_01035,46.15,10.35,46.1,10.3,1.0
04615_01045,46.15,10.45,46.1,10.4,1.0
04615_01055,46.15,10.55,46.1,10.5,1.0
04615_01065,46.15,10.65,46.1,10.6,1.0
04615_01075,46.15,10.75,46.1,10.7,1.0
04615_01085,46.15,10.85,46.1,10.8,1.0
04615_01095,46.15,10.95,46.1,10.9,1.0
04615_01105,46.15,11.05,46.1,11.0,1.0
04615_01115,46.15,11.15,46.1,11.1,1.0
04615_01125,46.15,11.25,46.1,11.2,1.0
04615_01135,46.15,11.35,46.1,11.3,1.0
04615_01145,46.15,11.45,46.1,11.4,1.0
04615_01155,46.15,11.55,46.1,11.5,1.0
04615_01165,46.15,11.65,46.1,11.6,1.0
04615_01175,46.15,11.75,46.1,11.7,1.0
04615_01185,46.15,11.85,46.1,11.8,1.0
04615_01195,46.15,11.95,46.1,11.9,1.0
04615_01205,46.15,12.05,46.1,12.0,1.0
04615_01215,46.15,12.15,46.1,12.1,1.0
04615_01225,46.15,12.25,46.1,12.2,1.0
04615_01235,46.15,12.35,46.1,12.3,1.0
04615_01245,46.15,12.45,46.1,12.4,1.0
04615_01255,46.15,12.55,46.1,12.5,1.0
04615_01265,46.15,12.65,46.1,12.6,1.0
04615_01275,46.15,12.75,46.1,12.7,1.0
04615_01285,46.15,12.85,46.1,12.8,1.0
04615_01295,46.15,12.95,46.1,12.9,1.0
04615_01305,46.15,13.05,46.1,13.0,1.0
04615_01315,46.15,13.15,46.1,13.1,1.0
04615_01325,46.15,13.25,46.1,13.2,1.0
04615_01335,46.15,13.35,46.1,13.3,1.0
04615_01345,46.15,13.45,46.1,13.4,1.0
04615_01355,46.15,13.55,46.1,13.5,0.9504
04615_01365,46.15,13.65,46.1,13.6,0.3356
04625_00815,46.25,8.15,46.2,8.1,0.787
04625_00825,46.25,8.25,46.2,8.2,1.0
04625_00835,46.25,8.35,46.2,8.3,1.0
04625_00845,46.25,8.45,46.2,8.4,0.6403
04625_00855,46.25,8.55,46.2,8.5,0.0749
04625_00925,46.25,9.25,46.2,9.2,0.5594
04625_00935,46.25,9.35,46.2,9.3,1.0
04625_00945,46.25,9.45,46.2,9.4,1.0
04625_00955,46.25,9.55,46.2,9.5,0.9883
04625_00965,46.25,9.65,46.2,9.6,0.9275
04625_00975,46.25,9.75,46.2,9.7,0.988
04625_00985,46.25,9.85,46.2,9.8,1.0
04625_00995,46.25,9.95,46.2,9.9,0.9908
04625_01005,46.25,10.05,46.2,10.0,0.5278
04625_01015,46.25,10.15,46.2,10.1,0.5608
04625_01025,46.25,10.25,46.2,10.2,1.0
04625_01035,46.25,10.35,46.2,10.3,1.0
04625_01045,46.25,10.45,46.2,10.4,1.0
04625_01055,46.25,10.55,46.2,10.5,1.0
04625_01065,46.25,10.65,46.2,10.6,1.0
04625_01075,46.25,10.75,46.2,10.7,1.0
04625_01085,46.25,10.85,46.2,10.8,1.0
04625_01095,46.25,10.95,46.2,10.9,1.0
04625_01105,46.25,11.05,46.2,11.0,1.0
04625_01115,46.25,11.15,46.2,11.1,1.0
04625_01125,46.25,11.25,46.2,11.2,1.0
04625_01135,46.25,11.35,46.2,11.3,1.0
04625_01145,46.25,11.45,46.2,11.4,1.0
04625_01155,46.25,11.55,46.2,11.5,1.0
04625_01165,46.25,11.65,46.2,11.6,1.0
04625_01175,46.25,11.75,46.2,11.7,1.0
04625_01185,46.25,11.85,46.2,11.8,1.0
04625_01195,46.25,11.95,46.2,11.9,1.0
04625_01205,46.25,12.05,46.2,12.0,1.0
04625_01215,46.25,12.15,46.2,12.1,1.0
04625_01225,46.25,12.25,46.2,12.2,1.0
04625_01235,46.25,12.35,46.2,12.3,1.0
04625_01245,46.25,12.45,46.2,12.4,1.0
04625_01255,46.25,12.55,46.2,12.5,1.0
04625_01265,46.25,12.65,46.2,12.6,1.0
04625_01275,46.25,12.75,46.2,12.7,1.0
04625_01285,46.25,12.85,46.2,12.8,1.0
04625_01295,46.25,12.95,46.2,12.9,1.0
04625_01305,46.25,13.05,46.2,13.0,1.0
04625_01315,46.25,13.15,46.2,13.1,1.0
04625_01325,46.25,13.25,46.2,13.2,1.0
04625_01335,46.25,13.35,46.2,13.3,0.9523
04625_01345,46.25,13.45,46.2,13.4,0.227
04625_01355,46.25,13.55,46.2,13.5,0.081
04635_00825,46.35,8.25,46.3,8.2,0.4446
04635_00835,46.35,8.35,46.3,8.3,0.964
04635_00845,46.35,8.45,46.3,8.4,0.5906
04635_00925,46.35,9.25,46.3,9.2,0.1347
04635_00935,46.35,9.35,46.3,9.3,1.0
04635_00945,46.35,9.45,46.3,9.4,0.891
04635_00955,46.35,9.55,46.3,9.5,0.1327
04635_00975,46.35,9.75,46.3,9.7,0.3321
04635_00985,46.35,9.85,46.3,9.8,0.6124
04635_00995,46.35,9.95,46.3,9.9,0.6337
04635_01015,46.35,10.15,46.3,10.1,0.743
04635_01025,46.35,10.25,46.3,10.2,1.0
04635_01035,46.35,10.35,46.3,10.3,1.0
04635_01045,46.35,10.45,46.3,10.4,1.0
04635_01055,46.35,10.55,46.3,10.5,1.0
04635_01065,46.35,10.65,46.3,10.6,1.0
04635_01075,46.35,10.75,46.3,10.7,1.0
04635_01085,46.35,10.85,46.3,10.8,1.0
04635_01095,46.35,10.95,46.3,10.9,1.0
04635_01105,46.35,11.05,46.3,11.0,1.0
04635_01115,46.35,11.15,46.3,11.1,1.0
04635_01125,46.35,11.25,46.3,11.2,1.0
04635_01135,46.35,11.35,46.3,11.3,1.0
04635_01145,46.35,11.45,46.3,11.4,1.0
04635_01155,46.35,11.55,46.3,11.5,1.0
04635_01165,46.35,11.65,46.3,11.6,1.0
04635_01175,46.35,11.75,46.3,11.7,1.0
04635_01185,46.35,11.85,46.3,11.8,1.0
04635_01195,46.35,11.95,46.3,11.9,1.0
04635_01205,46.35,12.05,46.3,12.0,1.0
04635_01215,46.35,12.15,46.3,12.1,1.0
04635_01225,46.35,12.25,46.3,12.2,1.0
04635_01235,46.35,12.35,46.3,12.3,1.0
04635_01245,46.35,12.45,46.3,12.4,1.0
04635_01255,46.35,12.55,46.3,12.5,1.0
04635_01265,46.35,12.65,46.3,12.6,1.0
04635_01275,46.35,12.75,46.3,12.7,1.0
04635_01285,46.35,12.85,46.3,12.8,1.0
04635_01295,46.35,12.95,46.3,12.9,1.0
04635_01305,46.35,13.05,46.3,13.0,1.0
04635_01315,46.35,13.15,46.3,13.1,1.0
04635_01325,46.35,13.25,46.3,13.2,1.0
04635_01335,46.35,13.35,46.3,13.3,1.0
04635_01345,46.35,13.45,46.3,13.4,0.5605
04635_01355,46.35,13.55,46.3,13.5,0.0909
04645_00835,46.45,8.35,46.4,8.3,0.3927
04645_00845,46.45,8.45,46.4,8.4,0.3771
04645_00925,46.45,9.25,46.4,9.2,0.3056
04645_00935,46.45,9.35,46.4,9.3,0.9384
04645_00945,46.45,9.45,46.4,9.4,0.5067
04645_01005,46.45,10.05,46.4,10.0,0.3877
04645_01015,46.45,10.15,46.4,10.1,0.8439
04645_01025,46.45,10.25,46.4,10.2,1.0
04645_01035,46.45,10.35,46.4,10.3,1.0
04645_01045,46.45,10.45,46.4,10.4,1.0
04645_01055,46.45,10.55,46.4,10.5,1.0
04645_01065,46.45,10.65,46.4,10.6,1.0
04645_01075,46.45,10.75,46.4,10.7,1.0
04645_01085,46.45,10.85,46.4,10.8,1.0
04645_01095,46.45,10.95,46.4,10.9,1.0
04645_01105,46.45,11.05,46.4,11.0,1.0
04645_01115,46.45,11.15,46.4,11.1,1.0
04645_01125,46.45,11.25,46.4,11.2,1.0
04645_01135,46.45,11.35,46.4,11.3,1.0
04645_01145,46.45,11.45,46.4,11.4,1.0
04645_01155,46.45,11.55,46.4,11.5,1.0
04645_01165,46.45,11.65,46.4,11.6,1.0
04645_01175,46.45,11.75,46.4,11.7,1.0
04645_01185,46.45,11.85,46.4,11.8,1.0
04645_01195,46.45,11.95,46.4,11.9,1.0
04645_01205,46.45,12.05,46.4,12.0,1.0
04645_01215,46.45,12.15,46.4,12.1,1.0
04645_01225,46.45,12.25,46.4,12.2,1.0
04645_01235,46.45,12.35,46.4,12.3,1.0
04645_01245,46.45,12.45,46.4,12.4,1.0
04645_01255,46.45,12.55,46.4,12.5,1.0
04645_01265,46.45,12.65,46.4,12.6,1.0
04645_01275,46.45,12.75,46.4,12.7,1.0
04645_01285,46.45,12.85,46.4,12.8,1.0
04645_01295,46.45,12.95,46.4,12.9,1.0
04645_01305,46.45,13.05,46.4,13.0,1.0
04645_01315,46.45,13.15,46.4,13.1,1.0
04645_01325,46.45,13.25,46.4,13.2,1.0
04645_01335,46.45,13.35,46.4,13.3,1.0
04645_01345,46.45,13.45,46.4,13.4,1.0
04645_01355,46.45,13.55,46.4,13.5,0.9206
04645_01365,46.45,13.65,46.4,13.6,0.5738
04655_01005,46.55,10.05,46.5,10.0,0.3077
04655_01015,46.55,10.15,46.5,10.1,0.999
04655_01025,46.55,10.25,46.5,10.2,0.8343
04655_01035,46.55,10.35,46.5,10.3,0.4944
04655_01045,46.55,10.45,46.5,10.4,0.5411
04655_01055,46.55,10.55,46.5,10.5,1.0
04655_01065,46.55,10.65,46.5,10.6,1.0
04655_01075,46.55,10.75,46.5,10.7,1.0
04655_01085,46.55,10.85,46.5,10.8,1.0
04655_01095,46.55,10.95,46.5,10.9,1.0
04655_01105,46.55,11.05,46.5,11.0,1.0
04655_01115,46.55,11.15,46.5,11.1,1.0
04655_01125,46.55,11.25,46.5,11.2,1.0
04655_01135,46.55,11.35,46.5,11.3,1.0
04655_01145,46.55,11.45,46.5,11.4,1.0
04655_01155,46.55,11.55,46.5,11.5,1.0
04655_01165,46.55,11.65,46.5,11.6,1.0
04655_01175,46.55,11.75,46.5,11.7,1.0
04655_01185,46.55,11.85,46.5,11.8,1.0
04655_01195,46.55,11.95,46.5,11.9,1.0
04655_01205,46.55,12.05,46.5,12.0,1.0
04655_01215,46.55,12.15,46.5,12.1,1.0
04655_01225,46.55,12.25,46.5,12.2,1.0
04655_01235,46.55,12.35,46.5,12.3,1.0
04655_01245,46.55,12.45,46.5,12.4,1.0
04655_01255,46.55,12.55,46.5,12.5,1.0
04655_01265,46.55,12.65,46.5,12.6,1.0
04655_01275,46.55,12.75,46.5,12.7,1.0
04655_01285,46.55,12.85,46.5,12.8,1.0
04655_01295,46.55,12.95,46.5,12.9,0.9998
04655_01305,46.55,13.05,46.5,13.0,0.9854
04655_01315,46.55,13.15,46.5,13.1,0.8691
04655_01325,46.55,13.25,46.5,13.2,0.6143
04655_01335,46.55,13.35,46.5,13.3,0.6627
04655_01345,46.55,13.45,46.5,13.4,0.6047
04655_01355,46.55,13.55,46.5,13.5,0.4918
04655_01365,46.55,13.65,46.5,13.6,0.3233
04665_01015,46.65,10.15,46.6,10.1,0.1429
04665_01025,46.65,10.25,46.6,10.2,0.1333
04665_01045,46.65,10.45,46.6,10.4,0.7014
04665_01055,46.65,10.55,46.6,10.5,1.0
04665_01065,46.65,10.65,46.6,10.6,1.0
04665_01075,46.65,10.75,46.6,10.7,1.0
04665_01085,46.65,10.85,46.6,10.8,1.0
04665_01095,46.65,10.95,46.6,10.9,1.0
04665_01105,46.65,11.05,46.6,11.0,1.0
04665_01115,46.65,11.15,46.6,11.1,1.0
04665_01125,46.65,11.25,46.6,11.2,1.0
04665_01135,46.65,11.35,46.6,11.3,1.0
04665_01145,46.65,11.45,46.6,11.4,1.0
04665_01155,46.65,11.55,46.6,11.5,1.0
04665_01165,46.65,11.65,46.6,11.6,1.0
04665_01175,46.65,11.75,46.6,11.7,1.0
04665_01185,46.65,11.85,46.6,11.8,1.0
04665_01195,46.65,11.95,46.6,11.9,1.0
04665_01205,46.65,12.05,46.6,12.0,1.0
04665_01215,46.65,12.15,46.6,12.1,1.0
04665_01225,46.65,12.25,46.6,12.2,1.0
04665_01235,46.65,12.35,46.6,12.3,1.0
04665_01245,46.65,12.45,46.6,12.4,0.8919
04665_01255,46.65,12.55,46.6,12.5,0.6315
04665_01265,46.65,12.65,46.6,12.6,0.5623
04665_01275,46.65,12.75,46.6,12.7,0.4391
04665_01285,46.65,12.85,46.6,12.8,0.1557
04665_01295,46.65,12.95,46.6,12.9,0.0518
04675_01045,46.75,10.45,46.7,10.4,0.7544
04675_01055,46.75,10.55,46.7,10.5,1.0
04675_01065,46.75,10.65,46.7,10.6,1.0
04675_01075,46.75,10.75,46.7,10.7,0.9254
04675_01085,46.75,10.85,46.7,10.8,0.7339
04675_01095,46.75,10.95,46.7,10.9,0.7201
04675_01105,46.75,11.05,46.7,11.0,0.9003
04675_01115,46.75,11.15,46.7,11.1,1.0
04675_01125,46.75,11.25,46.7,11.2,1.0
04675_01135,46.75,11.35,46.7,11.3,1.0
04675_01145,46.75,11.45,46.7,11.4,1.0
04675_01155,46.75,11.55,46.7,11.5,1.0
04675_01165,46.75,11.65,46.7,11.6,1.0
04675_01175,46.75,11.75,46.7,11.7,1.0
04675_01185,46.75,11.85,46.7,11.8,1.0
04675_01195,46.75,11.95,46.7,11.9,1.0
04675_01205,46.75,12.05,46.7,12.0,1.0
04675_01215,46.75,12.15,46.7,12.1,1.0
04675_01225,46.75,12.25,46.7,12.2,0.9732
04675_01235,46.75,12.35,46.7,12.3,0.5918
04685_01045,46.85,10.45,46.8,10.4,0.2167
04685_01055,46.85,10.55,46.8,10.5,0.4737
04685_01065,46.85,10.65,46.8,10.6,0.6554
04685_01075,46.85,10.75,46.8,10.7,0.2107
04685_01105,46.85,11.05,46.8,11.0,0.2215
04685_01115,46.85,11.15,46.8,11.1,1.0
04685_01125,46.85,11.25,46.8,11.2,1.0
04685_01135,46.85,11.35,46.8,11.3,1.0
04685_01145,46.85,11.45,46.8,11.4,1.0
04685_01155,46.85,11.55,46.8,11.5,1.0
04685_01165,46.85,11.65,46.8,11.6,1.0
04685_01175,46.85,11.75,46.8,11.7,1.0
04685_01185,46.85,11.85,46.8,11.8,1.0
04685_01195,46.85,11.95,46.8,11.9,1.0
04685_01205,46.85,12.05,46.8,12.0,1.0
04685_01215,46.85,12.15,46.8,12.1,0.998
04685_01225,46.85,12.25,46.8,12.2,0.7522
04695_01115,46.95,11.15,46.9,11.1,0.4186
04695_01125,46.95,11.25,46.9,11.2,0.7471
04695_01135,46.95,11.35,46.9,11.3,0.8348
04695_01145,46.95,11.45,46.9,11.4,0.8444
04695_01155,46.95,11.55,46.9,11.5,0.9477
04695_01165,46.95,11.65,46.9,11.6,0.9698
04695_01175,46.95,11.75,46.9,11.7,0.8173
04695_01185,46.95,11.85,46.9,11.8,0.965
04695_01195,46.95,11.95,46.9,11.9,1.0
04695_01205,46.95,12.05,46.9,12.0,1.0
04695_01215,46.95,12.15,46.9,12.1,0.5023
04705_01185,47.05,11.85,47.0,11.8,0.0629
04705_01195,47.05,11.95,47.0,11.9,0.3951
04705_01205,47.05,12.05,47.0,12.0,0.5896
04705_01215,47.05,12.15,47.0,12.1,0.6511
04705_01225,47.05,12.25,47.0,12.2,0.1266
