cell_id,lat,lon,dem_px,quota_media,quota_min,quota_max,quota_sd,pendenza_media,q_000_300,q_300_600,q_600_900,q_900_1200,q_1200_1600,q_1600_2000,q_2000_su,esp_n,esp_ne,esp_e,esp_se,esp_s,esp_so,esp_o,esp_no,northness,eastness,frac_pendente
03555_01255,35.55,12.55,14520,8.0,0.0,128.1,24.0,0.91,1.0,0.0,0.0,0.0,0.0,0.0,0.0,0.2313,0.087,0.0193,0.0814,0.3118,0.1829,0.0137,0.0725,-0.1632,-0.0734,0.0855
03555_01265,35.55,12.65,14280,1.9,-0.2,73.0,8.3,0.25,1.0,0.0,0.0,0.0,0.0,0.0,0.0,0.2088,0.2036,0.1572,0.0464,0.1598,0.116,0.049,0.0593,0.1337,0.163,0.0272
03585_01285,35.85,12.85,14400,1.7,0.0,178.2,10.8,0.4,1.0,0.0,0.0,0.0,0.0,0.0,0.0,0.1016,0.2157,0.1497,0.0766,0.1355,0.123,0.1016,0.0963,0.0371,0.0905,0.039
03665_01505,36.65,15.05,14400,3.8,-1.1,57.4,9.3,0.33,1.0,0.0,0.0,0.0,0.0,0.0,0.0,0.1429,0.0659,0.0385,0.0879,0.1758,0.1593,0.0495,0.2802,0.0611,-0.1743,0.0126
03665_01515,36.65,15.15,14400,2.8,-0.9,69.2,10.2,0.29,1.0,0.0,0.0,0.0,0.0,0.0,0.0,0.3427,0.177,0.1376,0.1236,0.0478,0.0365,0.014,0.1208,0.409,0.2003,0.0247
03675_01195,36.75,11.95,14520,55.8,0.0,763.1,127.3,2.42,0.9257,0.0672,0.0071,0.0,0.0,0.0,0.0,0.0371,0.0209,0.0044,0.0162,0.0813,0.4338,0.2653,0.1411,-0.244,-0.6583,0.2211
03675_01205,36.75,12.05,14641,99.5,0.0,824.1,168.1,4.22,0.8389,0.1441,0.0169,0.0,0.0,0.0,0.0,0.0968,0.1741,0.2099,0.1821,0.09,0.0782,0.0825,0.0865,0.0091,0.2704,0.3189
03675_01455,36.75,14.55,14520,6.9,0.0,137.0,19.5,0.48,1.0,0.0,0.0,0.0,0.0,0.0,0.0,0.0,0.0,0.0068,0.1284,0.6366,0.1489,0.0656,0.0137,-0.8204,-0.0118,0.0504
03675_01465,36.75,14.65,14520,40.2,0.0,258.8,57.2,1.8,1.0,0.0,0.0,0.0,0.0,0.0,0.0,0.0152,0.0053,0.0214,0.0952,0.3381,0.1875,0.2162,0.1211,-0.4395,-0.3545,0.2446
03675_01475,36.75,14.75,14520,129.2,0.0,340.2,97.3,2.56,0.9663,0.0337,0.0,0.0,0.0,0.0,0.0,0.0184,0.0143,0.0343,0.2508,0.3484,0.1297,0.1278,0.0762,-0.557,-0.0541,0.3174
03675_01485,36.75,14.85,14520,101.4,0.0,330.1,95.3,2.3,0.9897,0.0103,0.0,0.0,0.0,0.0,0.0,0.0303,0.0401,0.0589,0.3793,0.3597,0.0624,0.041,0.0284,-0.6137,0.2584,0.3158
03675_01495,36.75,14.95,14520,41.3,-3.5,220.9,41.7,2.07,1.0,0.0,0.0,0.0,0.0,0.0,0.0,0.041,0.0652,0.1444,0.2314,0.1496,0.156,0.1479,0.0643,-0.3023,0.0544,0.2366
03675_01505,36.75,15.05,14520,31.9,-2.0,117.9,22.0,1.72,1.0,0.0,0.0,0.0,0.0,0.0,0.0,0.0918,0.0829,0.1513,0.2488,0.1335,0.1064,0.1106,0.0746,-0.1867,0.146,0.132
03675_01515,36.75,15.15,14520,1.5,-2.0,47.0,5.9,0.19,1.0,0.0,0.0,0.0,0.0,0.0,0.0,0.0794,0.1164,0.3122,0.1958,0.1746,0.0423,0.0106,0.0688,-0.1168,0.4501,0.013
03685_01195,36.85,11.95,14400,24.6,0.0,314.3,57.9,1.47,0.9995,0.0005,0.0,0.0,0.0,0.0,0.0,0.2979,0.1619,0.0427,0.0269,0.0251,0.0682,0.1296,0.2477,0.508,-0.1835,0.1935
03685_01205,36.85,12.05,14520,8.3,0.0,391.8,36.8,0.66,0.9984,0.0016,0.0,0.0,0.0,0.0,0.0,0.3873,0.3227,0.0799,0.001,0.0,0.002,0.0174,0.1895,0.7651,0.1704,0.0672
03685_01445,36.85,14.45,14400,15.1,-0.3,80.2,20.9,1.24,1.0,0.0,0.0,0.0,0.0,0.0,0.0,0.1204,0.1044,0.0365,0.083,0.1534,0.2704,0.1249,0.1069,-0.1384,-0.2185,0.139
03685_01455,36.85,14.55,14400,178.1,25.9,421.0,98.1,3.28,0.8562,0.1438,0.0,0.0,0.0,0.0,0.0,0.0218,0.0088,0.0056,0.1058,0.176,0.1316,0.3449,0.2055,-0.1764,-0.5156,0.4431
03685_01465,36.85,14.65,14400,351.2,27.6,599.7,151.2,5.19,0.4036,0.5964,0.0,0.0,0.0,0.0,0.0,0.0445,0.0256,0.0295,0.2548,0.217,0.0957,0.1105,0.2223,-0.2614,-0.1108,0.6012
03685_01475,36.85,14.75,14400,381.4,109.0,603.0,93.8,6.94,0.1811,0.8176,0.0012,0.0,0.0,0.0,0.0,0.0463,0.0244,0.0902,0.2521,0.1579,0.0832,0.1692,0.1767,-0.2098,-0.0711,0.6693
03685_01485,36.85,14.85,14400,362.6,155.1,527.1,66.5,2.79,0.1727,0.8273,0.0,0.0,0.0,0.0,0.0,0.0651,0.189,0.1289,0.2115,0.2438,0.1193,0.0279,0.0144,-0.2819,0.2956,0.284
03685_01495,36.85,14.95,14400,157.0,34.3,319.5,68.2,3.87,0.9844,0.0156,0.0,0.0,0.0,0.0,0.0,0.0831,0.1776,0.174,0.1827,0.1577,0.1067,0.0633,0.0549,-0.1144,0.2615,0.4881
03685_01505,36.85,15.05,14400,71.5,-0.5,301.8,56.0,3.54,0.9999,0.0001,0.0,0.0,0.0,0.0,0.0,0.0662,0.1378,0.1653,0.137,0.2012,0.1318,0.0756,0.0852,-0.1726,0.1312,0.4923
03685_01515,36.85,15.15,14400,5.0,-0.5,118.0,13.2,0.4,1.0,0.0,0.0,0.0,0.0,0.0,0.0,0.0893,0.1633,0.1939,0.1403,0.1939,0.1403,0.0102,0.0689,-0.1337,0.257,0.0272
03695_01435,36.95,14.35,14280,3.8,0.0,79.0,11.2,0.29,1.0,0.0,0.0,0.0,0.0,0.0,0.0,0.1342,0.0608,0.0,0.0,0.0025,0.4329,0.2354,0.1342,-0.0144,-0.6412,0.0277
03695_01445,36.95,14.45,14280,99.1,0.0,230.4,47.9,1.56,1.0,0.0,0.0,0.0,0.0,0.0,0.0,0.0443,0.0514,0.0633,0.0866,0.1752,0.3033,0.1422,0.1337,-0.2721,-0.2956,0.0995
03695_01455,36.95,14.55,14280,187.1,23.0,463.4,74.3,3.17,0.9125,0.0875,0.0,0.0,0.0,0.0,0.0,0.1342,0.0651,0.0358,0.1202,0.0962,0.1338,0.1405,0.2743,0.104,-0.2722,0.3408
03695_01465,36.95,14.65,14280,469.0,163.2,777.8,161.6,5.05,0.2417,0.4986,0.2597,0.0,0.0,0.0,0.0,0.1,0.0236,0.0201,0.0863,0.1049,0.0887,0.2109,0.3655,0.1527,-0.4418,0.4658
03695_01475,36.95,14.75,14280,524.3,239.4,829.7,107.3,8.34,0.0177,0.745,0.2373,0.0,0.0,0.0,0.0,0.0485,0.094,0.188,0.2419,0.0979,0.0842,0.1229,0.1226,-0.1353,0.156,0.7944
03695_01485,36.95,14.85,14280,416.6,206.6,591.3,83.9,5.39,0.1096,0.8904,0.0,0.0,0.0,0.0,0.0,0.1,0.1747,0.2243,0.1688,0.1104,0.0827,0.0654,0.0738,-0.0135,0.2997,0.7479
03695_01495,36.95,14.95,14280,415.8,124.6,655.7,155.5,6.46,0.3157,0.5754,0.1089,0.0,0.0,0.0,0.0,0.0309,0.0969,0.1228,0.1264,0.1631,0.2221,0.1748,0.063,-0.2771,-0.0994,0.7083
03695_01505,36.95,15.05,14280,373.6,89.4,539.1,99.4,7.07,0.2151,0.7849,0.0,0.0,0.0,0.0,0.0,0.0631,0.1213,0.1739,0.1465,0.1672,0.2119,0.0832,0.0329,-0.2548,0.1125,0.73
03695_01515,36.95,15.15,14280,151.4,0.0,503.6,149.1,5.5,0.7835,0.2165,0.0,0.0,0.0,0.0,0.0,0.0986,0.2532,0.1569,0.2148,0.1767,0.0848,0.0058,0.0092,-0.105,0.4211,0.432
03695_01525,36.95,15.25,14280,4.1,0.0,54.5,9.6,0.2,1.0,0.0,0.0,0.0,0.0,0.0,0.0,0.0,0.0,0.0323,0.4677,0.3468,0.1371,0.0161,0.0,-0.7625,0.2513,0.0087
03705_01415,37.05,14.15,14400,0.9,0.0,69.1,5.5,0.2,1.0,0.0,0.0,0.0,0.0,0.0,0.0,0.1603,0.1795,0.016,0.0224,0.2853,0.2724,0.0224,0.0417,-0.1758,-0.0948,0.0217
03705_01425,37.05,14.25,14400,5.7,0.0,64.6,9.0,0.44,1.0,0.0,0.0,0.0,0.0,0.0,0.0,0.1198,0.276,0.0399,0.026,0.2656,0.2014,0.0538,0.0174,-0.0926,0.015,0.04
03705_01435,37.05,14.35,14400,61.1,0.0,235.0,55.7,3.14,1.0,0.0,0.0,0.0,0.0,0.0,0.0,0.0641,0.0553,0.1001,0.1316,0.1509,0.187,0.1671,0.1438,-0.1741,-0.1723,0.4205
03705_01445,37.05,14.45,14400,142.9,18.6,281.7,64.1,4.74,1.0,0.0,0.0,0.0,0.0,0.0,0.0,0.1352,0.0455,0.0757,0.1353,0.1795,0.1151,0.145,0.1688,-0.0696,-0.1466,0.522
03705_01455,37.05,14.55,14400,215.9,78.5,322.6,45.2,3.23,0.9786,0.0214,0.0,0.0,0.0,0.0,0.0,0.1268,0.0357,0.0758,0.217,0.162,0.1087,0.0962,0.1779,-0.1196,-0.0463,0.3271
03705_01465,37.05,14.65,14400,348.6,180.4,811.4,100.2,4.02,0.399,0.5788,0.0222,0.0,0.0,0.0,0.0,0.0695,0.0204,0.0312,0.0771,0.104,0.1378,0.3111,0.2489,0.0032,-0.5028,0.4279
03705_01475,37.05,14.75,14400,646.0,390.1,901.7,111.0,8.88,0.0,0.3485,0.6514,0.0001,0.0,0.0,0.0,0.0722,0.0946,0.1882,0.1374,0.085,0.1162,0.1945,0.112,-0.0482,0.0006,0.9137
03705_01485,37.05,14.85,14400,569.0,282.1,908.9,125.0,8.14,0.005,0.6408,0.3537,0.0005,0.0,0.0,0.0,0.0567,0.0819,0.1502,0.1688,0.1545,0.1585,0.1625,0.0668,-0.2289,0.0092,0.8861
03705_01495,37.05,14.95,14400,566.3,330.9,739.0,64.3,5.47,0.0,0.6884,0.3116,0.0,0.0,0.0,0.0,0.1609,0.1402,0.135,0.1533,0.156,0.0887,0.0576,0.1084,0.0092,0.1494,0.6092
03705_01505,37.05,15.05,14400,425.7,190.0,690.5,95.2,5.22,0.1075,0.8649,0.0276,0.0,0.0,0.0,0.0,0.1264,0.2527,0.1384,0.1608,0.2018,0.0857,0.0146,0.0196,-0.0566,0.3503,0.7258
03705_01515,37.05,15.15,14400,130.6,23.4,344.6,67.7,2.93,0.9955,0.0045,0.0,0.0,0.0,0.0,0.0,0.0967,0.2875,0.2559,0.096,0.1528,0.087,0.0061,0.0181,0.0417,0.455,0.3305
03705_01525,37.05,15.25,14400,27.2,-1.0,171.6,29.7,1.43,1.0,0.0,0.0,0.0,0.0,0.0,0.0,0.1229,0.1285,0.1112,0.0984,0.2825,0.1724,0.0561,0.028,-0.2363,0.068,0.1362
03705_01535,37.05,15.35,14400,2.6,-0.1,59.9,9.8,0.27,1.0,0.0,0.0,0.0,0.0,0.0,0.0,0.0339,0.3526,0.1614,0.0139,0.1474,0.259,0.0319,0.0,-0.0356,0.1891,0.0349
03715_01375,37.15,13.75,14400,51.3,0.0,368.5,75.7,3.15,0.9912,0.0088,0.0,0.0,0.0,0.0,0.0,0.1135,0.0449,0.0513,0.1171,0.2905,0.2346,0.0801,0.0678,-0.351,-0.1368,0.3492
03715_01385,37.15,13.85,14400,107.4,0.0,456.4,121.9,4.33,0.8969,0.1031,0.0,0.0,0.0,0.0,0.0,0.0695,0.096,0.0937,0.1327,0.2473,0.1708,0.1012,0.0889,-0.2629,-0.0378,0.4826
03715_01395,37.15,13.95,14400,77.8,0.0,346.2,73.7,4.87,0.995,0.005,0.0,0.0,0.0,0.0,0.0,0.0975,0.1005,0.1182,0.1235,0.1777,0.1724,0.0977,0.1125,-0.1488,-0.0233,0.5494
03715_01405,37.15,14.05,14400,163.1,0.0,412.5,107.1,5.64,0.9117,0.0883,0.0,0.0,0.0,0.0,0.0,0.0863,0.0716,0.105,0.1745,0.2127,0.1272,0.1366,0.0861,-0.2314,-0.0075,0.6937
03715_01415,37.15,14.15,14400,119.3,0.0,477.0,96.3,5.52,0.9519,0.0481,0.0,0.0,0.0,0.0,0.0,0.0622,0.0662,0.1231,0.1793,0.1886,0.174,0.1308,0.0758,-0.2816,-0.0179,0.6014
03715_01425,37.15,14.25,14400,139.2,9.9,451.6,85.5,5.18,0.9613,0.0387,0.0,0.0,0.0,0.0,0.0,0.0665,0.1046,0.1317,0.1882,0.1805,0.1409,0.1309,0.0567,-0.2411,0.0706,0.6575
03715_01435,37.15,14.35,14400,118.3,22.8,402.3,81.8,3.59,0.9629,0.0371,0.0,0.0,0.0,0.0,0.0,0.0493,0.0382,0.0959,0.148,0.1633,0.1576,0.2184,0.1294,-0.2154,-0.1998,0.4143
03715_01445,37.15,14.45,14400,265.3,97.7,462.0,77.7,5.56,0.6505,0.3495,0.0,0.0,0.0,0.0,0.0,0.0708,0.0437,0.14,0.1855,0.1041,0.1194,0.1674,0.1691,-0.0974,-0.0676,0.6119
03715_01455,37.15,14.55,14400,347.1,167.7,460.9,51.9,4.24,0.174,0.826,0.0,0.0,0.0,0.0,0.0,0.0471,0.0131,0.1051,0.2492,0.1431,0.0853,0.1504,0.2067,-0.1831,-0.0696,0.5047
03715_01465,37.15,14.65,14400,423.3,220.8,711.5,72.6,5.13,0.0581,0.9235,0.0183,0.0,0.0,0.0,0.0,0.0904,0.0265,0.0833,0.2075,0.1501,0.0989,0.1693,0.174,-0.1403,-0.1206,0.5533
03715_01475,37.15,14.75,14400,577.7,320.0,907.3,105.1,8.83,0.0,0.5796,0.4185,0.0019,0.0,0.0,0.0,0.1342,0.0799,0.0891,0.1176,0.1336,0.1334,0.1424,0.1697,-0.0003,-0.1309,0.8851
03715_01485,37.15,14.85,14400,655.7,213.4,987.2,173.3,9.74,0.0183,0.355,0.5493,0.0774,0.0,0.0,0.0,0.1795,0.1686,0.1531,0.1391,0.0586,0.0629,0.0665,0.1715,0.2263,0.1418,0.8904
03715_01495,37.15,14.95,14400,540.5,200.9,863.4,121.1,10.2,0.0294,0.6778,0.2928,0.0,0.0,0.0,0.0,0.1716,0.0908,0.1382,0.1954,0.113,0.0521,0.064,0.1749,0.0732,0.1211,0.9108
03715_01505,37.15,15.05,14400,375.5,123.7,602.9,98.1,8.26,0.2308,0.769,0.0002,0.0,0.0,0.0,0.0,0.1912,0.157,0.1254,0.1697,0.1467,0.0662,0.0352,0.1085,0.0672,0.1992,0.8262
03715_01515,37.15,15.15,14400,181.8,0.0,522.6,136.2,5.81,0.7542,0.2458,0.0,0.0,0.0,0.0,0.0,0.1293,0.3351,0.1703,0.0969,0.0997,0.1099,0.0184,0.0403,0.1421,0.3686,0.599
03715_01525,37.15,15.25,14400,7.1,-1.5,136.6,19.4,0.53,1.0,0.0,0.0,0.0,0.0,0.0,0.0,0.362,0.411,0.0875,0.003,0.0,0.0208,0.0045,0.1113,0.7099,0.2866,0.0468
03725_01355,37.25,13.55,14520,10.9,0.0,176.2,26.6,0.99,1.0,0.0,0.0,0.0,0.0,0.0,0.0,0.0299,0.0389,0.0746,0.1087,0.2694,0.3655,0.0919,0.021,-0.5569,-0.1916,0.1311
03725_01365,37.25,13.65,14520,89.0,0.0,351.3,78.4,4.33,0.9855,0.0145,0.0,0.0,0.0,0.0,0.0,0.0851,0.0569,0.0793,0.1011,0.1708,0.2276,0.1586,0.1207,-0.2,-0.2156,0.5142
03725_01375,37.25,13.75,14520,300.7,86.4,586.1,81.9,7.5,0.4579,0.5421,0.0,0.0,0.0,0.0,0.0,0.1108,0.079,0.0937,0.1451,0.114,0.1793,0.142,0.1359,-0.0807,-0.1184,0.8582
03725_01385,37.25,13.85,14520,301.0,120.9,558.1,62.6,4.64,0.5225,0.4775,0.0,0.0,0.0,0.0,0.0,0.0708,0.139,0.1788,0.1298,0.1548,0.1262,0.1095,0.0911,-0.1062,0.1105,0.6581
03725_01395,37.25,13.95,14520,257.5,49.0,447.6,77.1,5.69,0.6875,0.3125,0.0,0.0,0.0,0.0,0.0,0.0725,0.0995,0.1371,0.2147,0.1266,0.1158,0.126,0.1078,-0.1495,0.0717,0.6864
03725_01405,37.25,14.05,14520,251.1,59.1,436.8,81.9,6.89,0.6844,0.3156,0.0,0.0,0.0,0.0,0.0,0.1461,0.0926,0.0815,0.1096,0.138,0.1263,0.1583,0.1476,0.0102,-0.1298,0.7882
03725_01415,37.25,14.15,14520,368.8,194.9,600.7,63.8,5.76,0.137,0.8629,0.0001,0.0,0.0,0.0,0.0,0.0898,0.1009,0.102,0.1269,0.1313,0.1371,0.1776,0.1344,-0.0662,-0.1089,0.7422
03725_01425,37.25,14.25,14520,345.7,150.0,580.5,77.8,7.76,0.2693,0.7307,0.0,0.0,0.0,0.0,0.0,0.0988,0.1096,0.1318,0.1746,0.1505,0.1281,0.1115,0.095,-0.1237,0.066,0.8612
03725_01435,37.25,14.35,14520,381.5,134.0,653.2,107.6,6.83,0.2773,0.7117,0.011,0.0,0.0,0.0,0.0,0.0752,0.0658,0.1139,0.1534,0.1954,0.1576,0.1279,0.1109,-0.217,-0.0516,0.8095
03725_01445,37.25,14.45,14520,411.2,146.8,787.7,126.7,8.49,0.175,0.7333,0.0917,0.0,0.0,0.0,0.0,0.1326,0.0677,0.0685,0.1983,0.1666,0.0928,0.1182,0.1553,-0.0866,-0.039,0.8952
03725_01455,37.25,14.55,14520,406.5,196.9,653.0,106.3,6.7,0.2229,0.7585,0.0185,0.0,0.0,0.0,0.0,0.104,0.1476,0.1748,0.1534,0.1299,0.0913,0.0939,0.105,-0.0205,0.1581,0.7865
03725_01465,37.25,14.65,14520,346.2,126.9,684.7,146.8,6.25,0.4406,0.5391,0.0203,0.0,0.0,0.0,0.0,0.1841,0.1298,0.0746,0.0729,0.085,0.097,0.1817,0.1751,0.2028,-0.1592,0.6087
03725_01475,37.25,14.75,14520,485.6,148.4,685.4,105.7,8.54,0.0635,0.8127,0.1238,0.0,0.0,0.0,0.0,0.1407,0.1312,0.1469,0.1445,0.0662,0.0614,0.1213,0.1878,0.1565,0.043,0.89
03725_01485,37.25,14.85,14520,252.4,45.0,559.1,122.5,5.75,0.5956,0.4044,0.0,0.0,0.0,0.0,0.0,0.1944,0.2167,0.194,0.1973,0.0691,0.01,0.0167,0.1018,0.211,0.3999,0.7352
03725_01495,37.25,14.95,14520,153.9,14.3,530.8,126.4,3.81,0.8225,0.1775,0.0,0.0,0.0,0.0,0.0,0.1804,0.0911,0.0588,0.0367,0.0372,0.0424,0.1331,0.4204,0.4568,-0.3171,0.4356
03725_01505,37.25,15.05,14520,242.7,29.7,522.3,101.7,4.97,0.6782,0.3218,0.0,0.0,0.0,0.0,0.0,0.2832,0.1334,0.1236,0.1499,0.0506,0.017,0.0666,0.1757,0.345,0.1234,0.6598
03725_01515,37.25,15.15,14520,72.2,-1.5,295.9,52.5,2.79,1.0,0.0,0.0,0.0,0.0,0.0,0.0,0.1684,0.2031,0.1649,0.1481,0.1436,0.0591,0.0364,0.0762,0.0799,0.2858,0.3496
03725_01525,37.25,15.25,14520,5.6,-3.0,82.8,15.4,0.61,1.0,0.0,0.0,0.0,0.0,0.0,0.0,0.0155,0.4044,0.1339,0.0446,0.0902,0.1995,0.0984,0.0137,0.0491,0.192,0.0756
03735_01335,37.35,13.35,14400,63.9,0.0,420.4,97.3,3.49,0.9729,0.0271,0.0,0.0,0.0,0.0,0.0,0.0699,0.0816,0.0858,0.0901,0.1474,0.2745,0.1604,0.0903,-0.2168,-0.2132,0.3684
03735_01345,37.35,13.45,14400,176.1,0.0,420.3,92.7,7.58,0.9126,0.0874,0.0,0.0,0.0,0.0,0.0,0.1101,0.1052,0.1063,0.095,0.1546,0.2185,0.1219,0.0885,-0.1331,-0.0915,0.8195
03735_01355,37.35,13.55,14400,213.6,40.5,503.3,72.1,6.94,0.8976,0.1024,0.0,0.0,0.0,0.0,0.0,0.0682,0.1331,0.1251,0.1074,0.1713,0.197,0.1123,0.0857,-0.1701,-0.0168,0.8718
03735_01365,37.35,13.65,14400,308.7,72.9,600.3,77.0,5.45,0.4826,0.5173,0.0001,0.0,0.0,0.0,0.0,0.0685,0.0612,0.0956,0.1396,0.1761,0.1675,0.1718,0.1197,-0.2011,-0.1403,0.7557
03735_01375,37.35,13.75,14400,439.1,162.4,601.2,76.2,5.78,0.036,0.9638,0.0002,0.0,0.0,0.0,0.0,0.1112,0.0524,0.0759,0.1564,0.2195,0.1067,0.1019,0.1761,-0.1364,-0.0816,0.7643
03735_01385,37.35,13.85,14400,436.4,310.1,642.7,61.9,4.19,0.0,0.9951,0.0049,0.0,0.0,0.0,0.0,0.1051,0.1337,0.1295,0.1454,0.1584,0.13,0.0842,0.1136,-0.0801,0.0751,0.6176
03735_01395,37.35,13.95,14400,360.8,173.9,525.5,65.7,4.84,0.2042,0.7958,0.0,0.0,0.0,0.0,0.0,0.1153,0.1153,0.123,0.1611,0.1268,0.1344,0.1253,0.0987,-0.0675,0.0282,0.7081
03735_01405,37.35,14.05,14400,289.7,111.3,521.8,87.6,7.18,0.5467,0.4533,0.0,0.0,0.0,0.0,0.0,0.0887,0.1377,0.1592,0.1492,0.1516,0.097,0.1046,0.1119,-0.0645,0.114,0.8283
03735_01415,37.35,14.15,14400,348.5,175.0,575.3,74.6,6.22,0.2805,0.7195,0.0,0.0,0.0,0.0,0.0,0.0871,0.0818,0.0984,0.1531,0.1384,0.1416,0.1718,0.1277,-0.1111,-0.1006,0.7874
03735_01425,37.35,14.25,14400,428.6,287.2,746.8,79.9,6.89,0.0178,0.9562,0.026,0.0,0.0,0.0,0.0,0.1041,0.0862,0.0809,0.1347,0.1557,0.1371,0.1488,0.1523,-0.078,-0.1171,0.749
03735_01435,37.35,14.35,14400,587.9,384.9,845.5,98.4,6.98,0.0,0.5865,0.4135,0.0,0.0,0.0,0.0,0.0891,0.0651,0.129,0.1114,0.1435,0.2063,0.162,0.0935,-0.1733,-0.1214,0.7959
03735_01445,37.35,14.45,14400,507.9,244.0,877.5,138.9,7.86,0.043,0.7273,0.2297,0.0,0.0,0.0,0.0,0.0497,0.0994,0.1914,0.1921,0.1687,0.1152,0.1113,0.0722,-0.2151,0.1579,0.8834
03735_01455,37.35,14.55,14400,296.9,153.5,603.0,100.6,5.34,0.6272,0.372,0.0008,0.0,0.0,0.0,0.0,0.1615,0.0999,0.1171,0.152,0.1179,0.0634,0.0902,0.198,0.1079,0.0248,0.7335
03735_01465,37.35,14.65,14400,230.8,80.4,555.7,100.4,5.97,0.7448,0.2552,0.0,0.0,0.0,0.0,0.0,0.1668,0.1209,0.1359,0.1876,0.1408,0.0641,0.0581,0.1257,0.0208,0.1654,0.721
03735_01475,37.35,14.75,14400,154.2,42.0,497.2,108.2,4.45,0.8768,0.1232,0.0,0.0,0.0,0.0,0.0,0.169,0.1521,0.1584,0.1133,0.067,0.0664,0.121,0.1528,0.1948,0.0727,0.5058
03735_01485,37.35,14.85,14400,89.5,21.9,379.9,71.6,2.7,0.9707,0.0293,0.0,0.0,0.0,0.0,0.0,0.2455,0.1828,0.1307,0.1533,0.1013,0.0218,0.0324,0.1322,0.2473,0.2349,0.3256
03735_01495,37.35,14.95,14400,30.9,8.4,143.2,22.6,1.41,1.0,0.0,0.0,0.0,0.0,0.0,0.0,0.1595,0.1096,0.0834,0.1478,0.1458,0.0749,0.0916,0.1875,0.0708,-0.0162,0.1781
03735_01505,37.35,15.05,14400,27.8,-3.6,149.8,38.5,2.18,1.0,0.0,0.0,0.0,0.0,0.0,0.0,0.1681,0.0694,0.2043,0.1677,0.0716,0.0473,0.0502,0.2214,0.1526,0.1317,0.292
03745_01315,37.45,13.15,14280,3.6,0.0,144.4,15.1,0.48,1.0,0.0,0.0,0.0,0.0,0.0,0.0,0.0078,0.0045,0.0458,0.2,0.286,0.2492,0.0961,0.1106,-0.5299,-0.1642,0.0627
03745_01325,37.45,13.25,14280,55.8,0.0,238.5,58.5,2.78,1.0,0.0,0.0,0.0,0.0,0.0,0.0,0.0615,0.0283,0.1131,0.2007,0.1382,0.179,0.13,0.1491,-0.2173,-0.089,0.3485
03745_01335,37.45,13.35,14280,120.8,7.3,421.6,76.5,6.87,0.9716,0.0284,0.0,0.0,0.0,0.0,0.0,0.1091,0.0977,0.0873,0.1122,0.1379,0.1392,0.1614,0.1554,-0.0262,-0.1376,0.7487
03745_01345,37.45,13.45,14280,278.8,28.7,658.0,125.0,11.88,0.5666,0.4317,0.0018,0.0,0.0,0.0,0.0,0.1422,0.1088,0.0813,0.1012,0.165,0.114,0.1149,0.1725,0.0267,-0.0923,0.934
03745_01355,37.45,13.55,14280,317.3,73.6,642.1,113.5,9.04,0.3996,0.5983,0.002,0.0,0.0,0.0,0.0,0.139,0.1126,0.1186,0.1353,0.131,0.1109,0.1166,0.136,0.0081,0.006,0.8988
03745_01365,37.45,13.65,14280,278.2,99.7,584.5,105.8,8.31,0.624,0.376,0.0,0.0,0.0,0.0,0.0,0.1569,0.1302,0.1045,0.1082,0.1085,0.0924,0.121,0.1782,0.1263,-0.0418,0.8812
03745_01375,37.45,13.75,14280,389.3,141.0,716.5,123.9,8.97,0.2905,0.6768,0.0328,0.0,0.0,0.0,0.0,0.1765,0.1496,0.135,0.0934,0.1087,0.0901,0.1037,0.1429,0.1485,0.0368,0.9256
03745_01385,37.45,13.85,14280,403.7,196.7,632.0,87.1,6.95,0.1214,0.869,0.0096,0.0,0.0,0.0,0.0,0.1342,0.0826,0.0973,0.1062,0.0984,0.1192,0.1521,0.2102,0.084,-0.1594,0.8529
03745_01395,37.45,13.95,14280,491.7,292.3,701.0,84.1,6.25,0.002,0.8735,0.1245,0.0,0.0,0.0,0.0,0.1209,0.1183,0.1295,0.1721,0.1657,0.1057,0.0835,0.1042,-0.0884,0.1061,0.816
03745_01405,37.45,14.05,14280,423.5,194.0,732.9,113.4,6.88,0.1598,0.7685,0.0717,0.0,0.0,0.0,0.0,0.0733,0.092,0.1391,0.1789,0.1553,0.1408,0.131,0.0896,-0.1838,0.0377,0.8412
03745_01415,37.45,14.15,14280,403.2,228.0,700.0,96.5,6.64,0.1838,0.8081,0.0082,0.0,0.0,0.0,0.0,0.1377,0.1065,0.1052,0.123,0.1095,0.1204,0.1284,0.1694,0.0501,-0.0689,0.7889
03745_01425,37.45,14.25,14280,552.9,330.8,880.0,100.1,7.4,0.0,0.7137,0.2863,0.0,0.0,0.0,0.0,0.1057,0.0632,0.0718,0.1275,0.1833,0.17,0.1431,0.1354,-0.1514,-0.1548,0.8552
03745_01435,37.45,14.35,14280,693.8,438.7,896.8,101.3,8.68,0.0,0.2128,0.7872,0.0,0.0,0.0,0.0,0.1404,0.1188,0.0968,0.0945,0.1126,0.1429,0.1266,0.1675,0.0654,-0.1014,0.8916
03745_01445,37.45,14.45,14280,524.6,254.1,903.8,157.2,8.95,0.0306,0.68,0.2889,0.0005,0.0,0.0,0.0,0.171,0.1513,0.2211,0.1491,0.1119,0.0645,0.0302,0.1008,0.0872,0.2946,0.9035
03745_01455,37.45,14.55,14280,284.0,145.7,514.2,72.7,5.66,0.6352,0.3648,0.0,0.0,0.0,0.0,0.0,0.1118,0.1246,0.152,0.1502,0.1366,0.1249,0.1043,0.0956,-0.0672,0.0904,0.7321
03745_01465,37.45,14.65,14280,209.3,79.1,597.8,93.3,4.95,0.8371,0.1629,0.0,0.0,0.0,0.0,0.0,0.092,0.1037,0.134,0.1687,0.2093,0.1435,0.071,0.0777,-0.2131,0.1029,0.6353
03745_01475,37.45,14.75,14280,99.6,41.6,423.9,48.9,2.56,0.995,0.005,0.0,0.0,0.0,0.0,0.0,0.1319,0.1888,0.157,0.1442,0.1579,0.1328,0.052,0.0355,-0.0657,0.2359,0.3016
03745_01485,37.45,14.85,14280,44.4,23.2,94.9,14.1,0.58,1.0,0.0,0.0,0.0,0.0,0.0,0.0,0.0031,0.2025,0.4387,0.0736,0.0092,0.0982,0.1534,0.0215,0.0283,0.406,0.0228
03745_01495,37.45,14.95,14280,44.2,6.4,184.3,36.0,1.18,1.0,0.0,0.0,0.0,0.0,0.0,0.0,0.0006,0.0326,0.1321,0.0955,0.213,0.3196,0.1781,0.0285,-0.4785,-0.2161,0.1203
03745_01505,37.45,15.05,14280,22.0,-0.1,214.9,33.6,1.0,1.0,0.0,0.0,0.0,0.0,0.0,0.0,0.0135,0.104,0.1287,0.2567,0.2949,0.1519,0.0487,0.0015,-0.5044,0.2354,0.0936
03755_01265,37.55,12.65,14280,3.5,0.0,40.7,8.2,0.17,1.0,0.0,0.0,0.0,0.0,0.0,0.0,0.0,0.0,0.0,1.0,0.0,0.0,0.0,0.0,-0.5799,0.8147,0.0001
03755_01275,37.55,12.75,14400,5.0,0.0,45.5,9.7,0.23,1.0,0.0,0.0,0.0,0.0,0.0,0.0,0.0,0.0,0.0,0.0,0.9877,0.0123,0.0,0.0,-0.9872,0.0247,0.0056
03755_01285,37.55,12.85,14400,4.7,0.0,70.0,12.9,0.47,1.0,0.0,0.0,0.0,0.0,0.0,0.0,0.0216,0.0505,0.1289,0.1536,0.232,0.1165,0.1804,0.1165,-0.2907,-0.0838,0.0674
03755_01295,37.55,12.95,14400,15.5,0.0,137.9,28.5,1.2,1.0,0.0,0.0,0.0,0.0,0.0,0.0,0.0118,0.0186,0.0981,0.2052,0.1624,0.1849,0.1815,0.1375,-0.3367,-0.1683,0.1642
03755_01305,37.55,13.05,14400,114.5,0.0,398.6,74.6,4.19,0.9827,0.0173,0.0,0.0,0.0,0.0,0.0,0.0455,0.0431,0.087,0.1443,0.1419,0.1732,0.225,0.14,-0.1965,-0.2322,0.5515
03755_01315,37.55,13.15,14400,306.7,0.0,887.2,220.8,9.07,0.6101,0.2448,0.1451,0.0,0.0,0.0,0.0,0.0861,0.0531,0.0821,0.1396,0.2564,0.1834,0.1083,0.091,-0.3059,-0.0886,0.9046
03755_01325,37.55,13.25,14400,256.9,47.9,920.0,147.0,8.05,0.7343,0.2208,0.0447,0.0003,0.0,0.0,0.0,0.0989,0.0716,0.1129,0.1641,0.1563,0.1245,0.1326,0.139,-0.118,-0.0408,0.8241
03755_01335,37.55,13.35,14400,331.6,95.0,802.4,130.8,9.64,0.4888,0.4837,0.0276,0.0,0.0,0.0,0.0,0.0848,0.0634,0.1005,0.1789,0.1965,0.1112,0.1252,0.1395,-0.1784,-0.0308,0.9426
03755_01345,37.55,13.45,14400,397.1,82.4,897.9,139.7,9.94,0.2567,0.6669,0.0764,0.0,0.0,0.0,0.0,0.0673,0.0912,0.1496,0.1563,0.1507,0.1557,0.1371,0.0922,-0.177,0.0155,0.951
03755_01355,37.55,13.55,14400,424.6,94.6,1055.2,174.7,11.1,0.2758,0.5694,0.1483,0.0064,0.0,0.0,0.0,0.0673,0.0412,0.0809,0.1923,0.1963,0.1555,0.1525,0.1139,-0.2721,-0.1013,0.9635
03755_01365,37.55,13.65,14400,445.4,121.8,955.7,182.7,10.86,0.2556,0.5178,0.2236,0.003,0.0,0.0,0.0,0.0766,0.1138,0.1707,0.1682,0.1217,0.1237,0.1351,0.0901,-0.1131,0.0845,0.9408
03755_01375,37.55,13.75,14400,473.4,157.1,888.8,174.9,9.93,0.196,0.563,0.241,0.0,0.0,0.0,0.0,0.0884,0.0876,0.1201,0.16,0.1971,0.1531,0.1008,0.093,-0.2075,0.0202,0.9667
03755_01385,37.55,13.85,14400,396.9,185.6,812.7,121.7,9.49,0.2517,0.6879,0.0603,0.0,0.0,0.0,0.0,0.1092,0.0776,0.1016,0.1508,0.1179,0.1593,0.1562,0.1274,-0.0859,-0.0963,0.941
03755_01395,37.55,13.95,14400,435.0,230.2,846.8,130.1,8.88,0.1124,0.7619,0.1258,0.0,0.0,0.0,0.0,0.097,0.0827,0.1284,0.1628,0.1546,0.0983,0.1247,0.1517,-0.0807,-0.0032,0.925
03755_01405,37.55,14.05,14400,501.0,314.5,827.7,102.8,8.01,0.0,0.8008,0.1992,0.0,0.0,0.0,0.0,0.1543,0.1132,0.124,0.1307,0.1214,0.1045,0.1121,0.1398,0.0465,0.0089,0.9135
03755_01415,37.55,14.15,14400,435.5,268.9,782.5,90.6,9.26,0.034,0.9226,0.0435,0.0,0.0,0.0,0.0,0.0913,0.1104,0.1255,0.1737,0.1191,0.1042,0.1555,0.1205,-0.0633,0.0119,0.8961
03755_01425,37.55,14.25,14400,612.9,347.0,988.7,127.6,9.69,0.0,0.4599,0.5225,0.0176,0.0,0.0,0.0,0.1544,0.0732,0.0794,0.1005,0.1495,0.1408,0.1379,0.1642,-0.0006,-0.1545,0.9283
03755_01435,37.55,14.35,14400,489.4,300.5,847.4,112.1,7.1,0.0,0.8298,0.1702,0.0,0.0,0.0,0.0,0.1462,0.1897,0.2083,0.1308,0.0993,0.058,0.0697,0.098,0.1179,0.2562,0.8619
03755_01445,37.55,14.45,14400,340.5,230.1,603.9,64.7,5.19,0.2921,0.7077,0.0002,0.0,0.0,0.0,0.0,0.1595,0.1517,0.1588,0.1067,0.107,0.1143,0.0873,0.1148,0.0917,0.0908,0.7329
03755_01455,37.55,14.55,14400,294.4,169.9,511.7,62.1,5.77,0.5584,0.4416,0.0,0.0,0.0,0.0,0.0,0.1315,0.1312,0.1157,0.1322,0.1356,0.1057,0.1125,0.1356,0.0148,0.0165,0.7692
03755_01465,37.55,14.65,14400,268.9,107.1,741.6,109.5,7.15,0.6988,0.2904,0.0108,0.0,0.0,0.0,0.0,0.1669,0.1319,0.1248,0.1255,0.1184,0.1013,0.0922,0.139,0.0795,0.0457,0.7976
03755_01475,37.55,14.75,14400,197.6,62.6,491.5,92.6,5.45,0.8247,0.1753,0.0,0.0,0.0,0.0,0.0,0.0763,0.1145,0.1247,0.1564,0.1874,0.1508,0.1066,0.0832,-0.1899,0.0451,0.6878
03755_01485,37.55,14.85,14400,137.1,42.7,371.6,58.4,3.57,0.9865,0.0135,0.0,0.0,0.0,0.0,0.0,0.0838,0.1142,0.137,0.1162,0.1282,0.2021,0.1666,0.0519,-0.1527,-0.0451,0.4219
03755_01495,37.55,14.95,14400,289.6,81.0,626.1,117.0,3.83,0.621,0.3744,0.0046,0.0,0.0,0.0,0.0,0.0171,0.0178,0.0549,0.0923,0.2536,0.361,0.1638,0.0394,-0.5308,-0.319,0.5922
03755_01505,37.55,15.05,14400,296.0,0.0,646.6,150.6,3.23,0.4973,0.4947,0.008,0.0,0.0,0.0,0.0,0.0141,0.015,0.0762,0.3982,0.4002,0.0784,0.0104,0.0074,-0.7293,0.3036,0.4985
03755_01515,37.55,15.15,14400,76.9,0.0,381.1,117.2,2.05,0.8922,0.1078,0.0,0.0,0.0,0.0,0.0,0.0093,0.0793,0.2837,0.4043,0.2002,0.012,0.0048,0.0065,-0.4397,0.6198,0.2769
03765_01255,37.65,12.55,14520,5.3,-2.3,50.3,8.3,0.25,1.0,0.0,0.0,0.0,0.0,0.0,0.0,0.0,0.0,0.0,0.0,0.2,0.1,0.3,0.4,-0.0213,-0.8076,0.0007
03765_01265,37.65,12.65,14280,35.6,-1.0,82.3,21.0,1.31,1.0,0.0,0.0,0.0,0.0,0.0,0.0,0.1808,0.1297,0.1135,0.116,0.0748,0.1234,0.1502,0.1116,0.1177,-0.0277,0.1123
03765_01275,37.65,12.75,14400,89.0,25.2,213.8,45.0,1.65,1.0,0.0,0.0,0.0,0.0,0.0,0.0,0.1291,0.0683,0.0421,0.1899,0.0832,0.12,0.1824,0.1851,0.0223,-0.1729,0.1302
03765_01285,37.65,12.85,14400,115.1,3.7,301.2,66.5,2.54,0.9999,0.0001,0.0,0.0,0.0,0.0,0.0,0.0259,0.0515,0.1558,0.2317,0.1574,0.1475,0.1547,0.0757,-0.3021,0.0429,0.2524
03765_01295,37.65,12.95,14400,215.3,29.7,412.5,108.2,4.37,0.729,0.271,0.0,0.0,0.0,0.0,0.0,0.0594,0.0277,0.0777,0.1061,0.1594,0.2489,0.1945,0.1263,-0.2519,-0.296,0.5345
03765_01305,37.65,13.05,14400,272.5,73.8,501.8,81.9,5.73,0.6411,0.3589,0.0,0.0,0.0,0.0,0.0,0.0698,0.1265,0.1152,0.116,0.1355,0.1871,0.1545,0.0956,-0.1255,-0.0717,0.6808
03765_01315,37.65,13.15,14400,573.0,196.7,1167.7,214.5,10.65,0.0735,0.5303,0.3181,0.078,0.0,0.0,0.0,0.1243,0.07,0.0484,0.1201,0.1661,0.1799,0.1413,0.15,-0.0946,-0.1998,0.9623
03765_01325,37.65,13.25,14400,477.0,162.4,992.6,165.1,11.07,0.1908,0.5322,0.2764,0.0007,0.0,0.0,0.0,0.0628,0.1118,0.123,0.1316,0.1464,0.197,0.1701,0.0573,-0.1983,-0.057,0.9333
03765_01335,37.65,13.35,14400,705.0,273.3,1352.1,196.5,13.79,0.0015,0.3449,0.4883,0.1565,0.0088,0.0,0.0,0.1247,0.0652,0.0856,0.133,0.173,0.121,0.1247,0.1728,-0.0598,-0.1101,0.9804
03765_01345,37.65,13.45,14400,825.8,325.6,1426.7,226.5,12.72,0.0,0.1889,0.4035,0.3624,0.0453,0.0,0.0,0.1189,0.0925,0.0679,0.1463,0.1835,0.1477,0.1272,0.1158,-0.1306,-0.0818,0.9622
03765_01355,37.65,13.55,14400,891.6,491.5,1391.8,160.3,11.84,0.0,0.0356,0.4759,0.4556,0.0329,0.0,0.0,0.1123,0.1326,0.1619,0.1228,0.1255,0.1052,0.1355,0.1041,-0.0061,0.0553,0.9584
03765_01365,37.65,13.65,14400,582.9,261.8,1564.2,236.0,10.74,0.0245,0.6171,0.2519,0.0737,0.0328,0.0,0.0,0.1194,0.1524,0.2344,0.1793,0.0941,0.0759,0.078,0.0666,-0.0035,0.3012,0.9317
03765_01375,37.65,13.75,14400,526.1,302.1,855.2,94.5,8.13,0.0,0.7849,0.2151,0.0,0.0,0.0,0.0,0.1233,0.1346,0.1203,0.0833,0.1075,0.1539,0.1577,0.1194,0.0317,-0.0772,0.9223
03765_01385,37.65,13.85,14400,539.2,298.6,871.0,120.2,7.93,0.0003,0.6978,0.3019,0.0,0.0,0.0,0.0,0.1474,0.1414,0.1512,0.1554,0.1097,0.106,0.0762,0.1127,0.0349,0.1363,0.9059
03765_01395,37.65,13.95,14400,573.0,336.9,934.0,136.8,8.37,0.0,0.5886,0.4068,0.0046,0.0,0.0,0.0,0.1191,0.0421,0.0611,0.1145,0.1258,0.1728,0.1703,0.1943,-0.042,-0.2641,0.9058
03765_01405,37.65,14.05,14400,619.9,380.3,948.3,111.3,9.38,0.0,0.4511,0.545,0.0039,0.0,0.0,0.0,0.1351,0.1433,0.1356,0.1604,0.1511,0.1154,0.081,0.0782,-0.0566,0.1373,0.9523
03765_01415,37.65,14.15,14400,524.7,331.6,981.8,104.6,10.19,0.0,0.7981,0.1984,0.0035,0.0,0.0,0.0,0.108,0.0947,0.135,0.1518,0.1321,0.1271,0.1249,0.1263,-0.0645,0.0054,0.9412
03765_01425,37.65,14.25,14400,656.8,393.3,1179.0,130.0,9.15,0.0,0.3617,0.5996,0.0387,0.0,0.0,0.0,0.1,0.0702,0.0638,0.1578,0.1757,0.1461,0.137,0.1496,-0.1388,-0.1208,0.9393
03765_01435,37.65,14.35,14400,587.0,315.0,1132.6,160.7,8.83,0.0,0.5668,0.4035,0.0297,0.0,0.0,0.0,0.0662,0.0794,0.1689,0.167,0.189,0.1424,0.1043,0.0828,-0.2349,0.0836,0.9319
03765_01445,37.65,14.45,14400,576.8,302.0,887.8,112.9,9.43,0.0,0.5549,0.4451,0.0,0.0,0.0,0.0,0.0999,0.1134,0.1388,0.1651,0.1437,0.1303,0.101,0.1079,-0.099,0.0637,0.9214
03765_01455,37.65,14.55,14400,448.1,253.0,897.4,108.1,8.01,0.0501,0.8476,0.1023,0.0,0.0,0.0,0.0,0.1073,0.1082,0.1358,0.1493,0.1825,0.1464,0.1012,0.0693,-0.1616,0.0623,0.8477
03765_01465,37.65,14.65,14400,392.6,217.3,697.5,91.4,8.63,0.1889,0.7941,0.017,0.0,0.0,0.0,0.0,0.1026,0.0809,0.11,0.172,0.1799,0.1551,0.104,0.0954,-0.1896,0.0103,0.8728
03765_01475,37.65,14.75,14400,346.6,164.9,737.4,115.7,7.67,0.4629,0.5017,0.0353,0.0,0.0,0.0,0.0,0.0977,0.1348,0.1825,0.1339,0.1332,0.1376,0.109,0.0711,-0.0862,0.1202,0.7453
03765_01485,37.65,14.85,14400,463.6,113.4,1128.2,237.8,5.45,0.317,0.4028,0.224,0.0561,0.0,0.0,0.0,0.0059,0.0182,0.0151,0.0273,0.1894,0.4637,0.2464,0.034,-0.504,-0.5683,0.7826
03765_01495,37.65,14.95,14400,971.1,352.1,1922.7,342.6,6.73,0.0,0.1357,0.331,0.2871,0.1893,0.0569,0.0,0.0004,0.0004,0.0019,0.0302,0.4202,0.4919,0.0534,0.0015,-0.8045,-0.3881,0.968
03765_01505,37.65,15.05,14400,907.5,375.7,1907.3,329.8,7.65,0.0,0.1799,0.3803,0.2376,0.1619,0.0402,0.0,0.0053,0.0247,0.217,0.4267,0.2737,0.0444,0.0049,0.0033,-0.5973,0.5086,0.9081
03765_01515,37.65,15.15,14400,236.1,0.0,674.5,157.3,3.74,0.6217,0.3722,0.006,0.0,0.0,0.0,0.0,0.001,0.0737,0.5394,0.338,0.0459,0.002,0.0,0.0,-0.2365,0.8484,0.5662
03775_01245,37.75,12.45,14520,6.9,-0.3,90.5,13.3,0.32,1.0,0.0,0.0,0.0,0.0,0.0,0.0,0.0,0.1034,0.1034,0.2069,0.0345,0.1379,0.3793,0.0345,-0.2286,-0.1629,0.002
03775_01255,37.75,12.55,14641,69.4,8.6,155.3,44.6,1.59,1.0,0.0,0.0,0.0,0.0,0.0,0.0,0.2298,0.1383,0.0287,0.0703,0.1395,0.228,0.0838,0.0815,0.0502,-0.1343,0.1165
03775_01265,37.75,12.65,14399,112.2,34.6,226.0,30.1,2.64,1.0,0.0,0.0,0.0,0.0,0.0,0.0,0.0984,0.106,0.1726,0.1067,0.1352,0.13,0.1358,0.1153,-0.0502,0.0157,0.3078
03775_01275,37.75,12.75,14520,144.5,40.2,301.5,43.0,3.88,0.9999,0.0001,0.0,0.0,0.0,0.0,0.0,0.0943,0.0741,0.0997,0.118,0.1551,0.1657,0.1444,0.1488,-0.1083,-0.1328,0.5217
03775_01285,37.75,12.85,14520,279.6,124.6,553.6,77.5,5.12,0.6518,0.3482,0.0,0.0,0.0,0.0,0.0,0.1052,0.0397,0.0792,0.1267,0.1388,0.1134,0.1896,0.2076,-0.0267,-0.2214,0.6699
03775_01295,37.75,12.95,14520,312.6,52.7,661.0,133.5,7.54,0.4591,0.5299,0.011,0.0,0.0,0.0,0.0,0.0818,0.0693,0.1574,0.2301,0.1715,0.1158,0.0909,0.0833,-0.2315,0.1391,0.8804
03775_01305,37.75,13.05,14520,264.5,97.3,626.1,106.2,8.13,0.6688,0.3295,0.0017,0.0,0.0,0.0,0.0,0.1008,0.1041,0.1082,0.1338,0.1233,0.121,0.1632,0.1457,-0.0263,-0.0787,0.8516
03775_01315,37.75,13.15,14520,420.2,152.3,1078.3,175.1,8.22,0.2384,0.6029,0.1399,0.0188,0.0,0.0,0.0,0.2074,0.1397,0.0842,0.049,0.052,0.0996,0.1602,0.2079,0.3046,-0.1634,0.8961
03775_01325,37.75,13.25,14520,594.4,269.7,1198.6,196.0,8.98,0.0089,0.5579,0.3374,0.0959,0.0,0.0,0.0,0.1334,0.1611,0.0589,0.0369,0.0977,0.1396,0.2112,0.1612,0.1401,-0.2325,0.9527
03775_01335,37.75,13.35,14520,865.4,504.7,1449.4,179.0,11.25,0.0,0.0456,0.5668,0.34,0.0476,0.0,0.0,0.1093,0.2165,0.1562,0.1181,0.1165,0.1083,0.1051,0.0701,0.0394,0.1586,0.9713
03775_01345,37.75,13.45,14520,651.7,332.5,1182.1,152.7,9.01,0.0,0.4013,0.5472,0.0515,0.0,0.0,0.0,0.1623,0.1229,0.1442,0.1117,0.0985,0.0754,0.086,0.1989,0.1608,0.0313,0.9351
03775_01355,37.75,13.55,14520,672.1,301.7,1186.4,174.9,9.15,0.0,0.3229,0.5876,0.0895,0.0,0.0,0.0,0.2128,0.1513,0.101,0.0952,0.0665,0.1035,0.1177,0.1519,0.2275,-0.0238,0.9542
03775_01365,37.75,13.65,14520,522.3,328.0,926.6,92.4,7.71,0.0,0.7773,0.222,0.0007,0.0,0.0,0.0,0.12,0.1561,0.1799,0.1095,0.1088,0.1048,0.1118,0.1091,0.0505,0.1103,0.9131
03775_01375,37.75,13.75,14520,644.2,435.0,984.5,118.1,7.91,0.0,0.4111,0.572,0.0169,0.0,0.0,0.0,0.1178,0.0893,0.0665,0.1095,0.1802,0.1415,0.1525,0.1428,-0.0746,-0.1543,0.8953
03775_01385,37.75,13.85,14520,684.8,431.8,1062.2,126.7,8.36,0.0,0.301,0.6621,0.0369,0.0,0.0,0.0,0.12,0.115,0.0983,0.1385,0.1714,0.1492,0.1239,0.0837,-0.1191,-0.0095,0.9525
03775_01395,37.75,13.95,14520,768.6,469.0,1037.2,108.8,8.91,0.0,0.0714,0.8074,0.1212,0.0,0.0,0.0,0.1287,0.1309,0.1413,0.0952,0.1133,0.1251,0.1323,0.1331,0.0477,-0.0128,0.9721
03775_01405,37.75,14.05,14520,696.4,471.7,1050.7,109.6,8.38,0.0,0.2134,0.7427,0.0439,0.0,0.0,0.0,0.0543,0.0933,0.1383,0.1575,0.1644,0.1491,0.1423,0.1009,-0.1912,-0.0015,0.9425
03775_01415,37.75,14.15,14520,726.6,453.3,1164.2,120.6,9.25,0.0,0.1425,0.7624,0.0951,0.0,0.0,0.0,0.0922,0.1157,0.152,0.1707,0.1353,0.119,0.1459,0.0693,-0.12,0.0727,0.9504
03775_01425,37.75,14.25,14520,896.3,561.7,1322.9,155.6,10.28,0.0,0.0087,0.5386,0.4137,0.039,0.0,0.0,0.1549,0.1156,0.0903,0.1071,0.099,0.1439,0.1388,0.1505,0.0646,-0.105,0.9791
03775_01435,37.75,14.35,14520,720.4,482.1,1133.4,104.5,9.45,0.0,0.0817,0.8483,0.07,0.0,0.0,0.0,0.1064,0.1534,0.1285,0.1363,0.1453,0.1055,0.1042,0.1205,-0.0203,0.071,0.9376
03775_01445,37.75,14.45,14520,680.4,408.4,999.2,116.5,9.88,0.0,0.2536,0.7309,0.0155,0.0,0.0,0.0,0.1124,0.1333,0.1282,0.1382,0.1546,0.1417,0.1139,0.0777,-0.0929,0.0513,0.9598
03775_01455,37.75,14.55,14520,740.8,438.7,1118.8,136.2,10.18,0.0,0.1579,0.6919,0.1503,0.0,0.0,0.0,0.0906,0.0755,0.1128,0.0938,0.1389,0.1686,0.1674,0.1523,-0.076,-0.1673,0.9802
03775_01465,37.75,14.65,14520,701.2,373.3,1126.9,155.5,10.8,0.0,0.2884,0.5934,0.1183,0.0,0.0,0.0,0.149,0.1477,0.1215,0.1537,0.1416,0.1357,0.0848,0.066,-0.0482,0.1101,0.9768
03775_01475,37.75,14.75,14520,652.4,299.2,1229.1,214.9,10.45,0.0001,0.5019,0.3208,0.1758,0.0014,0.0,0.0,0.0847,0.1084,0.1058,0.1816,0.1931,0.1403,0.0923,0.0939,-0.1959,0.0513,0.9456
03775_01485,37.75,14.85,14520,872.9,355.3,1396.8,249.4,6.59,0.0,0.1986,0.3048,0.3954,0.1012,0.0,0.0,0.0177,0.0073,0.0135,0.0094,0.0294,0.278,0.5011,0.1435,-0.1108,-0.7951,0.8822
03775_01495,37.75,14.95,14520,1883.0,1144.5,3310.9,478.9,11.56,0.0,0.0,0.0,0.005,0.3313,0.3308,0.3329,0.0417,0.0074,0.0034,0.0056,0.0408,0.2952,0.3926,0.2132,-0.0516,-0.7557,0.9893
03775_01505,37.75,15.05,14520,1772.9,682.7,3260.7,519.7,13.93,0.0,0.0,0.0156,0.1123,0.297,0.2747,0.3004,0.0384,0.1872,0.4262,0.2559,0.0707,0.0124,0.0011,0.008,-0.0866,0.7444,0.9929
03775_01515,37.75,15.15,14520,472.2,6.8,1290.4,330.9,7.39,0.3998,0.2344,0.2382,0.1171,0.0105,0.0,0.0,0.0054,0.0934,0.5338,0.3385,0.0242,0.0048,0.0,0.0,-0.2017,0.8609,0.8327
03775_01525,37.75,15.25,14520,5.6,-0.0,91.4,14.6,0.39,1.0,0.0,0.0,0.0,0.0,0.0,0.0,0.0,0.0293,0.2088,0.4615,0.3004,0.0,0.0,0.0,-0.6104,0.5566,0.0188
03785_01245,37.85,12.45,14400,5.3,-8.0,103.1,12.2,0.4,1.0,0.0,0.0,0.0,0.0,0.0,0.0,0.4009,0.0352,0.0,0.0,0.0,0.0308,0.1101,0.4229,0.7153,-0.4243,0.0158
03785_01255,37.85,12.55,14520,75.1,6.6,150.8,37.6,2.15,1.0,0.0,0.0,0.0,0.0,0.0,0.0,0.1077,0.1834,0.142,0.0934,0.1129,0.0728,0.1673,0.1205,0.1109,0.0294,0.2366
03785_01265,37.85,12.65,14280,132.7,42.3,310.7,56.7,3.88,0.9985,0.0015,0.0,0.0,0.0,0.0,0.0,0.1414,0.0688,0.0438,0.0949,0.122,0.1452,0.1822,0.2017,0.045,-0.2749,0.5666
03785_01275,37.85,12.75,14400,333.2,141.1,747.6,123.6,7.23,0.5091,0.4532,0.0377,0.0,0.0,0.0,0.0,0.1049,0.0532,0.0606,0.1093,0.1758,0.1477,0.1628,0.1856,-0.0856,-0.2288,0.805
03785_01285,37.85,12.85,14400,329.5,179.8,668.0,95.6,7.02,0.4578,0.536,0.0062,0.0,0.0,0.0,0.0,0.0751,0.1204,0.2021,0.1725,0.1066,0.1125,0.1207,0.09,-0.0834,0.1506,0.7668
03785_01295,37.85,12.95,14400,207.5,91.7,626.9,78.4,4.88,0.8995,0.0995,0.001,0.0,0.0,0.0,0.0,0.2451,0.172,0.1006,0.0884,0.0777,0.0679,0.0873,0.161,0.3013,0.0322,0.6522
03785_01305,37.85,13.05,14400,248.9,133.9,548.2,62.3,5.44,0.8246,0.1754,0.0,0.0,0.0,0.0,0.0,0.1108,0.129,0.11,0.1015,0.1397,0.1376,0.1484,0.1229,-0.0229,-0.0681,0.744
03785_01315,37.85,13.15,14400,308.4,182.6,550.5,65.8,6.62,0.4726,0.5274,0.0,0.0,0.0,0.0,0.0,0.1159,0.1122,0.1208,0.1119,0.1375,0.1812,0.126,0.0945,-0.0864,-0.0434,0.8244
03785_01325,37.85,13.25,14400,375.8,234.3,672.4,81.3,5.43,0.1431,0.8456,0.0112,0.0,0.0,0.0,0.0,0.1343,0.1036,0.0548,0.0821,0.1342,0.1652,0.1718,0.1539,0.0113,-0.2217,0.7259
03785_01335,37.85,13.35,14400,723.2,346.8,1593.6,182.8,9.82,0.0,0.2864,0.5558,0.1418,0.016,0.0,0.0,0.214,0.0766,0.0345,0.0532,0.139,0.1894,0.125,0.1683,0.0819,-0.2628,0.9419
03785_01345,37.85,13.45,14400,694.3,311.0,1564.8,214.9,11.08,0.0,0.3801,0.4445,0.159,0.0165,0.0,0.0,0.114,0.2065,0.1611,0.1169,0.2055,0.1214,0.0268,0.0477,-0.0824,0.2531,0.9759
03785_01355,37.85,13.55,14400,434.1,209.2,804.4,131.0,9.02,0.1655,0.694,0.1405,0.0,0.0,0.0,0.0,0.1068,0.1529,0.19,0.111,0.1042,0.1277,0.1109,0.0965,0.0042,0.1053,0.8731
03785_01365,37.85,13.65,14400,414.2,147.3,799.7,140.6,10.4,0.2508,0.6478,0.1015,0.0,0.0,0.0,0.0,0.0933,0.1148,0.1829,0.0974,0.1052,0.0899,0.1687,0.1478,0.0424,-0.0011,0.9451
03785_01375,37.85,13.75,14400,461.1,75.2,1137.1,235.6,11.64,0.2912,0.4519,0.2028,0.0541,0.0,0.0,0.0,0.1994,0.1097,0.0824,0.0674,0.0767,0.1076,0.129,0.2279,0.2484,-0.1648,0.9789
03785_01385,37.85,13.85,14400,477.1,77.0,1127.9,230.8,11.85,0.2767,0.4017,0.2772,0.0445,0.0,0.0,0.0,0.1306,0.1752,0.2033,0.0911,0.0623,0.0673,0.1203,0.1498,0.1881,0.1243,0.977
03785_01395,37.85,13.95,14400,809.8,173.8,1789.5,400.7,15.17,0.039,0.3556,0.2813,0.1038,0.1849,0.0354,0.0,0.1234,0.0921,0.0855,0.0594,0.1556,0.2031,0.1586,0.1224,-0.0671,-0.2023,0.9897
03785_01405,37.85,14.05,14400,1303.0,544.9,1969.6,302.6,16.54,0.0,0.0006,0.0884,0.3189,0.3877,0.2044,0.0,0.0814,0.0773,0.1365,0.16,0.1356,0.1573,0.1483,0.1036,-0.1567,-0.0273,0.9942
03785_01415,37.85,14.15,14400,930.2,275.4,1650.5,287.4,14.27,0.0012,0.1408,0.323,0.3616,0.1679,0.0055,0.0,0.1206,0.1896,0.1981,0.1184,0.0798,0.0811,0.1116,0.1008,0.1077,0.1815,0.9916
03785_01425,37.85,14.25,14400,805.6,378.9,1334.7,180.5,11.01,0.0,0.1365,0.5483,0.303,0.0123,0.0,0.0,0.1138,0.0974,0.1082,0.1007,0.0931,0.1981,0.1551,0.1336,-0.0279,-0.1463,0.9849
03785_01435,37.85,14.35,14400,932.3,344.0,1551.9,225.9,12.27,0.0,0.0764,0.3689,0.4344,0.1203,0.0,0.0,0.16,0.0874,0.0787,0.0769,0.1392,0.1984,0.1436,0.1158,-0.028,-0.1728,0.9938
03785_01445,37.85,14.45,14400,1043.4,582.7,1607.8,236.7,11.66,0.0,0.0024,0.3116,0.4006,0.2852,0.0002,0.0,0.0766,0.1061,0.1695,0.191,0.1568,0.1337,0.1167,0.0496,-0.2032,0.1339,0.9848
03785_01455,37.85,14.55,14400,1121.5,689.2,1609.3,194.7,10.97,0.0,0.0,0.1242,0.5548,0.3208,0.0002,0.0,0.0552,0.1117,0.1272,0.1392,0.1858,0.2151,0.1014,0.0644,-0.2667,0.0042,0.9818
03785_01465,37.85,14.65,14400,1076.4,693.5,1564.6,234.3,10.33,0.0,0.0,0.3167,0.3474,0.3359,0.0,0.0,0.0637,0.0952,0.1461,0.1597,0.1508,0.2094,0.1244,0.0508,-0.2492,0.0207,0.9631
03785_01475,37.85,14.75,14400,898.3,549.5,1429.2,184.2,10.92,0.0,0.0131,0.5383,0.3733,0.0753,0.0,0.0,0.1218,0.1554,0.1405,0.1303,0.2476,0.1184,0.0272,0.0588,-0.15,0.1952,0.9412
03785_01485,37.85,14.85,14400,899.8,545.2,1337.8,136.6,7.09,0.0,0.0193,0.5263,0.4407,0.0137,0.0,0.0,0.081,0.0321,0.1031,0.0709,0.1264,0.2685,0.177,0.141,-0.1659,-0.3004,0.7242
03785_01495,37.85,14.95,14400,1087.1,588.2,2182.3,332.0,7.91,0.0,0.0026,0.3746,0.3174,0.211,0.0802,0.0142,0.3899,0.0511,0.0638,0.0713,0.0523,0.0189,0.054,0.2987,0.528,-0.1344,0.8726
03785_01505,37.85,15.05,14400,1010.3,433.1,2228.0,441.3,7.93,0.0,0.1957,0.3173,0.1697,0.1833,0.1101,0.024,0.4257,0.4303,0.0709,0.0139,0.0054,0.0028,0.0025,0.0485,0.7631,0.3588,0.8667
03785_01515,37.85,15.15,14400,512.4,99.3,1166.4,189.2,11.21,0.1426,0.5274,0.2949,0.0351,0.0,0.0,0.0,0.0968,0.2496,0.2281,0.1165,0.0921,0.0904,0.0625,0.064,0.0825,0.3269,0.8697
03785_01525,37.85,15.25,14400,222.3,0.0,872.4,216.0,11.06,0.678,0.2448,0.0772,0.0,0.0,0.0,0.0,0.0516,0.1173,0.1676,0.1769,0.1904,0.1396,0.1048,0.0518,-0.245,0.1384,0.6825
03795_01205,37.95,12.05,14399,30.7,0.0,674.1,99.8,3.41,0.9524,0.0468,0.0008,0.0,0.0,0.0,0.0,0.112,0.1769,0.1632,0.0285,0.1162,0.2277,0.148,0.0275,-0.0452,-0.0015,0.1464
03795_01225,37.95,12.25,14280,1.1,0.0,40.9,5.1,0.11,1.0,0.0,0.0,0.0,0.0,0.0,0.0,0.0222,0.0,0.0,0.3,0.2889,0.3111,0.0667,0.0111,-0.7152,-0.1018,0.0063
03795_01235,37.95,12.35,14280,9.7,-0.1,300.2,35.1,1.52,0.9999,0.0001,0.0,0.0,0.0,0.0,0.0,0.0399,0.1111,0.2536,0.1019,0.0947,0.1353,0.2194,0.0442,-0.1027,0.0495,0.0983
03795_01245,37.95,12.45,14280,0.3,-4.0,16.9,1.4,0.05,1.0,0.0,0.0,0.0,0.0,0.0,0.0,0.0,0.0,0.0,0.0,0.0,0.0,0.0,0.0,0.0,0.0,0.0
03795_01255,37.95,12.55,14399,40.8,-3.5,125.3,29.7,1.49,1.0,0.0,0.0,0.0,0.0,0.0,0.0,0.1285,0.2028,0.1121,0.0361,0.0705,0.1761,0.1531,0.1208,0.1422,-0.0863,0.127
03795_01265,37.95,12.65,14161,133.2,36.8,434.5,66.4,3.55,0.9666,0.0334,0.0,0.0,0.0,0.0,0.0,0.0838,0.0701,0.0835,0.0917,0.1377,0.1944,0.1911,0.1478,-0.1051,-0.2498,0.4846
03795_01275,37.95,12.75,14280,296.0,123.3,639.0,100.7,6.2,0.5644,0.4298,0.0059,0.0,0.0,0.0,0.0,0.0896,0.0902,0.093,0.1255,0.119,0.1592,0.1802,0.1434,-0.069,-0.1521,0.7564
03795_01285,37.95,12.85,14280,301.8,50.6,996.6,135.1,9.76,0.5594,0.3943,0.0437,0.0027,0.0,0.0,0.0,0.1111,0.112,0.1619,0.1713,0.1165,0.1196,0.0959,0.1119,-0.0518,0.1095,0.9131
03795_01295,37.95,12.95,14280,196.9,18.6,812.7,128.7,7.04,0.8392,0.1452,0.0155,0.0,0.0,0.0,0.0,0.0985,0.1254,0.1232,0.1174,0.1057,0.0972,0.1902,0.1424,0.0329,-0.0655,0.7741
03795_01305,37.95,13.05,14280,302.9,134.5,594.7,90.7,6.62,0.5272,0.4728,0.0,0.0,0.0,0.0,0.0,0.1756,0.151,0.0672,0.0807,0.1191,0.1293,0.1248,0.1522,0.1246,-0.098,0.7706
03795_01315,37.95,13.15,14280,329.8,188.5,944.6,101.8,6.8,0.4562,0.5162,0.0271,0.0005,0.0,0.0,0.0,0.1319,0.1111,0.0708,0.1022,0.1788,0.1789,0.1047,0.1217,-0.0855,-0.1002,0.7838
03795_01325,37.95,13.25,14280,562.7,307.1,1313.5,186.5,9.67,0.0,0.6603,0.2739,0.0606,0.0052,0.0,0.0,0.1055,0.0567,0.0856,0.1123,0.2036,0.1658,0.1169,0.1536,-0.1537,-0.1469,0.8965
03795_01335,37.95,13.35,14280,657.9,358.8,1011.4,104.5,9.63,0.0,0.2744,0.6985,0.0271,0.0,0.0,0.0,0.1169,0.1212,0.1303,0.1083,0.1841,0.1326,0.1012,0.1056,-0.0778,0.0235,0.9069
03795_01345,37.95,13.45,14280,478.6,127.5,991.6,171.5,10.06,0.1607,0.5903,0.2354,0.0137,0.0,0.0,0.0,0.157,0.1355,0.1511,0.1208,0.0908,0.0684,0.1058,0.1706,0.1507,0.0537,0.962
03795_01355,37.95,13.55,14280,562.0,132.6,1244.7,219.0,12.69,0.0919,0.5642,0.2422,0.0991,0.0025,0.0,0.0,0.0892,0.1657,0.1186,0.0521,0.098,0.1359,0.247,0.0935,0.0485,-0.1378,0.9775
03795_01365,37.95,13.65,14280,324.1,0.0,916.0,187.3,11.16,0.4772,0.4359,0.0864,0.0005,0.0,0.0,0.0,0.1862,0.1194,0.1456,0.1082,0.0652,0.0849,0.1039,0.1867,0.2096,0.0148,0.9173
03795_01375,37.95,13.75,14280,249.2,-0.2,1307.0,302.4,8.99,0.6881,0.155,0.1046,0.0506,0.0018,0.0,0.0,0.1797,0.1135,0.2122,0.1771,0.0951,0.0315,0.0988,0.092,0.0832,0.2399,0.6642
03795_01385,37.95,13.85,14280,157.7,0.0,541.5,127.4,7.21,0.8359,0.1641,0.0,0.0,0.0,0.0,0.0,0.1708,0.1877,0.0701,0.0267,0.0568,0.1478,0.1929,0.1473,0.2328,-0.1838,0.7552
03795_01395,37.95,13.95,14280,537.0,3.5,1372.3,285.7,13.1,0.2285,0.3704,0.2796,0.114,0.0074,0.0,0.0,0.1949,0.1422,0.0639,0.0408,0.0437,0.1034,0.1998,0.2113,0.3082,-0.2383,0.9822
03795_01405,37.95,14.05,14280,669.3,97.9,1900.5,383.6,15.44,0.1184,0.4127,0.2579,0.1034,0.0628,0.0448,0.0,0.228,0.1977,0.1768,0.0959,0.0574,0.0569,0.0643,0.1229,0.2949,0.198,0.9877
03795_01415,37.95,14.15,14280,380.4,20.1,1085.3,181.2,14.66,0.3639,0.5133,0.1113,0.0116,0.0,0.0,0.0,0.1344,0.1211,0.1253,0.0864,0.0701,0.134,0.1899,0.1387,0.0963,-0.1103,0.9793
03795_01425,37.95,14.25,14280,589.4,20.2,1252.6,284.2,13.55,0.1854,0.3375,0.3153,0.1597,0.0022,0.0,0.0,0.153,0.2405,0.186,0.064,0.031,0.0962,0.1344,0.0949,0.2516,0.1367,0.9889
03795_01435,37.95,14.35,14280,599.5,58.6,1112.3,224.5,16.18,0.0911,0.4271,0.37,0.1118,0.0,0.0,0.0,0.1296,0.207,0.1329,0.0261,0.0191,0.1605,0.2106,0.1142,0.2109,-0.1117,0.9937
03795_01445,37.95,14.45,14280,764.7,127.8,1457.7,258.9,14.71,0.0273,0.2603,0.3961,0.2593,0.0569,0.0,0.0,0.1716,0.1828,0.0827,0.0288,0.0234,0.1221,0.2021,0.1865,0.3118,-0.1915,0.9967
03795_01455,37.95,14.55,14280,886.8,174.5,1693.0,346.3,13.49,0.0209,0.2282,0.273,0.2727,0.1897,0.0155,0.0,0.135,0.2282,0.2102,0.0531,0.0101,0.0318,0.1447,0.1869,0.3715,0.1138,0.9952
03795_01465,37.95,14.65,14280,1115.0,367.1,1843.5,310.8,13.41,0.0,0.0367,0.247,0.2989,0.3648,0.0526,0.0,0.1477,0.1381,0.0825,0.0224,0.0511,0.1162,0.2611,0.1809,0.2268,-0.2793,0.9926
03795_01475,37.95,14.75,14280,1240.5,430.7,1781.0,276.2,12.34,0.0,0.0147,0.1146,0.2701,0.5104,0.0902,0.0,0.2263,0.1525,0.1095,0.0606,0.0843,0.1407,0.1156,0.1106,0.1915,-0.0312,0.9889
03795_01485,37.95,14.85,14280,1290.6,822.7,1645.4,146.7,11.9,0.0,0.0,0.0031,0.2749,0.7194,0.0027,0.0,0.1139,0.1572,0.1867,0.0908,0.0677,0.181,0.1482,0.0544,0.0036,0.049,0.9736
03795_01495,37.95,14.95,14280,1145.1,602.3,1600.1,169.8,12.03,0.0,0.0,0.1006,0.4756,0.4237,0.0001,0.0,0.057,0.152,0.2604,0.1393,0.0876,0.1572,0.0998,0.0466,-0.0973,0.2289,0.9747
03795_01505,37.95,15.05,14280,892.9,392.4,1340.8,222.0,15.08,0.0,0.1385,0.3254,0.4808,0.0553,0.0,0.0,0.0799,0.1277,0.149,0.1541,0.1545,0.1372,0.1231,0.0745,-0.1434,0.0803,0.959
03795_01515,37.95,15.15,14280,765.6,267.0,1360.1,226.1,17.15,0.0098,0.2429,0.449,0.2824,0.0158,0.0,0.0,0.0802,0.1114,0.1157,0.128,0.1421,0.1578,0.1593,0.1054,-0.1147,-0.0628,0.9868
03795_01525,37.95,15.25,14280,631.1,116.9,1182.4,192.6,17.62,0.0475,0.3898,0.4831,0.0796,0.0,0.0,0.0,0.109,0.1663,0.1773,0.1219,0.1385,0.1293,0.0895,0.0682,-0.045,0.1532,0.992
03795_01535,37.95,15.35,14280,195.1,0.0,836.4,195.0,11.56,0.7069,0.2563,0.0368,0.0,0.0,0.0,0.0,0.0744,0.2128,0.14,0.1658,0.2009,0.1565,0.0293,0.0203,-0.1909,0.2637,0.6877
03795_01565,37.95,15.65,14280,32.1,0.0,415.6,82.1,1.97,0.9676,0.0324,0.0,0.0,0.0,0.0,0.0,0.0143,0.0026,0.0139,0.0795,0.2269,0.3447,0.2093,0.1088,-0.4289,-0.4789,0.1867
03795_01575,37.95,15.75,14280,223.7,-2.0,808.9,221.4,8.7,0.644,0.2818,0.0742,0.0,0.0,0.0,0.0,0.0067,0.0259,0.1249,0.2045,0.1975,0.186,0.1888,0.0658,-0.4114,-0.0818,0.6737
03795_01585,37.95,15.85,14280,174.9,0.0,642.3,163.1,7.87,0.7671,0.2286,0.0043,0.0,0.0,0.0,0.0,0.0358,0.0675,0.1524,0.1978,0.1721,0.166,0.139,0.0695,-0.305,0.0334,0.6784
03795_01595,37.95,15.95,14280,229.6,0.0,909.1,214.0,10.79,0.6263,0.319,0.0546,0.0001,0.0,0.0,0.0,0.0172,0.0358,0.1387,0.1536,0.1611,0.1915,0.206,0.096,-0.3047,-0.1423,0.7367
03795_01605,37.95,16.05,14280,173.2,0.0,876.9,195.6,8.13,0.7366,0.223,0.0403,0.0,0.0,0.0,0.0,0.06,0.1384,0.2167,0.1873,0.1605,0.1579,0.0567,0.0225,-0.2357,0.2713,0.6462
03795_01615,37.95,16.15,14399,1.6,0.0,89.5,8.4,0.28,1.0,0.0,0.0,0.0,0.0,0.0,0.0,0.0885,0.1243,0.2015,0.1846,0.1017,0.2298,0.0546,0.0151,-0.2093,0.2052,0.0369
03805_01255,38.05,12.55,14520,64.6,-3.5,761.2,142.5,3.77,0.9134,0.0708,0.0158,0.0,0.0,0.0,0.0,0.0966,0.1253,0.0287,0.064,0.1991,0.0958,0.1862,0.2043,0.0151,-0.2414,0.2474
03805_01265,38.05,12.65,14280,133.6,0.0,466.8,101.0,5.08,0.9417,0.0583,0.0,0.0,0.0,0.0,0.0,0.1907,0.082,0.0501,0.0931,0.1207,0.1455,0.1386,0.1793,0.0906,-0.1997,0.6231
03805_01275,38.05,12.75,14400,377.8,10.5,1096.4,197.1,12.09,0.4501,0.3928,0.1386,0.0184,0.0,0.0,0.0,0.1869,0.1512,0.0944,0.055,0.1491,0.1542,0.0876,0.1216,0.0847,-0.0512,0.8901
03805_01285,38.05,12.85,14400,150.5,0.0,1057.2,220.3,7.81,0.8074,0.1306,0.0474,0.0146,0.0,0.0,0.0,0.155,0.2285,0.2212,0.0821,0.0271,0.0417,0.0726,0.1718,0.3396,0.2211,0.5076
03805_01295,38.05,12.95,14400,27.3,0.0,182.4,44.7,1.8,1.0,0.0,0.0,0.0,0.0,0.0,0.0,0.1872,0.1838,0.1298,0.0149,0.0236,0.0826,0.2122,0.1658,0.3646,-0.1315,0.2471
03805_01305,38.05,13.05,14400,95.5,0.0,365.8,70.5,2.61,0.9998,0.0002,0.0,0.0,0.0,0.0,0.0,0.1645,0.1553,0.0506,0.0305,0.0327,0.1525,0.2115,0.2023,0.263,-0.2876,0.2482
03805_01315,38.05,13.15,14400,449.5,63.2,1183.0,272.0,11.4,0.3951,0.3313,0.1783,0.0953,0.0,0.0,0.0,0.1369,0.0492,0.0449,0.0716,0.121,0.1595,0.2121,0.2048,0.0297,-0.3433,0.78
03805_01325,38.05,13.25,14400,659.6,136.6,1147.4,215.4,14.21,0.0708,0.2906,0.503,0.1356,0.0,0.0,0.0,0.2078,0.1525,0.1144,0.1728,0.0987,0.0528,0.0699,0.131,0.1518,0.1438,0.9819
03805_01335,38.05,13.35,14400,448.2,10.7,1010.2,259.9,12.21,0.3253,0.3097,0.3564,0.0086,0.0,0.0,0.0,0.1622,0.1529,0.1148,0.1055,0.0917,0.1057,0.1012,0.166,0.1535,0.0044,0.7984
03805_01345,38.05,13.45,14400,199.1,0.0,819.4,160.9,8.84,0.7922,0.1831,0.0248,0.0,0.0,0.0,0.0,0.15,0.1693,0.1745,0.1132,0.0742,0.0728,0.1162,0.1298,0.1585,0.1214,0.695
03805_01355,38.05,13.55,14400,109.4,0.0,850.3,146.0,5.93,0.9,0.0822,0.0178,0.0,0.0,0.0,0.0,0.1783,0.2193,0.1867,0.1005,0.0349,0.04,0.1027,0.1375,0.3013,0.1992,0.4969
03805_01365,38.05,13.65,14400,3.6,0.0,156.5,17.4,0.33,1.0,0.0,0.0,0.0,0.0,0.0,0.0,0.1592,0.5183,0.238,0.0394,0.0014,0.0,0.0056,0.038,0.5296,0.6315,0.0493
03805_01395,38.05,13.95,14400,34.2,0.0,484.5,85.8,2.41,0.9684,0.0316,0.0,0.0,0.0,0.0,0.0,0.2519,0.0859,0.018,0.0429,0.0823,0.0852,0.1057,0.328,0.3796,-0.3019,0.1924
03805_01405,38.05,14.05,14400,79.1,0.0,720.8,154.9,4.2,0.874,0.1199,0.0062,0.0,0.0,0.0,0.0,0.2433,0.208,0.1452,0.0395,0.0309,0.0287,0.0706,0.2338,0.484,0.062,0.2851
03805_01415,38.05,14.15,14400,36.9,0.0,538.7,93.8,2.71,0.957,0.043,0.0,0.0,0.0,0.0,0.0,0.3121,0.1579,0.1382,0.0197,0.0007,0.0114,0.1261,0.2338,0.5888,-0.0366,0.2005
03805_01425,38.05,14.25,14400,15.9,0.0,449.8,55.4,1.59,0.9935,0.0065,0.0,0.0,0.0,0.0,0.0,0.4857,0.2836,0.0816,0.0,0.0,0.0006,0.0615,0.087,0.7592,0.1636,0.1141
03805_01435,38.05,14.35,14400,24.4,0.0,476.1,70.0,2.49,0.9845,0.0155,0.0,0.0,0.0,0.0,0.0,0.3085,0.197,0.0987,0.0009,0.0,0.0053,0.1679,0.2217,0.6151,-0.0944,0.1576
03805_01445,38.05,14.45,14400,78.3,0.0,630.4,137.4,4.66,0.8916,0.1076,0.0008,0.0,0.0,0.0,0.0,0.2066,0.1983,0.1101,0.0145,0.0081,0.0518,0.1737,0.2369,0.4716,-0.1108,0.3351
03805_01455,38.05,14.55,14400,158.7,0.0,801.7,210.0,6.18,0.7658,0.1779,0.0562,0.0,0.0,0.0,0.0,0.2463,0.1108,0.1347,0.0257,0.0053,0.0653,0.1744,0.2375,0.437,-0.1682,0.5108
03805_01465,38.05,14.65,14400,302.4,0.0,972.6,256.8,10.73,0.514,0.3359,0.1449,0.0053,0.0,0.0,0.0,0.179,0.2056,0.131,0.0208,0.0037,0.0692,0.2021,0.1887,0.4012,-0.0927,0.7651
03805_01475,38.05,14.75,14400,613.7,45.2,1302.7,281.5,17.87,0.1644,0.3171,0.341,0.1669,0.0106,0.0,0.0,0.1883,0.1923,0.0789,0.0439,0.0418,0.175,0.1468,0.1329,0.226,-0.1219,0.9893
03805_01485,38.05,14.85,14400,724.9,125.7,1299.7,250.5,17.99,0.0447,0.2876,0.3969,0.257,0.0138,0.0,0.0,0.1378,0.2204,0.1223,0.0357,0.0504,0.1818,0.1669,0.0848,0.1601,-0.056,0.9923
03805_01495,38.05,14.95,14400,723.5,98.1,1315.1,256.0,15.98,0.0638,0.2515,0.4142,0.2561,0.0144,0.0,0.0,0.1647,0.1652,0.1496,0.0781,0.0563,0.0752,0.1723,0.1385,0.2248,-0.0018,0.991
03805_01505,38.05,15.05,14400,576.2,38.2,1135.1,221.2,14.24,0.1101,0.4343,0.3719,0.0838,0.0,0.0,0.0,0.1636,0.1224,0.1694,0.1128,0.0387,0.0363,0.1379,0.2188,0.2688,0.0171,0.9822
03805_01515,38.05,15.15,14400,460.2,49.8,1103.4,226.3,16.38,0.2894,0.4269,0.2523,0.0314,0.0,0.0,0.0,0.1384,0.1348,0.1692,0.0839,0.0248,0.0631,0.2019,0.1839,0.24,-0.0528,0.9482
03805_01525,38.05,15.25,14400,723.0,204.6,1262.0,213.0,19.47,0.0194,0.2678,0.4998,0.2106,0.0024,0.0,0.0,0.1069,0.1162,0.1527,0.0953,0.07,0.1134,0.1904,0.1551,0.0791,-0.0809,0.9935
03805_01535,38.05,15.35,14400,728.3,59.2,1259.1,228.2,20.5,0.0424,0.244,0.4692,0.243,0.0015,0.0,0.0,0.0939,0.12,0.1574,0.1248,0.1222,0.141,0.1393,0.1015,-0.0625,0.0207,0.9951
03805_01545,38.05,15.45,14400,292.8,0.0,1242.2,302.3,12.74,0.57,0.241,0.1482,0.0399,0.0009,0.0,0.0,0.0651,0.1522,0.2184,0.2161,0.1585,0.1123,0.042,0.0353,-0.1952,0.342,0.6738
03805_01565,38.05,15.65,14400,87.3,0.0,594.4,121.8,4.46,0.9197,0.0803,0.0,0.0,0.0,0.0,0.0,0.1453,0.0329,0.0028,0.0128,0.09,0.1995,0.2722,0.2444,0.1058,-0.5667,0.4219
03805_01575,38.05,15.75,14400,701.7,182.7,1236.8,225.4,15.36,0.0469,0.2683,0.4778,0.2042,0.0026,0.0,0.0,0.1303,0.0455,0.0624,0.0975,0.1642,0.1662,0.1655,0.1685,-0.0711,-0.2466,0.9599
03805_01585,38.05,15.85,14400,904.2,181.7,1538.3,305.0,17.71,0.0088,0.197,0.268,0.344,0.1822,0.0,0.0,0.0401,0.0755,0.1365,0.2005,0.1713,0.1575,0.1395,0.0791,-0.2843,0.0302,0.9683
03805_01595,38.05,15.95,14400,843.8,178.0,1518.6,263.2,20.43,0.0143,0.1703,0.4093,0.2997,0.1065,0.0,0.0,0.0876,0.09,0.128,0.1564,0.1591,0.1295,0.1436,0.1059,-0.135,-0.0045,0.9896
03805_01605,38.05,16.05,14400,398.9,24.7,1172.5,253.9,14.55,0.4205,0.3408,0.1992,0.0394,0.0,0.0,0.0,0.1225,0.1481,0.1654,0.2045,0.1558,0.0958,0.0487,0.0592,-0.1037,0.259,0.9463
03805_01615,38.05,16.15,14520,32.2,0.0,275.9,49.4,2.79,1.0,0.0,0.0,0.0,0.0,0.0,0.0,0.1135,0.1734,0.2144,0.1792,0.1422,0.0815,0.0502,0.0456,-0.0574,0.3293,0.3337
03815_01275,38.15,12.75,14400,108.4,0.0,905.6,195.7,7.24,0.8438,0.1078,0.0481,0.0003,0.0,0.0,0.0,0.0915,0.2089,0.2003,0.0291,0.0182,0.1074,0.2385,0.1061,0.1951,-0.0224,0.3703
03815_01305,38.15,13.05,14400,28.7,0.0,639.5,92.3,1.9,0.969,0.0253,0.0056,0.0,0.0,0.0,0.0,0.1701,0.0202,0.0011,0.0006,0.0,0.2499,0.3846,0.1735,0.1316,-0.6851,0.1237
03815_01315,38.15,13.15,14400,263.7,0.0,960.3,278.2,10.7,0.5978,0.2425,0.1522,0.0076,0.0,0.0,0.0,0.153,0.1794,0.1746,0.0428,0.0494,0.1172,0.1704,0.1133,0.2109,-0.0011,0.5697
03815_01325,38.15,13.25,14400,330.8,0.0,1031.1,263.1,13.34,0.4901,0.3274,0.1697,0.0128,0.0,0.0,0.0,0.139,0.1621,0.1331,0.1344,0.0861,0.0506,0.1141,0.1805,0.1686,0.0694,0.7594
03815_01335,38.15,13.35,14400,57.7,-1.5,588.2,94.1,3.7,0.9479,0.0521,0.0,0.0,0.0,0.0,0.0,0.1113,0.2189,0.2287,0.0876,0.053,0.1219,0.1267,0.0519,0.0994,0.201,0.1847
03815_01475,38.15,14.75,14400,108.4,0.0,577.8,161.1,6.01,0.8295,0.1705,0.0,0.0,0.0,0.0,0.0,0.1911,0.1269,0.083,0.0693,0.0705,0.1323,0.1284,0.1984,0.2132,-0.1464,0.4067
03815_01485,38.15,14.85,14400,208.8,0.0,849.2,224.5,11.14,0.676,0.251,0.0731,0.0,0.0,0.0,0.0,0.1557,0.1707,0.104,0.0249,0.0406,0.1607,0.1905,0.1529,0.2178,-0.1741,0.6272
03815_01495,38.15,14.95,14400,244.7,0.0,1077.5,266.6,10.82,0.6453,0.2171,0.1217,0.0159,0.0,0.0,0.0,0.1383,0.2266,0.1921,0.0951,0.0279,0.05,0.1529,0.1171,0.2542,0.1548,0.6672
03815_01505,38.15,15.05,14400,69.3,-0.4,569.2,127.1,4.61,0.9099,0.0901,0.0,0.0,0.0,0.0,0.0,0.1779,0.1735,0.1522,0.0854,0.0414,0.0486,0.1123,0.2087,0.3225,0.0412,0.3271
03815_01515,38.15,15.15,14400,31.0,0.0,410.7,55.4,2.35,0.9963,0.0037,0.0,0.0,0.0,0.0,0.0,0.1538,0.115,0.1173,0.0312,0.0114,0.063,0.265,0.2431,0.3382,-0.2652,0.2379
03815_01525,38.15,15.25,14400,175.6,0.0,872.2,176.1,8.54,0.799,0.1692,0.0319,0.0,0.0,0.0,0.0,0.1325,0.16,0.1337,0.0323,0.0181,0.0893,0.225,0.209,0.295,-0.1743,0.6088
03815_01535,38.15,15.35,14400,301.5,13.1,917.7,199.2,13.82,0.5853,0.3034,0.1111,0.0002,0.0,0.0,0.0,0.1651,0.18,0.1336,0.0495,0.036,0.1083,0.1837,0.1439,0.2471,-0.0702,0.926
03815_01545,38.15,15.45,14400,512.4,36.3,1120.2,220.7,17.74,0.1929,0.4788,0.2762,0.0521,0.0,0.0,0.0,0.1087,0.1512,0.1519,0.1069,0.0956,0.111,0.1447,0.13,0.057,0.0187,0.9918
03815_01555,38.15,15.55,14400,48.8,0.0,519.2,91.2,3.36,0.9681,0.0319,0.0,0.0,0.0,0.0,0.0,0.0583,0.174,0.2864,0.2307,0.1717,0.0588,0.0096,0.0106,-0.2,0.5286,0.3026
03815_01565,38.15,15.65,14400,86.9,0.0,563.6,119.6,4.9,0.919,0.081,0.0,0.0,0.0,0.0,0.0,0.1009,0.0239,0.0032,0.0431,0.1345,0.1827,0.277,0.2347,-0.0146,-0.5376,0.43
03815_01575,38.15,15.75,14400,688.6,161.5,1240.7,246.0,16.43,0.0362,0.3717,0.3761,0.2006,0.0153,0.0,0.0,0.1724,0.0689,0.0236,0.0595,0.1379,0.1789,0.1627,0.1962,0.054,-0.3208,0.9712
03815_01585,38.15,15.85,14400,1399.1,695.0,1839.1,222.2,12.53,0.0,0.0,0.0197,0.1746,0.5935,0.2122,0.0,0.1188,0.0771,0.0578,0.067,0.1146,0.1436,0.2252,0.1959,0.0481,-0.3149,0.9281
03815_01595,38.15,15.95,14400,1331.0,423.0,1951.9,275.3,18.69,0.0,0.0103,0.0727,0.2039,0.5677,0.1454,0.0,0.1034,0.1858,0.1527,0.1427,0.1581,0.1339,0.0662,0.0571,-0.0841,0.1866,0.9892
03815_01605,38.15,16.05,14400,466.5,54.1,1235.0,301.9,15.91,0.3859,0.2751,0.2378,0.0999,0.0013,0.0,0.0,0.13,0.223,0.1996,0.1372,0.1286,0.0799,0.0448,0.0568,0.0526,0.3194,0.926
03815_01615,38.15,16.15,14520,93.5,-0.1,651.9,109.7,5.81,0.9386,0.0594,0.0019,0.0,0.0,0.0,0.0,0.0822,0.1715,0.171,0.1449,0.1944,0.1697,0.0394,0.0269,-0.1994,0.2248,0.5764
03815_01625,38.15,16.25,14280,0.7,0.0,74.1,3.9,0.08,1.0,0.0,0.0,0.0,0.0,0.0,0.0,0.0556,0.4583,0.1944,0.2917,0.0,0.0,0.0,0.0,0.2224,0.7341,0.005
03825_01335,38.25,13.35,14520,9.9,0.0,524.5,55.5,1.23,0.9846,0.0154,0.0,0.0,0.0,0.0,0.0,0.1275,0.0896,0.194,0.2456,0.1859,0.0787,0.0163,0.0624,-0.195,0.304,0.0508
03825_01525,38.25,15.25,14520,3.2,-0.3,127.4,13.1,0.59,1.0,0.0,0.0,0.0,0.0,0.0,0.0,0.0495,0.2075,0.1593,0.1165,0.0656,0.1058,0.2182,0.0776,0.0341,0.0468,0.0514
03825_01535,38.25,15.35,14520,10.3,-8.0,344.8,35.8,0.96,0.9986,0.0014,0.0,0.0,0.0,0.0,0.0,0.1969,0.1969,0.0365,0.0021,0.0029,0.0515,0.2398,0.2734,0.5027,-0.3016,0.0962
03825_01545,38.25,15.45,14520,100.3,0.0,686.7,133.9,5.88,0.9089,0.0867,0.0044,0.0,0.0,0.0,0.0,0.188,0.1721,0.0515,0.0082,0.0379,0.1277,0.1958,0.2188,0.341,-0.2683,0.4886
03825_01555,38.25,15.55,14520,182.7,0.0,590.8,154.1,8.67,0.7305,0.2695,0.0,0.0,0.0,0.0,0.0,0.1336,0.1648,0.1721,0.1563,0.0967,0.067,0.0751,0.1345,0.096,0.1822,0.7445
03825_01565,38.25,15.65,14520,48.8,0.0,536.0,99.5,3.09,0.9526,0.0474,0.0,0.0,0.0,0.0,0.0,0.1814,0.0242,0.0079,0.0698,0.174,0.1639,0.1979,0.1809,-0.0158,-0.3755,0.2791
03825_01575,38.25,15.75,14520,321.6,0.0,1087.1,307.6,10.28,0.4836,0.2922,0.1881,0.0361,0.0,0.0,0.0,0.2323,0.106,0.034,0.036,0.0955,0.1361,0.1367,0.2235,0.2556,-0.26,0.59
03825_01585,38.25,15.85,14520,720.9,0.0,1348.3,307.5,10.97,0.0806,0.3657,0.1686,0.3656,0.0194,0.0,0.0,0.2256,0.2011,0.1466,0.0639,0.0197,0.0402,0.1186,0.1844,0.4143,0.0614,0.8196
03825_01595,38.25,15.95,14520,661.5,147.8,1567.5,365.6,13.5,0.161,0.3808,0.1817,0.1502,0.1263,0.0,0.0,0.211,0.2042,0.1197,0.0406,0.009,0.0425,0.1655,0.2075,0.4437,-0.0515,0.9528
03825_01605,38.25,16.05,14520,708.5,128.1,1410.7,320.0,14.69,0.1603,0.2203,0.2256,0.3738,0.02,0.0,0.0,0.1263,0.1238,0.1663,0.1327,0.137,0.0881,0.101,0.1246,0.0096,0.0995,0.9188
03825_01615,38.25,16.15,14641,351.6,22.1,1016.2,228.7,13.78,0.521,0.3246,0.1223,0.0321,0.0,0.0,0.0,0.096,0.1732,0.1469,0.1212,0.207,0.1557,0.0441,0.0558,-0.1479,0.1669,0.9396
03825_01625,38.25,16.25,14399,80.1,0.0,569.3,91.7,5.02,0.9646,0.0354,0.0,0.0,0.0,0.0,0.0,0.0603,0.179,0.2114,0.1571,0.1657,0.1631,0.0511,0.0123,-0.1973,0.2782,0.5043
03825_01635,38.25,16.35,14520,0.9,0.0,70.9,4.7,0.09,1.0,0.0,0.0,0.0,0.0,0.0,0.0,0.0222,0.2667,0.3333,0.3111,0.0667,0.0,0.0,0.0,-0.1039,0.7561,0.0031
03835_01495,38.35,14.95,14400,33.8,0.0,488.9,96.6,2.41,0.9381,0.0619,0.0,0.0,0.0,0.0,0.0,0.1283,0.0925,0.1125,0.103,0.1346,0.1583,0.1178,0.153,-0.0234,-0.0989,0.1321
03835_01585,38.35,15.85,14400,169.6,0.0,593.1,179.1,6.2,0.7645,0.2355,0.0,0.0,0.0,0.0,0.0,0.1157,0.1237,0.2286,0.1382,0.0232,0.0233,0.1444,0.2029,0.214,0.1196,0.5452
03835_01595,38.35,15.95,14400,125.5,14.5,315.0,55.8,3.78,0.9983,0.0017,0.0,0.0,0.0,0.0,0.0,0.0882,0.1991,0.2102,0.0436,0.0157,0.1258,0.2004,0.117,0.1694,0.0085,0.4284
03835_01605,38.35,16.05,14400,331.7,123.4,933.5,160.8,7.3,0.544,0.3672,0.0848,0.004,0.0,0.0,0.0,0.1951,0.1141,0.0116,0.004,0.0681,0.179,0.2187,0.2093,0.2285,-0.4134,0.5547
03835_01615,38.35,16.15,14520,744.1,314.4,1005.8,143.8,14.18,0.0,0.1683,0.674,0.1577,0.0,0.0,0.0,0.1473,0.1527,0.1274,0.1002,0.1112,0.1413,0.1215,0.0984,0.0425,0.0199,0.9344
03835_01625,38.35,16.25,14280,370.6,36.8,945.2,182.3,15.01,0.4093,0.4648,0.1249,0.001,0.0,0.0,0.0,0.06,0.146,0.1833,0.1447,0.1545,0.1708,0.1158,0.0248,-0.2003,0.1344,0.9557
03835_01635,38.35,16.35,14400,288.1,0.0,1018.5,256.8,11.45,0.6145,0.2311,0.1328,0.0215,0.0,0.0,0.0,0.0484,0.0753,0.1658,0.1993,0.1618,0.1686,0.1253,0.0555,-0.2918,0.0749,0.818
03835_01645,38.35,16.45,14400,63.0,0.0,353.3,75.0,4.32,0.9862,0.0138,0.0,0.0,0.0,0.0,0.0,0.0492,0.1813,0.1874,0.1514,0.1472,0.1756,0.0787,0.0292,-0.1859,0.2034,0.4714
03835_01655,38.35,16.55,14400,4.1,0.0,131.2,16.5,0.52,1.0,0.0,0.0,0.0,0.0,0.0,0.0,0.0536,0.1919,0.2101,0.2422,0.1243,0.1586,0.0171,0.0021,-0.2188,0.3914,0.0648
03845_01495,38.45,14.95,14280,62.5,-1.1,578.6,118.5,5.06,0.9325,0.0675,0.0,0.0,0.0,0.0,0.0,0.0766,0.1169,0.1469,0.1376,0.1358,0.1533,0.1302,0.1028,-0.1083,0.0137,0.3481
03845_01585,38.45,15.85,14280,2.9,0.0,163.3,14.2,0.32,1.0,0.0,0.0,0.0,0.0,0.0,0.0,0.2251,0.1531,0.083,0.0,0.0148,0.0387,0.0941,0.3911,0.5687,-0.2187,0.038
03845_01595,38.45,15.95,14280,47.4,0.0,132.2,32.0,1.64,1.0,0.0,0.0,0.0,0.0,0.0,0.0,0.2401,0.165,0.035,0.0284,0.1315,0.2,0.0685,0.1315,0.1417,-0.1272,0.1502
03845_01605,38.45,16.05,14280,142.1,24.4,448.2,72.4,4.04,0.9662,0.0338,0.0,0.0,0.0,0.0,0.0,0.1769,0.1195,0.0213,0.0299,0.1129,0.22,0.1797,0.14,0.0688,-0.3141,0.4478
03845_01615,38.45,16.15,14399,594.3,118.7,1048.5,214.3,10.62,0.1047,0.3982,0.4,0.0971,0.0,0.0,0.0,0.1464,0.0417,0.0128,0.0474,0.1353,0.2173,0.2024,0.1967,-0.0105,-0.4316,0.9072
03845_01625,38.45,16.25,14161,998.7,546.3,1287.3,112.6,9.95,0.0,0.0014,0.173,0.8028,0.0227,0.0,0.0,0.0791,0.0822,0.1263,0.1431,0.1466,0.1709,0.1562,0.0956,-0.1698,-0.0616,0.934
03845_01635,38.45,16.35,14280,791.7,118.4,1393.0,275.2,17.06,0.0579,0.1918,0.3553,0.3632,0.0317,0.0,0.0,0.0735,0.1212,0.1792,0.1632,0.155,0.1446,0.1042,0.0589,-0.1787,0.1372,0.9768
03845_01645,38.45,16.45,14280,397.9,65.7,1022.5,207.9,14.59,0.3988,0.4241,0.1515,0.0256,0.0,0.0,0.0,0.0989,0.1473,0.1562,0.1945,0.1652,0.1323,0.0606,0.045,-0.1624,0.22,0.9691
03845_01655,38.45,16.55,14280,64.8,0.0,349.8,67.6,4.03,0.9917,0.0083,0.0,0.0,0.0,0.0,0.0,0.1106,0.1803,0.1854,0.1773,0.1664,0.1182,0.031,0.031,-0.1177,0.3108,0.4883
03855_01435,38.55,14.35,14400,14.0,0.0,649.8,73.0,1.66,0.9788,0.0189,0.0024,0.0,0.0,0.0,0.0,0.1591,0.0519,0.2291,0.1309,0.105,0.0937,0.1456,0.0847,-0.0331,0.07,0.0615
03855_01455,38.55,14.55,14400,24.3,-1.1,753.0,94.7,2.64,0.9658,0.0283,0.0059,0.0,0.0,0.0,0.0,0.1205,0.1568,0.1355,0.0843,0.1711,0.1649,0.1093,0.0575,-0.072,0.0396,0.1112
03855_01485,38.55,14.85,14400,84.9,-4.0,951.5,183.4,6.66,0.881,0.081,0.0358,0.0022,0.0,0.0,0.0,0.1617,0.0991,0.1773,0.1245,0.1056,0.1396,0.0945,0.0976,0.0133,0.0789,0.2894
03855_01495,38.55,14.95,14400,30.6,0.0,584.1,96.3,2.14,0.9492,0.0508,0.0,0.0,0.0,0.0,0.0,0.2524,0.1494,0.1451,0.0421,0.0297,0.0609,0.1424,0.178,0.3855,-0.0378,0.1288
03855_01585,38.55,15.85,14400,14.1,0.0,666.9,72.9,1.09,0.9775,0.0206,0.0019,0.0,0.0,0.0,0.0,0.0,0.0,0.0,0.0421,0.317,0.545,0.0596,0.0363,-0.7118,-0.4679,0.0594
03855_01595,38.55,15.95,14400,189.2,0.0,688.1,204.2,5.08,0.7284,0.2012,0.0704,0.0,0.0,0.0,0.0,0.0302,0.0394,0.0863,0.1741,0.3012,0.2448,0.0996,0.0246,-0.5293,-0.0606,0.4974
03855_01605,38.55,16.05,14400,161.7,23.9,502.0,93.9,7.19,0.8993,0.1007,0.0,0.0,0.0,0.0,0.0,0.0802,0.0412,0.1203,0.2074,0.164,0.1013,0.1356,0.1499,-0.1712,-0.0188,0.7865
03855_01615,38.55,16.15,14520,318.7,68.9,911.6,194.6,9.81,0.6614,0.1916,0.1469,0.0001,0.0,0.0,0.0,0.1828,0.0814,0.0525,0.0849,0.0773,0.0901,0.1609,0.2701,0.2354,-0.2541,0.9047
03855_01625,38.55,16.25,14280,814.9,149.6,1200.3,249.4,8.97,0.052,0.1338,0.3652,0.4489,0.0001,0.0,0.0,0.1933,0.0859,0.0648,0.0447,0.0461,0.0954,0.1858,0.284,0.3181,-0.3046,0.942
03855_01635,38.55,16.35,14400,1045.6,648.5,1427.7,161.0,8.94,0.0,0.0,0.2276,0.5728,0.1996,0.0,0.0,0.1167,0.146,0.1368,0.0821,0.1009,0.1157,0.1442,0.1576,0.095,-0.0411,0.8965
03855_01645,38.55,16.45,14400,787.0,179.1,1284.1,259.6,15.44,0.0333,0.2352,0.3059,0.4176,0.008,0.0,0.0,0.1004,0.1657,0.1742,0.1601,0.1689,0.1311,0.0452,0.0544,-0.1195,0.2346,0.9586
03855_01655,38.55,16.55,14400,140.0,0.0,653.2,156.4,6.75,0.8202,0.1747,0.0051,0.0,0.0,0.0,0.0,0.1402,0.1696,0.2684,0.2143,0.1102,0.0407,0.0092,0.0474,0.0038,0.4794,0.6221
03865_01585,38.65,15.85,14400,92.0,0.0,673.2,141.6,3.48,0.8939,0.0992,0.0069,0.0,0.0,0.0,0.0,0.1336,0.0213,0.0018,0.0098,0.0965,0.1385,0.1782,0.4203,0.2412,-0.5733,0.3842
03865_01595,38.65,15.95,14400,434.2,0.0,706.8,187.2,6.89,0.2111,0.6833,0.1056,0.0,0.0,0.0,0.0,0.2714,0.1658,0.0813,0.0545,0.0665,0.0509,0.0698,0.2398,0.4328,-0.0359,0.6727
03865_01605,38.65,16.05,14400,384.8,36.2,633.7,118.2,7.0,0.2396,0.7501,0.0103,0.0,0.0,0.0,0.0,0.1587,0.1187,0.1376,0.168,0.1116,0.0569,0.0802,0.1683,0.0924,0.1042,0.8123
03865_01615,38.65,16.15,14520,257.5,102.2,564.2,87.9,8.23,0.7542,0.2458,0.0,0.0,0.0,0.0,0.0,0.0912,0.1224,0.1563,0.1638,0.1359,0.1312,0.0868,0.1125,-0.0898,0.1036,0.8156
03865_01625,38.65,16.25,14280,362.8,99.2,883.6,170.7,9.66,0.5132,0.3181,0.1687,0.0,0.0,0.0,0.0,0.1695,0.0828,0.0409,0.0504,0.1107,0.1711,0.1749,0.1996,0.1069,-0.3065,0.9188
03865_01635,38.65,16.35,14400,721.7,459.3,1155.1,118.0,7.56,0.0,0.1941,0.7503,0.0556,0.0,0.0,0.0,0.1272,0.1049,0.1531,0.1386,0.0888,0.0609,0.1409,0.1856,0.1084,0.0116,0.8841
03865_01645,38.65,16.45,14400,638.6,71.9,1240.1,284.0,11.59,0.1007,0.4238,0.2282,0.2416,0.0057,0.0,0.0,0.2386,0.1668,0.1548,0.1372,0.0781,0.0344,0.0398,0.1502,0.2698,0.2019,0.9378
03865_01655,38.65,16.55,14400,76.1,-0.5,569.2,118.0,4.87,0.9176,0.0824,0.0,0.0,0.0,0.0,0.0,0.1609,0.2009,0.2467,0.1776,0.124,0.0264,0.0139,0.0496,0.0712,0.4576,0.4156
03875_01315,38.75,13.15,14520,5.1,-0.0,242.2,24.3,0.65,1.0,0.0,0.0,0.0,0.0,0.0,0.0,0.2577,0.1228,0.0631,0.1294,0.1106,0.0454,0.1162,0.1549,0.2064,-0.0165,0.0623
03875_01525,38.75,15.25,14520,32.0,-0.3,901.4,128.1,2.38,0.9509,0.03,0.0191,0.0001,0.0,0.0,0.0,0.0286,0.0857,0.2032,0.2095,0.1373,0.1325,0.0492,0.154,-0.1932,0.1787,0.0868
03875_01595,38.75,15.95,14520,7.9,0.0,234.7,34.2,0.63,1.0,0.0,0.0,0.0,0.0,0.0,0.0,0.2739,0.0935,0.0668,0.0167,0.0111,0.0312,0.1448,0.3619,0.5742,-0.2688,0.0618
03875_01605,38.75,16.05,14520,17.5,0.0,206.9,42.5,1.3,1.0,0.0,0.0,0.0,0.0,0.0,0.0,0.3382,0.1963,0.1366,0.0769,0.0022,0.0035,0.0469,0.1994,0.5738,0.1442,0.1558
03875_01615,38.75,16.15,14641,78.1,0.0,459.2,139.0,3.04,0.8541,0.1459,0.0,0.0,0.0,0.0,0.0,0.1546,0.0164,0.0834,0.1702,0.0416,0.0069,0.0201,0.5068,0.3761,-0.1547,0.258
03875_01625,38.75,16.25,14399,198.5,0.0,638.0,130.4,8.98,0.7785,0.219,0.0024,0.0,0.0,0.0,0.0,0.0899,0.0798,0.0868,0.1241,0.1184,0.1271,0.1804,0.1935,-0.0171,-0.1836,0.8574
03875_01635,38.75,16.35,14520,712.2,189.1,1037.2,187.3,9.84,0.0263,0.2316,0.5954,0.1467,0.0,0.0,0.0,0.0685,0.0645,0.1279,0.129,0.0952,0.1101,0.2143,0.1902,-0.0178,-0.1681,0.9517
03875_01645,38.75,16.45,14520,501.8,189.9,875.2,170.9,8.16,0.1289,0.5977,0.2734,0.0,0.0,0.0,0.0,0.126,0.1686,0.1834,0.1771,0.1495,0.0922,0.0313,0.0719,-0.0454,0.2908,0.8606
03875_01655,38.75,16.55,14520,113.9,0.0,639.1,143.4,5.42,0.8519,0.1462,0.0019,0.0,0.0,0.0,0.0,0.0835,0.2034,0.2067,0.2206,0.1612,0.0656,0.023,0.036,-0.1194,0.4184,0.5008
03885_00865,38.85,8.65,14280,4.2,0.0,235.6,20.4,0.94,1.0,0.0,0.0,0.0,0.0,0.0,0.0,0.0886,0.0613,0.1237,0.1315,0.2356,0.0954,0.1315,0.1324,-0.1622,-0.0255,0.0719
03885_00885,38.85,8.85,14400,5.5,-0.5,250.6,23.0,0.92,1.0,0.0,0.0,0.0,0.0,0.0,0.0,0.045,0.0848,0.1155,0.1845,0.2341,0.2011,0.1088,0.0263,-0.3897,0.036,0.0926
03885_01625,38.85,16.25,14280,45.9,0.0,534.0,82.6,2.28,0.9601,0.0399,0.0,0.0,0.0,0.0,0.0,0.2106,0.0455,0.017,0.001,0.0285,0.0553,0.2652,0.3768,0.4672,-0.5334,0.2015
03885_01635,38.85,16.35,14400,318.1,24.1,905.9,223.8,8.49,0.5285,0.3348,0.1365,0.0003,0.0,0.0,0.0,0.2602,0.1464,0.0859,0.0248,0.0528,0.0774,0.1359,0.2165,0.4033,-0.1454,0.822
03885_01645,38.85,16.45,14400,305.1,99.6,828.7,108.3,7.55,0.4839,0.4911,0.025,0.0,0.0,0.0,0.0,0.1525,0.2329,0.1311,0.0924,0.0876,0.12,0.0912,0.0924,0.15,0.1271,0.7794
03885_01655,38.85,16.55,14400,135.1,0.0,397.1,91.0,7.49,0.9112,0.0888,0.0,0.0,0.0,0.0,0.0,0.1273,0.1608,0.1335,0.1445,0.1455,0.1241,0.0824,0.0817,-0.0372,0.1234,0.7884
03885_01665,38.85,16.65,14520,44.2,0.0,271.6,49.3,3.36,1.0,0.0,0.0,0.0,0.0,0.0,0.0,0.0275,0.1643,0.2053,0.149,0.0968,0.1889,0.1464,0.0218,-0.1832,0.1352,0.3979
03885_01675,38.85,16.75,14280,3.5,0.0,142.1,13.0,0.33,1.0,0.0,0.0,0.0,0.0,0.0,0.0,0.0,0.0624,0.2302,0.2302,0.1415,0.271,0.0647,0.0,-0.457,0.1923,0.0292
03895_00845,38.95,8.45,14280,10.6,0.0,219.1,28.2,1.3,1.0,0.0,0.0,0.0,0.0,0.0,0.0,0.1305,0.0981,0.1425,0.1499,0.1647,0.1444,0.106,0.0639,-0.1235,0.0612,0.1513
03895_00855,38.95,8.55,14399,2.9,-1.5,112.5,12.3,0.48,1.0,0.0,0.0,0.0,0.0,0.0,0.0,0.0331,0.0512,0.2583,0.0704,0.0928,0.2465,0.1974,0.0502,-0.2126,-0.0702,0.0651
03895_00865,38.95,8.65,14161,53.1,-2.0,304.1,58.0,4.73,0.9999,0.0001,0.0,0.0,0.0,0.0,0.0,0.1088,0.0892,0.1023,0.1012,0.1089,0.1379,0.1865,0.1651,0.0125,-0.165,0.4479
03895_00875,38.95,8.75,14280,121.0,0.0,482.7,103.6,7.92,0.9391,0.0609,0.0,0.0,0.0,0.0,0.0,0.066,0.0947,0.1373,0.1472,0.1349,0.1852,0.1461,0.0887,-0.1751,-0.0324,0.7379
03895_00885,38.95,8.85,14280,229.8,0.0,670.4,139.8,11.4,0.6915,0.3024,0.0061,0.0,0.0,0.0,0.0,0.0689,0.084,0.1414,0.147,0.1499,0.1562,0.1569,0.0956,-0.174,-0.0309,0.9317
03895_00895,38.95,8.95,14280,87.9,-1.5,533.5,139.6,5.18,0.8753,0.1247,0.0,0.0,0.0,0.0,0.0,0.0956,0.1023,0.2211,0.2303,0.1335,0.0729,0.0612,0.0832,-0.1278,0.2875,0.3671
03895_01615,38.95,16.15,14399,68.2,-1.5,917.1,148.5,3.08,0.8996,0.0859,0.0142,0.0003,0.0,0.0,0.0,0.0039,0.0,0.0044,0.0922,0.2595,0.2789,0.3009,0.0603,-0.4885,-0.477,0.2682
03895_01625,38.95,16.25,14161,231.2,-1.0,1093.2,268.2,6.95,0.698,0.162,0.1195,0.0205,0.0,0.0,0.0,0.0003,0.0183,0.1167,0.1851,0.3555,0.2214,0.0999,0.0028,-0.6465,-0.0036,0.4581
03895_01635,38.95,16.35,14280,269.5,24.5,1095.9,239.5,7.42,0.6826,0.1892,0.1127,0.0155,0.0,0.0,0.0,0.0318,0.0169,0.072,0.1371,0.2816,0.2652,0.1379,0.0575,-0.505,-0.1946,0.6543
03895_01645,38.95,16.45,14280,445.8,73.5,1058.5,254.2,11.41,0.3892,0.3249,0.2274,0.0585,0.0,0.0,0.0,0.0765,0.0592,0.0793,0.1506,0.2372,0.1861,0.1272,0.084,-0.3044,-0.0946,0.9511
03895_01655,38.95,16.55,14280,480.6,66.2,978.7,192.4,14.8,0.1975,0.5191,0.2769,0.0065,0.0,0.0,0.0,0.0583,0.1281,0.1767,0.1239,0.1558,0.1854,0.129,0.0428,-0.1975,0.0663,0.9807
03895_01665,38.95,16.65,14399,280.5,36.7,619.4,121.4,11.72,0.5718,0.4272,0.001,0.0,0.0,0.0,0.0,0.0353,0.1293,0.1989,0.1468,0.1548,0.1592,0.1264,0.0492,-0.2157,0.1214,0.944
03895_01675,38.95,16.75,14161,214.6,0.0,770.9,160.8,8.6,0.7159,0.2643,0.0198,0.0,0.0,0.0,0.0,0.0149,0.0939,0.2354,0.1543,0.1484,0.2036,0.1195,0.03,-0.3088,0.1287,0.8359
03895_01685,38.95,16.85,14280,51.2,0.0,243.5,45.3,3.93,1.0,0.0,0.0,0.0,0.0,0.0,0.0,0.0679,0.1453,0.1761,0.1402,0.1154,0.1643,0.1215,0.0694,-0.1154,0.0918,0.5166
03895_01695,38.95,16.95,14280,26.1,0.0,201.2,31.3,2.38,1.0,0.0,0.0,0.0,0.0,0.0,0.0,0.0746,0.066,0.1414,0.1119,0.1251,0.1513,0.183,0.1467,-0.0866,-0.1311,0.3184
03895_01705,38.95,17.05,14280,88.0,0.0,197.9,62.0,2.78,1.0,0.0,0.0,0.0,0.0,0.0,0.0,0.0498,0.1196,0.1077,0.1555,0.2078,0.1961,0.1063,0.0573,-0.2982,0.0118,0.3518
03895_01715,38.95,17.15,14399,37.6,0.0,173.3,53.7,1.12,1.0,0.0,0.0,0.0,0.0,0.0,0.0,0.0016,0.0763,0.2046,0.4292,0.2609,0.0221,0.0053,0.0,-0.5229,0.5694,0.132
03905_00835,39.05,8.35,14400,16.5,-2.0,134.6,27.3,1.03,1.0,0.0,0.0,0.0,0.0,0.0,0.0,0.0345,0.0471,0.0598,0.0454,0.0431,0.2471,0.4236,0.0994,-0.1058,-0.565,0.1208
03905_00845,39.05,8.45,14400,46.2,-2.5,266.9,59.9,2.79,1.0,0.0,0.0,0.0,0.0,0.0,0.0,0.0668,0.2182,0.2192,0.1128,0.0506,0.102,0.1576,0.0727,0.0687,0.1767,0.3608
03905_00855,39.05,8.55,14520,8.2,-2.5,103.6,15.5,0.75,1.0,0.0,0.0,0.0,0.0,0.0,0.0,0.1686,0.1231,0.121,0.0838,0.0941,0.0683,0.1799,0.1613,0.1707,-0.0744,0.0666
03905_00865,39.05,8.65,14280,119.0,3.1,439.1,97.2,5.58,0.9235,0.0765,0.0,0.0,0.0,0.0,0.0,0.0752,0.1052,0.1175,0.0776,0.0756,0.1604,0.2808,0.1076,-0.0204,-0.2267,0.498
03905_00875,39.05,8.75,14400,260.5,87.9,716.9,113.9,8.91,0.681,0.3085,0.0105,0.0,0.0,0.0,0.0,0.1362,0.1258,0.0616,0.0655,0.1224,0.1487,0.187,0.1528,0.0582,-0.2072,0.859
03905_00885,39.05,8.85,14400,572.8,184.7,1009.7,170.2,15.44,0.0564,0.4943,0.4239,0.0254,0.0,0.0,0.0,0.1252,0.1034,0.1286,0.139,0.123,0.1189,0.1408,0.1212,-0.022,-0.0081,0.9803
03905_00895,39.05,8.95,14400,229.8,6.2,850.5,180.7,11.85,0.7015,0.2487,0.0499,0.0,0.0,0.0,0.0,0.0999,0.1398,0.217,0.1887,0.1229,0.0921,0.0707,0.069,-0.0758,0.2709,0.7351
03905_00905,39.05,9.05,14399,13.5,0.0,249.5,32.0,1.4,1.0,0.0,0.0,0.0,0.0,0.0,0.0,0.1141,0.1779,0.1997,0.1406,0.1001,0.126,0.0685,0.0731,-0.0035,0.2199,0.1339
03905_01605,39.05,16.05,14400,5.3,0.0,402.7,35.6,0.53,0.9938,0.0062,0.0,0.0,0.0,0.0,0.0,0.0,0.0,0.0,0.0497,0.1843,0.3375,0.4099,0.0186,-0.4977,-0.6282,0.0335
03905_01615,39.05,16.15,14520,301.8,0.0,1135.8,242.1,12.36,0.5633,0.3045,0.1076,0.0245,0.0,0.0,0.0,0.0905,0.0226,0.0416,0.1223,0.1171,0.1604,0.2331,0.2124,-0.0579,-0.366,0.857
03905_01625,39.05,16.25,14280,730.5,119.0,1327.8,305.7,15.19,0.1088,0.2396,0.3029,0.3055,0.0431,0.0,0.0,0.1732,0.1451,0.0893,0.0883,0.0747,0.1208,0.1314,0.1772,0.1863,-0.0907,0.9805
03905_01635,39.05,16.35,14400,883.0,404.5,1409.7,154.2,10.6,0.0,0.0235,0.5551,0.3951,0.0262,0.0,0.0,0.1391,0.1137,0.129,0.1116,0.1347,0.1597,0.1049,0.1074,-0.0327,-0.0069,0.9139
03905_01645,39.05,16.45,14400,883.2,562.8,1252.3,138.1,11.73,0.0,0.0052,0.5516,0.4388,0.0044,0.0,0.0,0.0761,0.155,0.1299,0.094,0.1384,0.2077,0.1482,0.0507,-0.1345,-0.022,0.9503
03905_01655,39.05,16.55,14400,973.7,305.9,1489.6,251.1,13.77,0.0,0.0878,0.3026,0.3758,0.2338,0.0,0.0,0.0369,0.1235,0.1783,0.1041,0.1392,0.2426,0.149,0.0264,-0.2487,-0.0015,0.9488
03905_01665,39.05,16.65,14520,1120.9,286.5,1698.2,381.1,13.96,0.0004,0.1355,0.1737,0.1824,0.4737,0.0344,0.0,0.0217,0.0774,0.1476,0.1496,0.2051,0.256,0.1194,0.0231,-0.413,-0.0082,0.9735
03905_01675,39.05,16.75,14280,824.3,165.0,1547.8,307.3,13.94,0.0291,0.2358,0.3246,0.2731,0.1375,0.0,0.0,0.0792,0.154,0.2602,0.2252,0.1446,0.0901,0.0213,0.0255,-0.1694,0.4337,0.9847
03905_01685,39.05,16.85,14400,146.5,28.9,456.8,70.9,6.5,0.9696,0.0304,0.0,0.0,0.0,0.0,0.0,0.0922,0.1687,0.2068,0.1452,0.1297,0.1316,0.0747,0.051,-0.0776,0.2303,0.8066
03905_01695,39.05,16.95,14400,98.6,17.5,289.6,51.5,4.45,1.0,0.0,0.0,0.0,0.0,0.0,0.0,0.0865,0.0838,0.123,0.1238,0.1314,0.1681,0.1621,0.1214,-0.1074,-0.0985,0.6053
03905_01705,39.05,17.05,14400,103.6,5.3,206.9,49.1,5.27,1.0,0.0,0.0,0.0,0.0,0.0,0.0,0.1956,0.1524,0.123,0.1335,0.1469,0.0519,0.0599,0.1368,0.1264,0.1305,0.6376
03905_01715,39.05,17.15,14520,40.2,-0.0,174.0,54.4,2.44,1.0,0.0,0.0,0.0,0.0,0.0,0.0,0.1398,0.1909,0.2005,0.0969,0.0616,0.0875,0.1326,0.0902,0.1617,0.1512,0.3063
03915_00825,39.15,8.25,14400,37.4,-0.6,202.3,52.2,2.72,1.0,0.0,0.0,0.0,0.0,0.0,0.0,0.1166,0.1084,0.1522,0.1072,0.1037,0.1448,0.1466,0.1206,-0.0071,-0.0318,0.3454
03915_00835,39.15,8.35,14400,1.5,-2.5,88.3,7.3,0.34,1.0,0.0,0.0,0.0,0.0,0.0,0.0,0.033,0.0922,0.5791,0.1217,0.0174,0.0104,0.0904,0.0557,0.0244,0.607,0.0399
03915_00845,39.15,8.45,14400,23.5,-1.5,190.9,28.8,1.59,1.0,0.0,0.0,0.0,0.0,0.0,0.0,0.0633,0.0679,0.1407,0.0893,0.0917,0.1645,0.2657,0.1168,-0.0772,-0.2018,0.1688
03915_00855,39.15,8.55,14520,147.7,7.2,475.5,106.7,6.3,0.8988,0.1012,0.0,0.0,0.0,0.0,0.0,0.0654,0.0778,0.1118,0.12,0.1769,0.2207,0.1308,0.0966,-0.2373,-0.1034,0.5841
03915_00865,39.15,8.65,14280,161.8,40.0,476.7,87.7,7.02,0.8902,0.1098,0.0,0.0,0.0,0.0,0.0,0.0725,0.082,0.1074,0.1532,0.1837,0.1374,0.1604,0.1033,-0.1957,-0.0561,0.6361
03915_00875,39.15,8.75,14400,341.5,95.4,1076.7,214.0,10.41,0.5496,0.31,0.1185,0.0219,0.0,0.0,0.0,0.1117,0.0614,0.0515,0.0809,0.1361,0.1726,0.2145,0.1713,-0.0395,-0.3095,0.7677
03915_00885,39.15,8.85,14400,530.9,155.4,1106.6,185.2,17.2,0.0832,0.6182,0.2473,0.0513,0.0,0.0,0.0,0.111,0.131,0.1638,0.154,0.1066,0.0933,0.1251,0.1154,0.0004,0.0975,0.9872
03915_00895,39.15,8.95,14400,233.1,2.4,718.9,175.8,11.91,0.6569,0.3185,0.0247,0.0,0.0,0.0,0.0,0.12,0.1753,0.211,0.1365,0.0693,0.0662,0.1017,0.1198,0.1204,0.2043,0.7695
03915_00905,39.15,9.05,14520,1.5,-1.0,87.0,5.7,0.19,1.0,0.0,0.0,0.0,0.0,0.0,0.0,0.1644,0.1918,0.5411,0.1027,0.0,0.0,0.0,0.0,0.2216,0.7791,0.0101
03915_00935,39.15,9.35,14400,17.1,0.0,364.9,49.0,2.21,0.9969,0.0031,0.0,0.0,0.0,0.0,0.0,0.0147,0.0314,0.0871,0.1739,0.154,0.1719,0.2232,0.1437,-0.2695,-0.221,0.1745
03915_00945,39.15,9.45,14400,154.7,0.0,680.3,169.6,9.4,0.7888,0.2009,0.0103,0.0,0.0,0.0,0.0,0.0335,0.0462,0.1631,0.1906,0.1447,0.1308,0.1916,0.0996,-0.2451,-0.0207,0.6362
03915_00955,39.15,9.55,14520,51.9,-0.2,528.8,79.6,4.4,0.9842,0.0158,0.0,0.0,0.0,0.0,0.0,0.0775,0.1052,0.2195,0.1385,0.1014,0.1691,0.1231,0.0657,-0.1166,0.0994,0.4183
03915_01605,39.15,16.05,14400,77.2,0.0,871.6,154.2,4.75,0.8931,0.088,0.0189,0.0,0.0,0.0,0.0,0.0663,0.0122,0.0094,0.0523,0.1289,0.147,0.4189,0.165,-0.0859,-0.5994,0.2962
03915_01615,39.15,16.15,14520,605.3,100.5,1154.8,265.1,15.65,0.1216,0.4248,0.2676,0.186,0.0,0.0,0.0,0.0658,0.0432,0.0759,0.1377,0.1383,0.1768,0.2509,0.1114,-0.1922,-0.2572,0.9778
03915_01625,39.15,16.25,14280,677.1,166.0,1288.3,290.9,13.46,0.098,0.3429,0.2896,0.2494,0.0202,0.0,0.0,0.0634,0.0719,0.2111,0.2247,0.1259,0.098,0.1076,0.0974,-0.1757,0.1814,0.9637
03915_01635,39.15,16.35,14400,803.1,300.2,1236.1,189.8,15.13,0.0,0.1683,0.4936,0.3312,0.0069,0.0,0.0,0.1837,0.0544,0.031,0.1037,0.1775,0.1642,0.1222,0.1633,-0.0333,-0.2166,0.9735
03915_01645,39.15,16.45,14400,1141.9,674.8,1526.2,166.7,11.92,0.0,0.0,0.1039,0.4281,0.4681,0.0,0.0,0.1452,0.0853,0.0672,0.1047,0.1974,0.1532,0.1262,0.1206,-0.0891,-0.1213,0.9528
03915_01655,39.15,16.55,14400,1371.1,1102.5,1704.1,118.2,9.74,0.0,0.0,0.0,0.0594,0.9146,0.026,0.0,0.1271,0.0773,0.1053,0.1017,0.1672,0.1431,0.1141,0.1643,-0.0419,-0.1059,0.9077
03915_01665,39.15,16.65,14520,1484.5,908.4,1776.2,157.4,11.68,0.0,0.0,0.0,0.0456,0.661,0.2935,0.0,0.168,0.1695,0.1389,0.1194,0.1497,0.0947,0.0607,0.0991,0.0578,0.1485,0.9393
03915_01675,39.15,16.75,14280,804.4,187.0,1542.7,318.9,16.11,0.0278,0.2952,0.2629,0.2935,0.1206,0.0,0.0,0.1239,0.2487,0.2235,0.1367,0.1506,0.0788,0.0107,0.0271,0.0141,0.4253,0.9855
03915_01685,39.15,16.85,14400,217.5,58.5,507.2,77.7,7.79,0.8692,0.1308,0.0,0.0,0.0,0.0,0.0,0.1176,0.1435,0.1409,0.1428,0.128,0.1043,0.1141,0.1087,-0.0087,0.0772,0.8153
03915_01695,39.15,16.95,14400,151.9,25.0,559.1,89.4,7.49,0.9324,0.0676,0.0,0.0,0.0,0.0,0.0,0.1092,0.1076,0.1771,0.1796,0.1251,0.0699,0.0883,0.1432,-0.0154,0.1448,0.8097
03915_01705,39.15,17.05,14400,50.5,3.8,203.2,35.4,3.54,1.0,0.0,0.0,0.0,0.0,0.0,0.0,0.1533,0.1581,0.1652,0.1291,0.15,0.1005,0.0529,0.0909,0.0141,0.1842,0.4906
03915_01715,39.15,17.15,14520,1.0,0.0,22.8,2.4,0.11,1.0,0.0,0.0,0.0,0.0,0.0,0.0,0.0,0.0,0.2429,0.4429,0.0,0.0,0.1286,0.1857,-0.151,0.3419,0.0048
03925_00835,39.25,8.35,14520,6.1,0.0,154.8,20.2,0.51,1.0,0.0,0.0,0.0,0.0,0.0,0.0,0.0312,0.0403,0.0273,0.0598,0.0637,0.2666,0.2354,0.2757,-0.0343,-0.5368,0.053
03925_00845,39.25,8.45,14520,92.3,0.0,418.7,63.9,4.72,0.9877,0.0123,0.0,0.0,0.0,0.0,0.0,0.1037,0.111,0.105,0.0838,0.1294,0.2131,0.1383,0.1158,-0.0716,-0.1347,0.5188
03925_00855,39.25,8.55,14641,205.7,60.4,604.4,96.9,6.05,0.8116,0.188,0.0005,0.0,0.0,0.0,0.0,0.1596,0.0814,0.0885,0.0888,0.1414,0.1248,0.1241,0.1913,0.0595,-0.1412,0.564
03925_00865,39.25,8.65,14399,273.3,84.3,611.9,151.1,6.94,0.5333,0.4661,0.0006,0.0,0.0,0.0,0.0,0.2058,0.1114,0.108,0.1214,0.1196,0.1279,0.093,0.113,0.0704,0.0088,0.598
03925_00875,39.25,8.75,14520,220.8,54.8,717.4,153.7,7.05,0.6787,0.3099,0.0114,0.0,0.0,0.0,0.0,0.1764,0.1353,0.1491,0.1064,0.1036,0.0912,0.0894,0.1486,0.1331,0.0669,0.5533
03925_00885,39.25,8.85,14520,133.2,20.4,693.3,105.9,5.26,0.9164,0.0821,0.0015,0.0,0.0,0.0,0.0,0.1895,0.2037,0.1696,0.0716,0.0304,0.0403,0.1035,0.1915,0.3693,0.0963,0.4492
03925_00895,39.25,8.95,14520,37.5,-0.4,396.6,46.7,1.74,0.9974,0.0026,0.0,0.0,0.0,0.0,0.0,0.2096,0.2666,0.146,0.1314,0.0999,0.0668,0.0347,0.0451,0.1821,0.3304,0.1269
03925_00905,39.25,9.05,14641,9.0,-2.5,72.6,13.2,0.62,1.0,0.0,0.0,0.0,0.0,0.0,0.0,0.0246,0.0099,0.2167,0.1773,0.0714,0.0764,0.1872,0.2365,-0.09,-0.0736,0.0277
03925_00915,39.25,9.15,14399,25.9,-2.0,129.9,25.5,1.41,1.0,0.0,0.0,0.0,0.0,0.0,0.0,0.0479,0.0762,0.1775,0.0952,0.074,0.266,0.1831,0.0801,-0.1593,-0.1512,0.1248
03925_00925,39.25,9.25,14520,47.5,-1.0,233.4,43.3,1.66,1.0,0.0,0.0,0.0,0.0,0.0,0.0,0.0116,0.0437,0.0959,0.0706,0.1348,0.3197,0.2611,0.0626,-0.326,-0.3593,0.1717
03925_00935,39.25,9.35,14520,302.6,0.0,797.5,209.1,11.1,0.5656,0.3022,0.1322,0.0,0.0,0.0,0.0,0.0786,0.0383,0.0872,0.1127,0.1204,0.1679,0.2294,0.1656,-0.1019,-0.2787,0.8977
03925_00945,39.25,9.45,14520,498.9,74.6,994.3,202.1,14.11,0.203,0.4252,0.3604,0.0114,0.0,0.0,0.0,0.0846,0.1199,0.2027,0.1708,0.1036,0.094,0.1316,0.0929,-0.0563,0.1484,0.9556
03925_00955,39.25,9.55,14641,70.9,-1.0,535.3,67.6,3.83,0.987,0.013,0.0,0.0,0.0,0.0,0.0,0.0836,0.1519,0.2584,0.1708,0.1142,0.0911,0.0743,0.0556,-0.0673,0.3163,0.3732
03925_01605,39.25,16.05,14520,136.5,0.0,892.1,207.1,7.01,0.7782,0.1787,0.0431,0.0,0.0,0.0,0.0,0.1088,0.0179,0.0015,0.0177,0.1374,0.1858,0.3227,0.2082,-0.0232,-0.5871,0.4006
03925_01615,39.25,16.15,14641,850.7,241.3,1521.3,226.6,15.6,0.001,0.1687,0.3554,0.4442,0.0307,0.0,0.0,0.1017,0.1353,0.1906,0.1313,0.0727,0.0738,0.1515,0.1432,0.0862,0.0753,0.9804
03925_01625,39.25,16.25,14399,559.9,216.3,1172.1,204.0,11.09,0.0675,0.5267,0.3339,0.0719,0.0,0.0,0.0,0.1484,0.1922,0.1792,0.0717,0.0396,0.0792,0.1225,0.1671,0.2635,0.07,0.9478
03925_01635,39.25,16.35,14520,833.1,330.2,1639.2,277.7,14.24,0.0,0.247,0.3617,0.2643,0.1262,0.0008,0.0,0.1412,0.0647,0.0174,0.0513,0.1399,0.1918,0.2026,0.1911,0.0153,-0.3869,0.9499
03925_01645,39.25,16.45,14520,1483.9,945.9,1931.3,164.9,11.88,0.0,0.0,0.0,0.0208,0.7309,0.2483,0.0,0.1005,0.1032,0.1227,0.1237,0.1622,0.1636,0.1125,0.1117,-0.1141,-0.0234,0.9351
03925_01655,39.25,16.55,14520,1478.1,1216.9,1875.8,125.8,10.4,0.0,0.0,0.0,0.0,0.8278,0.1722,0.0,0.1534,0.1247,0.1045,0.1267,0.1808,0.1427,0.0505,0.1166,-0.0492,0.0471,0.9159
03925_01665,39.25,16.65,14641,1295.7,827.8,1875.2,166.9,10.85,0.0,0.0,0.006,0.2565,0.6778,0.0596,0.0,0.1416,0.1983,0.1573,0.1523,0.1604,0.1055,0.0326,0.0521,-0.0256,0.2681,0.946
03925_01675,39.25,16.75,14399,795.2,289.9,1369.8,221.1,13.33,0.0003,0.2215,0.4229,0.3348,0.0205,0.0,0.0,0.105,0.1754,0.2377,0.1712,0.1257,0.0868,0.0422,0.0559,-0.0405,0.3485,0.9815
03925_01685,39.25,16.85,14520,320.7,82.2,725.9,126.9,11.04,0.4816,0.4933,0.0251,0.0,0.0,0.0,0.0,0.0603,0.107,0.1934,0.1976,0.1269,0.115,0.1223,0.0774,-0.1638,0.1496,0.9413
03925_01695,39.25,16.95,14520,217.6,41.0,644.6,130.8,9.37,0.7297,0.2685,0.0019,0.0,0.0,0.0,0.0,0.0874,0.144,0.1538,0.1435,0.1563,0.1522,0.0805,0.0823,-0.1212,0.1169,0.8742
03925_01705,39.25,17.05,14520,119.2,9.6,439.9,86.5,6.84,0.9499,0.0501,0.0,0.0,0.0,0.0,0.0,0.1113,0.1357,0.1541,0.1347,0.1589,0.1398,0.0857,0.0798,-0.0919,0.1094,0.7659
03925_01715,39.25,17.15,14641,3.1,0.0,184.7,13.2,0.43,1.0,0.0,0.0,0.0,0.0,0.0,0.0,0.0683,0.1621,0.4881,0.198,0.0683,0.0119,0.0034,0.0,-0.0451,0.7563,0.04
03935_00835,39.35,8.35,14400,8.2,0.0,307.0,30.9,1.08,0.9999,0.0001,0.0,0.0,0.0,0.0,0.0,0.0738,0.0706,0.0119,0.0183,0.0833,0.2159,0.3802,0.146,-0.0148,-0.5784,0.0875
03935_00845,39.35,8.45,14400,348.5,0.0,681.7,170.4,12.93,0.3024,0.6712,0.0263,0.0,0.0,0.0,0.0,0.0792,0.0904,0.1208,0.1116,0.1399,0.1668,0.1716,0.1196,-0.1125,-0.1157,0.8853
03935_00855,39.35,8.55,14520,445.1,136.0,931.1,197.2,12.78,0.2968,0.4474,0.2549,0.001,0.0,0.0,0.0,0.1033,0.1205,0.0847,0.1269,0.2056,0.1886,0.1011,0.0693,-0.1912,-0.0237,0.8601
03935_00865,39.35,8.65,14280,331.2,98.3,900.5,198.3,11.31,0.5155,0.3578,0.1265,0.0001,0.0,0.0,0.0,0.0792,0.0984,0.1634,0.1312,0.186,0.1677,0.1124,0.0619,-0.2138,0.0536,0.6962
03935_00875,39.35,8.75,14400,203.6,56.1,786.9,156.0,6.21,0.7677,0.2015,0.0308,0.0,0.0,0.0,0.0,0.0826,0.13,0.2066,0.2184,0.1917,0.0875,0.0442,0.0391,-0.2106,0.3244,0.5047
03935_00885,39.35,8.85,14400,52.5,15.2,236.0,28.0,1.69,1.0,0.0,0.0,0.0,0.0,0.0,0.0,0.1099,0.1575,0.1556,0.1065,0.1045,0.1526,0.1172,0.0963,0.002,0.0513,0.1428
03935_00895,39.35,8.95,14400,22.7,3.7,71.8,11.0,0.37,1.0,0.0,0.0,0.0,0.0,0.0,0.0,0.3182,0.0,0.0,0.0,0.0,0.0,0.0,0.6818,0.802,-0.5557,0.0015
03935_00905,39.35,9.05,14520,65.4,9.8,216.3,35.3,1.57,1.0,0.0,0.0,0.0,0.0,0.0,0.0,0.0845,0.1166,0.1231,0.0915,0.1036,0.1726,0.2106,0.0975,-0.0526,-0.1381,0.1377
03935_00915,39.35,9.15,14280,147.9,48.2,375.1,54.9,2.86,0.9931,0.0069,0.0,0.0,0.0,0.0,0.0,0.0998,0.053,0.0425,0.0876,0.1166,0.2048,0.2445,0.1511,-0.0776,-0.3655,0.3262
03935_00925,39.35,9.25,14400,457.1,109.7,1059.1,235.3,11.1,0.3192,0.4033,0.2385,0.039,0.0,0.0,0.0,0.0804,0.0634,0.0745,0.1103,0.1451,0.2107,0.1884,0.1272,-0.1646,-0.2355,0.8812
03935_00935,39.35,9.35,14400,496.4,184.3,958.7,132.9,13.66,0.0669,0.7196,0.2101,0.0034,0.0,0.0,0.0,0.1067,0.1364,0.1438,0.1454,0.1569,0.1364,0.0976,0.0769,-0.1034,0.0966,0.9693
03935_00945,39.35,9.45,14400,327.7,23.5,943.3,173.2,16.61,0.4883,0.4374,0.0737,0.0006,0.0,0.0,0.0,0.1358,0.1319,0.1687,0.1494,0.1025,0.092,0.1047,0.1151,0.0355,0.116,0.9704
03935_00955,39.35,9.55,14520,89.5,-1.0,630.7,105.9,7.6,0.939,0.0607,0.0003,0.0,0.0,0.0,0.0,0.082,0.102,0.1619,0.1835,0.1129,0.139,0.1263,0.0925,-0.1205,0.0779,0.5578
03935_00965,39.35,9.65,14280,2.3,-0.4,289.3,15.8,0.4,1.0,0.0,0.0,0.0,0.0,0.0,0.0,0.2204,0.2186,0.1985,0.1348,0.0692,0.0455,0.0383,0.0747,0.2493,0.3293,0.0384
03935_01605,39.35,16.05,14400,358.8,0.0,1384.8,392.7,10.58,0.5569,0.1524,0.1524,0.1226,0.0157,0.0,0.0,0.0392,0.008,0.0495,0.0209,0.0785,0.3011,0.3893,0.1135,-0.1941,-0.6287,0.65
03935_01615,39.35,16.15,14520,582.4,201.4,1254.9,277.0,12.19,0.1471,0.4526,0.2149,0.1767,0.0086,0.0,0.0,0.1181,0.1885,0.2799,0.1394,0.0727,0.0302,0.0622,0.1089,0.1449,0.3613,0.9499
03935_01625,39.35,16.25,14280,257.5,128.0,608.5,85.8,6.51,0.7404,0.2593,0.0003,0.0,0.0,0.0,0.0,0.155,0.1002,0.0952,0.1045,0.0941,0.122,0.2,0.1289,0.0683,-0.1387,0.6525
03935_01635,39.35,16.35,14400,950.0,292.0,1794.8,295.4,15.91,0.0003,0.107,0.3783,0.3108,0.1783,0.0253,0.0,0.1265,0.0624,0.0311,0.0565,0.1267,0.1969,0.2295,0.1704,-0.0117,-0.3825,0.993
03935_01645,39.35,16.45,14400,1338.9,1134.0,1809.7,170.5,7.24,0.0,0.0,0.0,0.2846,0.603,0.1124,0.0,0.2025,0.1784,0.1689,0.1232,0.082,0.0419,0.0497,0.1532,0.2422,0.1997,0.75
03935_01655,39.35,16.55,14400,1356.3,1129.4,1728.1,133.8,7.63,0.0,0.0,0.0,0.1608,0.7905,0.0487,0.0,0.1928,0.104,0.0585,0.077,0.1343,0.1314,0.1241,0.1779,0.1149,-0.1606,0.8009
03935_01665,39.35,16.65,14520,1311.8,701.1,1708.3,178.9,12.61,0.0,0.0,0.0209,0.1986,0.7466,0.034,0.0,0.1099,0.2179,0.1664,0.1051,0.1253,0.1497,0.069,0.0567,-0.0035,0.1867,0.9528
03935_01675,39.35,16.75,14280,997.8,510.4,1474.7,200.6,14.18,0.0,0.0146,0.3238,0.498,0.1636,0.0,0.0,0.1167,0.1926,0.1746,0.1267,0.1421,0.1115,0.0783,0.0575,-0.0162,0.2056,0.9688
03935_01685,39.35,16.85,14400,561.1,194.8,940.1,125.0,10.84,0.0292,0.617,0.3526,0.0012,0.0,0.0,0.0,0.0846,0.211,0.1819,0.1046,0.1142,0.1444,0.0993,0.0601,-0.0135,0.1679,0.9377
03935_01695,39.35,16.95,14400,324.3,71.3,717.2,135.2,11.31,0.4901,0.4852,0.0247,0.0,0.0,0.0,0.0,0.1338,0.193,0.1752,0.1129,0.1112,0.1009,0.0865,0.0865,0.0757,0.1746,0.9546
03935_01705,39.35,17.05,14400,146.1,9.7,449.9,84.3,8.52,0.9316,0.0684,0.0,0.0,0.0,0.0,0.0,0.1298,0.1324,0.1656,0.1317,0.1204,0.0987,0.1049,0.1165,0.0207,0.0973,0.8477
03935_01715,39.35,17.15,14520,7.6,0.0,133.9,18.1,0.73,1.0,0.0,0.0,0.0,0.0,0.0,0.0,0.1068,0.097,0.3772,0.2553,0.0694,0.0009,0.0276,0.0658,-0.0432,0.559,0.0774
03945_00835,39.45,8.35,14280,3.3,0.0,194.1,17.5,0.46,1.0,0.0,0.0,0.0,0.0,0.0,0.0,0.0309,0.0042,0.0,0.0,0.0463,0.2669,0.4635,0.1882,-0.0655,-0.8004,0.0499
03945_00845,39.45,8.45,14280,207.6,0.0,640.1,144.1,11.64,0.7631,0.2332,0.0037,0.0,0.0,0.0,0.0,0.151,0.1049,0.0775,0.0996,0.0979,0.1125,0.1734,0.1833,0.1072,-0.1627,0.8868
03945_00855,39.45,8.55,14399,461.1,63.5,1076.9,211.0,14.25,0.2398,0.5027,0.2283,0.0292,0.0,0.0,0.0,0.1682,0.1348,0.0681,0.0702,0.1162,0.1618,0.1458,0.1349,0.0829,-0.1433,0.9519
03945_00865,39.45,8.65,14161,574.2,146.6,1223.0,242.4,17.82,0.1652,0.3622,0.3703,0.102,0.0003,0.0,0.0,0.1841,0.1778,0.1329,0.1006,0.0944,0.1271,0.0623,0.1207,0.141,0.0912,0.9563
03945_00875,39.45,8.75,14280,226.2,72.6,874.2,144.0,7.08,0.7855,0.181,0.0335,0.0,0.0,0.0,0.0,0.1602,0.216,0.175,0.1765,0.0979,0.0368,0.0429,0.0947,0.133,0.3251,0.4931
03945_00885,39.45,8.85,14280,63.5,30.3,172.3,17.9,0.63,1.0,0.0,0.0,0.0,0.0,0.0,0.0,0.141,0.1982,0.2599,0.1806,0.0793,0.0352,0.0352,0.0705,0.0971,0.425,0.0159
03945_00895,39.45,8.95,14280,68.7,24.5,196.0,26.3,1.08,1.0,0.0,0.0,0.0,0.0,0.0,0.0,0.0381,0.0805,0.1059,0.0508,0.0466,0.3023,0.2514,0.1243,-0.1091,-0.3714,0.0496
03945_00905,39.45,9.05,14399,127.1,49.4,255.0,37.1,2.45,1.0,0.0,0.0,0.0,0.0,0.0,0.0,0.0465,0.086,0.1795,0.0739,0.1206,0.2286,0.2066,0.0584,-0.1936,-0.1185,0.2868
03945_00915,39.45,9.15,14161,233.6,98.1,567.9,86.0,5.61,0.7769,0.2231,0.0,0.0,0.0,0.0,0.0,0.1026,0.074,0.0566,0.0892,0.1033,0.2095,0.2184,0.1465,-0.0559,-0.3052,0.6216
03945_00925,39.45,9.25,14280,546.9,236.9,885.6,133.8,11.77,0.0235,0.625,0.3515,0.0,0.0,0.0,0.0,0.1352,0.1124,0.0982,0.0979,0.1148,0.1616,0.1747,0.105,-0.0125,-0.1201,0.9487
03945_00935,39.45,9.35,14280,531.7,155.9,959.2,136.1,13.08,0.0545,0.6358,0.3022,0.0075,0.0,0.0,0.0,0.1267,0.165,0.1292,0.1303,0.1109,0.1009,0.1126,0.1243,0.0612,0.069,0.9232
03945_00945,39.45,9.45,14280,357.2,21.7,758.6,167.7,17.07,0.377,0.5599,0.0631,0.0,0.0,0.0,0.0,0.1285,0.1231,0.1347,0.1444,0.117,0.1188,0.117,0.1166,-0.0073,0.0399,0.9734
03945_00955,39.45,9.55,14399,154.3,0.0,637.8,123.0,12.65,0.8558,0.1438,0.0003,0.0,0.0,0.0,0.0,0.1171,0.1449,0.18,0.1457,0.0999,0.101,0.1261,0.0853,0.001,0.1311,0.8389
03945_00965,39.45,9.65,14161,15.2,-1.0,228.4,36.0,1.88,1.0,0.0,0.0,0.0,0.0,0.0,0.0,0.1036,0.1011,0.1595,0.1558,0.133,0.0975,0.144,0.1056,-0.0588,0.0563,0.1732
03945_01595,39.45,15.95,14280,44.8,0.0,738.2,126.2,2.7,0.9375,0.0499,0.0127,0.0,0.0,0.0,0.0,0.0387,0.0025,0.0299,0.0901,0.2121,0.2601,0.2542,0.1124,-0.3669,-0.4261,0.1664
03945_01605,39.45,16.05,14280,710.4,0.0,1413.3,368.5,16.26,0.1687,0.2137,0.2412,0.3022,0.0741,0.0,0.0,0.0575,0.0814,0.0884,0.0817,0.1096,0.179,0.2395,0.1629,-0.068,-0.2868,0.9639
03945_01615,39.45,16.15,14399,361.2,110.8,975.1,167.9,9.53,0.4418,0.4384,0.1167,0.0031,0.0,0.0,0.0,0.1436,0.196,0.2266,0.1688,0.1226,0.0587,0.0229,0.0609,0.0434,0.389,0.9312
03945_01625,39.45,16.25,14161,199.5,79.5,610.6,105.3,5.81,0.8413,0.1585,0.0002,0.0,0.0,0.0,0.0,0.1558,0.0574,0.06,0.0817,0.0891,0.1416,0.2489,0.1656,0.0679,-0.3144,0.5851
03945_01635,39.45,16.35,14280,822.2,210.6,1388.5,254.6,14.07,0.0121,0.1892,0.4202,0.3001,0.0784,0.0,0.0,0.1509,0.1294,0.0629,0.0635,0.108,0.1476,0.1668,0.1708,0.1117,-0.2005,0.9842
03945_01645,39.45,16.45,14280,1050.6,466.9,1461.1,160.7,10.86,0.0,0.0121,0.1725,0.6803,0.1351,0.0,0.0,0.1641,0.1458,0.1218,0.0783,0.0802,0.1156,0.1388,0.1554,0.1617,-0.0491,0.8357
03945_01655,39.45,16.55,14280,1204.5,736.1,1645.2,153.7,12.74,0.0,0.0,0.0147,0.5121,0.4693,0.0039,0.0,0.136,0.1315,0.1153,0.0885,0.1164,0.1424,0.1365,0.1334,0.0447,-0.0618,0.9493
03945_01665,39.45,16.65,14399,903.4,251.3,1626.3,312.9,20.64,0.0075,0.1764,0.338,0.2806,0.1961,0.0015,0.0,0.1633,0.1317,0.1823,0.1506,0.1114,0.0433,0.0918,0.1257,0.0997,0.1757,0.9899
03945_01675,39.45,16.75,14161,620.8,165.9,1066.7,228.5,14.95,0.0666,0.4491,0.3186,0.1657,0.0,0.0,0.0,0.1683,0.176,0.1257,0.1135,0.0806,0.085,0.1231,0.1279,0.168,0.0578,0.9665
03945_01685,39.45,16.85,14280,439.9,55.4,881.2,191.4,12.59,0.2947,0.4352,0.2701,0.0,0.0,0.0,0.0,0.1365,0.2436,0.1536,0.0867,0.117,0.0999,0.0858,0.0769,0.1156,0.1855,0.9678
03945_01695,39.45,16.95,14280,158.9,0.0,499.5,102.0,9.11,0.8901,0.1099,0.0,0.0,0.0,0.0,0.0,0.1549,0.1796,0.1448,0.1261,0.0846,0.0816,0.0959,0.1325,0.1507,0.1156,0.82
03945_01705,39.45,17.05,14280,46.2,0.0,387.7,73.7,3.25,0.9905,0.0095,0.0,0.0,0.0,0.0,0.0,0.1475,0.2355,0.1751,0.1265,0.0743,0.0449,0.0524,0.1438,0.2211,0.2556,0.3432
03955_00845,39.55,8.45,14400,61.1,0.0,346.4,76.6,4.21,0.9981,0.0019,0.0,0.0,0.0,0.0,0.0,0.1291,0.1045,0.0349,0.0421,0.1009,0.13,0.2048,0.2537,0.1514,-0.3518,0.4812
03955_00855,39.55,8.55,14520,325.6,55.9,754.0,117.0,11.45,0.4638,0.5145,0.0218,0.0,0.0,0.0,0.0,0.1267,0.112,0.1098,0.1277,0.1372,0.1406,0.1182,0.1278,-0.031,-0.0288,0.9355
03955_00865,39.55,8.65,14280,130.4,41.8,546.6,84.7,3.58,0.937,0.063,0.0,0.0,0.0,0.0,0.0,0.1149,0.2209,0.1934,0.1629,0.1391,0.0597,0.0464,0.0627,0.0164,0.3438,0.2523
03955_00875,39.55,8.75,14400,70.4,34.5,261.4,29.8,0.86,1.0,0.0,0.0,0.0,0.0,0.0,0.0,0.0337,0.0861,0.0599,0.1124,0.1461,0.2584,0.2772,0.0262,-0.3334,-0.2663,0.0185
03955_00885,39.55,8.85,14400,94.1,49.6,295.9,45.7,1.3,1.0,0.0,0.0,0.0,0.0,0.0,0.0,0.0095,0.0136,0.0606,0.1519,0.1505,0.2384,0.3222,0.0531,-0.3729,-0.36,0.1019
03955_00895,39.55,8.95,14400,137.5,55.3,368.0,53.0,3.81,0.9897,0.0103,0.0,0.0,0.0,0.0,0.0,0.0922,0.156,0.125,0.0895,0.0881,0.1861,0.1721,0.091,-0.0158,-0.0703,0.4322
03955_00905,39.55,9.05,14520,212.9,125.3,465.3,57.3,3.48,0.9147,0.0853,0.0,0.0,0.0,0.0,0.0,0.107,0.1783,0.093,0.0588,0.1337,0.2381,0.1143,0.0768,-0.0568,-0.0787,0.4472
03955_00915,39.55,9.15,14280,272.8,147.5,544.0,85.8,4.48,0.6267,0.3733,0.0,0.0,0.0,0.0,0.0,0.0553,0.0346,0.074,0.0902,0.1449,0.2292,0.2332,0.1387,-0.1983,-0.3424,0.5736
03955_00925,39.55,9.25,14400,503.1,114.2,835.3,117.5,10.67,0.0341,0.7641,0.2018,0.0,0.0,0.0,0.0,0.1559,0.1383,0.1218,0.1121,0.0953,0.113,0.1233,0.1404,0.1019,-0.0041,0.9222
03955_00935,39.55,9.35,14400,269.0,60.9,584.8,121.8,14.09,0.5988,0.4012,0.0,0.0,0.0,0.0,0.0,0.1218,0.1382,0.1477,0.138,0.1047,0.1048,0.1142,0.1306,0.0381,0.0643,0.9388
03955_00945,39.55,9.45,14400,383.9,37.4,674.9,154.7,14.48,0.3053,0.658,0.0367,0.0,0.0,0.0,0.0,0.1132,0.1225,0.1207,0.1045,0.1292,0.1806,0.1294,0.0998,-0.0646,-0.0455,0.8642
03955_00955,39.55,9.55,14520,283.7,3.1,672.6,178.9,10.72,0.5031,0.4935,0.0034,0.0,0.0,0.0,0.0,0.1025,0.2049,0.237,0.1312,0.0962,0.1037,0.0631,0.0614,0.0294,0.3034,0.8357
03955_00965,39.55,9.65,14280,63.0,-0.6,575.7,114.3,5.06,0.9356,0.0644,0.0,0.0,0.0,0.0,0.0,0.0306,0.0561,0.2365,0.1577,0.108,0.1432,0.1691,0.0987,-0.1835,0.0526,0.352
03955_01585,39.55,15.85,14400,32.2,0.0,540.7,88.1,2.53,0.9628,0.0372,0.0,0.0,0.0,0.0,0.0,0.0567,0.0024,0.0008,0.0523,0.1872,0.1919,0.3216,0.1872,-0.188,-0.5617,0.174
03955_01595,39.55,15.95,14400,477.2,0.0,1069.7,291.2,13.56,0.2854,0.3415,0.3069,0.0662,0.0,0.0,0.0,0.1175,0.0396,0.0458,0.1204,0.1842,0.1841,0.1525,0.1559,-0.1488,-0.2377,0.8726
03955_01605,39.55,16.05,14400,661.2,229.5,1187.3,203.6,14.08,0.0192,0.3982,0.4481,0.1346,0.0,0.0,0.0,0.1465,0.1513,0.1575,0.1124,0.0879,0.0875,0.1256,0.1312,0.121,0.0668,0.981
03955_01615,39.55,16.15,14520,268.1,90.7,942.0,130.2,8.42,0.7406,0.2225,0.0357,0.0011,0.0,0.0,0.0,0.1895,0.1352,0.1795,0.1837,0.1213,0.0344,0.0354,0.121,0.0944,0.2653,0.8439
03955_01625,39.55,16.25,14280,154.5,54.5,436.1,82.8,5.77,0.9263,0.0737,0.0,0.0,0.0,0.0,0.0,0.1142,0.085,0.0861,0.0966,0.1158,0.1285,0.2101,0.1636,0.0163,-0.2066,0.6408
03955_01635,39.55,16.35,14400,517.6,167.0,984.4,168.5,9.69,0.094,0.571,0.3314,0.0035,0.0,0.0,0.0,0.1786,0.1315,0.0933,0.0403,0.0675,0.1158,0.1709,0.2022,0.243,-0.1862,0.959
03955_01645,39.55,16.45,14400,627.7,145.7,1125.7,224.4,11.3,0.0944,0.3389,0.4509,0.1158,0.0,0.0,0.0,0.1619,0.1645,0.1944,0.0849,0.0434,0.0425,0.1036,0.2048,0.2947,0.0914,0.9676
03955_01655,39.55,16.55,14400,643.0,80.8,1304.7,311.1,16.07,0.1759,0.2805,0.2839,0.2478,0.0119,0.0,0.0,0.1569,0.1527,0.1798,0.0741,0.0324,0.048,0.1631,0.1931,0.2899,0.0064,0.9743
03955_01665,39.55,16.65,14520,394.5,26.0,1037.0,258.2,14.09,0.4368,0.3086,0.2277,0.0269,0.0,0.0,0.0,0.1605,0.1713,0.2124,0.1145,0.0392,0.0177,0.0834,0.201,0.2986,0.1798,0.9087
03955_01675,39.55,16.75,14280,170.3,2.5,596.0,104.5,8.96,0.8721,0.1279,0.0,0.0,0.0,0.0,0.0,0.0861,0.1693,0.2077,0.0969,0.0239,0.0633,0.189,0.1639,0.1943,0.0434,0.8334
03955_01685,39.55,16.85,14400,56.8,0.0,378.6,77.7,4.6,0.9881,0.0119,0.0,0.0,0.0,0.0,0.0,0.1387,0.1999,0.2086,0.1336,0.0608,0.0435,0.0712,0.1437,0.2006,0.2451,0.4708
03955_01695,39.55,16.95,14400,3.0,0.0,147.6,14.0,0.43,1.0,0.0,0.0,0.0,0.0,0.0,0.0,0.2839,0.2104,0.1534,0.1255,0.0127,0.0,0.0317,0.1825,0.4801,0.2361,0.0548
03965_00845,39.65,8.45,14400,50.1,0.0,401.0,70.2,3.05,0.9928,0.0072,0.0,0.0,0.0,0.0,0.0,0.1147,0.0635,0.0284,0.0384,0.1218,0.2031,0.2448,0.1853,-0.0006,-0.4272,0.3906
03965_00855,39.65,8.55,14520,165.2,-1.5,595.4,137.9,7.79,0.8153,0.1847,0.0,0.0,0.0,0.0,0.0,0.1662,0.2143,0.1359,0.09,0.087,0.0821,0.1029,0.1215,0.1984,0.1099,0.6282
03965_00865,39.65,8.65,14280,27.5,1.3,251.9,19.1,0.85,1.0,0.0,0.0,0.0,0.0,0.0,0.0,0.3168,0.1716,0.119,0.0587,0.0819,0.0603,0.0479,0.1437,0.3901,0.0963,0.0453
03965_00875,39.65,8.75,14400,73.8,19.3,265.7,43.4,1.97,1.0,0.0,0.0,0.0,0.0,0.0,0.0,0.1084,0.0602,0.0762,0.1148,0.1155,0.1304,0.2792,0.1152,-0.0549,-0.2583,0.196
03965_00885,39.65,8.85,14400,214.4,65.8,399.2,70.1,5.99,0.8738,0.1262,0.0,0.0,0.0,0.0,0.0,0.11,0.1335,0.1494,0.0961,0.1004,0.1507,0.1514,0.1085,0.0094,-0.0223,0.7533
03965_00895,39.65,8.95,14400,160.1,98.5,303.8,40.5,3.54,0.9997,0.0003,0.0,0.0,0.0,0.0,0.0,0.0611,0.147,0.1689,0.0414,0.0632,0.2421,0.2142,0.0621,-0.0508,-0.1298,0.3958
03965_00905,39.65,9.05,14520,285.1,142.4,500.9,63.5,5.64,0.5662,0.4338,0.0,0.0,0.0,0.0,0.0,0.1191,0.1142,0.091,0.0911,0.1105,0.1773,0.1817,0.1151,-0.0184,-0.156,0.7498
03965_00915,39.65,9.15,14280,420.5,254.0,623.1,61.5,5.59,0.0175,0.9789,0.0036,0.0,0.0,0.0,0.0,0.0816,0.0975,0.1434,0.1244,0.1112,0.1733,0.1789,0.0897,-0.1111,-0.0672,0.7569
03965_00925,39.65,9.25,14400,385.8,115.0,687.5,103.8,7.2,0.2694,0.7146,0.016,0.0,0.0,0.0,0.0,0.0891,0.1001,0.1364,0.1485,0.147,0.1812,0.1232,0.0744,-0.1736,0.0069,0.6948
03965_00935,39.65,9.35,14400,375.3,118.8,725.5,140.8,10.74,0.3515,0.5485,0.1001,0.0,0.0,0.0,0.0,0.0627,0.0772,0.1591,0.1649,0.1533,0.1739,0.1287,0.0802,-0.2221,0.0224,0.8884
03965_00945,39.65,9.45,14400,498.9,151.5,738.9,113.2,8.56,0.0766,0.741,0.1824,0.0,0.0,0.0,0.0,0.0735,0.1204,0.1282,0.1061,0.1184,0.1606,0.1788,0.114,-0.0696,-0.0842,0.7605
03965_00955,39.65,9.55,14520,304.8,32.1,750.6,178.3,13.6,0.5481,0.3791,0.0728,0.0,0.0,0.0,0.0,0.0856,0.1472,0.1887,0.134,0.124,0.1404,0.119,0.0611,-0.0849,0.1269,0.9031
03965_00965,39.65,9.65,14280,114.0,0.0,588.9,152.8,7.69,0.8386,0.1614,0.0,0.0,0.0,0.0,0.0,0.0582,0.1696,0.2749,0.1097,0.0738,0.0771,0.1461,0.0906,0.0403,0.2157,0.496
03965_01585,39.65,15.85,14400,197.9,0.0,1206.7,233.6,9.08,0.7106,0.2175,0.0594,0.0124,0.0001,0.0,0.0,0.0789,0.0234,0.0068,0.047,0.1368,0.2144,0.3488,0.1439,-0.1321,-0.5541,0.6206
03965_01595,39.65,15.95,14400,935.0,128.0,1835.4,354.2,22.83,0.0217,0.1589,0.3183,0.2662,0.1942,0.0406,0.0,0.0879,0.1192,0.1185,0.124,0.1822,0.1502,0.1264,0.0916,-0.1435,-0.0109,0.9912
03965_01605,39.65,16.05,14400,434.8,180.4,1248.7,198.9,11.67,0.2578,0.5759,0.1162,0.0495,0.0006,0.0,0.0,0.108,0.1829,0.1508,0.169,0.1534,0.1077,0.0541,0.0741,-0.0568,0.2202,0.9185
03965_01615,39.65,16.15,14520,207.4,90.7,507.9,74.4,5.41,0.8833,0.1167,0.0,0.0,0.0,0.0,0.0,0.1111,0.1069,0.1633,0.2409,0.161,0.0782,0.0479,0.0907,-0.1402,0.2488,0.6744
03965_01625,39.65,16.25,14280,142.3,41.8,405.4,72.8,5.21,0.9649,0.0351,0.0,0.0,0.0,0.0,0.0,0.1137,0.0698,0.0693,0.1685,0.1032,0.098,0.1814,0.1961,0.0118,-0.1564,0.6153
03965_01635,39.65,16.35,14400,162.8,18.5,416.9,100.4,7.19,0.8636,0.1364,0.0,0.0,0.0,0.0,0.0,0.1605,0.137,0.1873,0.1513,0.0755,0.0552,0.0717,0.1615,0.1489,0.1688,0.7778
03965_01645,39.65,16.45,14400,73.8,3.0,378.1,65.8,3.81,0.9933,0.0067,0.0,0.0,0.0,0.0,0.0,0.1386,0.1359,0.2041,0.1358,0.0137,0.0154,0.1249,0.2316,0.283,0.099,0.447
03965_01655,39.65,16.55,14400,21.3,-0.4,221.0,33.4,1.08,1.0,0.0,0.0,0.0,0.0,0.0,0.0,0.2148,0.2203,0.2136,0.037,0.0018,0.0079,0.0862,0.2184,0.493,0.1504,0.1144
03965_01665,39.65,16.65,14520,4.6,0.0,114.1,11.5,0.29,1.0,0.0,0.0,0.0,0.0,0.0,0.0,0.5063,0.2089,0.0759,0.0,0.0,0.0,0.0886,0.1203,0.7599,0.0833,0.0109
03965_01675,39.65,16.75,14280,2.8,0.0,93.7,8.4,0.29,1.0,0.0,0.0,0.0,0.0,0.0,0.0,0.237,0.2725,0.128,0.0047,0.0,0.0024,0.1659,0.1896,0.5707,0.0302,0.0296
03975_00845,39.75,8.45,14520,11.3,-0.5,92.3,24.0,1.11,1.0,0.0,0.0,0.0,0.0,0.0,0.0,0.0471,0.2196,0.1852,0.0416,0.096,0.0815,0.2413,0.0876,0.0693,0.0164,0.1242
03975_00855,39.75,8.55,14641,3.3,-3.5,47.3,3.3,0.26,1.0,0.0,0.0,0.0,0.0,0.0,0.0,0.0976,0.7561,0.1463,0.0,0.0,0.0,0.0,0.0,0.6234,0.6947,0.0028
03975_00865,39.75,8.65,14399,30.8,-2.5,326.2,46.4,1.43,0.9991,0.0009,0.0,0.0,0.0,0.0,0.0,0.0545,0.0123,0.0023,0.0353,0.0622,0.2066,0.4324,0.1943,-0.0353,-0.7007,0.0904
03975_00875,39.75,8.75,14520,360.4,19.5,800.2,196.8,8.77,0.4481,0.4083,0.1437,0.0,0.0,0.0,0.0,0.0329,0.072,0.1738,0.1478,0.1431,0.1995,0.1621,0.0687,-0.263,-0.024,0.8625
03975_00885,39.75,8.85,14520,204.6,95.6,518.5,75.4,5.17,0.9238,0.0762,0.0,0.0,0.0,0.0,0.0,0.0862,0.1049,0.1442,0.1169,0.1244,0.1797,0.1607,0.083,-0.1159,-0.0489,0.6738
03975_00895,39.75,8.95,14520,395.3,149.3,606.7,157.6,4.82,0.3554,0.6428,0.0018,0.0,0.0,0.0,0.0,0.1326,0.0824,0.0334,0.0728,0.2031,0.2688,0.1359,0.071,-0.2112,-0.2454,0.4161
03975_00905,39.75,9.05,14641,379.1,176.7,727.9,104.6,6.32,0.2075,0.7558,0.0367,0.0,0.0,0.0,0.0,0.0937,0.0979,0.1389,0.1347,0.108,0.1667,0.1719,0.0882,-0.096,-0.0441,0.6881
03975_00915,39.75,9.15,14399,550.1,373.4,817.5,84.0,6.0,0.0,0.73,0.27,0.0,0.0,0.0,0.0,0.0898,0.1124,0.1038,0.0872,0.1682,0.2407,0.107,0.0909,-0.1694,-0.0998,0.7537
03975_00925,39.75,9.25,14520,529.0,260.5,1066.5,148.3,12.88,0.0968,0.5879,0.3056,0.0097,0.0,0.0,0.0,0.0832,0.1348,0.1434,0.0819,0.1101,0.1771,0.1598,0.1098,-0.0393,-0.0699,0.889
03975_00935,39.75,9.35,14520,723.0,236.0,1205.5,183.4,13.8,0.0114,0.2443,0.5633,0.1807,0.0003,0.0,0.0,0.0652,0.1654,0.1777,0.1554,0.1546,0.153,0.079,0.0496,-0.1576,0.1824,0.9554
03975_00945,39.75,9.45,14520,611.0,231.5,978.2,137.6,13.91,0.0033,0.4457,0.5459,0.0051,0.0,0.0,0.0,0.1309,0.0861,0.0821,0.1229,0.1559,0.1533,0.1454,0.1234,-0.0745,-0.1154,0.9521
03975_00955,39.75,9.55,14641,445.0,36.7,872.7,232.0,13.28,0.3556,0.2942,0.3502,0.0,0.0,0.0,0.0,0.098,0.1943,0.2615,0.0921,0.0843,0.1244,0.0862,0.0593,0.0436,0.2509,0.9074
03975_00965,39.75,9.65,14399,151.8,0.0,848.6,182.5,10.04,0.7935,0.1803,0.0262,0.0,0.0,0.0,0.0,0.1236,0.1557,0.183,0.1658,0.0932,0.0901,0.0722,0.1164,0.0442,0.1971,0.6064
03975_01585,39.75,15.85,14520,225.5,0.0,979.6,221.7,10.26,0.6683,0.2561,0.0712,0.0044,0.0,0.0,0.0,0.1583,0.0725,0.037,0.0389,0.0897,0.1626,0.2255,0.2155,0.1381,-0.3822,0.7269
03975_01595,39.75,15.95,14520,876.1,92.8,1931.7,401.8,21.73,0.0523,0.2189,0.3072,0.1977,0.1664,0.0574,0.0,0.171,0.086,0.0512,0.083,0.1108,0.1141,0.1864,0.1976,0.1234,-0.2438,0.9901
03975_01605,39.75,16.05,14520,1211.5,336.4,1970.3,342.9,16.94,0.0,0.0654,0.144,0.1857,0.4966,0.1083,0.0,0.0766,0.0773,0.1931,0.1976,0.1581,0.14,0.0966,0.0608,-0.2294,0.1504,0.9877
03975_01615,39.75,16.15,14641,545.2,151.0,1680.4,307.3,11.42,0.1908,0.5103,0.1556,0.0874,0.0535,0.0024,0.0,0.0668,0.1642,0.2207,0.212,0.1822,0.0973,0.0315,0.0253,-0.2045,0.3785,0.9574
03975_01625,39.75,16.25,14399,213.0,38.7,658.4,148.5,5.14,0.7221,0.2569,0.021,0.0,0.0,0.0,0.0,0.0788,0.088,0.1475,0.1245,0.2616,0.172,0.0865,0.0411,-0.3121,0.0582,0.5992
03975_01635,39.75,16.35,14520,104.6,13.3,575.5,100.5,3.5,0.9362,0.0638,0.0,0.0,0.0,0.0,0.0,0.0425,0.111,0.196,0.2838,0.1907,0.065,0.0687,0.0425,-0.3032,0.3334,0.3922
03975_01645,39.75,16.45,14520,14.5,-0.7,79.6,14.8,0.43,1.0,0.0,0.0,0.0,0.0,0.0,0.0,0.1509,0.0943,0.4717,0.0,0.0,0.0,0.1132,0.1698,0.3302,0.2925,0.0037
03975_01655,39.75,16.55,14520,0.2,-0.3,16.9,1.0,0.05,1.0,0.0,0.0,0.0,0.0,0.0,0.0,0.0,0.0,0.0,0.0,0.0,0.0,0.0,0.0,0.0,0.0,0.0
03985_00845,39.85,8.45,14400,0.6,-1.5,53.8,4.3,0.16,1.0,0.0,0.0,0.0,0.0,0.0,0.0,0.0495,0.033,0.2871,0.1089,0.0231,0.3432,0.0924,0.0627,-0.2536,0.0251,0.021
03985_00855,39.85,8.55,14520,0.9,-6.1,17.4,2.4,0.2,1.0,0.0,0.0,0.0,0.0,0.0,0.0,0.0,1.0,0.0,0.0,0.0,0.0,0.0,0.0,0.5725,0.8181,0.0002
03985_00865,39.85,8.65,14280,19.3,-2.5,191.7,21.9,0.78,1.0,0.0,0.0,0.0,0.0,0.0,0.0,0.0442,0.0,0.0,0.0,0.0,0.0321,0.3655,0.5582,0.4128,-0.8086,0.0174
03985_00875,39.85,8.75,14400,260.6,16.0,756.5,181.1,7.12,0.6274,0.3286,0.044,0.0,0.0,0.0,0.0,0.1887,0.1635,0.1104,0.0472,0.0401,0.0707,0.1731,0.2063,0.3398,-0.1093,0.6927
03985_00885,39.85,8.85,14400,274.0,91.4,474.4,67.3,5.52,0.6894,0.3106,0.0,0.0,0.0,0.0,0.0,0.089,0.1327,0.136,0.1201,0.1458,0.15,0.1236,0.1028,-0.0793,0.0128,0.6969
03985_00895,39.85,8.95,14400,284.4,90.2,578.8,83.7,8.3,0.6381,0.3619,0.0,0.0,0.0,0.0,0.0,0.1193,0.146,0.1061,0.0964,0.0953,0.1389,0.1636,0.1345,0.0549,-0.0828,0.8275
03985_00905,39.85,9.05,14520,493.1,245.1,836.8,143.8,7.35,0.0186,0.7034,0.278,0.0,0.0,0.0,0.0,0.0772,0.0849,0.0621,0.0658,0.1445,0.2436,0.2041,0.1178,-0.1443,-0.2984,0.8098
03985_00915,39.85,9.15,14280,711.7,310.8,1079.2,122.3,8.56,0.0,0.1784,0.8049,0.0167,0.0,0.0,0.0,0.0588,0.1729,0.1536,0.0804,0.1301,0.2549,0.1063,0.043,-0.1583,0.0178,0.7213
03985_00925,39.85,9.25,14400,786.4,271.7,1324.6,190.6,13.33,0.0055,0.1429,0.5976,0.2381,0.0159,0.0,0.0,0.0779,0.0754,0.1,0.1256,0.1282,0.1711,0.2108,0.111,-0.1255,-0.1709,0.8572
03985_00935,39.85,9.35,14400,914.2,525.2,1313.6,133.5,14.01,0.0,0.0076,0.4217,0.5591,0.0117,0.0,0.0,0.1069,0.1378,0.1469,0.1379,0.1258,0.1385,0.1009,0.1052,-0.0438,0.0722,0.9736
03985_00945,39.85,9.45,14400,838.9,260.2,1260.0,156.2,15.11,0.0014,0.0922,0.5047,0.3976,0.0042,0.0,0.0,0.0608,0.1172,0.1482,0.1326,0.1163,0.1548,0.16,0.1101,-0.0977,-0.0193,0.9502
03985_00955,39.85,9.55,14520,441.5,36.6,1200.5,263.9,14.61,0.3644,0.3836,0.1659,0.086,0.0001,0.0,0.0,0.0754,0.2298,0.2303,0.0939,0.0929,0.191,0.0515,0.0352,-0.0258,0.2541,0.9595
03985_00965,39.85,9.65,14280,84.7,-0.3,413.7,81.2,4.99,0.9961,0.0039,0.0,0.0,0.0,0.0,0.0,0.0826,0.1782,0.2045,0.1483,0.1259,0.1222,0.0898,0.0486,-0.0769,0.232,0.5538
03985_01575,39.85,15.75,14400,16.2,0.0,509.8,49.9,1.63,0.9938,0.0062,0.0,0.0,0.0,0.0,0.0,0.0661,0.0222,0.0044,0.0355,0.114,0.2605,0.3463,0.151,-0.1495,-0.6024,0.1408
03985_01585,39.85,15.85,14400,479.7,4.0,1328.2,305.8,16.21,0.3725,0.2642,0.2348,0.1272,0.0012,0.0,0.0,0.0405,0.0536,0.1551,0.1617,0.1283,0.1791,0.208,0.0737,-0.2471,-0.08,0.9547
03985_01595,39.85,15.95,14400,755.3,124.2,1402.9,262.4,16.09,0.0577,0.2146,0.4078,0.2945,0.0253,0.0,0.0,0.1226,0.0829,0.0569,0.0906,0.1241,0.1244,0.1828,0.2156,0.0657,-0.252,0.9484
03985_01605,39.85,16.05,14400,1177.0,778.9,1756.1,200.1,14.11,0.0,0.0,0.051,0.5398,0.386,0.0231,0.0,0.1509,0.1121,0.1002,0.1121,0.1449,0.1395,0.107,0.1332,0.0019,-0.0386,0.9124
03985_01615,39.85,16.15,14520,857.3,257.9,2034.3,321.8,15.46,0.0025,0.2453,0.3444,0.276,0.1019,0.0293,0.0006,0.0585,0.1277,0.1717,0.1373,0.2085,0.2106,0.0483,0.0374,-0.2887,0.1446,0.9433
03985_01625,39.85,16.25,14280,900.5,202.3,2253.0,486.9,13.96,0.018,0.3827,0.1322,0.1674,0.202,0.0827,0.015,0.0819,0.1414,0.0824,0.0694,0.3054,0.2299,0.0455,0.0441,-0.3092,-0.008,0.8899
03985_01635,39.85,16.35,14400,696.2,83.5,1413.5,302.1,15.93,0.1251,0.2403,0.3485,0.254,0.0322,0.0,0.0,0.0401,0.0967,0.1865,0.1962,0.1976,0.1078,0.1157,0.0594,-0.2637,0.1588,0.972
03985_01645,39.85,16.45,14400,284.7,0.0,1113.0,250.1,9.48,0.5898,0.2701,0.1238,0.0164,0.0,0.0,0.0,0.0067,0.1427,0.2053,0.1512,0.228,0.2094,0.0564,0.0003,-0.3841,0.2196,0.633
03985_01655,39.85,16.55,14400,38.5,0.0,670.6,101.5,2.37,0.9574,0.0399,0.0027,0.0,0.0,0.0,0.0,0.0209,0.1579,0.129,0.3984,0.2043,0.0833,0.0046,0.0015,-0.4078,0.4807,0.1825
03985_01815,39.85,18.15,14520,16.9,-1.5,121.1,33.5,0.58,1.0,0.0,0.0,0.0,0.0,0.0,0.0,0.0037,0.0183,0.0012,0.0085,0.2012,0.6561,0.1085,0.0024,-0.6531,-0.5885,0.0565
03985_01825,39.85,18.25,14280,61.7,-1.0,167.6,52.8,1.27,1.0,0.0,0.0,0.0,0.0,0.0,0.0,0.0384,0.1362,0.0384,0.0254,0.2328,0.4808,0.0446,0.0034,-0.4751,-0.2325,0.1239
03985_01835,39.85,18.35,14400,105.8,0.0,184.3,49.2,2.44,1.0,0.0,0.0,0.0,0.0,0.0,0.0,0.0178,0.1985,0.294,0.098,0.0659,0.279,0.0443,0.0025,-0.1677,0.2706,0.2225
03995_00845,39.95,8.45,14280,15.2,-2.5,86.2,20.3,1.09,1.0,0.0,0.0,0.0,0.0,0.0,0.0,0.0664,0.1297,0.3004,0.1683,0.0363,0.088,0.1189,0.0919,0.0124,0.2686,0.0907
03995_00855,39.95,8.55,14399,4.2,-2.5,20.4,4.1,0.42,1.0,0.0,0.0,0.0,0.0,0.0,0.0,0.0,1.0,0.0,0.0,0.0,0.0,0.0,0.0,0.8588,0.511,0.0002
03995_00865,39.95,8.65,14161,18.8,2.1,92.3,13.4,0.73,1.0,0.0,0.0,0.0,0.0,0.0,0.0,0.1077,0.0077,0.0538,0.2077,0.3923,0.1923,0.0308,0.0077,-0.5885,0.0331,0.0092
03995_00875,39.95,8.75,14280,77.2,6.0,376.0,67.5,3.38,0.9886,0.0114,0.0,0.0,0.0,0.0,0.0,0.0922,0.1046,0.055,0.0485,0.0631,0.1629,0.3085,0.1652,0.072,-0.3826,0.3654
03995_00885,39.95,8.85,14280,239.9,22.7,667.5,131.2,10.15,0.709,0.2786,0.0123,0.0,0.0,0.0,0.0,0.1163,0.1514,0.1382,0.106,0.084,0.122,0.1587,0.1233,0.0699,-0.012,0.9176
03995_00895,39.95,8.95,14280,337.4,72.3,540.8,91.4,9.39,0.3207,0.6793,0.0,0.0,0.0,0.0,0.0,0.1019,0.0793,0.1004,0.1186,0.1201,0.1703,0.1706,0.1387,-0.0723,-0.1511,0.8889
03995_00905,39.95,9.05,14399,478.9,223.1,814.2,109.7,9.53,0.0303,0.8097,0.1599,0.0,0.0,0.0,0.0,0.1248,0.1053,0.0534,0.0908,0.1279,0.1685,0.1901,0.1392,-0.0155,-0.2209,0.9213
03995_00915,39.95,9.15,14161,755.6,405.6,1167.5,156.0,14.65,0.0,0.1739,0.6275,0.1986,0.0,0.0,0.0,0.127,0.1225,0.1268,0.0983,0.0943,0.1346,0.167,0.1295,0.0456,-0.0747,0.9833
03995_00925,39.95,9.25,14280,944.7,402.8,1536.8,226.7,18.9,0.0,0.0896,0.305,0.4779,0.1276,0.0,0.0,0.1091,0.0862,0.1179,0.1102,0.1313,0.1651,0.1501,0.1301,-0.0625,-0.1075,0.9915
03995_00935,39.95,9.35,14280,1058.2,552.6,1819.6,262.6,17.4,0.0,0.0084,0.299,0.4146,0.25,0.028,0.0,0.0781,0.1418,0.162,0.1152,0.1566,0.1934,0.0889,0.0639,-0.1496,0.0731,0.9862
03995_00945,39.95,9.45,14280,915.2,671.0,1349.1,105.2,10.35,0.0,0.0,0.5394,0.4468,0.0139,0.0,0.0,0.0805,0.1114,0.1298,0.0983,0.1261,0.1577,0.1881,0.1081,-0.0746,-0.0991,0.8949
03995_00955,39.95,9.55,14399,422.4,44.2,1282.8,300.2,13.0,0.4689,0.2451,0.1958,0.0876,0.0025,0.0,0.0,0.1167,0.2167,0.2441,0.1582,0.0984,0.0808,0.0368,0.0484,0.0374,0.3927,0.9293
03995_00965,39.95,9.65,14161,56.2,-1.7,418.9,72.8,5.05,0.9806,0.0194,0.0,0.0,0.0,0.0,0.0,0.102,0.1562,0.1753,0.1461,0.1286,0.124,0.0947,0.0731,-0.0484,0.1565,0.4327
03995_01575,39.95,15.75,14280,186.4,0.0,1011.6,223.0,11.63,0.7041,0.236,0.0577,0.0022,0.0,0.0,0.0,0.0429,0.0649,0.098,0.1229,0.1324,0.2272,0.2236,0.0881,-0.2339,-0.2207,0.5859
03995_01585,39.95,15.85,14280,713.8,70.3,1450.3,262.6,18.44,0.0609,0.2849,0.4113,0.221,0.022,0.0,0.0,0.1229,0.0786,0.0769,0.1038,0.118,0.1334,0.183,0.1835,0.0244,-0.206,0.9867
03995_01595,39.95,15.95,14280,543.6,167.0,1229.2,183.5,12.81,0.0601,0.6054,0.2812,0.053,0.0003,0.0,0.0,0.0855,0.1096,0.1898,0.1847,0.1068,0.0683,0.1177,0.1376,-0.0285,0.1399,0.9602
03995_01605,39.95,16.05,14280,713.2,294.3,1800.8,318.0,12.6,0.0012,0.4697,0.2939,0.1217,0.1037,0.0097,0.0,0.182,0.12,0.0426,0.0511,0.0923,0.1281,0.1718,0.2121,0.2023,-0.2555,0.9552
03995_01615,39.95,16.15,14399,1326.7,612.3,2239.7,341.2,15.62,0.0,0.0,0.089,0.3511,0.3116,0.2194,0.0288,0.1828,0.1684,0.0558,0.0402,0.0757,0.1422,0.1702,0.1647,0.2158,-0.1908,0.9883
03995_01625,39.95,16.25,14161,1354.9,716.3,2117.7,258.2,13.33,0.0,0.0,0.0333,0.2364,0.5774,0.1448,0.0081,0.1428,0.1872,0.2131,0.1383,0.0798,0.09,0.0663,0.0825,0.0977,0.2651,0.9907
03995_01635,39.95,16.35,14280,1040.4,514.5,1693.7,239.3,17.99,0.0,0.0114,0.2996,0.441,0.2381,0.0098,0.0,0.1071,0.1431,0.1711,0.1237,0.1222,0.1227,0.102,0.1081,-0.0124,0.0934,0.9956
03995_01645,39.95,16.45,14280,663.6,211.6,1300.7,201.4,16.85,0.017,0.3961,0.448,0.1331,0.0058,0.0,0.0,0.1311,0.1992,0.1431,0.1147,0.1235,0.1187,0.0682,0.1016,0.0545,0.1466,0.9932
03995_01655,39.95,16.55,14280,240.4,0.0,794.3,147.9,10.21,0.6915,0.2898,0.0188,0.0,0.0,0.0,0.0,0.1317,0.2242,0.1137,0.136,0.2233,0.131,0.0169,0.0233,-0.107,0.2536,0.8988
03995_01665,39.95,16.65,14399,7.3,-0.1,221.5,26.0,0.79,1.0,0.0,0.0,0.0,0.0,0.0,0.0,0.0115,0.2453,0.2912,0.2953,0.1058,0.0484,0.0016,0.0008,-0.1156,0.6684,0.0847
03995_01805,39.95,18.05,14280,27.5,0.0,99.5,26.1,0.9,1.0,0.0,0.0,0.0,0.0,0.0,0.0,0.0799,0.4192,0.2316,0.0016,0.0506,0.137,0.0685,0.0114,0.2417,0.3608,0.0429
03995_01815,39.95,18.15,14399,68.4,11.6,179.2,25.5,0.97,1.0,0.0,0.0,0.0,0.0,0.0,0.0,0.0089,0.2766,0.0656,0.0124,0.016,0.5177,0.0887,0.0142,-0.1535,-0.2216,0.0392
03995_01825,39.95,18.25,14161,131.5,94.5,195.3,21.7,1.4,1.0,0.0,0.0,0.0,0.0,0.0,0.0,0.046,0.4194,0.2468,0.0073,0.0298,0.1508,0.0903,0.0097,0.2189,0.3471,0.0876
03995_01835,39.95,18.35,14280,107.4,0.0,192.3,23.8,1.41,1.0,0.0,0.0,0.0,0.0,0.0,0.0,0.0073,0.3902,0.4082,0.0849,0.0049,0.089,0.0155,0.0,0.1353,0.6817,0.0858
04005_00845,40.05,8.45,14400,6.4,-1.5,103.0,11.1,0.68,1.0,0.0,0.0,0.0,0.0,0.0,0.0,0.0646,0.0598,0.0252,0.0016,0.0315,0.3228,0.3937,0.1008,-0.0782,-0.6542,0.0441
04005_00855,40.05,8.55,14520,129.3,-2.0,629.0,142.6,4.96,0.8502,0.1483,0.0015,0.0,0.0,0.0,0.0,0.0517,0.0168,0.0611,0.2019,0.1978,0.167,0.1954,0.1083,-0.3173,-0.1774,0.5036
04005_00865,40.05,8.65,14280,128.2,3.3,450.0,98.0,3.06,0.9432,0.0568,0.0,0.0,0.0,0.0,0.0,0.0148,0.0052,0.0553,0.2362,0.2685,0.219,0.1353,0.0656,-0.5411,-0.1163,0.4269
04005_00875,40.05,8.75,14400,187.4,18.2,332.1,77.9,3.81,0.9515,0.0485,0.0,0.0,0.0,0.0,0.0,0.0345,0.0432,0.162,0.1844,0.1717,0.1578,0.1683,0.0781,-0.3014,-0.0107,0.4312
04005_00885,40.05,8.85,14400,210.0,26.0,445.1,69.1,5.66,0.9412,0.0588,0.0,0.0,0.0,0.0,0.0,0.0858,0.0717,0.1137,0.1332,0.1104,0.1432,0.2073,0.1348,-0.073,-0.1484,0.5267
04005_00895,40.05,8.95,14400,491.6,110.3,812.5,111.7,7.39,0.0373,0.7767,0.186,0.0,0.0,0.0,0.0,0.098,0.0323,0.0534,0.1216,0.1304,0.1568,0.2178,0.1898,-0.075,-0.307,0.9002
04005_00905,40.05,9.05,14520,657.5,382.2,936.8,105.1,8.8,0.0,0.299,0.6981,0.0028,0.0,0.0,0.0,0.0731,0.0817,0.106,0.1296,0.1455,0.1794,0.1793,0.1055,-0.162,-0.1289,0.9259
04005_00915,40.05,9.15,14280,848.6,379.4,1460.8,166.1,13.78,0.0,0.069,0.5771,0.3197,0.0342,0.0,0.0,0.1241,0.0799,0.1185,0.0926,0.1065,0.1623,0.1888,0.1274,-0.0147,-0.1591,0.9611
04005_00925,40.05,9.25,14400,1156.2,653.9,1770.2,222.8,16.19,0.0,0.0,0.1352,0.4538,0.3853,0.0257,0.0,0.1214,0.1641,0.094,0.0678,0.0829,0.1572,0.1969,0.1158,0.083,-0.137,0.988
04005_00935,40.05,9.35,14400,1196.3,854.1,1818.8,173.8,15.41,0.0,0.0,0.0097,0.5512,0.4125,0.0266,0.0,0.1397,0.1844,0.1775,0.1142,0.0972,0.1015,0.1167,0.0689,0.0681,0.155,0.9834
04005_00945,40.05,9.45,14400,1051.0,356.3,1499.2,159.1,13.47,0.0,0.0132,0.125,0.7241,0.1377,0.0,0.0,0.0766,0.1322,0.2143,0.1302,0.0832,0.0949,0.1726,0.096,-0.0056,0.0949,0.9551
04005_00955,40.05,9.55,14520,433.6,49.3,1004.4,208.0,16.17,0.2971,0.4736,0.2216,0.0077,0.0,0.0,0.0,0.0577,0.1163,0.2274,0.1445,0.1014,0.1496,0.1442,0.0589,-0.1318,0.1231,0.9377
04005_00965,40.05,9.65,14280,431.7,0.0,878.5,225.9,13.67,0.295,0.4053,0.2996,0.0,0.0,0.0,0.0,0.0786,0.1142,0.1571,0.1246,0.1091,0.1837,0.137,0.0956,-0.1067,-0.0065,0.8648
04005_00975,40.05,9.75,14400,60.1,0.0,800.6,160.3,3.86,0.9075,0.061,0.0315,0.0,0.0,0.0,0.0,0.0968,0.2454,0.3609,0.2226,0.0335,0.0156,0.0034,0.0217,0.0801,0.6745,0.1822
04005_01525,40.05,15.25,14400,29.2,0.0,548.5,78.8,2.81,0.9733,0.0267,0.0,0.0,0.0,0.0,0.0,0.0252,0.0371,0.1441,0.1387,0.1377,0.2572,0.2198,0.0403,-0.3483,-0.1652,0.2174
04005_01535,40.05,15.35,14400,264.9,0.0,944.1,207.5,13.25,0.6102,0.3162,0.0692,0.0044,0.0,0.0,0.0,0.103,0.0448,0.1053,0.1064,0.1404,0.1643,0.1979,0.138,-0.1011,-0.2074,0.8592
04005_01545,40.05,15.45,14400,312.1,0.0,1214.4,279.1,11.0,0.5267,0.3143,0.1208,0.0377,0.0006,0.0,0.0,0.1499,0.182,0.1643,0.1866,0.1238,0.094,0.0421,0.0573,-0.0064,0.284,0.7662
04005_01555,40.05,15.55,14400,32.1,0.0,481.2,78.3,2.76,0.9763,0.0237,0.0,0.0,0.0,0.0,0.0,0.0127,0.0355,0.1434,0.1672,0.2773,0.1926,0.1164,0.0549,-0.4673,-0.004,0.2189
04005_01565,40.05,15.65,14400,233.1,0.0,1205.9,294.6,10.6,0.6753,0.1874,0.0926,0.0444,0.0002,0.0,0.0,0.0878,0.0255,0.0285,0.0694,0.1782,0.2988,0.2003,0.1116,-0.2631,-0.4043,0.5776
04005_01575,40.05,15.75,14400,625.7,100.5,1503.8,287.1,16.25,0.1234,0.3801,0.3198,0.1359,0.0408,0.0,0.0,0.1087,0.1442,0.1455,0.2024,0.1235,0.0983,0.1007,0.0768,-0.0763,0.1709,0.976
04005_01585,40.05,15.85,14400,717.8,99.2,1345.8,240.3,13.77,0.0821,0.1856,0.4944,0.2341,0.0038,0.0,0.0,0.0998,0.0597,0.0669,0.1055,0.1544,0.2176,0.1744,0.1218,-0.153,-0.2386,0.9709
04005_01595,40.05,15.95,14400,894.8,427.1,1627.7,207.1,13.51,0.0,0.0443,0.5119,0.3583,0.0851,0.0003,0.0,0.1326,0.1498,0.0896,0.1325,0.2084,0.1185,0.0946,0.0741,-0.0981,0.0587,0.9678
04005_01605,40.05,16.05,14400,772.4,406.5,1132.5,142.6,10.59,0.0,0.1526,0.6648,0.1826,0.0,0.0,0.0,0.152,0.114,0.0985,0.1275,0.1744,0.1576,0.0726,0.1034,-0.0714,0.0149,0.9403
04005_01615,40.05,16.15,14520,756.0,319.1,1487.6,254.0,12.4,0.0,0.3007,0.41,0.2415,0.0478,0.0,0.0,0.1759,0.14,0.0974,0.0909,0.0815,0.1019,0.125,0.1874,0.1936,-0.0732,0.9513
04005_01625,40.05,16.25,14280,753.8,294.0,1584.3,295.7,11.83,0.0048,0.3433,0.3457,0.23,0.0761,0.0,0.0,0.1836,0.204,0.1808,0.0429,0.0122,0.0243,0.171,0.1811,0.4056,0.041,0.946
04005_01635,40.05,16.35,14400,627.1,274.4,1279.6,205.1,12.97,0.0045,0.4856,0.4101,0.0927,0.0071,0.0,0.0,0.1299,0.1594,0.2083,0.0979,0.0213,0.0631,0.1677,0.1523,0.2215,0.0747,0.9294
04005_01645,40.05,16.45,14400,485.1,190.9,998.5,131.6,12.39,0.0749,0.7271,0.196,0.002,0.0,0.0,0.0,0.1288,0.132,0.1612,0.1433,0.1106,0.0966,0.115,0.1126,0.0192,0.0985,0.9681
04005_01655,40.05,16.55,14400,332.9,0.0,697.1,145.1,10.92,0.4121,0.5705,0.0174,0.0,0.0,0.0,0.0,0.1736,0.1813,0.1738,0.1213,0.1349,0.0815,0.0612,0.0724,0.0741,0.2243,0.9827
04005_01665,40.05,16.65,14520,2.7,0.0,202.6,15.1,0.48,1.0,0.0,0.0,0.0,0.0,0.0,0.0,0.0167,0.175,0.7153,0.0903,0.0028,0.0,0.0,0.0,0.0629,0.9177,0.0496
04005_01805,40.05,18.05,14400,38.5,0.0,140.0,29.1,0.93,1.0,0.0,0.0,0.0,0.0,0.0,0.0,0.0486,0.0083,0.0,0.0319,0.1389,0.5639,0.0833,0.125,-0.4196,-0.5573,0.05
04005_01815,40.05,18.15,14520,116.1,50.5,199.1,36.4,1.45,1.0,0.0,0.0,0.0,0.0,0.0,0.0,0.0055,0.2327,0.0553,0.0072,0.0337,0.4997,0.1609,0.005,-0.2121,-0.3133,0.1246
04005_01825,40.05,18.25,14280,112.9,77.8,180.3,19.9,0.91,1.0,0.0,0.0,0.0,0.0,0.0,0.0,0.0,0.4919,0.3557,0.0041,0.0,0.0142,0.1037,0.0305,0.3622,0.6062,0.0345
04005_01835,40.05,18.35,14400,95.0,70.6,136.7,11.4,0.79,1.0,0.0,0.0,0.0,0.0,0.0,0.0,0.0,0.0475,0.086,0.0045,0.009,0.2919,0.5385,0.0226,-0.1879,-0.6633,0.0307
04005_01845,40.05,18.45,14400,63.8,0.0,133.1,49.9,1.48,1.0,0.0,0.0,0.0,0.0,0.0,0.0,0.0024,0.0838,0.3799,0.2776,0.1017,0.1088,0.0339,0.0119,-0.3073,0.5279,0.1168
04015_00845,40.15,8.45,14400,27.1,0.0,175.9,44.9,1.32,1.0,0.0,0.0,0.0,0.0,0.0,0.0,0.0718,0.0234,0.0356,0.1115,0.1039,0.2119,0.2866,0.1553,-0.1418,-0.4296,0.119
04015_00855,40.15,8.55,14520,402.7,16.7,953.2,218.7,9.39,0.4065,0.3684,0.2222,0.0029,0.0,0.0,0.0,0.1058,0.0448,0.0079,0.0317,0.1316,0.1792,0.3028,0.1962,0.0002,-0.5211,0.8693
04015_00865,40.15,8.65,14280,619.6,224.2,1045.4,188.6,7.88,0.0438,0.3936,0.4875,0.0751,0.0,0.0,0.0,0.0621,0.0879,0.211,0.262,0.1657,0.0917,0.0632,0.0565,-0.2547,0.2998,0.8483
04015_00875,40.15,8.75,14400,383.9,263.8,619.8,68.7,1.97,0.0258,0.969,0.0053,0.0,0.0,0.0,0.0,0.0139,0.0821,0.2617,0.3191,0.1855,0.0856,0.04,0.0122,-0.401,0.4454,0.1996
04015_00885,40.15,8.85,14400,271.8,99.3,377.5,72.5,3.63,0.5199,0.4801,0.0,0.0,0.0,0.0,0.0,0.0925,0.1067,0.223,0.1894,0.1273,0.1376,0.0653,0.0582,-0.1511,0.2347,0.3326
04015_00895,40.15,8.95,14400,226.2,99.5,655.7,120.3,6.2,0.8293,0.1604,0.0103,0.0,0.0,0.0,0.0,0.1651,0.1062,0.0868,0.0858,0.0852,0.1275,0.1268,0.2165,0.1581,-0.1492,0.6703
04015_00905,40.15,9.05,14520,376.8,111.3,859.0,176.2,9.5,0.4129,0.4296,0.1575,0.0,0.0,0.0,0.0,0.1402,0.1127,0.0903,0.1076,0.106,0.119,0.1446,0.1797,0.0822,-0.1117,0.9015
04015_00915,40.15,9.15,14280,617.1,198.6,1098.3,217.1,13.37,0.0559,0.4124,0.4209,0.1109,0.0,0.0,0.0,0.1088,0.0925,0.1236,0.1103,0.0932,0.1431,0.1987,0.13,-0.0017,-0.1292,0.952
04015_00925,40.15,9.25,14400,871.1,632.0,1137.8,94.5,7.91,0.0,0.0,0.6315,0.3685,0.0,0.0,0.0,0.0978,0.1019,0.1181,0.1156,0.0886,0.1109,0.2079,0.1592,0.0323,-0.1289,0.8607
04015_00935,40.15,9.35,14400,951.4,438.4,1393.2,134.4,9.9,0.0,0.0201,0.2466,0.6997,0.0336,0.0,0.0,0.1221,0.1946,0.1247,0.066,0.0753,0.1093,0.1767,0.1314,0.1572,-0.0373,0.8612
04015_00945,40.15,9.45,14400,953.8,467.6,1395.3,146.7,13.03,0.0,0.0174,0.2787,0.6698,0.0342,0.0,0.0,0.0939,0.1087,0.1922,0.171,0.0708,0.0506,0.1612,0.1515,0.0579,0.0859,0.944
04015_00955,40.15,9.55,14520,736.4,96.3,1238.3,199.2,17.25,0.03,0.2003,0.5677,0.1991,0.0029,0.0,0.0,0.0738,0.1169,0.2634,0.1378,0.0673,0.0662,0.1404,0.1342,0.041,0.1653,0.9579
04015_00965,40.15,9.65,14280,242.2,0.0,894.8,250.8,11.83,0.5878,0.3094,0.1028,0.0,0.0,0.0,0.0,0.1177,0.2112,0.2839,0.1237,0.0376,0.0551,0.0956,0.0753,0.1672,0.337,0.5856
04015_01505,40.15,15.05,14400,35.2,0.0,550.7,83.4,3.05,0.976,0.024,0.0,0.0,0.0,0.0,0.0,0.0239,0.0366,0.1252,0.1553,0.191,0.2394,0.1559,0.0727,-0.364,-0.1208,0.2236
04015_01515,40.15,15.15,14400,33.2,0.0,363.6,61.0,3.03,0.9975,0.0025,0.0,0.0,0.0,0.0,0.0,0.1029,0.0688,0.0621,0.1237,0.2139,0.1112,0.1359,0.1816,-0.1051,-0.1476,0.301
04015_01525,40.15,15.25,14400,404.9,0.0,1011.2,218.7,13.41,0.3575,0.4186,0.221,0.0029,0.0,0.0,0.0,0.1236,0.0768,0.0677,0.0878,0.1482,0.1816,0.181,0.1334,-0.0671,-0.2267,0.9369
04015_01535,40.15,15.35,14400,542.5,39.9,1568.6,359.6,13.67,0.3295,0.3072,0.1507,0.1562,0.0564,0.0,0.0,0.0376,0.0485,0.1445,0.2067,0.2047,0.1385,0.1444,0.0751,-0.3319,0.033,0.9842
04015_01545,40.15,15.45,14400,308.2,18.9,1192.6,183.9,10.65,0.5718,0.35,0.0668,0.0114,0.0,0.0,0.0,0.0495,0.0795,0.1786,0.1822,0.1498,0.1455,0.1275,0.0874,-0.2217,0.0748,0.9653
04015_01555,40.15,15.55,14400,365.1,34.9,1049.5,173.1,13.51,0.3728,0.5389,0.0826,0.0058,0.0,0.0,0.0,0.0956,0.0793,0.0997,0.1266,0.1563,0.181,0.1438,0.1176,-0.1442,-0.1126,0.9769
04015_01565,40.15,15.65,14400,741.0,109.2,1474.1,249.4,15.92,0.0261,0.2727,0.4356,0.2255,0.0401,0.0,0.0,0.1143,0.1418,0.0664,0.0793,0.1523,0.1856,0.1621,0.0982,-0.0583,-0.1455,0.9805
04015_01575,40.15,15.75,14400,872.8,458.8,1428.7,178.4,14.72,0.0,0.0299,0.5512,0.3672,0.0516,0.0,0.0,0.1058,0.1055,0.09,0.0979,0.1087,0.1719,0.1975,0.1226,-0.036,-0.1751,0.9791
04015_01585,40.15,15.85,14400,1221.4,731.9,1991.6,231.2,15.12,0.0,0.0,0.0532,0.4501,0.4116,0.0851,0.0,0.1011,0.1506,0.1703,0.1289,0.0899,0.1186,0.1494,0.0911,0.0091,0.0741,0.9847
04015_01595,40.15,15.95,14400,1108.3,684.4,1877.0,212.4,13.9,0.0,0.0,0.1415,0.5917,0.2311,0.0356,0.0,0.0695,0.1376,0.1488,0.1178,0.1099,0.1357,0.1997,0.0811,-0.0713,-0.0216,0.9865
04015_01605,40.15,16.05,14400,899.8,509.2,1517.2,166.5,13.14,0.0,0.0274,0.4771,0.4502,0.0453,0.0,0.0,0.1849,0.1531,0.1596,0.1779,0.1535,0.0859,0.0221,0.0632,-0.0021,0.279,0.9818
04015_01615,40.15,16.15,14520,667.6,337.8,951.5,129.9,10.86,0.0,0.3433,0.6437,0.0129,0.0,0.0,0.0,0.1975,0.1082,0.1108,0.1477,0.1683,0.0738,0.067,0.1267,0.041,0.0864,0.9488
04015_01625,40.15,16.25,14280,428.6,242.0,811.0,118.6,9.64,0.1459,0.7475,0.1066,0.0,0.0,0.0,0.0,0.1123,0.1058,0.15,0.1826,0.1644,0.1166,0.0778,0.0905,-0.127,0.1334,0.8919
04015_01635,40.15,16.35,14400,311.7,163.2,603.8,77.5,7.41,0.54,0.4599,0.0001,0.0,0.0,0.0,0.0,0.119,0.1043,0.1446,0.1487,0.0973,0.1088,0.1258,0.1513,0.0188,0.0139,0.7369
04015_01645,40.15,16.45,14400,395.3,97.3,882.2,178.5,11.39,0.3677,0.4672,0.1651,0.0,0.0,0.0,0.0,0.128,0.1042,0.1331,0.098,0.0836,0.1224,0.1801,0.1505,0.0676,-0.0989,0.9168
04015_01655,40.15,16.55,14400,229.0,25.9,723.4,120.3,8.2,0.7486,0.2447,0.0067,0.0,0.0,0.0,0.0,0.19,0.1953,0.1349,0.1855,0.1396,0.032,0.0449,0.0778,0.0969,0.2871,0.8404
04015_01665,40.15,16.65,14520,18.7,0.0,142.3,25.1,1.11,1.0,0.0,0.0,0.0,0.0,0.0,0.0,0.0508,0.3026,0.1349,0.1764,0.205,0.0999,0.0076,0.0228,-0.1126,0.382,0.1179
04015_01795,40.15,17.95,14400,12.5,-0.1,77.1,19.7,0.52,1.0,0.0,0.0,0.0,0.0,0.0,0.0,0.0042,0.0642,0.0196,0.0419,0.1536,0.4539,0.2486,0.014,-0.4714,-0.4909,0.0497
04015_01805,40.15,18.05,14400,57.9,0.0,124.5,22.8,0.77,1.0,0.0,0.0,0.0,0.0,0.0,0.0,0.005,0.0352,0.0528,0.0075,0.0553,0.3442,0.4698,0.0302,-0.2764,-0.6454,0.0276
04015_01815,40.15,18.15,14520,76.4,44.2,124.5,11.9,0.74,1.0,0.0,0.0,0.0,0.0,0.0,0.0,0.069,0.5249,0.1073,0.0383,0.0613,0.0383,0.1073,0.0536,0.3786,0.3301,0.018
04015_01825,40.15,18.25,14280,84.9,35.3,109.8,7.6,0.75,1.0,0.0,0.0,0.0,0.0,0.0,0.0,0.0761,0.3877,0.1051,0.0725,0.058,0.0942,0.1377,0.0688,0.2148,0.1889,0.0193
04015_01835,40.15,18.35,14400,84.8,23.6,117.3,13.9,0.84,1.0,0.0,0.0,0.0,0.0,0.0,0.0,0.0127,0.4987,0.1443,0.0051,0.0,0.0608,0.2481,0.0304,0.301,0.2134,0.0274
04015_01845,40.15,18.45,14400,43.7,-2.5,111.5,29.3,1.14,1.0,0.0,0.0,0.0,0.0,0.0,0.0,0.0542,0.2523,0.2461,0.0918,0.0188,0.0302,0.1679,0.1387,0.2363,0.2123,0.0666
04015_01855,40.15,18.55,14400,3.3,0.0,93.5,14.8,0.29,1.0,0.0,0.0,0.0,0.0,0.0,0.0,0.0266,0.4165,0.2494,0.1937,0.0048,0.0775,0.0291,0.0024,0.0899,0.6235,0.0287
04025_00845,40.25,8.45,14520,29.7,-0.2,207.9,56.8,1.97,1.0,0.0,0.0,0.0,0.0,0.0,0.0,0.1126,0.0506,0.0367,0.0596,0.0723,0.1529,0.3382,0.1769,0.0618,-0.4639,0.2067
04025_00855,40.25,8.55,14641,276.6,0.0,598.1,104.6,5.01,0.5283,0.4717,0.0,0.0,0.0,0.0,0.0,0.1419,0.057,0.0248,0.0614,0.1351,0.1609,0.2094,0.2094,0.0402,-0.371,0.5251
04025_00865,40.25,8.65,14399,566.6,339.6,804.4,104.4,3.43,0.0,0.6134,0.3866,0.0,0.0,0.0,0.0,0.1695,0.0528,0.0397,0.0361,0.0339,0.0798,0.2578,0.3305,0.3315,-0.4609,0.4736
04025_00875,40.25,8.75,14520,561.7,376.4,816.9,106.7,3.94,0.0,0.5442,0.4558,0.0,0.0,0.0,0.0,0.0796,0.0688,0.1788,0.2945,0.1164,0.0729,0.0813,0.1077,-0.1717,0.2377,0.4726
04025_00885,40.25,8.85,14520,422.3,218.6,1016.3,126.1,3.93,0.0096,0.8841,0.1011,0.0052,0.0,0.0,0.0,0.0256,0.0303,0.1141,0.3432,0.2884,0.1094,0.0516,0.0373,-0.5517,0.2206,0.3229
04025_00895,40.25,8.95,14520,224.7,138.5,570.8,64.6,3.28,0.8315,0.1685,0.0,0.0,0.0,0.0,0.0,0.0914,0.1807,0.2262,0.17,0.1583,0.082,0.0437,0.0479,-0.0783,0.3542,0.3076
04025_00905,40.25,9.05,14641,232.0,143.9,483.2,65.8,4.38,0.847,0.153,0.0,0.0,0.0,0.0,0.0,0.141,0.0824,0.0678,0.0913,0.0997,0.1465,0.1841,0.1872,0.068,-0.2362,0.5561
04025_00915,40.25,9.15,14399,469.4,221.1,1023.6,161.1,8.65,0.1226,0.6467,0.2253,0.0054,0.0,0.0,0.0,0.1531,0.0773,0.0435,0.0679,0.11,0.1461,0.19,0.2122,0.0981,-0.3049,0.8799
04025_00925,40.25,9.25,14520,622.3,314.1,1057.0,119.7,8.98,0.0,0.4203,0.5642,0.0155,0.0,0.0,0.0,0.1602,0.1291,0.1679,0.1349,0.0591,0.0526,0.1237,0.1726,0.1862,0.0746,0.9231
04025_00935,40.25,9.35,14520,441.8,171.7,906.6,163.5,10.08,0.2543,0.5523,0.1934,0.0001,0.0,0.0,0.0,0.1722,0.1789,0.1444,0.0821,0.0728,0.0845,0.1296,0.1356,0.2071,0.0447,0.9068
04025_00945,40.25,9.45,14520,594.5,102.4,1442.1,331.5,15.27,0.2694,0.2386,0.2903,0.1669,0.0348,0.0,0.0,0.1886,0.1545,0.1435,0.1077,0.0459,0.0758,0.1307,0.1534,0.2457,0.0398,0.9011
04025_00955,40.25,9.55,14641,412.2,69.2,1052.9,205.5,15.43,0.3567,0.4413,0.1924,0.0096,0.0,0.0,0.0,0.0909,0.0677,0.1583,0.1605,0.047,0.0568,0.1804,0.2383,0.1102,-0.0686,0.9277
04025_00965,40.25,9.65,14399,82.0,0.0,869.1,153.9,5.32,0.8741,0.1154,0.0106,0.0,0.0,0.0,0.0,0.1027,0.1116,0.3578,0.2827,0.0503,0.0199,0.0148,0.0602,-0.0398,0.5773,0.3137
04025_01495,40.25,14.95,14520,64.8,0.0,395.7,87.8,6.32,0.9866,0.0134,0.0,0.0,0.0,0.0,0.0,0.0873,0.098,0.0987,0.1048,0.1123,0.1389,0.1985,0.1615,-0.0104,-0.1742,0.4716
04025_01505,40.25,15.05,14520,416.7,0.0,1124.0,212.9,15.98,0.3323,0.4764,0.1631,0.0282,0.0,0.0,0.0,0.1232,0.156,0.1163,0.1083,0.1142,0.1235,0.1411,0.1174,0.0392,-0.0094,0.986
04025_01515,40.25,15.15,14520,156.5,8.9,559.1,104.5,10.8,0.9017,0.0983,0.0,0.0,0.0,0.0,0.0,0.1098,0.0803,0.133,0.1512,0.1564,0.1442,0.1342,0.0909,-0.1391,-0.0047,0.8785
04025_01525,40.25,15.25,14520,444.5,51.4,946.4,202.3,11.0,0.2822,0.4761,0.2375,0.0042,0.0,0.0,0.0,0.0809,0.0685,0.0548,0.0749,0.1365,0.1911,0.221,0.1722,-0.0771,-0.3256,0.9801
04025_01535,40.25,15.35,14520,965.2,447.4,1679.9,240.2,17.69,0.0,0.0437,0.3897,0.3893,0.1733,0.004,0.0,0.1153,0.1344,0.1369,0.0931,0.0995,0.1829,0.1223,0.1157,-0.001,-0.0384,0.9917
04025_01545,40.25,15.45,14520,1048.5,291.7,1889.7,395.3,18.66,0.0005,0.1842,0.2017,0.2226,0.3067,0.0843,0.0,0.0903,0.1077,0.1072,0.1022,0.1541,0.2039,0.1728,0.0619,-0.1664,-0.1032,0.9906
04025_01555,40.25,15.55,14520,821.5,343.5,1659.8,288.5,15.65,0.0,0.2844,0.3413,0.2548,0.1169,0.0026,0.0,0.0867,0.1763,0.1463,0.1268,0.1727,0.1559,0.0785,0.0568,-0.1265,0.1377,0.965
04025_01565,40.25,15.65,14520,649.0,472.9,1181.4,162.1,9.29,0.0,0.5056,0.3848,0.1095,0.0,0.0,0.0,0.1438,0.1639,0.1415,0.0498,0.0591,0.1348,0.2033,0.1038,0.1415,-0.0798,0.7668
04025_01575,40.25,15.75,14520,934.8,591.3,1399.7,114.9,11.48,0.0,0.0008,0.4229,0.5636,0.0128,0.0,0.0,0.1244,0.1279,0.0773,0.074,0.1265,0.1719,0.1838,0.1143,-0.0056,-0.1736,0.8861
04025_01585,40.25,15.85,14520,830.3,533.2,1329.6,170.7,11.51,0.0,0.0608,0.6103,0.3056,0.0233,0.0,0.0,0.1653,0.221,0.1615,0.1133,0.0873,0.0721,0.0686,0.111,0.1837,0.2047,0.8879
04025_01595,40.25,15.95,14520,795.2,523.7,1751.9,272.7,9.71,0.0,0.2762,0.4565,0.1647,0.0851,0.0175,0.0,0.1959,0.1331,0.0964,0.0675,0.0586,0.08,0.1507,0.2177,0.2918,-0.1283,0.8338
04025_01605,40.25,16.05,14520,716.4,345.6,1538.0,203.8,11.96,0.0,0.2876,0.5539,0.1351,0.0233,0.0,0.0,0.1407,0.1761,0.1879,0.1091,0.0948,0.1215,0.0862,0.0838,0.0676,0.1646,0.9517
04025_01615,40.25,16.15,14641,598.3,270.6,907.2,168.2,12.13,0.0387,0.4432,0.5175,0.0006,0.0,0.0,0.0,0.1025,0.136,0.1681,0.1186,0.1293,0.0903,0.1414,0.1138,0.0011,0.0684,0.9093
04025_01625,40.25,16.25,14399,352.5,194.7,782.3,113.2,8.45,0.4093,0.5523,0.0383,0.0,0.0,0.0,0.0,0.153,0.1347,0.1693,0.1563,0.1374,0.0626,0.0823,0.1044,0.0303,0.1831,0.8282
04025_01635,40.25,16.35,14520,408.1,160.4,856.1,155.0,9.31,0.3005,0.5621,0.1375,0.0,0.0,0.0,0.0,0.121,0.1086,0.1183,0.0571,0.0674,0.1555,0.2112,0.1609,0.0939,-0.2029,0.906
04025_01645,40.25,16.45,14520,287.2,68.0,756.0,149.9,9.24,0.5871,0.3882,0.0247,0.0,0.0,0.0,0.0,0.1866,0.1992,0.1576,0.1409,0.1363,0.0744,0.0409,0.0642,0.0883,0.2684,0.8908
04025_01655,40.25,16.55,14520,103.5,24.2,296.7,53.6,4.51,1.0,0.0,0.0,0.0,0.0,0.0,0.0,0.1364,0.1696,0.1212,0.0923,0.1532,0.1637,0.0809,0.0827,-0.0246,0.0567,0.5381
04025_01665,40.25,16.65,14641,68.4,1.9,178.5,46.9,2.31,1.0,0.0,0.0,0.0,0.0,0.0,0.0,0.1065,0.1873,0.1118,0.1498,0.1918,0.176,0.0473,0.0296,-0.1613,0.1688,0.2585
04025_01675,40.25,16.75,14399,4.8,-1.6,50.1,8.1,0.33,1.0,0.0,0.0,0.0,0.0,0.0,0.0,0.181,0.2328,0.0862,0.1983,0.0,0.0,0.0259,0.2759,0.3901,0.1881,0.0081
04025_01785,40.25,17.85,14520,3.0,-0.5,40.1,7.4,0.18,1.0,0.0,0.0,0.0,0.0,0.0,0.0,0.0,0.0,0.0,0.0,0.0,0.9808,0.0192,0.0,-0.6502,-0.746,0.0036
04025_01795,40.25,17.95,14520,33.0,-0.4,71.6,16.2,0.58,1.0,0.0,0.0,0.0,0.0,0.0,0.0,0.0482,0.0723,0.0964,0.0361,0.0602,0.5663,0.0964,0.0241,-0.4072,-0.2968,0.0057
04025_01805,40.25,18.05,14520,39.7,5.0,63.0,6.0,0.49,1.0,0.0,0.0,0.0,0.0,0.0,0.0,0.1154,0.1731,0.2115,0.1731,0.0769,0.0385,0.1538,0.0577,0.0471,0.2286,0.0036
04025_01815,40.25,18.15,14641,55.4,31.0,97.6,9.8,0.56,1.0,0.0,0.0,0.0,0.0,0.0,0.0,0.2059,0.451,0.0294,0.0294,0.0392,0.0784,0.0784,0.0882,0.5183,0.1572,0.007
04025_01825,40.25,18.25,14399,66.3,30.4,105.4,20.5,0.83,1.0,0.0,0.0,0.0,0.0,0.0,0.0,0.0431,0.7077,0.0815,0.0192,0.0128,0.0847,0.0351,0.016,0.4672,0.4875,0.0435
04025_01835,40.25,18.35,14520,41.4,8.1,94.5,16.9,0.67,1.0,0.0,0.0,0.0,0.0,0.0,0.0,0.0,0.3043,0.6957,0.0,0.0,0.0,0.0,0.0,0.2947,0.9407,0.0063
04025_01845,40.25,18.45,14520,7.8,-1.0,37.9,9.8,0.53,1.0,0.0,0.0,0.0,0.0,0.0,0.0,0.0712,0.2915,0.3627,0.0407,0.0,0.0915,0.122,0.0203,0.1873,0.4105,0.0203
04035_00835,40.35,8.35,14400,8.3,0.0,341.4,35.4,1.2,0.9995,0.0005,0.0,0.0,0.0,0.0,0.0,0.0632,0.0133,0.0383,0.0747,0.0881,0.1308,0.387,0.2046,-0.0265,-0.5431,0.0781
04035_00845,40.35,8.45,14400,313.1,-0.2,794.8,228.0,9.05,0.4603,0.4261,0.1135,0.0,0.0,0.0,0.0,0.0877,0.1362,0.1313,0.1319,0.1338,0.1679,0.1265,0.0847,-0.106,0.0187,0.7642
04035_00855,40.35,8.55,14520,245.1,4.1,521.4,93.2,8.75,0.6676,0.3324,0.0,0.0,0.0,0.0,0.0,0.1064,0.1386,0.1729,0.142,0.086,0.1094,0.1266,0.1181,0.0263,0.087,0.8049
04035_00865,40.35,8.65,14280,404.0,162.8,657.1,105.5,6.21,0.1529,0.84,0.0071,0.0,0.0,0.0,0.0,0.1497,0.0972,0.0663,0.0899,0.1121,0.1342,0.1654,0.1852,0.0814,-0.199,0.6863
04035_00875,40.35,8.75,14400,602.9,333.8,727.9,75.5,2.9,0.0,0.3508,0.6492,0.0,0.0,0.0,0.0,0.2108,0.0675,0.0257,0.0518,0.1082,0.121,0.1889,0.2261,0.1874,-0.3346,0.1997
04035_00885,40.35,8.85,14400,825.6,520.9,1111.2,128.0,6.14,0.0,0.0071,0.6697,0.3233,0.0,0.0,0.0,0.0964,0.0577,0.0691,0.0744,0.0692,0.1202,0.1966,0.3164,0.1581,-0.3493,0.6726
04035_00895,40.35,8.95,14400,701.6,203.6,1189.9,244.8,11.15,0.0979,0.2364,0.4621,0.2036,0.0,0.0,0.0,0.0691,0.0973,0.1869,0.2189,0.1441,0.1052,0.0669,0.1115,-0.1587,0.1945,0.8875
04035_00905,40.35,9.05,14520,299.8,166.6,744.4,84.7,5.79,0.588,0.4087,0.0032,0.0,0.0,0.0,0.0,0.0671,0.0884,0.1455,0.1575,0.1257,0.1342,0.1605,0.121,-0.1152,-0.0234,0.7236
04035_00915,40.35,9.15,14280,482.8,290.1,747.5,94.9,7.52,0.0015,0.8513,0.1472,0.0,0.0,0.0,0.0,0.1159,0.0919,0.1112,0.0999,0.1441,0.1613,0.1428,0.133,-0.0571,-0.1058,0.8694
04035_00925,40.35,9.25,14400,618.5,351.2,821.1,114.1,6.5,0.0,0.4483,0.5517,0.0,0.0,0.0,0.0,0.0943,0.0713,0.1374,0.1772,0.1622,0.1263,0.1198,0.1114,-0.1589,0.0233,0.8201
04035_00935,40.35,9.35,14400,470.7,113.7,945.5,180.3,12.54,0.2092,0.5395,0.249,0.0023,0.0,0.0,0.0,0.1168,0.0963,0.1548,0.1901,0.1474,0.1056,0.0736,0.1154,-0.0901,0.1285,0.9473
04035_00945,40.35,9.45,14400,245.7,42.0,685.8,121.2,8.98,0.7167,0.2806,0.0026,0.0,0.0,0.0,0.0,0.1296,0.0835,0.1348,0.1988,0.1412,0.0736,0.0977,0.1407,-0.0496,0.0893,0.8257
04035_00955,40.35,9.55,14520,157.0,8.0,553.2,81.2,5.85,0.9703,0.0297,0.0,0.0,0.0,0.0,0.0,0.1687,0.0822,0.1353,0.12,0.0965,0.0622,0.1374,0.1976,0.1434,-0.0479,0.5594
04035_00965,40.35,9.65,14280,154.0,-0.1,787.5,152.4,7.97,0.8583,0.1221,0.0196,0.0,0.0,0.0,0.0,0.158,0.1274,0.2059,0.1909,0.1058,0.0749,0.0388,0.0983,0.0198,0.2712,0.6481
04035_00975,40.35,9.75,14400,3.9,-0.5,72.4,12.5,0.37,1.0,0.0,0.0,0.0,0.0,0.0,0.0,0.0074,0.0478,0.193,0.2151,0.1765,0.2243,0.1103,0.0257,-0.4395,0.1053,0.0378
04035_01495,40.35,14.95,14400,26.4,0.0,349.4,60.1,2.6,0.9961,0.0039,0.0,0.0,0.0,0.0,0.0,0.1725,0.0944,0.0838,0.1233,0.0891,0.1401,0.1551,0.1417,0.0666,-0.1294,0.223
04035_01505,40.35,15.05,14400,170.5,0.0,531.3,119.8,10.3,0.8295,0.1705,0.0,0.0,0.0,0.0,0.0,0.1703,0.1467,0.0697,0.064,0.1131,0.1635,0.1191,0.1536,0.113,-0.1256,0.8338
04035_01515,40.35,15.15,14400,379.7,66.3,1260.0,199.8,14.63,0.4052,0.4692,0.0976,0.027,0.0009,0.0,0.0,0.1044,0.1044,0.0642,0.1057,0.1618,0.2026,0.1504,0.1065,-0.1294,-0.1589,0.9708
04035_01525,40.35,15.25,14400,481.8,135.8,1304.5,198.4,13.57,0.1625,0.6028,0.1941,0.0375,0.0031,0.0,0.0,0.1213,0.2164,0.108,0.0549,0.0895,0.1699,0.1323,0.1077,0.1003,-0.0344,0.9745
04035_01535,40.35,15.35,14400,671.9,194.6,1346.4,257.2,13.56,0.0419,0.412,0.3472,0.154,0.0449,0.0,0.0,0.1802,0.1088,0.0553,0.0648,0.099,0.1404,0.1931,0.1585,0.1299,-0.2384,0.9726
04035_01545,40.35,15.45,14400,1102.0,479.9,1739.6,232.2,16.54,0.0,0.023,0.1518,0.5069,0.2976,0.0207,0.0,0.209,0.1501,0.0809,0.066,0.1162,0.1615,0.0962,0.1201,0.1242,-0.0599,0.9791
04035_01555,40.35,15.55,14400,718.0,445.6,1437.6,264.1,11.07,0.0,0.4425,0.2861,0.2271,0.0443,0.0,0.0,0.1993,0.2633,0.1009,0.1208,0.1282,0.0831,0.0405,0.0639,0.1589,0.2387,0.6544
04035_01565,40.35,15.65,14400,756.5,451.9,1408.1,277.9,10.13,0.0,0.4362,0.2342,0.2553,0.0742,0.0,0.0,0.0325,0.0662,0.0548,0.0542,0.1243,0.3231,0.2749,0.0698,-0.2689,-0.4244,0.6764
04035_01575,40.35,15.75,14400,853.3,572.6,1498.2,258.1,10.65,0.0,0.1409,0.5036,0.2028,0.1526,0.0,0.0,0.0952,0.2036,0.2386,0.1043,0.0842,0.1046,0.09,0.0797,0.0653,0.243,0.728
04035_01585,40.35,15.85,14400,834.3,543.5,1711.7,291.3,9.44,0.0,0.2717,0.403,0.1469,0.1749,0.0035,0.0,0.0537,0.0688,0.0836,0.0836,0.2439,0.2623,0.1323,0.0719,-0.3425,-0.1852,0.6473
04035_01595,40.35,15.95,14400,955.7,541.4,1477.6,214.6,10.72,0.0,0.0494,0.3327,0.4923,0.1256,0.0,0.0,0.0531,0.0779,0.1126,0.1594,0.1928,0.1872,0.1405,0.0766,-0.2807,-0.044,0.9215
04035_01605,40.35,16.05,14400,767.0,432.6,1286.5,170.7,11.4,0.0,0.1856,0.5766,0.2314,0.0064,0.0,0.0,0.1073,0.187,0.1965,0.1117,0.1225,0.1395,0.0848,0.0507,-0.0261,0.196,0.9509
04035_01615,40.35,16.15,14520,614.1,310.7,1056.9,157.5,12.28,0.0,0.5132,0.4284,0.0584,0.0,0.0,0.0,0.1193,0.1567,0.1294,0.1013,0.1527,0.1713,0.094,0.0752,-0.0671,0.0463,0.9575
04035_01625,40.35,16.25,14280,421.1,192.1,996.2,160.8,9.91,0.2856,0.5674,0.1398,0.0071,0.0,0.0,0.0,0.09,0.1555,0.1885,0.1396,0.1444,0.1414,0.0912,0.0493,-0.114,0.1755,0.8884
04035_01635,40.35,16.35,14400,265.0,118.1,580.0,86.0,7.1,0.6815,0.3185,0.0,0.0,0.0,0.0,0.0,0.1341,0.1644,0.1397,0.1031,0.1331,0.1435,0.0991,0.083,0.0023,0.0728,0.8253
04035_01645,40.35,16.45,14400,154.8,54.9,376.9,51.1,5.83,0.9939,0.0061,0.0,0.0,0.0,0.0,0.0,0.1254,0.1871,0.1519,0.0974,0.1071,0.1383,0.1115,0.0813,0.0435,0.0883,0.7897
04035_01655,40.35,16.55,14400,133.1,31.4,389.3,69.5,6.14,0.9845,0.0155,0.0,0.0,0.0,0.0,0.0,0.1356,0.1484,0.1259,0.0905,0.1071,0.1381,0.1574,0.0971,0.0438,-0.0321,0.6967
04035_01665,40.35,16.65,14520,99.3,13.9,244.4,53.5,4.45,1.0,0.0,0.0,0.0,0.0,0.0,0.0,0.1795,0.1924,0.1365,0.1149,0.1272,0.1215,0.0256,0.1025,0.094,0.1769,0.4797
04035_01675,40.35,16.75,14280,26.6,0.0,105.4,24.0,1.3,1.0,0.0,0.0,0.0,0.0,0.0,0.0,0.1378,0.1392,0.1027,0.1196,0.2095,0.1628,0.0777,0.0507,-0.1383,0.0478,0.1036
04035_01685,40.35,16.85,14400,1.2,-1.5,20.7,2.5,0.15,1.0,0.0,0.0,0.0,0.0,0.0,0.0,0.0,0.0,0.0,0.3333,0.0,0.0,0.0,0.6667,0.1985,-0.2687,0.0012
04035_01725,40.35,17.25,14280,1.8,0.0,35.5,6.5,0.11,1.0,0.0,0.0,0.0,0.0,0.0,0.0,0.0,0.0,0.0202,0.0556,0.3737,0.3939,0.1566,0.0,-0.6766,-0.4439,0.0139
04035_01735,40.35,17.35,14400,12.9,0.0,49.1,15.4,0.38,1.0,0.0,0.0,0.0,0.0,0.0,0.0,0.0,0.0,0.03,0.1033,0.1733,0.4733,0.22,0.0,-0.6037,-0.4673,0.0208
04035_01745,40.35,17.45,14400,21.6,0.0,98.1,22.3,0.67,1.0,0.0,0.0,0.0,0.0,0.0,0.0,0.0,0.0054,0.03,0.0054,0.2834,0.6104,0.0518,0.0136,-0.7022,-0.4803,0.0255
04035_01755,40.35,17.55,14400,60.2,0.0,125.3,36.5,0.97,1.0,0.0,0.0,0.0,0.0,0.0,0.0,0.0073,0.0436,0.0036,0.0091,0.392,0.5045,0.0381,0.0018,-0.7573,-0.3557,0.0383
04035_01765,40.35,17.65,14520,66.2,0.0,114.0,31.3,0.92,1.0,0.0,0.0,0.0,0.0,0.0,0.0,0.0033,0.0065,0.0228,0.0914,0.6346,0.2316,0.0082,0.0016,-0.8631,-0.0994,0.0422
04035_01775,40.35,17.75,14280,53.1,-1.5,101.1,22.3,0.85,1.0,0.0,0.0,0.0,0.0,0.0,0.0,0.0376,0.1527,0.0,0.0199,0.4735,0.3009,0.0155,0.0,-0.5672,-0.1222,0.0317
04035_01785,40.35,17.85,14400,56.0,6.5,100.0,15.5,0.69,1.0,0.0,0.0,0.0,0.0,0.0,0.0,0.0299,0.0,0.0597,0.1045,0.3134,0.4925,0.0,0.0,-0.7347,-0.2084,0.0047
04035_01795,40.35,17.95,14400,45.4,10.1,69.6,5.9,0.4,1.0,0.0,0.0,0.0,0.0,0.0,0.0,0.0638,0.3191,0.1277,0.0426,0.1277,0.1064,0.1277,0.0851,0.1265,0.1644,0.0033
04035_01805,40.35,18.05,14400,35.6,8.5,61.9,7.8,0.48,1.0,0.0,0.0,0.0,0.0,0.0,0.0,0.0,0.0,0.0714,0.0,0.0429,0.8286,0.0571,0.0,-0.5748,-0.6207,0.0049
04035_01815,40.35,18.15,14520,40.3,3.4,63.7,8.8,0.69,1.0,0.0,0.0,0.0,0.0,0.0,0.0,0.0856,0.2246,0.1283,0.0588,0.0749,0.2086,0.1551,0.0642,0.0278,-0.0273,0.0129
04035_01825,40.35,18.25,14280,32.3,-2.0,54.1,11.0,0.52,1.0,0.0,0.0,0.0,0.0,0.0,0.0,0.0,0.0,0.0,0.0,0.0,0.0,0.0,0.0,0.0,0.0,0.0
04035_01835,40.35,18.35,14400,8.2,-2.0,42.9,11.3,0.35,1.0,0.0,0.0,0.0,0.0,0.0,0.0,0.0,0.641,0.2821,0.0256,0.0,0.0256,0.0256,0.0,0.4035,0.7643,0.0027
04045_00835,40.45,8.35,14280,28.2,0.0,498.0,94.2,2.13,0.9562,0.0438,0.0,0.0,0.0,0.0,0.0,0.0017,0.0011,0.0056,0.015,0.0507,0.2457,0.6089,0.0713,-0.1903,-0.8337,0.1257
04045_00845,40.45,8.45,14280,447.1,0.0,711.4,125.8,8.13,0.1369,0.7334,0.1297,0.0,0.0,0.0,0.0,0.078,0.1071,0.1843,0.2119,0.1123,0.0564,0.1298,0.1201,-0.0696,0.1601,0.8384
04045_00855,40.45,8.55,14399,273.8,127.3,643.0,86.1,7.32,0.7122,0.2753,0.0125,0.0,0.0,0.0,0.0,0.0655,0.1244,0.1748,0.1517,0.1128,0.1489,0.143,0.0789,-0.1214,0.0692,0.7777
04045_00865,40.45,8.65,14161,397.4,155.9,707.5,124.9,8.56,0.2729,0.6562,0.0709,0.0,0.0,0.0,0.0,0.0869,0.0826,0.0917,0.1223,0.1334,0.1652,0.1694,0.1485,-0.0868,-0.1583,0.8868
04045_00875,40.45,8.75,14280,441.0,318.1,664.8,78.3,4.99,0.0,0.9349,0.0651,0.0,0.0,0.0,0.0,0.166,0.1412,0.1083,0.1529,0.0971,0.0975,0.105,0.1319,0.0913,0.0482,0.5281
04045_00885,40.45,8.85,14280,430.6,305.2,775.6,110.6,5.58,0.0,0.8835,0.1165,0.0,0.0,0.0,0.0,0.2079,0.1038,0.0634,0.0558,0.0918,0.0871,0.1403,0.2499,0.2688,-0.2056,0.5861
04045_00895,40.45,8.95,14280,666.3,369.6,1189.2,148.1,8.34,0.0,0.3686,0.5662,0.0651,0.0,0.0,0.0,0.1247,0.092,0.0826,0.068,0.0825,0.0882,0.1943,0.2677,0.1927,-0.254,0.8619
04045_00905,40.45,9.05,14399,632.7,228.2,1252.0,278.4,10.8,0.1538,0.3228,0.2819,0.24,0.0015,0.0,0.0,0.0626,0.075,0.2086,0.2751,0.1146,0.0484,0.103,0.1126,-0.1499,0.2485,0.862
04045_00915,40.45,9.15,14161,358.2,242.1,713.4,97.7,5.68,0.3113,0.6386,0.0501,0.0,0.0,0.0,0.0,0.1044,0.0551,0.0825,0.1241,0.1379,0.1598,0.143,0.1933,-0.0624,-0.1919,0.6602
04045_00925,40.45,9.25,14280,642.8,335.6,850.6,103.8,7.22,0.0,0.2746,0.7254,0.0,0.0,0.0,0.0,0.1341,0.0651,0.0404,0.1183,0.1521,0.1502,0.1535,0.1864,-0.0302,-0.2245,0.7964
04045_00935,40.45,9.35,14280,714.4,371.0,909.4,93.4,7.68,0.0,0.1438,0.8553,0.0009,0.0,0.0,0.0,0.1384,0.1232,0.1393,0.18,0.101,0.0934,0.0971,0.1276,0.021,0.104,0.8141
04045_00945,40.45,9.45,14280,414.5,70.8,846.1,154.6,10.19,0.2579,0.655,0.087,0.0,0.0,0.0,0.0,0.088,0.0902,0.1507,0.1758,0.1428,0.1214,0.118,0.113,-0.1193,0.0579,0.9268
04045_00955,40.45,9.55,14399,395.9,21.0,1115.0,254.3,13.73,0.4471,0.3591,0.1381,0.0557,0.0,0.0,0.0,0.0605,0.0501,0.1275,0.2363,0.1429,0.1008,0.1284,0.1536,-0.1812,0.0194,0.9236
04045_00965,40.45,9.65,14161,244.8,4.0,847.1,193.7,10.41,0.6801,0.2505,0.0694,0.0,0.0,0.0,0.0,0.0729,0.054,0.1142,0.2353,0.1457,0.1135,0.1182,0.1463,-0.186,0.0163,0.7898
04045_00975,40.45,9.75,14280,108.3,-1.5,501.0,94.3,6.4,0.9541,0.0459,0.0,0.0,0.0,0.0,0.0,0.0877,0.1563,0.2097,0.1551,0.1179,0.1078,0.0952,0.0702,-0.0577,0.2156,0.5882
04045_01495,40.45,14.95,14280,1.7,-0.1,23.3,3.4,0.26,1.0,0.0,0.0,0.0,0.0,0.0,0.0,0.0,0.2609,0.0797,0.0036,0.0,0.5616,0.0942,0.0,-0.1555,-0.2725,0.0193
04045_01505,40.45,15.05,14280,130.8,1.5,1070.5,193.1,6.28,0.8498,0.1041,0.0382,0.0079,0.0,0.0,0.0,0.2318,0.0586,0.0601,0.0296,0.0719,0.2544,0.2091,0.0845,0.0642,-0.3357,0.4383
04045_01515,40.45,15.15,14280,401.9,35.6,1197.5,283.9,11.57,0.5089,0.2454,0.1578,0.0879,0.0,0.0,0.0,0.2369,0.1913,0.1207,0.0578,0.0926,0.1313,0.0996,0.0699,0.1979,0.0601,0.9578
04045_01525,40.45,15.25,14280,338.8,67.6,1080.4,224.1,10.76,0.5651,0.3056,0.0845,0.0448,0.0,0.0,0.0,0.1014,0.1036,0.0822,0.073,0.1486,0.228,0.1386,0.1245,-0.1061,-0.1816,0.9244
04045_01535,40.45,15.35,14280,697.3,192.6,1254.9,265.9,10.43,0.0651,0.3091,0.3738,0.2419,0.0101,0.0,0.0,0.088,0.0336,0.0316,0.1027,0.2479,0.234,0.1354,0.1268,-0.2905,-0.2671,0.9721
04045_01545,40.45,15.45,14280,895.1,440.4,1472.0,296.6,13.5,0.0,0.2448,0.2148,0.364,0.1763,0.0,0.0,0.1123,0.2039,0.1671,0.116,0.1197,0.135,0.092,0.0541,-0.0076,0.1737,0.8769
04045_01555,40.45,15.55,14280,629.7,439.1,1278.4,232.5,7.2,0.0,0.5873,0.2327,0.1657,0.0144,0.0,0.0,0.0851,0.0495,0.0426,0.0312,0.0699,0.3584,0.2563,0.107,-0.1527,-0.4995,0.5181
04045_01565,40.45,15.65,14280,977.6,591.0,1449.5,181.4,12.3,0.0,0.0004,0.4134,0.4373,0.1489,0.0,0.0,0.1395,0.1677,0.1445,0.0552,0.0704,0.1555,0.1585,0.1088,0.1174,-0.0442,0.9335
04045_01575,40.45,15.75,14280,1156.6,650.8,1711.7,242.4,13.03,0.0,0.0,0.1604,0.4049,0.405,0.0297,0.0,0.0539,0.1135,0.1293,0.1459,0.1378,0.1733,0.1779,0.0685,-0.19,-0.0374,0.9696
04045_01585,40.45,15.85,14280,1036.9,635.1,1823.5,243.3,11.57,0.0,0.0,0.3277,0.4492,0.1958,0.0273,0.0,0.2075,0.1778,0.1644,0.108,0.0664,0.0471,0.0709,0.1578,0.2794,0.1525,0.9791
04045_01595,40.45,15.95,14280,954.2,551.2,1495.5,217.7,10.69,0.0,0.0275,0.4131,0.4001,0.1593,0.0,0.0,0.1546,0.175,0.121,0.0841,0.0647,0.044,0.1546,0.202,0.2748,-0.0208,0.9692
04045_01605,40.45,16.05,14280,995.4,618.3,1446.2,146.9,12.29,0.0,0.0,0.2668,0.6346,0.0986,0.0,0.0,0.0491,0.1762,0.202,0.0772,0.0958,0.2168,0.1373,0.0456,-0.0943,0.0555,0.9823
04045_01615,40.45,16.15,14399,846.8,415.0,1265.8,153.3,13.78,0.0,0.0522,0.5662,0.377,0.0047,0.0,0.0,0.0995,0.1377,0.1599,0.1051,0.1146,0.1486,0.1365,0.0982,-0.0311,0.0203,0.9857
04045_01625,40.45,16.25,14161,496.8,199.1,1085.2,168.5,10.97,0.0756,0.6963,0.2058,0.0222,0.0,0.0,0.0,0.1425,0.22,0.1686,0.1168,0.1277,0.1102,0.0486,0.0657,0.0551,0.2371,0.9681
04045_01635,40.45,16.35,14280,231.8,104.8,577.8,66.4,7.15,0.884,0.116,0.0,0.0,0.0,0.0,0.0,0.0964,0.189,0.1896,0.1125,0.1271,0.1345,0.0943,0.0567,-0.0327,0.1762,0.8242
04045_01645,40.45,16.45,14280,172.2,57.3,499.7,76.3,6.97,0.9247,0.0753,0.0,0.0,0.0,0.0,0.0,0.0594,0.1712,0.1787,0.1083,0.1175,0.182,0.1389,0.044,-0.114,0.0794,0.7964
04045_01655,40.45,16.55,14280,146.4,27.9,463.8,106.1,6.93,0.8744,0.1256,0.0,0.0,0.0,0.0,0.0,0.0854,0.15,0.141,0.0843,0.1321,0.2055,0.1311,0.0706,-0.0954,-0.0181,0.6949
04045_01665,40.45,16.65,14399,145.4,21.0,377.0,77.0,5.44,0.9717,0.0283,0.0,0.0,0.0,0.0,0.0,0.1255,0.2024,0.1316,0.1006,0.1379,0.181,0.0882,0.0328,-0.0456,0.1103,0.5795
04045_01675,40.45,16.75,14161,63.6,11.8,164.9,34.6,2.53,1.0,0.0,0.0,0.0,0.0,0.0,0.0,0.0981,0.1612,0.1873,0.0902,0.0885,0.1646,0.1101,0.1,0.0092,0.0769,0.2888
04045_01685,40.45,16.85,14280,20.0,0.0,90.1,18.7,0.7,1.0,0.0,0.0,0.0,0.0,0.0,0.0,0.0,0.0756,0.1429,0.021,0.0756,0.2983,0.2563,0.1303,-0.1818,-0.3538,0.0167
04045_01695,40.45,16.95,14280,3.2,0.0,41.7,6.1,0.31,1.0,0.0,0.0,0.0,0.0,0.0,0.0,0.0,0.1905,0.0476,0.0476,0.0,0.381,0.0476,0.2857,0.0032,-0.2911,0.0015
04045_01715,40.45,17.15,14399,0.6,0.0,28.2,3.0,0.09,1.0,0.0,0.0,0.0,0.0,0.0,0.0,0.0,0.0,0.0,0.0,0.2456,0.0,0.5088,0.2456,0.0016,-0.6661,0.004
04045_01725,40.45,17.25,14161,9.4,-3.8,35.8,9.6,0.63,1.0,0.0,0.0,0.0,0.0,0.0,0.0,0.1842,0.1335,0.0733,0.1936,0.0226,0.1955,0.1466,0.0508,0.0186,-0.0356,0.0376
04045_01735,40.45,17.35,14280,32.8,-0.4,147.8,28.3,1.15,1.0,0.0,0.0,0.0,0.0,0.0,0.0,0.0607,0.1307,0.0715,0.0215,0.0261,0.2852,0.3451,0.0592,-0.0508,-0.4305,0.0911
04045_01745,40.45,17.45,14280,92.5,46.2,152.3,19.9,1.2,1.0,0.0,0.0,0.0,0.0,0.0,0.0,0.0883,0.1461,0.0534,0.096,0.2083,0.253,0.1014,0.0534,-0.2484,-0.0981,0.0642
04045_01755,40.45,17.55,14280,117.4,88.3,174.6,17.4,0.68,1.0,0.0,0.0,0.0,0.0,0.0,0.0,0.0,0.0,0.0,0.0094,0.066,0.6887,0.2358,0.0,-0.5359,-0.7714,0.0074
04045_01765,40.45,17.65,14399,87.6,60.9,165.2,12.2,0.59,1.0,0.0,0.0,0.0,0.0,0.0,0.0,0.0192,0.046,0.1188,0.0958,0.4713,0.0881,0.1073,0.0536,-0.5135,0.04,0.0181
04045_01775,40.45,17.75,14161,67.5,48.3,107.0,8.2,0.47,1.0,0.0,0.0,0.0,0.0,0.0,0.0,0.0,0.0,0.0135,0.0405,0.8514,0.0946,0.0,0.0,-0.9341,-0.0449,0.0052
04045_01785,40.45,17.85,14280,57.5,37.5,84.8,10.1,0.49,1.0,0.0,0.0,0.0,0.0,0.0,0.0,0.0,0.0,0.0,0.0,0.0,0.0,1.0,0.0,-0.2921,-0.9564,0.0001
04045_01795,40.45,17.95,14280,48.2,25.7,77.9,10.8,0.44,1.0,0.0,0.0,0.0,0.0,0.0,0.0,0.0,0.0,0.0,0.0,0.4792,0.5208,0.0,0.0,-0.8605,-0.4547,0.0034
04045_01805,40.45,18.05,14280,37.1,3.3,63.0,12.0,0.61,1.0,0.0,0.0,0.0,0.0,0.0,0.0,0.0143,0.0643,0.025,0.0107,0.0679,0.6893,0.1214,0.0071,-0.5151,-0.5241,0.0196
04045_01815,40.45,18.15,14399,17.3,-0.5,53.9,13.3,0.45,1.0,0.0,0.0,0.0,0.0,0.0,0.0,0.0667,0.1067,0.1333,0.2267,0.12,0.0667,0.1333,0.1467,-0.0894,0.0682,0.0052
04045_01825,40.45,18.25,14161,3.3,-1.0,31.1,6.5,0.18,1.0,0.0,0.0,0.0,0.0,0.0,0.0,0.0,0.0,0.0,0.0,0.0,0.0,0.0,0.0,0.0,0.0,0.0
04055_00815,40.55,8.15,14280,4.1,-0.0,255.7,21.1,0.92,1.0,0.0,0.0,0.0,0.0,0.0,0.0,0.0352,0.1355,0.2937,0.1251,0.0786,0.1272,0.1748,0.03,-0.1362,0.1961,0.0677
04055_00825,40.55,8.25,14400,8.2,-0.2,251.5,25.6,1.06,1.0,0.0,0.0,0.0,0.0,0.0,0.0,0.0601,0.1475,0.1289,0.0998,0.2038,0.1859,0.0805,0.0936,-0.1826,0.0271,0.1121
04055_00835,40.55,8.35,14400,71.1,-0.2,445.1,92.6,4.11,0.9332,0.0668,0.0,0.0,0.0,0.0,0.0,0.1482,0.0948,0.0559,0.0837,0.0995,0.1656,0.1836,0.1686,0.0636,-0.246,0.432
04055_00845,40.55,8.45,14400,291.4,31.2,676.2,109.7,7.52,0.5477,0.4407,0.0116,0.0,0.0,0.0,0.0,0.1636,0.1221,0.1116,0.0828,0.0642,0.1012,0.1459,0.2086,0.2091,-0.1096,0.8593
04055_00855,40.55,8.55,14520,367.0,163.5,555.2,74.4,7.15,0.2171,0.7829,0.0,0.0,0.0,0.0,0.0,0.1033,0.0836,0.0851,0.132,0.1556,0.1541,0.1522,0.1342,-0.103,-0.125,0.8262
04055_00865,40.55,8.65,14280,430.1,146.6,653.4,98.8,8.4,0.1043,0.8783,0.0174,0.0,0.0,0.0,0.0,0.144,0.1528,0.135,0.105,0.1031,0.1183,0.1395,0.1022,0.066,0.023,0.811
04055_00875,40.55,8.75,14400,419.4,215.4,732.1,102.0,7.41,0.0849,0.8419,0.0732,0.0,0.0,0.0,0.0,0.1397,0.1586,0.1541,0.1214,0.1004,0.1104,0.1048,0.1106,0.0737,0.0953,0.7438
04055_00885,40.55,8.85,14400,296.2,222.7,539.1,47.3,3.28,0.5819,0.4181,0.0,0.0,0.0,0.0,0.0,0.1744,0.1405,0.1322,0.1164,0.0778,0.0859,0.1091,0.1637,0.1699,0.0296,0.3945
04055_00895,40.55,8.95,14400,395.0,210.9,792.6,137.6,7.27,0.3321,0.5706,0.0974,0.0,0.0,0.0,0.0,0.1491,0.0924,0.062,0.0432,0.0669,0.1018,0.2279,0.2568,0.2294,-0.3303,0.754
04055_00905,40.55,9.05,14520,675.0,278.7,1006.9,158.8,9.1,0.0017,0.328,0.5374,0.1329,0.0,0.0,0.0,0.1589,0.0977,0.1094,0.1226,0.0687,0.0688,0.1592,0.2148,0.1782,-0.0981,0.9176
04055_00915,40.55,9.15,14280,641.3,353.0,966.9,128.2,9.54,0.0,0.4362,0.5329,0.0309,0.0,0.0,0.0,0.1381,0.1077,0.0951,0.2376,0.1605,0.0935,0.0802,0.0874,-0.1186,0.137,0.8892
04055_00925,40.55,9.25,14400,664.3,480.7,832.7,61.5,5.54,0.0,0.1128,0.8872,0.0,0.0,0.0,0.0,0.1766,0.0739,0.0456,0.0979,0.1559,0.1284,0.1224,0.1992,0.0541,-0.1924,0.7028
04055_00935,40.55,9.35,14400,769.7,486.1,972.5,70.2,5.19,0.0,0.0195,0.9397,0.0408,0.0,0.0,0.0,0.1406,0.0903,0.0809,0.1445,0.152,0.1422,0.1132,0.1362,-0.0573,-0.0667,0.666
04055_00945,40.55,9.45,14400,574.4,121.2,1011.6,218.9,11.0,0.1279,0.4031,0.4199,0.0492,0.0,0.0,0.0,0.1113,0.132,0.1931,0.2216,0.1313,0.0806,0.0602,0.0699,-0.0958,0.2854,0.9175
04055_00955,40.55,9.55,14520,451.1,104.5,1055.3,177.2,13.57,0.2103,0.6207,0.144,0.0251,0.0,0.0,0.0,0.1418,0.1062,0.0575,0.0959,0.1202,0.1464,0.1588,0.1732,0.0508,-0.1851,0.9628
04055_00965,40.55,9.65,14280,352.3,18.4,1031.6,269.8,13.26,0.5211,0.2493,0.1948,0.0348,0.0,0.0,0.0,0.1536,0.1208,0.114,0.2114,0.0841,0.0624,0.0873,0.1664,0.0832,0.1015,0.8528
04055_00975,40.55,9.75,14400,95.3,-1.0,565.5,106.2,6.22,0.9313,0.0687,0.0,0.0,0.0,0.0,0.0,0.1424,0.1388,0.178,0.1481,0.0989,0.0699,0.0931,0.1308,0.0798,0.1525,0.608
04055_00985,40.55,9.85,14400,6.9,0.0,236.8,27.4,0.78,1.0,0.0,0.0,0.0,0.0,0.0,0.0,0.0924,0.1118,0.235,0.1479,0.1153,0.0572,0.0871,0.1532,0.0261,0.1789,0.0789
04055_01425,40.55,14.25,14400,20.7,-2.0,566.3,71.5,2.45,0.9833,0.0167,0.0,0.0,0.0,0.0,0.0,0.1698,0.0969,0.0573,0.1097,0.1331,0.0947,0.0997,0.2389,0.131,-0.1504,0.1247
04055_01435,40.55,14.35,14400,26.8,0.0,485.8,83.0,2.51,0.963,0.037,0.0,0.0,0.0,0.0,0.0,0.0413,0.0189,0.0719,0.2392,0.2453,0.0908,0.1453,0.1474,-0.3337,-0.0584,0.1362
04055_01485,40.55,14.85,14400,0.4,0.0,21.6,1.7,0.04,1.0,0.0,0.0,0.0,0.0,0.0,0.0,0.0,0.0,0.0,0.0,0.0,0.0,0.0,0.0,0.0,0.0,0.0
04055_01495,40.55,14.95,14400,17.0,-1.2,66.6,15.1,0.59,1.0,0.0,0.0,0.0,0.0,0.0,0.0,0.0,0.3293,0.1124,0.0,0.0,0.2691,0.2892,0.0,-0.0366,-0.1137,0.0173
04055_01505,40.55,15.05,14400,33.4,1.0,148.0,16.5,1.2,1.0,0.0,0.0,0.0,0.0,0.0,0.0,0.0984,0.1073,0.1161,0.1374,0.125,0.0674,0.1534,0.195,0.0253,-0.0585,0.0783
04055_01515,40.55,15.15,14400,129.9,22.7,426.0,84.8,5.64,0.9458,0.0542,0.0,0.0,0.0,0.0,0.0,0.1293,0.1027,0.0858,0.0691,0.1091,0.178,0.2119,0.1141,-0.0055,-0.2162,0.649
04055_01525,40.55,15.25,14400,731.2,65.9,1683.4,416.8,14.18,0.201,0.2724,0.1279,0.2379,0.1505,0.0103,0.0,0.1563,0.1119,0.0285,0.0486,0.1504,0.1733,0.1975,0.1336,0.0268,-0.2804,0.9697
04055_01535,40.55,15.35,14400,721.3,118.8,1725.4,454.8,13.49,0.3,0.1374,0.2128,0.1072,0.2392,0.0034,0.0,0.1992,0.2418,0.0609,0.0641,0.1334,0.1561,0.0623,0.0821,0.15,0.0332,0.8989
04055_01545,40.55,15.45,14400,530.3,165.0,1286.5,215.1,13.57,0.1356,0.5335,0.274,0.0511,0.0059,0.0,0.0,0.1683,0.1341,0.0886,0.0596,0.1128,0.2047,0.1306,0.1014,0.0366,-0.1232,0.9557
04055_01555,40.55,15.55,14400,755.7,262.5,1275.6,219.3,14.78,0.0039,0.2964,0.4062,0.2877,0.0058,0.0,0.0,0.1081,0.1587,0.1009,0.0762,0.106,0.2144,0.1428,0.093,-0.0202,-0.1022,0.9474
04055_01565,40.55,15.65,14400,770.4,491.5,1338.5,159.8,9.42,0.0,0.1298,0.6824,0.1715,0.0162,0.0,0.0,0.1457,0.2008,0.0594,0.04,0.069,0.182,0.2048,0.0983,0.1314,-0.1772,0.9572
04055_01575,40.55,15.75,14400,1037.2,718.4,1737.6,218.1,11.38,0.0,0.0,0.3405,0.4076,0.2359,0.016,0.0,0.1692,0.1809,0.1338,0.0746,0.0595,0.0556,0.1521,0.1742,0.2771,-0.0009,0.9155
04055_01585,40.55,15.85,14400,1001.5,639.5,1465.4,148.6,11.56,0.0,0.0,0.2565,0.6592,0.0843,0.0,0.0,0.0919,0.1514,0.1623,0.1295,0.1467,0.1299,0.1108,0.0775,-0.0753,0.1024,0.9788
04055_01595,40.55,15.95,14400,802.7,465.7,1178.9,160.5,10.45,0.0,0.1087,0.6047,0.2867,0.0,0.0,0.0,0.1329,0.1733,0.149,0.1354,0.1403,0.1302,0.0706,0.0682,-0.0224,0.1587,0.9739
04055_01605,40.55,16.05,14400,704.6,332.2,1208.5,173.0,14.35,0.0,0.3135,0.5298,0.1565,0.0001,0.0,0.0,0.1383,0.1584,0.1398,0.1035,0.0664,0.1076,0.1685,0.1175,0.1223,-0.0004,0.9856
04055_01615,40.55,16.15,14520,621.8,209.1,1175.8,209.3,12.52,0.0688,0.3936,0.4267,0.111,0.0,0.0,0.0,0.1871,0.1608,0.123,0.0957,0.0974,0.0888,0.1049,0.1423,0.1775,0.0351,0.974
04055_01625,40.55,16.25,14280,404.9,155.3,780.5,141.8,8.66,0.2489,0.6436,0.1076,0.0,0.0,0.0,0.0,0.1771,0.2084,0.1488,0.0927,0.1225,0.1046,0.0654,0.0805,0.1218,0.1693,0.8814
04055_01635,40.55,16.35,14400,369.9,109.9,605.7,141.8,8.8,0.331,0.6676,0.0014,0.0,0.0,0.0,0.0,0.1337,0.2143,0.131,0.0469,0.1387,0.2194,0.0702,0.0458,-0.0074,0.062,0.8354
04055_01645,40.55,16.45,14400,265.6,60.3,535.5,127.8,8.75,0.5976,0.4024,0.0,0.0,0.0,0.0,0.0,0.1275,0.2349,0.1167,0.0482,0.1356,0.2093,0.083,0.0448,0.0088,0.0555,0.8412
04055_01655,40.55,16.55,14400,225.6,52.5,476.0,116.4,7.5,0.7083,0.2917,0.0,0.0,0.0,0.0,0.0,0.1455,0.2069,0.154,0.1073,0.1195,0.1171,0.074,0.0757,0.0679,0.17,0.7976
04055_01665,40.55,16.65,14520,127.0,30.4,397.8,72.4,5.13,0.9789,0.0211,0.0,0.0,0.0,0.0,0.0,0.0662,0.147,0.1493,0.0939,0.1276,0.2466,0.1094,0.0601,-0.1609,-0.0007,0.6095
04055_01675,40.55,16.75,14280,160.4,30.0,353.8,81.7,4.13,0.9108,0.0892,0.0,0.0,0.0,0.0,0.0,0.0163,0.0968,0.1466,0.1163,0.1933,0.2392,0.1537,0.0377,-0.3436,-0.0527,0.502
04055_01685,40.55,16.85,14400,108.0,16.2,331.3,70.8,2.47,0.9701,0.0299,0.0,0.0,0.0,0.0,0.0,0.0586,0.0481,0.1203,0.3063,0.29,0.1116,0.0347,0.0305,-0.4855,0.2389,0.2644
04055_01695,40.55,16.95,14400,44.8,-1.5,102.7,22.6,1.5,1.0,0.0,0.0,0.0,0.0,0.0,0.0,0.0238,0.1457,0.1885,0.0935,0.0811,0.1849,0.1482,0.1343,-0.0565,-0.0177,0.1344
04055_01705,40.55,17.05,14400,25.7,0.0,111.2,18.4,0.79,1.0,0.0,0.0,0.0,0.0,0.0,0.0,0.0229,0.1371,0.219,0.0248,0.059,0.3257,0.1848,0.0267,-0.1622,-0.096,0.0365
04055_01715,40.55,17.15,14520,64.5,-0.8,283.6,66.8,1.64,1.0,0.0,0.0,0.0,0.0,0.0,0.0,0.0085,0.013,0.0666,0.0993,0.1753,0.5112,0.1082,0.0179,-0.596,-0.3225,0.154
04055_01725,40.55,17.25,14280,121.6,0.0,275.6,84.1,1.89,1.0,0.0,0.0,0.0,0.0,0.0,0.0,0.0147,0.0184,0.0424,0.0677,0.3722,0.3109,0.117,0.0567,-0.5928,-0.2885,0.152
04055_01735,40.55,17.35,14400,117.6,0.0,247.6,64.6,2.07,1.0,0.0,0.0,0.0,0.0,0.0,0.0,0.0342,0.075,0.2094,0.1134,0.2003,0.2318,0.1044,0.0314,-0.3399,0.0615,0.199
04055_01745,40.55,17.45,14400,168.9,56.5,342.7,65.1,1.82,0.9557,0.0443,0.0,0.0,0.0,0.0,0.0,0.0042,0.0195,0.0502,0.0679,0.2873,0.4324,0.1288,0.0096,-0.6247,-0.3497,0.1962
04055_01755,40.55,17.55,14400,164.4,120.0,259.9,29.2,0.87,1.0,0.0,0.0,0.0,0.0,0.0,0.0,0.0129,0.0172,0.0991,0.1379,0.4095,0.2802,0.0302,0.0129,-0.6727,-0.0454,0.0161
04055_01765,40.55,17.65,14520,123.7,94.9,161.5,11.2,0.53,1.0,0.0,0.0,0.0,0.0,0.0,0.0,0.2432,0.2973,0.1351,0.027,0.0541,0.027,0.0811,0.1351,0.5047,0.1449,0.0025
04055_01775,40.55,17.75,14280,89.6,56.4,115.0,12.9,0.49,1.0,0.0,0.0,0.0,0.0,0.0,0.0,0.0,0.125,0.125,0.25,0.375,0.0,0.125,0.0,-0.5117,0.3151,0.0006
04055_01785,40.55,17.85,14400,62.4,28.8,87.9,13.2,0.4,1.0,0.0,0.0,0.0,0.0,0.0,0.0,0.0,0.0,0.0,0.0,0.0,0.0,0.0,0.0,0.0,0.0,0.0
04055_01795,40.55,17.95,14400,43.5,11.6,67.9,12.3,0.43,1.0,0.0,0.0,0.0,0.0,0.0,0.0,0.0,0.0,0.0,0.0,0.0,0.0,0.0,0.0,0.0,0.0,0.0
04055_01805,40.55,18.05,14400,12.1,-0.5,47.3,11.8,0.37,1.0,0.0,0.0,0.0,0.0,0.0,0.0,0.0672,0.3866,0.2017,0.1345,0.0252,0.0168,0.042,0.1261,0.3159,0.429,0.0083
04065_00815,40.65,8.15,14280,19.0,0.0,355.1,52.7,2.4,0.9969,0.0031,0.0,0.0,0.0,0.0,0.0,0.0985,0.0912,0.1827,0.1082,0.1098,0.1216,0.186,0.1021,-0.0569,-0.0211,0.1728
04065_00825,40.65,8.25,14400,55.5,-0.2,429.3,54.3,3.45,0.9932,0.0068,0.0,0.0,0.0,0.0,0.0,0.1244,0.1211,0.1452,0.1117,0.1035,0.141,0.184,0.0691,-0.0196,-0.0253,0.3147
04065_00835,40.65,8.35,14400,34.0,-1.1,184.7,19.9,1.35,1.0,0.0,0.0,0.0,0.0,0.0,0.0,0.0496,0.0416,0.0709,0.0726,0.1408,0.1346,0.2507,0.2391,-0.0458,-0.3705,0.0784
04065_00845,40.65,8.45,14400,115.6,21.6,273.1,47.6,4.72,1.0,0.0,0.0,0.0,0.0,0.0,0.0,0.1817,0.1209,0.0921,0.0824,0.1191,0.1227,0.1388,0.1422,0.1093,-0.0906,0.5932
04065_00855,40.65,8.55,14520,212.8,55.7,477.2,77.9,8.21,0.8646,0.1354,0.0,0.0,0.0,0.0,0.0,0.1507,0.1491,0.0496,0.053,0.0996,0.161,0.1763,0.1607,0.1219,-0.2172,0.8393
04065_00865,40.65,8.65,14280,324.6,116.1,518.9,99.2,7.6,0.3923,0.6077,0.0,0.0,0.0,0.0,0.0,0.1175,0.1493,0.1142,0.0837,0.1547,0.1607,0.1282,0.0917,-0.041,-0.0328,0.7884
04065_00875,40.65,8.75,14400,360.2,208.0,653.4,65.1,4.72,0.0978,0.8953,0.0069,0.0,0.0,0.0,0.0,0.0853,0.106,0.1021,0.1636,0.1754,0.1608,0.1103,0.0965,-0.1778,-0.0034,0.5698
04065_00885,40.65,8.85,14400,297.9,184.9,485.9,71.6,3.68,0.5902,0.4098,0.0,0.0,0.0,0.0,0.0,0.1578,0.1239,0.1321,0.1348,0.1905,0.0926,0.0483,0.1199,-0.0198,0.1155,0.4326
04065_00895,40.65,8.95,14400,206.7,159.0,354.6,30.7,1.89,0.9865,0.0135,0.0,0.0,0.0,0.0,0.0,0.1451,0.1735,0.1414,0.1705,0.0557,0.0384,0.1034,0.172,0.195,0.1335,0.1881
04065_00905,40.65,9.05,14520,335.4,159.0,776.7,143.9,6.49,0.534,0.4113,0.0547,0.0,0.0,0.0,0.0,0.1462,0.0916,0.084,0.0658,0.0732,0.0956,0.2181,0.2255,0.1887,-0.2603,0.6844
04065_00915,40.65,9.15,14280,565.1,215.0,1079.5,201.4,11.8,0.1127,0.4499,0.3835,0.0539,0.0,0.0,0.0,0.1428,0.0962,0.1035,0.0869,0.0757,0.0936,0.1528,0.2485,0.1913,-0.165,0.9401
04065_00925,40.65,9.25,14400,740.8,518.7,1023.2,97.0,6.56,0.0,0.0208,0.9118,0.0674,0.0,0.0,0.0,0.1109,0.0821,0.1162,0.1694,0.1347,0.0891,0.1191,0.1785,-0.0241,-0.0128,0.7455
04065_00935,40.65,9.35,14400,653.7,363.1,1052.7,91.2,5.79,0.0,0.249,0.7224,0.0286,0.0,0.0,0.0,0.1408,0.1462,0.1433,0.1853,0.1449,0.0746,0.0626,0.1024,-0.0129,0.1912,0.7014
04065_00945,40.65,9.45,14400,444.7,111.8,782.6,164.5,13.07,0.2155,0.5728,0.2117,0.0,0.0,0.0,0.0,0.1862,0.1321,0.0979,0.1569,0.1669,0.0794,0.0721,0.1085,0.0217,0.1002,0.9335
04065_00955,40.65,9.55,14520,355.8,38.5,858.7,219.2,12.46,0.4699,0.3642,0.1659,0.0,0.0,0.0,0.0,0.1119,0.1021,0.115,0.1563,0.1456,0.1427,0.1098,0.1165,-0.0952,0.0047,0.9081
04065_00965,40.65,9.65,14280,174.0,2.0,776.8,143.6,11.32,0.8223,0.1639,0.0138,0.0,0.0,0.0,0.0,0.1564,0.1458,0.127,0.1631,0.137,0.0797,0.0888,0.1022,0.024,0.1301,0.8513
04065_00975,40.65,9.75,14400,15.1,-1.5,261.5,32.9,2.14,1.0,0.0,0.0,0.0,0.0,0.0,0.0,0.1404,0.1228,0.156,0.1782,0.1517,0.0787,0.0687,0.1036,-0.0338,0.1719,0.2092
04065_01435,40.65,14.35,14400,45.3,-0.3,540.6,109.7,2.46,0.9294,0.0706,0.0,0.0,0.0,0.0,0.0,0.2405,0.1064,0.0081,0.0357,0.0704,0.0609,0.1978,0.2804,0.3878,-0.3382,0.1984
04065_01445,40.65,14.45,14400,273.5,0.0,1372.8,315.5,13.37,0.6172,0.2147,0.111,0.0494,0.0076,0.0,0.0,0.1767,0.1045,0.0288,0.0715,0.1114,0.1536,0.1732,0.1804,0.1133,-0.258,0.6394
04065_01455,40.65,14.55,14400,535.3,0.0,1381.1,371.0,18.27,0.3106,0.2117,0.2735,0.1909,0.0133,0.0,0.0,0.1091,0.1117,0.1292,0.1259,0.137,0.1811,0.1119,0.0942,-0.0978,-0.0136,0.8259
04065_01465,40.65,14.65,14400,261.0,0.0,1111.6,278.5,13.54,0.5799,0.2756,0.1294,0.0151,0.0,0.0,0.0,0.0536,0.1164,0.218,0.1396,0.1242,0.1636,0.1302,0.0545,-0.173,0.1199,0.605
04065_01475,40.65,14.75,14400,58.0,0.0,627.7,109.7,4.26,0.9406,0.0594,0.0001,0.0,0.0,0.0,0.0,0.0443,0.0942,0.1675,0.1847,0.196,0.142,0.0938,0.0775,-0.2718,0.1211,0.2948
04065_01485,40.65,14.85,14400,76.1,0.0,415.8,92.1,4.46,0.9664,0.0336,0.0,0.0,0.0,0.0,0.0,0.0615,0.0686,0.1272,0.1289,0.1865,0.1965,0.1239,0.107,-0.2428,-0.073,0.3615
04065_01495,40.65,14.95,14400,150.7,19.4,605.1,114.8,5.09,0.8793,0.1206,0.0001,0.0,0.0,0.0,0.0,0.0903,0.0321,0.0881,0.1654,0.186,0.1754,0.1225,0.1402,-0.2236,-0.1201,0.4744
04065_01505,40.65,15.05,14400,432.9,56.7,1287.9,303.9,13.53,0.4328,0.2918,0.157,0.1168,0.0016,0.0,0.0,0.0496,0.0544,0.0709,0.1626,0.2467,0.1704,0.1543,0.091,-0.3403,-0.1163,0.8418
04065_01515,40.65,15.15,14400,395.1,37.0,1245.4,289.9,10.3,0.4767,0.2772,0.1674,0.0785,0.0002,0.0,0.0,0.0234,0.0495,0.16,0.1875,0.2218,0.2078,0.0852,0.0648,-0.4012,0.0498,0.8409
04065_01525,40.65,15.25,14400,236.9,62.0,675.6,93.9,8.38,0.7468,0.2526,0.0006,0.0,0.0,0.0,0.0,0.098,0.0986,0.1536,0.1311,0.1133,0.1329,0.1599,0.1126,-0.0539,-0.0184,0.8884
04065_01535,40.65,15.35,14400,518.5,113.7,1350.5,248.8,10.65,0.2022,0.5298,0.1541,0.1084,0.0056,0.0,0.0,0.066,0.0535,0.0527,0.1478,0.226,0.2382,0.1475,0.0682,-0.3576,-0.172,0.8599
04065_01545,40.65,15.45,14400,556.0,170.1,1114.6,202.1,14.64,0.0994,0.4935,0.3541,0.053,0.0,0.0,0.0,0.1431,0.1342,0.069,0.1196,0.2554,0.1504,0.0632,0.065,-0.1664,0.04,0.9247
04065_01555,40.65,15.55,14400,640.9,261.0,1224.7,178.2,11.88,0.0036,0.4268,0.5107,0.0585,0.0003,0.0,0.0,0.2078,0.1342,0.1077,0.0824,0.1172,0.1353,0.0706,0.1448,0.1352,-0.0104,0.9491
04065_01565,40.65,15.65,14400,753.3,387.3,1359.4,220.8,9.93,0.0,0.2745,0.4842,0.196,0.0452,0.0,0.0,0.128,0.1171,0.0625,0.0589,0.1066,0.1891,0.2008,0.137,0.0289,-0.2518,0.9618
04065_01575,40.65,15.75,14400,923.6,667.0,1347.0,152.9,8.22,0.0,0.0,0.5085,0.436,0.0554,0.0,0.0,0.1116,0.1445,0.1845,0.1568,0.1497,0.0949,0.0599,0.0981,-0.049,0.2101,0.9256
04065_01585,40.65,15.85,14400,818.8,585.2,1193.2,120.8,8.78,0.0,0.0019,0.7618,0.2362,0.0,0.0,0.0,0.147,0.1086,0.1258,0.096,0.109,0.1199,0.1442,0.1497,0.0729,-0.0648,0.9408
04065_01595,40.65,15.95,14400,750.4,470.7,1069.6,133.2,9.13,0.0,0.1513,0.7047,0.144,0.0,0.0,0.0,0.1179,0.1606,0.1829,0.1172,0.1434,0.1067,0.0886,0.0827,-0.0108,0.1562,0.96
04065_01605,40.65,16.05,14400,679.4,365.4,1101.2,148.0,10.65,0.0,0.3176,0.5994,0.083,0.0,0.0,0.0,0.1419,0.1567,0.16,0.0927,0.087,0.1111,0.141,0.1096,0.101,0.0389,0.9774
04065_01615,40.65,16.15,14520,483.2,209.1,853.4,132.8,8.64,0.0556,0.72,0.2243,0.0,0.0,0.0,0.0,0.1545,0.1924,0.1333,0.1151,0.1362,0.1061,0.0598,0.1026,0.0731,0.1502,0.9042
04065_01625,40.65,16.25,14280,340.6,150.2,602.1,95.2,7.81,0.3803,0.6194,0.0004,0.0,0.0,0.0,0.0,0.1415,0.1764,0.1627,0.1055,0.1796,0.1154,0.0578,0.0611,-0.0254,0.1816,0.8912
04065_01635,40.65,16.35,14400,262.7,113.9,526.4,110.2,6.87,0.6774,0.3226,0.0,0.0,0.0,0.0,0.0,0.1951,0.2061,0.0865,0.1012,0.1545,0.1166,0.0626,0.0774,0.0863,0.1083,0.79
04065_01645,40.65,16.45,14400,221.9,97.5,466.2,92.6,6.18,0.7926,0.2074,0.0,0.0,0.0,0.0,0.0,0.0963,0.1684,0.1469,0.0954,0.1223,0.1859,0.1221,0.0627,-0.0647,0.036,0.768
04065_01655,40.65,16.55,14400,202.1,79.7,445.0,74.8,3.46,0.8806,0.1194,0.0,0.0,0.0,0.0,0.0,0.0516,0.0745,0.1476,0.1113,0.1096,0.2504,0.2059,0.0492,-0.2258,-0.1424,0.4512
04065_01665,40.65,16.65,14520,347.3,107.7,517.8,99.9,5.12,0.266,0.734,0.0,0.0,0.0,0.0,0.0,0.1244,0.0904,0.0726,0.0581,0.1467,0.3412,0.1018,0.0648,-0.1987,-0.2133,0.5879
04065_01675,40.65,16.75,14280,374.9,285.3,485.7,31.8,1.81,0.0007,0.9993,0.0,0.0,0.0,0.0,0.0,0.1752,0.1965,0.1186,0.0996,0.2044,0.1323,0.0544,0.019,-0.0451,0.1766,0.1583
04065_01685,40.65,16.85,14400,312.6,95.3,413.6,46.6,2.51,0.3159,0.6841,0.0,0.0,0.0,0.0,0.0,0.0892,0.1408,0.2114,0.1786,0.1243,0.161,0.053,0.0417,-0.1494,0.2489,0.2648
04065_01695,40.65,16.95,14400,231.3,60.9,329.9,58.8,2.56,0.9785,0.0215,0.0,0.0,0.0,0.0,0.0,0.0367,0.0425,0.1382,0.1491,0.293,0.1971,0.1005,0.0429,-0.4498,0.0032,0.291
04065_01705,40.65,17.05,14400,269.9,17.9,459.3,97.8,2.83,0.5665,0.4335,0.0,0.0,0.0,0.0,0.0,0.0357,0.0212,0.0476,0.1318,0.389,0.267,0.0749,0.0328,-0.6128,-0.1324,0.3636
04065_01715,40.65,17.15,14520,351.2,87.0,505.3,98.0,2.66,0.4042,0.5958,0.0,0.0,0.0,0.0,0.0,0.0171,0.027,0.0659,0.1254,0.3313,0.2858,0.1104,0.037,-0.5743,-0.1666,0.2937
04065_01725,40.65,17.25,14280,394.3,200.0,523.0,95.3,2.64,0.2536,0.7464,0.0,0.0,0.0,0.0,0.0,0.0379,0.0819,0.0831,0.1375,0.2648,0.2828,0.0902,0.0217,-0.467,-0.0639,0.2771
04065_01735,40.65,17.35,14400,379.4,174.4,472.9,68.0,2.59,0.1507,0.8493,0.0,0.0,0.0,0.0,0.0,0.0568,0.2004,0.0656,0.127,0.3219,0.1608,0.045,0.0224,-0.3223,0.1224,0.2297
04065_01745,40.65,17.45,14400,324.0,204.1,404.5,37.3,2.48,0.2818,0.7182,0.0,0.0,0.0,0.0,0.0,0.0707,0.3145,0.2048,0.0573,0.0862,0.1365,0.0881,0.0418,0.0974,0.2625,0.2641
04065_01755,40.65,17.55,14400,222.3,151.7,321.8,32.2,1.61,0.989,0.011,0.0,0.0,0.0,0.0,0.0,0.0498,0.3869,0.1999,0.0693,0.0626,0.1534,0.0639,0.0141,0.108,0.3541,0.1032
04065_01765,40.65,17.65,14520,140.4,101.1,213.0,19.0,0.81,1.0,0.0,0.0,0.0,0.0,0.0,0.0,0.0,0.093,0.3953,0.3023,0.0698,0.0233,0.1163,0.0,-0.2433,0.5677,0.003
04065_01775,40.65,17.75,14280,73.5,5.0,120.9,26.7,0.8,1.0,0.0,0.0,0.0,0.0,0.0,0.0,0.0917,0.2917,0.3083,0.0958,0.1208,0.0208,0.025,0.0458,0.1471,0.5143,0.0168
04065_01785,40.65,17.85,14400,26.1,0.0,56.3,14.5,0.52,1.0,0.0,0.0,0.0,0.0,0.0,0.0,0.0,1.0,0.0,0.0,0.0,0.0,0.0,0.0,0.5152,0.8571,0.0001
04065_01795,40.65,17.95,14400,10.4,-1.5,43.0,11.0,0.49,1.0,0.0,0.0,0.0,0.0,0.0,0.0,0.2085,0.0638,0.0766,0.1957,0.1787,0.0,0.0979,0.1787,0.0485,0.0399,0.0163
04065_01805,40.65,18.05,14400,0.4,-1.5,12.9,1.6,0.04,1.0,0.0,0.0,0.0,0.0,0.0,0.0,0.0,0.0,0.0,0.0,0.0,0.0,0.0,0.0,0.0,0.0,0.0
04075_00815,40.75,8.15,14399,63.0,0.0,418.7,89.8,4.16,0.9749,0.0251,0.0,0.0,0.0,0.0,0.0,0.133,0.1323,0.0894,0.0659,0.0715,0.1445,0.2025,0.1609,0.1237,-0.1912,0.3816
04075_00825,40.75,8.25,14520,130.6,29.3,452.2,56.2,5.83,0.9851,0.0149,0.0,0.0,0.0,0.0,0.0,0.0821,0.1274,0.1869,0.1397,0.1084,0.0945,0.1151,0.1459,-0.0028,0.0929,0.6855
04075_00835,40.75,8.35,14520,74.9,8.7,338.1,43.3,2.67,0.9975,0.0025,0.0,0.0,0.0,0.0,0.0,0.0752,0.1506,0.211,0.125,0.097,0.0911,0.1276,0.1226,0.0162,0.1296,0.2337
04075_00845,40.75,8.45,14520,75.1,13.3,212.0,31.5,2.19,1.0,0.0,0.0,0.0,0.0,0.0,0.0,0.0998,0.1701,0.0627,0.0523,0.1048,0.1634,0.1866,0.1603,0.0765,-0.2094,0.2174
04075_00855,40.75,8.55,14641,175.9,17.4,397.0,76.0,4.06,0.9144,0.0856,0.0,0.0,0.0,0.0,0.0,0.1335,0.073,0.0433,0.0661,0.0625,0.1338,0.2962,0.1916,0.1212,-0.39,0.5364
04075_00865,40.75,8.65,14399,388.3,94.9,752.4,103.1,9.8,0.1649,0.7971,0.038,0.0,0.0,0.0,0.0,0.1365,0.1145,0.1172,0.1005,0.1115,0.1227,0.1383,0.1589,0.0606,-0.0715,0.9122
04075_00875,40.75,8.75,14520,420.5,133.7,712.6,109.8,8.01,0.1383,0.7966,0.0651,0.0,0.0,0.0,0.0,0.1061,0.1604,0.1763,0.1182,0.0771,0.1032,0.1427,0.116,0.0671,0.079,0.8748
04075_00885,40.75,8.85,14520,309.8,67.2,599.1,98.8,5.69,0.4045,0.5955,0.0,0.0,0.0,0.0,0.0,0.1456,0.1147,0.1199,0.1055,0.0798,0.0443,0.0843,0.306,0.2668,-0.0525,0.7698
04075_00895,40.75,8.95,14520,392.3,151.7,697.8,143.8,7.42,0.3218,0.6015,0.0767,0.0,0.0,0.0,0.0,0.0866,0.0843,0.1112,0.164,0.1093,0.0622,0.1512,0.2312,0.0352,-0.078,0.7694
04075_00905,40.75,9.05,14641,242.6,99.7,752.7,108.3,6.6,0.8269,0.1541,0.0191,0.0,0.0,0.0,0.0,0.0855,0.0909,0.1039,0.1867,0.1695,0.1228,0.1133,0.1274,-0.1554,0.0072,0.6348
04075_00915,40.75,9.15,14399,249.7,159.0,727.3,75.2,5.66,0.8333,0.1619,0.0048,0.0,0.0,0.0,0.0,0.113,0.0737,0.1019,0.1474,0.1528,0.126,0.1158,0.1693,-0.0644,-0.0686,0.6397
04075_00925,40.75,9.25,14520,398.3,187.7,951.2,163.0,9.02,0.4163,0.4684,0.1131,0.0023,0.0,0.0,0.0,0.1506,0.1063,0.0833,0.0793,0.0974,0.0872,0.1638,0.2322,0.1793,-0.1794,0.7948
04075_00935,40.75,9.35,14520,550.9,254.6,964.3,96.1,8.15,0.0186,0.7342,0.2443,0.003,0.0,0.0,0.0,0.1996,0.1086,0.1047,0.1084,0.0902,0.0742,0.1158,0.1985,0.2029,-0.0535,0.8671
04075_00945,40.75,9.45,14520,504.6,191.3,858.0,132.7,9.8,0.0902,0.6733,0.2365,0.0,0.0,0.0,0.0,0.1572,0.1103,0.1378,0.1367,0.0958,0.0699,0.113,0.1793,0.1223,0.0228,0.8764
04075_00955,40.75,9.55,14641,375.4,95.7,945.4,192.4,11.72,0.4389,0.4134,0.1468,0.001,0.0,0.0,0.0,0.1754,0.1074,0.1289,0.109,0.0781,0.0856,0.1211,0.1944,0.1766,-0.037,0.8487
04075_00965,40.75,9.65,14399,134.9,-0.4,622.8,126.9,9.05,0.8782,0.1215,0.0003,0.0,0.0,0.0,0.0,0.1656,0.1652,0.1874,0.1701,0.0991,0.0562,0.048,0.1084,0.1031,0.2691,0.7107
04075_00975,40.75,9.75,14520,1.4,-1.0,131.3,7.7,0.25,1.0,0.0,0.0,0.0,0.0,0.0,0.0,0.1798,0.1742,0.2022,0.2781,0.0843,0.0253,0.0112,0.0449,0.041,0.4692,0.0245
04075_01385,40.75,13.85,14520,43.3,0.0,760.7,119.3,2.95,0.9459,0.0438,0.0103,0.0,0.0,0.0,0.0,0.154,0.0648,0.0241,0.1315,0.0869,0.1514,0.2275,0.1598,0.0225,-0.2922,0.2116
04075_01395,40.75,13.95,14520,50.1,0.0,688.1,109.3,3.72,0.9483,0.0499,0.0017,0.0,0.0,0.0,0.0,0.1746,0.1439,0.1752,0.1952,0.1117,0.0586,0.0638,0.077,0.0437,0.2621,0.2646
04075_01405,40.75,14.05,14520,3.5,0.0,152.0,14.5,0.73,1.0,0.0,0.0,0.0,0.0,0.0,0.0,0.0766,0.1343,0.0964,0.1334,0.1566,0.1704,0.1575,0.0749,-0.155,-0.045,0.08
04075_01435,40.75,14.35,14520,8.9,0.0,252.1,30.3,0.49,1.0,0.0,0.0,0.0,0.0,0.0,0.0,0.0,0.0,0.0,0.0,0.2058,0.7241,0.0701,0.0,-0.7031,-0.6231,0.0904
04075_01445,40.75,14.45,14520,58.3,0.0,483.6,89.8,2.01,0.9691,0.0309,0.0,0.0,0.0,0.0,0.0,0.0017,0.0121,0.0466,0.2459,0.4415,0.2199,0.0226,0.0097,-0.7741,0.0657,0.2778
04075_01455,40.75,14.55,14520,87.1,4.7,1141.9,178.4,4.05,0.903,0.0556,0.0335,0.0079,0.0,0.0,0.0,0.2986,0.0675,0.0329,0.013,0.0249,0.0499,0.1437,0.3695,0.5555,-0.3515,0.2071
04075_01465,40.75,14.65,14520,219.5,15.4,1123.1,243.3,10.92,0.7202,0.1747,0.0893,0.0159,0.0,0.0,0.0,0.199,0.1636,0.1156,0.1014,0.0874,0.1006,0.1234,0.109,0.1646,0.0364,0.58
04075_01475,40.75,14.75,14520,302.1,57.9,839.1,153.2,12.36,0.5936,0.3501,0.0563,0.0,0.0,0.0,0.0,0.094,0.0905,0.1293,0.0973,0.0903,0.1489,0.2344,0.1153,-0.0317,-0.1608,0.8158
04075_01485,40.75,14.85,14520,607.0,96.9,1587.5,283.8,17.85,0.1229,0.4234,0.3099,0.0973,0.0464,0.0,0.0,0.0608,0.0891,0.114,0.1152,0.197,0.203,0.1332,0.0877,-0.2435,-0.0825,0.982
04075_01495,40.75,14.95,14520,626.7,107.5,1578.1,283.1,17.83,0.1617,0.2818,0.3839,0.1521,0.0205,0.0,0.0,0.0635,0.0789,0.0967,0.1238,0.1642,0.194,0.1842,0.0948,-0.2055,-0.1548,0.9573
04075_01505,40.75,15.05,14520,944.5,370.4,1646.3,262.5,18.2,0.0,0.0623,0.4448,0.2889,0.2007,0.0033,0.0,0.1125,0.0911,0.1271,0.1342,0.11,0.1619,0.1373,0.1259,-0.0536,-0.0554,0.982
04075_01515,40.75,15.15,14520,1192.7,365.4,1801.9,274.1,20.03,0.0,0.0408,0.0913,0.3476,0.4653,0.055,0.0,0.1379,0.0999,0.1612,0.1809,0.1314,0.0552,0.092,0.1414,0.0095,0.129,0.9882
04075_01525,40.75,15.25,14520,450.4,150.5,1395.7,250.5,11.84,0.3087,0.4882,0.1283,0.0545,0.0204,0.0,0.0,0.0612,0.0964,0.1912,0.125,0.0857,0.1638,0.2045,0.0723,-0.1163,-0.0267,0.9335
04075_01535,40.75,15.35,14520,1076.9,387.0,1574.2,238.4,14.89,0.0,0.0391,0.1935,0.4197,0.3477,0.0,0.0,0.1614,0.1244,0.0681,0.0992,0.1298,0.1674,0.151,0.0987,-0.0015,-0.1181,0.9675
04075_01545,40.75,15.45,14520,837.5,374.2,1445.9,212.3,12.86,0.0,0.1389,0.4848,0.3282,0.0481,0.0,0.0,0.0911,0.1696,0.1217,0.1532,0.2021,0.1507,0.0748,0.0368,-0.1868,0.1484,0.9663
04075_01555,40.75,15.55,14520,714.0,327.7,1396.9,260.1,9.66,0.0,0.409,0.3193,0.2432,0.0285,0.0,0.0,0.0578,0.0799,0.0834,0.1313,0.2203,0.2503,0.1177,0.0592,-0.3444,-0.1064,0.9417
04075_01565,40.75,15.65,14520,768.9,426.9,1255.6,158.2,10.2,0.0,0.1488,0.6475,0.2002,0.0035,0.0,0.0,0.12,0.1385,0.0873,0.1143,0.1707,0.1512,0.1217,0.0963,-0.0725,-0.0326,0.9736
04075_01575,40.75,15.75,14520,894.1,585.3,1233.7,124.3,8.2,0.0,0.0007,0.5598,0.4328,0.0067,0.0,0.0,0.1459,0.179,0.1227,0.0864,0.1214,0.1231,0.1035,0.1181,0.0839,0.037,0.9529
04075_01585,40.75,15.85,14520,776.1,439.9,1062.3,134.8,8.95,0.0,0.1274,0.667,0.2056,0.0,0.0,0.0,0.1779,0.1969,0.0912,0.117,0.1282,0.0891,0.1039,0.0959,0.1146,0.0843,0.9674
04075_01595,40.75,15.95,14520,609.7,314.3,995.7,119.4,9.98,0.0,0.4629,0.5273,0.0097,0.0,0.0,0.0,0.1919,0.1429,0.1039,0.1299,0.1432,0.0985,0.0647,0.125,0.0761,0.0768,0.9616
04075_01605,40.75,16.05,14520,388.9,246.6,778.8,92.5,6.18,0.1353,0.832,0.0328,0.0,0.0,0.0,0.0,0.1605,0.2795,0.1353,0.1048,0.13,0.0956,0.0355,0.0588,0.1323,0.2713,0.6939
04075_01615,40.75,16.15,14641,281.5,194.3,606.5,45.6,4.49,0.7278,0.2722,0.0001,0.0,0.0,0.0,0.0,0.1346,0.2028,0.1068,0.1005,0.1041,0.1391,0.1133,0.0988,0.0762,0.0378,0.6151
04075_01625,40.75,16.25,14399,308.0,153.7,583.1,100.4,6.67,0.586,0.414,0.0,0.0,0.0,0.0,0.0,0.1108,0.1911,0.1581,0.1015,0.1317,0.1588,0.0867,0.0613,-0.0276,0.1271,0.7857
04075_01635,40.75,16.35,14520,299.8,141.5,479.7,101.1,5.54,0.5713,0.4287,0.0,0.0,0.0,0.0,0.0,0.0568,0.1363,0.1151,0.0677,0.108,0.2685,0.1869,0.0605,-0.1602,-0.1581,0.686
04075_01645,40.75,16.45,14520,339.4,205.7,467.1,68.4,5.32,0.3669,0.6331,0.0,0.0,0.0,0.0,0.0,0.0734,0.171,0.1447,0.0758,0.1334,0.216,0.1189,0.0668,-0.0995,0.0015,0.6379
04075_01655,40.75,16.55,14520,369.1,230.0,434.1,37.1,3.06,0.0586,0.9414,0.0,0.0,0.0,0.0,0.0,0.102,0.1044,0.1379,0.1017,0.1641,0.2051,0.1212,0.0636,-0.1612,-0.0295,0.395
04075_01665,40.75,16.65,14641,381.9,316.3,459.3,19.5,1.62,0.0,1.0,0.0,0.0,0.0,0.0,0.0,0.0877,0.0984,0.0858,0.0613,0.1132,0.2974,0.1805,0.0756,-0.159,-0.2437,0.1472
04075_01675,40.75,16.75,14399,419.1,349.6,515.4,45.6,1.74,0.0,1.0,0.0,0.0,0.0,0.0,0.0,0.0273,0.0562,0.052,0.0852,0.263,0.2919,0.1888,0.0357,-0.4515,-0.2765,0.1656
04075_01685,40.75,16.85,14520,382.1,297.6,442.4,25.4,1.24,0.0006,0.9994,0.0,0.0,0.0,0.0,0.0,0.0119,0.1025,0.1218,0.3655,0.1753,0.1709,0.0505,0.0015,-0.4972,0.2732,0.0463
04075_01695,40.75,16.95,14520,341.0,270.7,395.8,23.5,1.09,0.0614,0.9386,0.0,0.0,0.0,0.0,0.0,0.0,0.0257,0.0694,0.0977,0.4807,0.2596,0.0566,0.0103,-0.7176,-0.1092,0.0268
04075_01705,40.75,17.05,14520,389.7,305.6,449.7,26.0,1.79,0.0,1.0,0.0,0.0,0.0,0.0,0.0,0.0716,0.2302,0.0721,0.016,0.088,0.2877,0.1871,0.0474,-0.038,-0.1824,0.1424
04075_01715,40.75,17.15,14641,424.5,352.8,503.5,24.0,1.62,0.0,1.0,0.0,0.0,0.0,0.0,0.0,0.2845,0.2278,0.0172,0.009,0.0254,0.1598,0.1807,0.0956,0.3842,-0.1841,0.0915
04075_01725,40.75,17.25,14399,428.8,357.5,510.3,31.9,2.06,0.0,1.0,0.0,0.0,0.0,0.0,0.0,0.1787,0.2791,0.1899,0.0569,0.087,0.1137,0.0569,0.0379,0.2109,0.2722,0.1869
04075_01735,40.75,17.35,14520,356.6,130.5,438.7,42.0,2.66,0.042,0.958,0.0,0.0,0.0,0.0,0.0,0.1607,0.3075,0.1232,0.0535,0.0835,0.1532,0.0782,0.0404,0.1844,0.1636,0.2846
04075_01745,40.75,17.45,14520,250.5,38.8,400.5,99.8,3.38,0.5458,0.4542,0.0,0.0,0.0,0.0,0.0,0.169,0.3649,0.1194,0.0552,0.0888,0.1359,0.0375,0.0293,0.235,0.2653,0.3669
04075_01755,40.75,17.55,14520,131.0,0.0,314.9,90.5,2.42,0.9938,0.0062,0.0,0.0,0.0,0.0,0.0,0.2099,0.3029,0.1117,0.0587,0.0644,0.1192,0.047,0.0861,0.3017,0.183,0.2287
04075_01765,40.75,17.65,14641,61.6,-0.4,214.0,60.6,1.13,1.0,0.0,0.0,0.0,0.0,0.0,0.0,0.3944,0.3793,0.0883,0.0376,0.0131,0.0103,0.0188,0.0582,0.6873,0.3175,0.0727
04075_01775,40.75,17.75,14399,12.4,0.0,110.3,25.3,0.43,1.0,0.0,0.0,0.0,0.0,0.0,0.0,0.541,0.3484,0.1025,0.0,0.0,0.0,0.0,0.0082,0.83,0.3588,0.0169
04085_00815,40.85,8.15,14280,3.5,0.0,137.0,17.0,0.36,1.0,0.0,0.0,0.0,0.0,0.0,0.0,0.1598,0.0602,0.1034,0.0075,0.0019,0.0695,0.2481,0.3496,0.4058,-0.4135,0.0373
04085_00825,40.85,8.25,14400,32.5,-1.5,243.4,35.8,2.14,1.0,0.0,0.0,0.0,0.0,0.0,0.0,0.1358,0.1336,0.1452,0.0931,0.0492,0.0723,0.1754,0.1953,0.2138,-0.0598,0.2229
04085_00835,40.85,8.35,14400,11.0,-1.5,105.0,16.4,0.71,1.0,0.0,0.0,0.0,0.0,0.0,0.0,0.1861,0.162,0.1017,0.0736,0.1111,0.0897,0.0817,0.1941,0.2152,-0.0183,0.0519
04085_00845,40.85,8.45,14400,9.1,-1.5,85.1,19.2,0.56,1.0,0.0,0.0,0.0,0.0,0.0,0.0,0.1877,0.5597,0.0768,0.0017,0.0119,0.0785,0.0392,0.0444,0.5847,0.3253,0.0407
04085_00855,40.85,8.55,14520,12.5,-1.5,247.6,30.0,0.65,1.0,0.0,0.0,0.0,0.0,0.0,0.0,0.4246,0.1661,0.0023,0.0,0.0,0.0281,0.1228,0.2561,0.73,-0.2073,0.0589
04085_00865,40.85,8.65,14280,139.8,0.0,508.6,121.4,6.94,0.858,0.142,0.0,0.0,0.0,0.0,0.0,0.1872,0.134,0.0601,0.0443,0.0886,0.149,0.1718,0.1651,0.1773,-0.2143,0.7179
04085_00875,40.85,8.75,14400,345.0,12.7,606.6,123.4,7.59,0.3197,0.6796,0.0007,0.0,0.0,0.0,0.0,0.1762,0.1773,0.1093,0.0774,0.0856,0.105,0.1059,0.1633,0.2067,-0.0103,0.8029
04085_00885,40.85,8.85,14400,188.3,8.6,493.2,97.1,6.28,0.8178,0.1822,0.0,0.0,0.0,0.0,0.0,0.1306,0.1652,0.1947,0.1893,0.1163,0.084,0.0347,0.0852,-0.0024,0.295,0.7262
04085_00895,40.85,8.95,14400,205.5,9.0,705.7,141.5,9.22,0.7591,0.2251,0.0158,0.0,0.0,0.0,0.0,0.1235,0.0956,0.0841,0.0782,0.1334,0.1283,0.1461,0.2107,0.0647,-0.1849,0.8308
04085_00905,40.85,9.05,14520,427.0,49.9,939.2,207.2,13.45,0.3269,0.4094,0.2629,0.0008,0.0,0.0,0.0,0.0972,0.0377,0.0553,0.1614,0.1701,0.0851,0.164,0.2291,-0.0599,-0.1943,0.9618
04085_00915,40.85,9.15,14280,767.5,279.4,1347.5,230.4,12.62,0.0013,0.3205,0.3406,0.3095,0.0281,0.0,0.0,0.123,0.0693,0.0871,0.1588,0.1382,0.0812,0.1433,0.199,0.0025,-0.0973,0.9254
04085_00925,40.85,9.25,14400,529.3,235.5,1194.6,171.1,9.02,0.0707,0.6784,0.2006,0.0503,0.0,0.0,0.0,0.1107,0.1228,0.1713,0.2416,0.1473,0.0752,0.0664,0.0647,-0.1337,0.2669,0.8548
04085_00935,40.85,9.35,14400,293.9,79.4,526.6,83.0,5.53,0.5221,0.4779,0.0,0.0,0.0,0.0,0.0,0.1579,0.1512,0.1582,0.167,0.1338,0.0635,0.0527,0.1156,0.0539,0.2076,0.7312
04085_00945,40.85,9.45,14400,144.0,5.5,466.1,104.1,6.65,0.9142,0.0858,0.0,0.0,0.0,0.0,0.0,0.1679,0.1133,0.1554,0.1416,0.0795,0.0611,0.1048,0.1763,0.1545,0.0637,0.6418
04085_00955,40.85,9.55,14520,91.0,-1.5,374.9,75.1,6.55,0.9941,0.0059,0.0,0.0,0.0,0.0,0.0,0.1528,0.0975,0.119,0.1234,0.083,0.0866,0.1398,0.1979,0.1323,-0.0647,0.6229
04085_00965,40.85,9.65,14280,59.0,-1.0,530.4,84.4,5.13,0.9759,0.0241,0.0,0.0,0.0,0.0,0.0,0.1453,0.1023,0.1607,0.1987,0.0917,0.0573,0.0682,0.1758,0.0693,0.1442,0.462
04085_00975,40.85,9.75,14400,4.4,-0.1,530.9,26.5,0.86,0.9978,0.0022,0.0,0.0,0.0,0.0,0.0,0.1472,0.1188,0.0893,0.2335,0.1188,0.1096,0.0802,0.1025,-0.0618,0.1082,0.0684
04085_01405,40.85,14.05,14400,20.5,-1.3,307.5,36.7,2.07,0.9998,0.0002,0.0,0.0,0.0,0.0,0.0,0.0981,0.0756,0.094,0.0892,0.0778,0.1398,0.2316,0.1939,0.0357,-0.2621,0.2195
04085_01415,40.85,14.15,14400,104.8,0.0,460.7,96.4,5.64,0.9435,0.0565,0.0,0.0,0.0,0.0,0.0,0.1559,0.1065,0.0744,0.1234,0.1411,0.1537,0.1254,0.1196,-0.0254,-0.0829,0.5404
04085_01425,40.85,14.25,14400,80.9,-0.9,406.5,87.0,2.99,0.9794,0.0206,0.0,0.0,0.0,0.0,0.0,0.0794,0.1494,0.2128,0.2261,0.1573,0.0808,0.0404,0.0539,-0.1517,0.3606,0.3351
04085_01435,40.85,14.35,14400,88.9,0.0,634.2,107.8,2.76,0.9419,0.0574,0.0007,0.0,0.0,0.0,0.0,0.0455,0.001,0.006,0.006,0.0394,0.2718,0.3648,0.2655,0.0046,-0.7557,0.2872
04085_01445,40.85,14.45,14400,319.2,41.7,1278.0,279.6,7.92,0.6312,0.1783,0.1422,0.0463,0.0019,0.0,0.0,0.2129,0.1477,0.2256,0.1235,0.0723,0.0823,0.0398,0.0958,0.1716,0.2561,0.6051
04085_01455,40.85,14.55,14400,105.6,14.0,820.5,138.5,3.83,0.9094,0.0669,0.0237,0.0,0.0,0.0,0.0,0.131,0.043,0.0188,0.012,0.1297,0.2184,0.1783,0.2688,0.0536,-0.4786,0.2147
04085_01465,40.85,14.65,14400,502.3,14.3,1126.5,291.6,15.43,0.3211,0.2518,0.3487,0.0784,0.0,0.0,0.0,0.144,0.1323,0.0588,0.0747,0.1655,0.2417,0.1071,0.076,-0.1049,-0.1301,0.8756
04085_01475,40.85,14.75,14400,457.5,115.6,981.8,180.9,12.35,0.2187,0.5672,0.2053,0.0088,0.0,0.0,0.0,0.1465,0.1077,0.1583,0.1498,0.1394,0.108,0.0982,0.0922,-0.0359,0.1022,0.8302
04085_01485,40.85,14.85,14400,592.1,240.0,1511.5,249.3,14.48,0.019,0.6148,0.2321,0.1035,0.0306,0.0,0.0,0.1342,0.1672,0.1079,0.0547,0.0458,0.1539,0.1849,0.1515,0.1716,-0.1408,0.8831
04085_01495,40.85,14.95,14400,989.1,525.0,1790.9,265.8,15.79,0.0,0.0334,0.4014,0.3218,0.228,0.0154,0.0,0.1612,0.1633,0.1012,0.0844,0.1289,0.1449,0.1239,0.0921,0.0522,-0.0167,0.8859
04085_01505,40.85,15.05,14400,709.1,437.5,1433.3,201.8,12.28,0.0,0.3683,0.4744,0.1262,0.031,0.0,0.0,0.1094,0.1307,0.1331,0.1054,0.0712,0.111,0.1511,0.1882,0.1121,-0.0666,0.8916
04085_01515,40.85,15.15,14400,889.0,519.4,1571.3,299.2,11.19,0.0,0.2282,0.3255,0.2138,0.2326,0.0,0.0,0.1895,0.2035,0.1484,0.0988,0.0879,0.0803,0.0705,0.1212,0.2132,0.1534,0.8565
04085_01525,40.85,15.25,14400,575.0,289.9,1155.9,121.3,8.89,0.001,0.604,0.3853,0.0097,0.0,0.0,0.0,0.1154,0.1234,0.1496,0.173,0.116,0.114,0.1207,0.0879,-0.0555,0.0958,0.9294
04085_01535,40.85,15.35,14400,633.3,334.3,1221.2,202.4,8.62,0.0,0.5551,0.2931,0.1501,0.0017,0.0,0.0,0.2227,0.1054,0.0657,0.0612,0.1133,0.1175,0.1399,0.1744,0.1842,-0.1646,0.8878
04085_01545,40.85,15.45,14400,755.5,324.7,1265.0,278.3,8.91,0.0,0.3781,0.2414,0.3473,0.0332,0.0,0.0,0.235,0.1855,0.0937,0.0639,0.0615,0.066,0.1115,0.183,0.3493,-0.0202,0.9239
04085_01555,40.85,15.55,14400,657.1,315.6,1197.4,189.0,11.24,0.0,0.456,0.4138,0.1302,0.0,0.0,0.0,0.203,0.2271,0.1389,0.0827,0.0678,0.0938,0.0823,0.1045,0.2483,0.1422,0.9792
04085_01565,40.85,15.65,14400,535.7,364.5,856.9,86.7,6.64,0.0,0.7869,0.2131,0.0,0.0,0.0,0.0,0.1269,0.1381,0.1667,0.0937,0.0939,0.094,0.1482,0.1385,0.097,0.0149,0.799
04085_01575,40.85,15.75,14400,720.3,455.6,1048.5,117.7,8.78,0.0,0.1826,0.7479,0.0694,0.0,0.0,0.0,0.139,0.1335,0.0866,0.0636,0.0888,0.1671,0.1871,0.1343,0.0758,-0.1786,0.9381
04085_01585,40.85,15.85,14400,652.9,445.9,891.6,90.0,9.08,0.0,0.3028,0.6972,0.0,0.0,0.0,0.0,0.153,0.2114,0.1258,0.0976,0.1398,0.1345,0.0692,0.0688,0.0475,0.1329,0.9474
04085_01595,40.85,15.95,14400,501.3,314.6,840.4,79.9,5.56,0.0,0.9194,0.0806,0.0,0.0,0.0,0.0,0.1841,0.2244,0.1075,0.0672,0.1529,0.1333,0.0472,0.0833,0.1098,0.1186,0.6776
04085_01605,40.85,16.05,14400,459.5,284.9,627.4,86.1,5.39,0.0067,0.9631,0.0303,0.0,0.0,0.0,0.0,0.1154,0.1822,0.1295,0.1029,0.195,0.1774,0.0408,0.0568,-0.1141,0.1316,0.6896
04085_01615,40.85,16.15,14520,351.5,255.8,562.2,45.2,4.42,0.1298,0.8702,0.0,0.0,0.0,0.0,0.0,0.0896,0.1851,0.1388,0.1079,0.1338,0.1735,0.1173,0.0539,-0.0812,0.068,0.5889
04085_01625,40.85,16.25,14280,354.9,216.8,498.2,77.4,4.35,0.328,0.672,0.0,0.0,0.0,0.0,0.0,0.0712,0.1494,0.1275,0.0634,0.1272,0.2246,0.1519,0.0847,-0.0911,-0.0945,0.5711
04085_01635,40.85,16.35,14400,403.1,250.4,499.1,41.1,3.74,0.0139,0.9861,0.0,0.0,0.0,0.0,0.0,0.1165,0.2209,0.0946,0.0707,0.1844,0.1981,0.0658,0.049,-0.0751,0.0704,0.5031
04085_01645,40.85,16.45,14400,417.7,258.4,593.0,48.0,2.66,0.0092,0.9908,0.0,0.0,0.0,0.0,0.0,0.0598,0.1387,0.1094,0.114,0.1571,0.2499,0.1148,0.0562,-0.2194,-0.0434,0.2868
04085_01655,40.85,16.55,14400,425.1,357.2,511.2,33.2,2.05,0.0,1.0,0.0,0.0,0.0,0.0,0.0,0.0691,0.0748,0.0977,0.1298,0.1925,0.1675,0.1781,0.0906,-0.2234,-0.1203,0.1969
04085_01665,40.85,16.65,14520,441.1,365.4,524.0,31.4,2.05,0.0,1.0,0.0,0.0,0.0,0.0,0.0,0.0894,0.1355,0.1242,0.0957,0.1034,0.1881,0.17,0.0937,-0.0546,-0.0852,0.2058
04085_01675,40.85,16.75,14280,432.2,303.4,493.8,42.5,2.25,0.0,1.0,0.0,0.0,0.0,0.0,0.0,0.2412,0.254,0.1846,0.0576,0.0421,0.0418,0.0625,0.1162,0.4055,0.2381,0.2128
04085_01685,40.85,16.85,14400,345.2,274.7,429.6,35.6,1.05,0.0842,0.9158,0.0,0.0,0.0,0.0,0.0,0.0582,0.7037,0.1852,0.0,0.0,0.0,0.0529,0.0,0.5413,0.671,0.0131
04085_01695,40.85,16.95,14400,315.6,245.1,397.8,29.0,1.03,0.3369,0.6631,0.0,0.0,0.0,0.0,0.0,0.2275,0.2818,0.0187,0.0068,0.0543,0.1935,0.1443,0.073,0.298,-0.1234,0.0409
04085_01705,40.85,17.05,14400,319.8,255.6,400.4,29.1,1.7,0.2613,0.7387,0.0,0.0,0.0,0.0,0.0,0.2132,0.2364,0.0717,0.0281,0.0673,0.1337,0.1473,0.1022,0.2724,-0.0468,0.1433
04085_01715,40.85,17.15,14520,347.3,255.1,458.5,39.1,2.31,0.1315,0.8685,0.0,0.0,0.0,0.0,0.0,0.1949,0.3201,0.0592,0.0257,0.0449,0.176,0.108,0.0712,0.2876,0.0178,0.236
04085_01725,40.85,17.25,14280,321.8,76.9,434.9,55.9,3.36,0.2098,0.7902,0.0,0.0,0.0,0.0,0.0,0.2168,0.2917,0.0981,0.0393,0.094,0.0975,0.1017,0.0609,0.2901,0.1151,0.3704
04085_01735,40.85,17.35,14400,137.7,0.0,414.4,115.8,2.91,0.8419,0.1581,0.0,0.0,0.0,0.0,0.0,0.14,0.4696,0.179,0.0146,0.0643,0.0658,0.0274,0.0393,0.3958,0.4144,0.2385
04085_01745,40.85,17.45,14400,20.4,-0.4,123.2,28.3,0.54,1.0,0.0,0.0,0.0,0.0,0.0,0.0,0.0,0.8333,0.1667,0.0,0.0,0.0,0.0,0.0,0.4548,0.8881,0.0004
04085_01755,40.85,17.55,14400,0.7,0.0,39.3,3.6,0.07,1.0,0.0,0.0,0.0,0.0,0.0,0.0,0.0,0.0,0.0,0.0,0.0,0.0,0.0,0.0,0.0,0.0,0.0
04095_00815,40.95,8.15,14161,2.6,0.0,179.4,12.8,0.39,1.0,0.0,0.0,0.0,0.0,0.0,0.0,0.0567,0.0882,0.022,0.0047,0.0677,0.3087,0.3008,0.1512,-0.0687,-0.5502,0.0448
04095_00825,40.95,8.25,14280,6.6,-2.5,170.3,17.9,0.94,1.0,0.0,0.0,0.0,0.0,0.0,0.0,0.0737,0.2715,0.1399,0.1367,0.1182,0.2187,0.0318,0.0095,-0.1058,0.2443,0.1102
04095_00875,40.95,8.75,14280,17.0,0.0,342.3,48.5,1.55,0.9975,0.0025,0.0,0.0,0.0,0.0,0.0,0.3367,0.1393,0.0594,0.073,0.0549,0.0386,0.1016,0.1965,0.4457,-0.0563,0.1543
04095_00885,40.95,8.85,14280,34.8,0.0,342.0,58.3,2.83,0.9973,0.0027,0.0,0.0,0.0,0.0,0.0,0.1527,0.0775,0.0166,0.0557,0.0934,0.1641,0.225,0.2151,0.1116,-0.3994,0.3128
04095_00895,40.95,8.95,14280,403.0,13.2,905.7,170.8,12.94,0.2716,0.5882,0.1399,0.0002,0.0,0.0,0.0,0.1141,0.0854,0.078,0.105,0.1174,0.1311,0.1768,0.1921,0.0277,-0.1926,0.9608
04095_00905,40.95,9.05,14399,508.8,310.7,906.7,103.3,7.4,0.0,0.8284,0.1711,0.0006,0.0,0.0,0.0,0.13,0.1493,0.1475,0.1519,0.1004,0.0771,0.1048,0.139,0.0752,0.1099,0.7489
04095_00915,40.95,9.15,14161,418.8,186.5,686.8,79.4,6.18,0.1097,0.8861,0.0042,0.0,0.0,0.0,0.0,0.1411,0.1153,0.1492,0.1411,0.1097,0.0986,0.1161,0.1288,0.0369,0.0562,0.7776
04095_00925,40.95,9.25,14280,392.2,168.0,814.5,163.1,8.34,0.3831,0.466,0.1509,0.0,0.0,0.0,0.0,0.1827,0.1167,0.1151,0.1026,0.0757,0.0804,0.1028,0.2239,0.2222,-0.0454,0.8722
04095_00935,40.95,9.35,14280,356.3,81.9,725.1,105.6,9.53,0.2848,0.693,0.0222,0.0,0.0,0.0,0.0,0.1558,0.1137,0.1242,0.1689,0.1445,0.0978,0.0713,0.1237,-0.0125,0.0974,0.8794
04095_00945,40.95,9.45,14280,108.5,0.0,466.4,89.7,5.5,0.9655,0.0345,0.0,0.0,0.0,0.0,0.0,0.181,0.1114,0.1519,0.2094,0.1127,0.0501,0.0665,0.1169,0.051,0.2013,0.5467
04095_00955,40.95,9.55,14399,44.3,-1.5,419.8,63.3,3.97,0.9917,0.0083,0.0,0.0,0.0,0.0,0.0,0.1265,0.0617,0.19,0.1459,0.1283,0.1143,0.1178,0.1155,-0.0592,0.053,0.4108
04095_00965,40.95,9.65,14161,7.7,-0.0,330.0,31.3,1.37,0.9989,0.0011,0.0,0.0,0.0,0.0,0.0,0.1019,0.0974,0.0916,0.1721,0.1084,0.1649,0.1078,0.1558,-0.0662,-0.051,0.1087
04095_01295,40.95,12.95,14280,4.1,0.0,192.0,20.0,0.91,1.0,0.0,0.0,0.0,0.0,0.0,0.0,0.1657,0.0759,0.1114,0.142,0.1174,0.072,0.1469,0.1686,0.0765,-0.0463,0.071
04095_01395,40.95,13.95,14280,0.4,-2.5,19.1,2.0,0.1,1.0,0.0,0.0,0.0,0.0,0.0,0.0,0.0,0.407,0.0698,0.0465,0.0,0.4186,0.0581,0.0,-0.0609,0.0451,0.006
04095_01405,40.95,14.05,14280,12.4,-3.0,67.9,14.2,0.52,1.0,0.0,0.0,0.0,0.0,0.0,0.0,0.1157,0.1901,0.0909,0.0248,0.0331,0.0579,0.1983,0.2893,0.368,-0.2136,0.0085
04095_01415,40.95,14.15,14280,66.5,11.4,166.8,33.1,0.86,1.0,0.0,0.0,0.0,0.0,0.0,0.0,0.4267,0.0267,0.0,0.0,0.0133,0.12,0.1333,0.28,0.5591,-0.445,0.0158
04095_01425,40.95,14.25,14280,55.1,17.6,147.4,29.4,0.65,1.0,0.0,0.0,0.0,0.0,0.0,0.0,0.0,0.0,1.0,0.0,0.0,0.0,0.0,0.0,0.1665,0.986,0.0001
04095_01435,40.95,14.35,14280,27.8,17.6,73.2,7.9,0.41,1.0,0.0,0.0,0.0,0.0,0.0,0.0,0.0,0.0,0.0,0.0,0.0,0.0,1.0,0.0,-0.1012,-0.9866,0.0002
04095_01445,40.95,14.45,14280,56.1,22.9,670.6,90.7,2.59,0.9588,0.0371,0.0041,0.0,0.0,0.0,0.0,0.1437,0.0285,0.0095,0.0671,0.4531,0.1728,0.0576,0.0677,-0.4211,-0.1639,0.1179
04095_01455,40.95,14.55,14280,183.8,28.7,946.3,176.3,6.84,0.7726,0.1906,0.0355,0.0013,0.0,0.0,0.0,0.0762,0.072,0.0417,0.0692,0.2357,0.2871,0.1328,0.0851,-0.3052,-0.2587,0.4714
04095_01465,40.95,14.65,14280,692.1,164.0,1584.1,336.6,17.32,0.1359,0.3182,0.2588,0.198,0.0891,0.0,0.0,0.1585,0.1112,0.0401,0.0341,0.1302,0.2998,0.1239,0.1023,-0.0609,-0.2669,0.9211
04095_01475,40.95,14.75,14280,670.1,257.1,1562.7,317.5,12.24,0.0041,0.5728,0.2032,0.1118,0.1081,0.0,0.0,0.1176,0.2127,0.1929,0.1488,0.1253,0.0835,0.0599,0.0591,0.019,0.2908,0.9095
04095_01485,40.95,14.85,14280,422.1,233.7,942.3,109.8,7.64,0.1174,0.8304,0.0512,0.0011,0.0,0.0,0.0,0.1299,0.104,0.115,0.0926,0.0834,0.1197,0.1981,0.1573,0.0778,-0.1429,0.8973
04095_01495,40.95,14.95,14280,633.9,236.9,1419.7,252.0,10.68,0.0434,0.5059,0.291,0.1348,0.0249,0.0,0.0,0.1906,0.1576,0.1288,0.0942,0.104,0.0899,0.0963,0.1385,0.1706,0.0489,0.9571
04095_01505,40.95,15.05,14280,514.2,294.7,908.6,113.6,7.6,0.0007,0.7566,0.2424,0.0003,0.0,0.0,0.0,0.1316,0.1574,0.1281,0.0814,0.085,0.1502,0.1452,0.1212,0.0798,-0.0415,0.9153
04095_01515,40.95,15.15,14280,678.0,415.9,987.6,101.0,7.08,0.0,0.2237,0.7679,0.0084,0.0,0.0,0.0,0.1361,0.1274,0.0718,0.0659,0.1579,0.2137,0.1241,0.1031,-0.059,-0.144,0.9221
04095_01525,40.95,15.25,14280,713.2,464.5,1022.1,120.6,7.71,0.0,0.2223,0.7397,0.038,0.0,0.0,0.0,0.1346,0.0943,0.1107,0.1591,0.1263,0.1114,0.1452,0.1185,-0.0349,-0.0198,0.9055
04095_01535,40.95,15.35,14280,717.5,403.2,982.0,119.8,7.12,0.0,0.1932,0.7834,0.0234,0.0,0.0,0.0,0.0508,0.0952,0.1512,0.1724,0.1858,0.1428,0.1275,0.0742,-0.2399,0.0663,0.9067
04095_01545,40.95,15.45,14280,664.3,327.0,912.9,119.2,7.21,0.0,0.3032,0.6934,0.0034,0.0,0.0,0.0,0.0782,0.1258,0.1539,0.1694,0.1702,0.1428,0.0997,0.06,-0.1881,0.118,0.8819
04095_01555,40.95,15.55,14280,490.9,252.9,810.0,126.8,9.54,0.0542,0.7087,0.2371,0.0,0.0,0.0,0.0,0.0773,0.1244,0.1519,0.0825,0.0877,0.1403,0.193,0.1428,0.0188,-0.0984,0.9232
04095_01565,40.95,15.65,14280,660.1,296.8,1316.1,178.5,9.47,0.0001,0.4333,0.4577,0.1012,0.0076,0.0,0.0,0.1495,0.1901,0.1606,0.1697,0.1057,0.0773,0.0691,0.078,0.0598,0.238,0.9106
04095_01575,40.95,15.75,14280,481.0,230.2,816.8,125.6,7.82,0.0482,0.7668,0.1849,0.0,0.0,0.0,0.0,0.1429,0.1702,0.1656,0.0747,0.0444,0.0813,0.1637,0.1573,0.2279,0.0049,0.9132
04095_01585,40.95,15.85,14280,424.7,251.5,771.7,87.5,4.04,0.0468,0.9004,0.0527,0.0,0.0,0.0,0.0,0.2731,0.1758,0.1037,0.1309,0.0942,0.0479,0.0302,0.1441,0.2897,0.1573,0.5584
04095_01595,40.95,15.95,14280,412.4,311.5,509.7,42.5,3.12,0.0,1.0,0.0,0.0,0.0,0.0,0.0,0.1864,0.1348,0.1026,0.1023,0.1131,0.1074,0.1038,0.1496,0.1251,-0.0177,0.3807
04095_01605,40.95,16.05,14280,394.3,248.3,531.3,45.6,3.47,0.0372,0.9628,0.0,0.0,0.0,0.0,0.0,0.1732,0.199,0.1096,0.0892,0.0782,0.1476,0.0897,0.1135,0.1604,0.0396,0.4318
04095_01615,40.95,16.15,14399,410.1,278.6,620.0,64.0,3.9,0.004,0.969,0.0269,0.0,0.0,0.0,0.0,0.0723,0.1582,0.1071,0.0732,0.1503,0.2505,0.1409,0.0474,-0.1732,-0.0846,0.5234
04095_01625,40.95,16.25,14161,498.3,283.9,647.6,101.4,3.46,0.0165,0.6839,0.2996,0.0,0.0,0.0,0.0,0.0327,0.0583,0.0629,0.0877,0.2539,0.2833,0.1535,0.0676,-0.404,-0.2539,0.3624
04095_01635,40.95,16.35,14280,579.2,393.5,671.5,60.4,2.91,0.0,0.5593,0.4407,0.0,0.0,0.0,0.0,0.0454,0.1559,0.0897,0.1038,0.2404,0.2383,0.0923,0.0344,-0.3067,-0.0127,0.2686
04095_01645,40.95,16.45,14280,494.3,348.2,599.9,38.5,2.35,0.0,1.0,0.0,0.0,0.0,0.0,0.0,0.1309,0.2626,0.1809,0.1105,0.0804,0.0866,0.0674,0.0807,0.1583,0.259,0.2578
04095_01655,40.95,16.55,14280,428.5,296.2,515.8,61.9,2.31,0.0006,0.9994,0.0,0.0,0.0,0.0,0.0,0.2248,0.2664,0.1494,0.0738,0.037,0.0363,0.0991,0.1132,0.3848,0.1843,0.2742
04095_01665,40.95,16.65,14399,353.0,210.6,506.3,56.6,1.94,0.1604,0.8396,0.0,0.0,0.0,0.0,0.0,0.2209,0.3949,0.1599,0.0487,0.0267,0.0159,0.044,0.0888,0.4906,0.3641,0.1924
04095_01675,40.95,16.75,14161,267.5,169.8,364.1,46.6,1.24,0.6608,0.3392,0.0,0.0,0.0,0.0,0.0,0.2798,0.3457,0.1728,0.0988,0.0,0.0329,0.0123,0.0576,0.5107,0.4605,0.0172
04095_01685,40.95,16.85,14280,228.8,142.4,310.4,40.2,1.1,0.9939,0.0061,0.0,0.0,0.0,0.0,0.0,0.0411,0.2511,0.1963,0.0183,0.0183,0.0228,0.2283,0.2237,0.3207,-0.0326,0.0153
04095_01695,40.95,16.95,14280,213.2,129.3,277.1,36.1,0.91,1.0,0.0,0.0,0.0,0.0,0.0,0.0,0.0,0.2821,0.2821,0.0,0.0,0.1282,0.1538,0.1538,0.164,0.1204,0.0027
04095_01705,40.95,17.05,14280,203.2,136.0,315.9,38.8,1.08,0.995,0.005,0.0,0.0,0.0,0.0,0.0,0.2655,0.3737,0.0541,0.0026,0.0,0.0619,0.1211,0.1211,0.5995,0.0567,0.0272
04095_01715,40.95,17.15,14399,194.8,28.0,292.5,45.0,1.53,1.0,0.0,0.0,0.0,0.0,0.0,0.0,0.2684,0.4859,0.0415,0.0007,0.0167,0.0562,0.0509,0.0797,0.6271,0.2439,0.1038
04095_01725,40.95,17.25,14161,95.8,0.0,290.0,80.8,1.91,1.0,0.0,0.0,0.0,0.0,0.0,0.0,0.1678,0.5853,0.1589,0.0078,0.0066,0.0186,0.0287,0.0264,0.5908,0.5266,0.1822
04095_01735,40.95,17.35,14280,5.8,0.0,74.4,14.7,0.25,1.0,0.0,0.0,0.0,0.0,0.0,0.0,0.0462,0.4923,0.4154,0.0,0.0,0.0,0.0,0.0462,0.4164,0.778,0.0046
04105_00825,41.05,8.25,14400,20.7,-0.6,399.0,52.4,2.76,0.9935,0.0065,0.0,0.0,0.0,0.0,0.0,0.1092,0.1171,0.1208,0.0993,0.1228,0.1771,0.1319,0.1217,-0.0375,-0.0683,0.2454
04105_00835,41.05,8.35,14400,24.6,0.0,383.6,67.4,1.95,0.9856,0.0144,0.0,0.0,0.0,0.0,0.0,0.0806,0.1617,0.227,0.1428,0.1897,0.0995,0.055,0.0437,-0.1298,0.2899,0.1731
04105_00885,41.05,8.85,14400,3.3,0.0,199.8,17.1,0.37,1.0,0.0,0.0,0.0,0.0,0.0,0.0,0.2684,0.0787,0.0039,0.0,0.0065,0.1368,0.2103,0.2955,0.4433,-0.4623,0.0538
04105_00895,41.05,8.95,14400,108.7,0.0,508.2,108.9,4.58,0.9399,0.0601,0.0,0.0,0.0,0.0,0.0,0.1868,0.1126,0.0551,0.0541,0.0731,0.103,0.1528,0.2625,0.2745,-0.2475,0.5349
04105_00905,41.05,9.05,14520,294.8,25.9,629.4,150.9,8.29,0.4601,0.5373,0.0025,0.0,0.0,0.0,0.0,0.1615,0.1099,0.094,0.102,0.079,0.0683,0.1405,0.2447,0.2196,-0.121,0.8308
04105_00915,41.05,9.15,14280,360.1,129.2,734.8,119.7,9.55,0.3475,0.6106,0.0418,0.0,0.0,0.0,0.0,0.1208,0.0919,0.1907,0.1689,0.0521,0.0343,0.1076,0.2338,0.1533,0.0761,0.9207
04105_00925,41.05,9.25,14400,223.5,12.7,579.2,117.2,7.51,0.7681,0.2319,0.0,0.0,0.0,0.0,0.0,0.1493,0.1124,0.1669,0.1867,0.091,0.05,0.0912,0.1524,0.0813,0.1491,0.8492
04105_00935,41.05,9.35,14400,147.4,13.7,442.3,72.4,5.33,0.9581,0.0419,0.0,0.0,0.0,0.0,0.0,0.1457,0.1517,0.1531,0.1014,0.0719,0.0882,0.1303,0.1578,0.1632,0.0283,0.7078
04105_00945,41.05,9.45,14400,111.4,-0.6,625.3,98.5,7.24,0.9466,0.0531,0.0003,0.0,0.0,0.0,0.0,0.1388,0.0901,0.1434,0.1419,0.0884,0.1083,0.1603,0.1289,0.0305,-0.0241,0.7191
04105_00955,41.05,9.55,14520,25.9,-0.7,204.0,42.4,2.57,1.0,0.0,0.0,0.0,0.0,0.0,0.0,0.0878,0.1121,0.249,0.1739,0.1081,0.0482,0.1008,0.1201,-0.0182,0.2336,0.3458
04105_01395,41.05,13.95,14400,1.3,-2.0,19.9,1.7,0.21,1.0,0.0,0.0,0.0,0.0,0.0,0.0,0.0625,0.5625,0.3125,0.0625,0.0,0.0,0.0,0.0,0.3609,0.8444,0.0011
04105_01405,41.05,14.05,14400,5.1,-1.5,16.0,3.1,0.23,1.0,0.0,0.0,0.0,0.0,0.0,0.0,0.0,0.0,0.0,0.0,0.0,0.0,0.0,0.0,0.0,0.0,0.0
04105_01415,41.05,14.15,14400,13.7,4.0,33.3,4.4,0.27,1.0,0.0,0.0,0.0,0.0,0.0,0.0,0.0,0.125,0.25,0.0,0.0,0.125,0.5,0.0,0.0742,-0.2695,0.0006
04105_01425,41.05,14.25,14400,27.8,11.5,320.2,21.7,0.63,0.9999,0.0001,0.0,0.0,0.0,0.0,0.0,0.0075,0.0113,0.0263,0.0789,0.3571,0.4699,0.0489,0.0,-0.7403,-0.316,0.0185
04105_01435,41.05,14.35,14400,93.6,18.1,516.2,99.7,3.3,0.9126,0.0874,0.0,0.0,0.0,0.0,0.0,0.0685,0.0543,0.1147,0.1203,0.1523,0.296,0.1378,0.0561,-0.3115,-0.1542,0.2252
04105_01445,41.05,14.45,14400,216.0,26.0,757.1,159.3,9.74,0.7173,0.2593,0.0234,0.0,0.0,0.0,0.0,0.1969,0.0701,0.0891,0.1137,0.1723,0.1195,0.0756,0.1627,0.0293,-0.0561,0.6774
04105_01455,41.05,14.55,14400,433.7,80.7,1290.6,218.3,13.37,0.3874,0.3972,0.176,0.0355,0.004,0.0,0.0,0.1399,0.1291,0.0851,0.0824,0.1525,0.1722,0.1028,0.136,-0.0063,-0.0869,0.7901
04105_01465,41.05,14.65,14400,409.7,196.6,1380.5,196.7,9.02,0.4409,0.411,0.1128,0.0286,0.0067,0.0,0.0,0.1646,0.1732,0.129,0.1207,0.1704,0.0883,0.0742,0.0797,0.033,0.1445,0.6676
04105_01475,41.05,14.75,14400,307.6,133.8,597.7,92.9,8.82,0.4963,0.5037,0.0,0.0,0.0,0.0,0.0,0.1246,0.115,0.1508,0.1024,0.0785,0.0759,0.1867,0.1661,0.1234,-0.0532,0.924
04105_01485,41.05,14.85,14400,409.3,206.2,773.0,117.5,8.53,0.1899,0.7401,0.0699,0.0,0.0,0.0,0.0,0.1392,0.1773,0.1522,0.0918,0.0808,0.1179,0.1214,0.1194,0.1204,0.0546,0.8931
04105_01495,41.05,14.95,14400,320.6,171.1,616.5,83.1,5.74,0.4553,0.5442,0.0005,0.0,0.0,0.0,0.0,0.1087,0.1429,0.1381,0.0834,0.0846,0.127,0.1781,0.1372,0.073,-0.0663,0.7817
04105_01505,41.05,15.05,14400,485.4,240.7,911.1,120.4,5.92,0.009,0.8031,0.1876,0.0003,0.0,0.0,0.0,0.1756,0.1411,0.0974,0.0539,0.1096,0.1518,0.1389,0.1316,0.1194,-0.1077,0.8284
04105_01515,41.05,15.15,14400,499.3,338.7,910.1,105.2,6.85,0.0,0.8244,0.1753,0.0003,0.0,0.0,0.0,0.1467,0.1784,0.0761,0.0558,0.1113,0.1366,0.1345,0.1606,0.144,-0.1079,0.7827
04105_01525,41.05,15.25,14400,689.7,453.4,1090.1,107.6,9.05,0.0,0.1931,0.7451,0.0618,0.0,0.0,0.0,0.0938,0.1006,0.1131,0.1351,0.1263,0.1324,0.1631,0.1356,-0.052,-0.0749,0.951
04105_01535,41.05,15.35,14400,648.6,352.5,965.8,141.4,7.59,0.0,0.4097,0.5776,0.0127,0.0,0.0,0.0,0.1583,0.1764,0.1572,0.0881,0.0593,0.0723,0.1386,0.1499,0.2243,0.052,0.9217
04105_01545,41.05,15.45,14400,641.3,385.7,943.0,106.1,8.36,0.0,0.3526,0.6455,0.0019,0.0,0.0,0.0,0.1317,0.1783,0.1759,0.0946,0.068,0.1087,0.1267,0.1161,0.1272,0.0898,0.951
04105_01555,41.05,15.55,14400,403.9,193.5,762.5,124.7,8.01,0.2523,0.6781,0.0696,0.0,0.0,0.0,0.0,0.0924,0.2145,0.2079,0.0792,0.0793,0.1062,0.1397,0.0808,0.0851,0.1459,0.9053
04105_01565,41.05,15.65,14400,340.2,158.7,673.2,138.4,4.92,0.4828,0.4858,0.0314,0.0,0.0,0.0,0.0,0.2176,0.2229,0.1651,0.0821,0.0597,0.0585,0.0867,0.1074,0.3024,0.1775,0.5994
04105_01575,41.05,15.75,14400,227.4,128.8,491.0,71.2,3.32,0.7775,0.2225,0.0,0.0,0.0,0.0,0.0,0.1895,0.1143,0.1532,0.1086,0.0984,0.0487,0.0938,0.1935,0.2062,0.0437,0.3621
04105_01585,41.05,15.85,14400,265.4,126.8,378.2,70.5,3.19,0.5727,0.4273,0.0,0.0,0.0,0.0,0.0,0.1618,0.0986,0.1122,0.104,0.0391,0.098,0.1576,0.2287,0.2148,-0.1404,0.3485
04105_01595,41.05,15.95,14400,293.8,140.2,382.0,52.2,4.46,0.4751,0.5249,0.0,0.0,0.0,0.0,0.0,0.1563,0.1023,0.1624,0.1941,0.0718,0.0225,0.0884,0.2022,0.1517,0.1264,0.556
04105_01605,41.05,16.05,14400,329.2,135.3,590.2,84.5,5.09,0.3665,0.6335,0.0,0.0,0.0,0.0,0.0,0.0876,0.1305,0.0761,0.036,0.0411,0.2205,0.3134,0.0947,0.018,-0.3493,0.6094
04105_01615,41.05,16.15,14520,533.9,346.5,664.0,55.8,3.13,0.0,0.9134,0.0866,0.0,0.0,0.0,0.0,0.1445,0.1939,0.0893,0.0244,0.0917,0.2172,0.1476,0.0915,0.0851,-0.1305,0.3704
04105_01625,41.05,16.25,14280,535.8,351.3,680.7,64.4,2.59,0.0,0.7717,0.2283,0.0,0.0,0.0,0.0,0.2351,0.3132,0.1339,0.0409,0.0277,0.0578,0.0838,0.1075,0.4414,0.1871,0.3184
04105_01635,41.05,16.35,14400,444.8,326.7,615.7,67.6,2.15,0.0,0.9933,0.0067,0.0,0.0,0.0,0.0,0.2453,0.4286,0.1742,0.0214,0.0006,0.0035,0.0291,0.0972,0.6161,0.4035,0.2364
04105_01645,41.05,16.45,14400,337.6,225.3,488.8,46.2,2.05,0.1732,0.8268,0.0,0.0,0.0,0.0,0.0,0.1469,0.3749,0.2464,0.0602,0.0209,0.0254,0.0296,0.0957,0.4149,0.4527,0.1995
04105_01655,41.05,16.55,14400,257.9,171.3,345.7,43.1,1.33,0.7833,0.2167,0.0,0.0,0.0,0.0,0.0,0.1074,0.1756,0.2335,0.1012,0.0145,0.0165,0.157,0.1942,0.2751,0.1483,0.0336
04105_01665,41.05,16.65,14520,193.8,103.2,303.4,38.9,1.25,0.9994,0.0006,0.0,0.0,0.0,0.0,0.0,0.0767,0.2723,0.2871,0.047,0.0025,0.0396,0.0891,0.1856,0.3428,0.2785,0.0278
04105_01675,41.05,16.75,14280,125.5,52.7,214.9,33.6,1.04,1.0,0.0,0.0,0.0,0.0,0.0,0.0,0.1818,0.1485,0.1667,0.1818,0.0485,0.0364,0.0788,0.1576,0.2249,0.1801,0.0231
04105_01685,41.05,16.85,14400,88.9,19.3,180.4,36.5,1.04,1.0,0.0,0.0,0.0,0.0,0.0,0.0,0.1402,0.1508,0.2169,0.0767,0.0238,0.0212,0.164,0.2063,0.2979,0.0469,0.0262
04105_01695,41.05,16.95,14400,75.3,0.0,159.7,39.3,0.94,1.0,0.0,0.0,0.0,0.0,0.0,0.0,0.3184,0.5307,0.0279,0.0,0.0,0.0,0.0112,0.1117,0.7905,0.3306,0.0124
04105_01705,41.05,17.05,14400,61.9,0.0,147.1,51.3,0.95,1.0,0.0,0.0,0.0,0.0,0.0,0.0,0.4236,0.5228,0.0,0.0054,0.008,0.0134,0.0241,0.0027,0.8291,0.3326,0.0259
04105_01715,41.05,17.15,14520,20.1,-0.3,146.5,37.3,0.65,1.0,0.0,0.0,0.0,0.0,0.0,0.0,0.495,0.4712,0.0258,0.008,0.0,0.0,0.0,0.0,0.8474,0.396,0.0346
04115_00905,41.15,9.05,14520,16.0,-0.1,224.0,33.8,1.19,1.0,0.0,0.0,0.0,0.0,0.0,0.0,0.1996,0.1586,0.0816,0.053,0.0507,0.0839,0.1282,0.2444,0.3457,-0.133,0.1494
04115_00915,41.15,9.15,14280,90.7,-0.1,333.1,89.5,4.06,0.9883,0.0117,0.0,0.0,0.0,0.0,0.0,0.1611,0.0825,0.0894,0.0606,0.0551,0.0862,0.1871,0.2781,0.2642,-0.2602,0.5443
04115_00925,41.15,9.25,14400,126.0,-1.5,354.3,68.6,4.98,0.9869,0.0131,0.0,0.0,0.0,0.0,0.0,0.1366,0.1228,0.1367,0.1997,0.1131,0.0533,0.0924,0.1454,0.0333,0.1364,0.6998
04115_00935,41.15,9.35,14400,86.5,-0.0,362.3,72.4,5.92,0.9957,0.0043,0.0,0.0,0.0,0.0,0.0,0.1289,0.1117,0.143,0.106,0.0925,0.0848,0.1735,0.1596,0.0987,-0.0474,0.6918
04115_00945,41.15,9.45,14400,38.5,-1.0,329.2,61.5,3.43,0.9977,0.0023,0.0,0.0,0.0,0.0,0.0,0.1505,0.1232,0.1731,0.1093,0.0714,0.0646,0.1494,0.1585,0.1597,0.03,0.4212
04115_00955,41.15,9.55,14520,23.8,-1.0,402.2,63.4,2.19,0.9868,0.0132,0.0,0.0,0.0,0.0,0.0,0.1835,0.1561,0.1825,0.1141,0.0719,0.0601,0.0893,0.1424,0.2012,0.1477,0.2166
04115_01385,41.15,13.85,14400,36.2,-2.2,471.5,83.5,2.76,0.9666,0.0334,0.0,0.0,0.0,0.0,0.0,0.1102,0.0535,0.0162,0.0324,0.1308,0.2576,0.1478,0.2515,-0.0095,-0.4421,0.1715
04115_01395,41.15,13.95,14400,114.4,-0.5,806.6,161.8,5.65,0.8575,0.1237,0.0188,0.0,0.0,0.0,0.0,0.0313,0.1062,0.2455,0.2012,0.1248,0.0725,0.0581,0.1604,-0.1195,0.2333,0.3217
04115_01405,41.15,14.05,14400,28.5,1.7,221.9,27.9,0.91,1.0,0.0,0.0,0.0,0.0,0.0,0.0,0.0593,0.0551,0.1285,0.1582,0.2133,0.1342,0.1102,0.1412,-0.2311,-0.0326,0.0492
04115_01415,41.15,14.15,14400,39.2,4.5,335.2,37.7,1.05,0.9991,0.0009,0.0,0.0,0.0,0.0,0.0,0.0265,0.087,0.0855,0.0649,0.3481,0.2994,0.0664,0.0221,-0.5081,-0.1235,0.0471
04115_01425,41.15,14.25,14400,106.5,11.5,593.7,101.4,6.76,0.9358,0.0642,0.0,0.0,0.0,0.0,0.0,0.0976,0.1206,0.1362,0.0635,0.1413,0.2488,0.1433,0.0487,-0.146,-0.0927,0.4492
04115_01435,41.15,14.35,14400,183.0,24.0,612.5,125.1,9.18,0.8092,0.1906,0.0001,0.0,0.0,0.0,0.0,0.1884,0.1445,0.0929,0.1212,0.141,0.1346,0.0771,0.1004,0.0409,0.0355,0.7388
04115_01445,41.15,14.45,14400,102.2,26.5,424.9,69.5,4.9,0.9847,0.0153,0.0,0.0,0.0,0.0,0.0,0.1232,0.1428,0.1209,0.1113,0.104,0.1271,0.1439,0.1268,0.038,-0.0202,0.5738
04115_01455,41.15,14.55,14400,634.3,38.2,1387.6,378.2,15.34,0.2938,0.1915,0.2051,0.2547,0.0549,0.0,0.0,0.1811,0.091,0.0318,0.0318,0.0924,0.2259,0.179,0.167,0.092,-0.3492,0.9542
04115_01465,41.15,14.65,14400,527.2,113.0,1356.0,259.9,13.89,0.2122,0.4484,0.2317,0.0949,0.0127,0.0,0.0,0.159,0.1631,0.2081,0.1692,0.1089,0.0477,0.0583,0.0856,0.0831,0.2997,0.9803
04115_01475,41.15,14.75,14400,202.4,79.0,448.8,77.6,5.67,0.8722,0.1278,0.0,0.0,0.0,0.0,0.0,0.0778,0.0975,0.167,0.0943,0.143,0.1522,0.1761,0.0922,-0.1063,-0.05,0.6725
04115_01485,41.15,14.85,14400,248.0,123.2,440.2,75.5,5.43,0.7411,0.2589,0.0,0.0,0.0,0.0,0.0,0.1209,0.1108,0.1006,0.1336,0.1797,0.1379,0.1048,0.1117,-0.0931,0.0001,0.725
04115_01495,41.15,14.95,14400,318.1,142.5,633.2,98.2,9.44,0.4567,0.5403,0.003,0.0,0.0,0.0,0.0,0.0994,0.0771,0.1541,0.147,0.1076,0.1166,0.169,0.1293,-0.0518,-0.0335,0.8912
04115_01505,41.15,15.05,14400,451.2,192.0,800.0,118.3,9.93,0.1124,0.779,0.1085,0.0,0.0,0.0,0.0,0.0957,0.0814,0.0922,0.1145,0.1311,0.1488,0.1875,0.1488,-0.0594,-0.1711,0.9532
04115_01515,41.15,15.15,14400,585.2,367.7,795.7,82.4,8.3,0.0,0.5447,0.4553,0.0,0.0,0.0,0.0,0.0935,0.0779,0.1103,0.1312,0.1162,0.128,0.1932,0.1498,-0.0437,-0.1314,0.8878
04115_01525,41.15,15.25,14400,749.4,486.8,1073.8,83.8,7.41,0.0,0.0456,0.9133,0.041,0.0,0.0,0.0,0.0911,0.1128,0.1064,0.0881,0.1035,0.1513,0.201,0.1456,-0.0003,-0.1711,0.8954
04115_01535,41.15,15.35,14400,634.9,336.8,1087.6,137.8,9.5,0.0,0.4556,0.4932,0.0512,0.0,0.0,0.0,0.0824,0.172,0.1991,0.1952,0.1513,0.0997,0.0542,0.0461,-0.1248,0.3063,0.9401
04115_01545,41.15,15.45,14400,383.0,222.1,681.5,91.2,6.14,0.1842,0.7941,0.0217,0.0,0.0,0.0,0.0,0.14,0.1521,0.1497,0.1903,0.0928,0.0664,0.0765,0.1322,0.0708,0.1817,0.7609
04115_01555,41.15,15.55,14400,307.2,196.2,577.0,77.3,3.97,0.5836,0.4164,0.0,0.0,0.0,0.0,0.0,0.1273,0.1391,0.1743,0.118,0.0848,0.0888,0.1277,0.14,0.0947,0.0707,0.4997
04115_01565,41.15,15.65,14400,285.8,165.2,424.6,52.6,2.55,0.5987,0.4013,0.0,0.0,0.0,0.0,0.0,0.1329,0.0844,0.0391,0.1004,0.2537,0.1908,0.1054,0.0933,-0.2079,-0.1412,0.2649
04115_01575,41.15,15.75,14400,234.5,123.4,316.0,35.6,2.58,0.9897,0.0103,0.0,0.0,0.0,0.0,0.0,0.1435,0.1729,0.0706,0.1208,0.3102,0.1193,0.0255,0.0372,-0.1889,0.1451,0.2783
04115_01585,41.15,15.85,14400,157.1,89.9,245.7,38.3,2.05,1.0,0.0,0.0,0.0,0.0,0.0,0.0,0.1465,0.1175,0.0784,0.2455,0.2825,0.0705,0.0132,0.0458,-0.2541,0.2355,0.2365
04115_01595,41.15,15.95,14400,130.2,63.6,264.0,43.2,2.02,1.0,0.0,0.0,0.0,0.0,0.0,0.0,0.1375,0.1144,0.1668,0.1038,0.0467,0.0245,0.1824,0.2238,0.2491,-0.0361,0.2349
04115_01605,41.15,16.05,14400,223.3,76.7,492.1,79.9,2.96,0.8703,0.1297,0.0,0.0,0.0,0.0,0.0,0.113,0.0864,0.0573,0.0207,0.018,0.1085,0.3924,0.2037,0.2199,-0.4934,0.3392
04115_01615,41.15,16.15,14520,313.8,176.3,508.9,92.5,2.86,0.4833,0.5167,0.0,0.0,0.0,0.0,0.0,0.2539,0.2792,0.1189,0.0342,0.0142,0.0414,0.1142,0.144,0.4959,0.1062,0.3545
04115_01625,41.15,16.25,14280,286.5,174.8,480.9,64.0,2.37,0.6078,0.3922,0.0,0.0,0.0,0.0,0.0,0.2372,0.3388,0.0854,0.0173,0.0142,0.1058,0.0832,0.1181,0.4746,0.0902,0.2509
04115_01635,41.15,16.35,14400,263.1,144.3,398.4,59.9,1.67,0.6638,0.3362,0.0,0.0,0.0,0.0,0.0,0.1637,0.409,0.1154,0.0117,0.0094,0.0105,0.1104,0.1698,0.5638,0.1722,0.1251
04115_01645,41.15,16.45,14400,203.7,71.9,338.5,55.6,1.56,0.959,0.041,0.0,0.0,0.0,0.0,0.0,0.1996,0.3894,0.205,0.0302,0.0054,0.0345,0.0119,0.1241,0.5274,0.3836,0.0644
04115_01655,41.15,16.55,14400,135.1,18.4,233.9,55.0,1.15,1.0,0.0,0.0,0.0,0.0,0.0,0.0,0.0882,0.4118,0.1765,0.0,0.0,0.0,0.2353,0.0882,0.417,0.1866,0.0024
04115_01665,41.15,16.65,14520,77.7,0.0,175.1,47.7,1.02,1.0,0.0,0.0,0.0,0.0,0.0,0.0,0.1188,0.35,0.1438,0.1125,0.1188,0.0438,0.0312,0.0812,0.2147,0.3636,0.011
04115_01675,41.15,16.75,14280,32.4,0.0,108.4,30.9,0.67,1.0,0.0,0.0,0.0,0.0,0.0,0.0,0.1931,0.0579,0.0502,0.3436,0.0154,0.0386,0.0,0.3012,0.2085,0.1088,0.0181
04115_01685,41.15,16.85,14400,5.5,-0.1,63.5,9.9,0.34,1.0,0.0,0.0,0.0,0.0,0.0,0.0,0.0179,0.6964,0.2679,0.0,0.0,0.0,0.0,0.0179,0.5636,0.7119,0.0039
04115_01695,41.15,16.95,14400,0.7,0.0,30.0,3.6,0.07,1.0,0.0,0.0,0.0,0.0,0.0,0.0,0.0,1.0,0.0,0.0,0.0,0.0,0.0,0.0,0.6788,0.7343,0.0001
04125_00915,41.25,9.15,14399,8.9,0.0,124.6,21.1,0.86,1.0,0.0,0.0,0.0,0.0,0.0,0.0,0.1119,0.0937,0.115,0.1168,0.0468,0.0876,0.2062,0.222,0.1484,-0.1655,0.1142
04125_00925,41.25,9.25,14520,25.7,0.0,202.4,40.6,1.83,1.0,0.0,0.0,0.0,0.0,0.0,0.0,0.1336,0.1737,0.1894,0.1024,0.0463,0.073,0.149,0.1326,0.1878,0.0942,0.2764
04125_00935,41.25,9.35,14520,6.9,-1.5,150.9,21.3,1.21,1.0,0.0,0.0,0.0,0.0,0.0,0.0,0.1382,0.0746,0.1131,0.0974,0.0983,0.1201,0.2031,0.1553,0.0541,-0.1656,0.1486
04125_00945,41.25,9.45,14520,11.9,-0.1,185.2,26.6,1.61,1.0,0.0,0.0,0.0,0.0,0.0,0.0,0.0645,0.1245,0.2062,0.1462,0.0467,0.0668,0.2254,0.1196,0.0411,0.038,0.2124
04125_01305,41.25,13.05,14520,26.4,0.0,466.2,60.6,2.76,0.9835,0.0165,0.0,0.0,0.0,0.0,0.0,0.1891,0.1678,0.085,0.0358,0.2103,0.1628,0.0704,0.0787,0.0246,-0.006,0.1654
04125_01315,41.25,13.15,14520,3.0,-3.0,33.7,6.6,0.22,1.0,0.0,0.0,0.0,0.0,0.0,0.0,0.0,0.0,0.0,0.0,0.0,0.0,0.0,0.0,0.0,0.0,0.0
04125_01325,41.25,13.25,14520,2.7,-3.0,221.4,17.7,0.45,1.0,0.0,0.0,0.0,0.0,0.0,0.0,0.0236,0.0189,0.0825,0.191,0.1887,0.2264,0.1934,0.0755,-0.4064,-0.1821,0.0292
04125_01335,41.25,13.35,14520,0.5,-2.7,20.3,1.9,0.1,1.0,0.0,0.0,0.0,0.0,0.0,0.0,0.0,0.0,0.0,0.0,0.0,0.0,0.0,0.0,0.0,0.0,0.0
04125_01345,41.25,13.45,14520,96.6,-0.5,505.9,128.0,5.53,0.8934,0.1066,0.0,0.0,0.0,0.0,0.0,0.1026,0.0992,0.0939,0.1085,0.1466,0.1942,0.1577,0.0973,-0.1217,-0.1251,0.4248
04125_01355,41.25,13.55,14520,212.1,-0.5,1197.4,258.2,10.25,0.7735,0.1225,0.0682,0.0359,0.0,0.0,0.0,0.0641,0.093,0.1353,0.1242,0.1923,0.2133,0.1219,0.056,-0.2676,-0.0206,0.72
04125_01365,41.25,13.65,14520,99.1,0.0,891.7,180.8,5.55,0.8718,0.0899,0.0382,0.0,0.0,0.0,0.0,0.0166,0.0344,0.1216,0.2583,0.3772,0.1357,0.0395,0.0166,-0.6215,0.1864,0.3522
04125_01375,41.25,13.75,14520,30.7,-2.9,580.6,51.4,2.94,0.9956,0.0044,0.0,0.0,0.0,0.0,0.0,0.0603,0.0775,0.141,0.1549,0.1782,0.1613,0.125,0.1017,-0.2165,-0.0032,0.3014
04125_01385,41.25,13.85,14520,35.3,-2.8,407.5,48.2,2.4,0.9915,0.0085,0.0,0.0,0.0,0.0,0.0,0.0771,0.026,0.0792,0.1424,0.1976,0.1809,0.1632,0.1337,-0.2475,-0.1984,0.1983
04125_01395,41.25,13.95,14520,310.9,51.6,995.0,197.1,8.11,0.5826,0.3207,0.0933,0.0033,0.0,0.0,0.0,0.0226,0.0254,0.0749,0.159,0.1614,0.2338,0.2059,0.1169,-0.3311,-0.2549,0.8229
04125_01405,41.25,14.05,14520,225.7,51.1,615.1,128.2,5.12,0.7391,0.259,0.0019,0.0,0.0,0.0,0.0,0.0775,0.134,0.1864,0.2216,0.1749,0.127,0.0482,0.0303,-0.2343,0.2802,0.6106
04125_01415,41.25,14.15,14520,218.8,67.7,1004.7,162.4,7.59,0.7977,0.15,0.0493,0.003,0.0,0.0,0.0,0.1511,0.0886,0.0509,0.0897,0.1541,0.2086,0.0882,0.1688,-0.0306,-0.1777,0.4921
04125_01425,41.25,14.25,14520,391.6,89.3,939.2,191.1,12.43,0.3645,0.4762,0.1569,0.0024,0.0,0.0,0.0,0.1745,0.1584,0.1125,0.1006,0.1355,0.1719,0.072,0.0745,0.0102,0.0488,0.8366
04125_01435,41.25,14.35,14520,171.6,53.7,592.6,124.6,5.6,0.8302,0.1698,0.0,0.0,0.0,0.0,0.0,0.0924,0.2181,0.198,0.096,0.0814,0.1243,0.114,0.0757,0.0672,0.1696,0.5759
04125_01445,41.25,14.45,14520,157.1,36.0,1317.9,172.5,6.17,0.8974,0.064,0.0241,0.0127,0.0018,0.0,0.0,0.0559,0.0865,0.1297,0.1222,0.1779,0.2157,0.1563,0.0559,-0.2663,-0.0828,0.4905
04125_01455,41.25,14.55,14520,258.3,38.5,1202.9,216.3,8.1,0.7148,0.2034,0.0581,0.0237,0.0001,0.0,0.0,0.07,0.0663,0.0637,0.1285,0.2322,0.2149,0.1538,0.0706,-0.3174,-0.1606,0.705
04125_01465,41.25,14.65,14520,372.6,50.5,1010.6,246.3,8.62,0.4857,0.2954,0.2061,0.0129,0.0,0.0,0.0,0.1004,0.0662,0.1321,0.1944,0.2115,0.1717,0.0869,0.0368,-0.302,0.0835,0.8919
04125_01475,41.25,14.75,14520,379.0,75.5,579.4,103.0,7.33,0.1991,0.8009,0.0,0.0,0.0,0.0,0.0,0.0897,0.0909,0.1428,0.106,0.1259,0.1681,0.1656,0.1111,-0.091,-0.0807,0.9127
04125_01485,41.25,14.85,14520,408.5,166.1,682.9,87.0,7.07,0.1277,0.8649,0.0074,0.0,0.0,0.0,0.0,0.0724,0.0784,0.1592,0.1942,0.1166,0.1199,0.1568,0.1026,-0.1353,0.0425,0.8754
04125_01495,41.25,14.95,14520,589.4,185.9,942.3,191.9,8.47,0.0777,0.4503,0.4519,0.02,0.0,0.0,0.0,0.0366,0.0411,0.0834,0.1521,0.1456,0.1767,0.2435,0.1211,-0.2309,-0.2396,0.9342
04125_01505,41.25,15.05,14520,541.3,236.3,938.0,150.6,8.17,0.0304,0.6375,0.3262,0.0059,0.0,0.0,0.0,0.0681,0.0998,0.1367,0.1984,0.143,0.1347,0.1327,0.0866,-0.1824,0.0583,0.9489
04125_01515,41.25,15.15,14520,657.1,431.0,954.0,111.8,7.43,0.0,0.3572,0.6204,0.0224,0.0,0.0,0.0,0.0616,0.0611,0.1357,0.13,0.1187,0.18,0.1894,0.1235,-0.1471,-0.1383,0.8481
04125_01525,41.25,15.25,14520,626.2,331.4,1052.4,130.7,10.2,0.0,0.438,0.5448,0.0172,0.0,0.0,0.0,0.1365,0.1877,0.1375,0.0886,0.1128,0.1276,0.1126,0.0967,0.0746,0.0611,0.9626
04125_01535,41.25,15.35,14520,515.1,220.6,1093.4,165.8,9.64,0.1085,0.5864,0.298,0.0072,0.0,0.0,0.0,0.1793,0.201,0.171,0.1159,0.0568,0.0605,0.0836,0.1318,0.2388,0.1757,0.9147
04125_01545,41.25,15.45,14520,302.7,189.6,746.2,102.1,4.0,0.6532,0.3215,0.0253,0.0,0.0,0.0,0.0,0.1725,0.2051,0.1912,0.1206,0.0876,0.0384,0.0387,0.146,0.2216,0.258,0.4718
04125_01555,41.25,15.55,14520,209.1,113.5,443.3,62.7,2.59,0.8926,0.1074,0.0,0.0,0.0,0.0,0.0,0.2002,0.0818,0.1129,0.1143,0.0524,0.045,0.1393,0.254,0.2801,-0.101,0.3165
04125_01565,41.25,15.65,14520,201.2,101.7,356.6,50.8,1.76,0.968,0.032,0.0,0.0,0.0,0.0,0.0,0.093,0.039,0.2678,0.066,0.0019,0.0,0.0974,0.4349,0.3728,-0.0599,0.1096
04125_01575,41.25,15.75,14520,150.4,86.7,226.8,33.6,1.01,1.0,0.0,0.0,0.0,0.0,0.0,0.0,0.2683,0.0139,0.0,0.0627,0.0,0.0,0.0662,0.5889,0.6892,-0.4151,0.0198
04125_01585,41.25,15.85,14520,134.5,69.4,192.0,30.7,1.06,1.0,0.0,0.0,0.0,0.0,0.0,0.0,0.2051,0.0678,0.0037,0.0147,0.152,0.1502,0.0586,0.348,0.2288,-0.3189,0.0376
04125_01595,41.25,15.95,14520,104.3,59.5,189.5,24.6,1.23,1.0,0.0,0.0,0.0,0.0,0.0,0.0,0.0535,0.0621,0.1185,0.2225,0.3295,0.1445,0.0419,0.0275,-0.4822,0.1558,0.0477
04125_01605,41.25,16.05,14520,83.0,24.2,209.5,38.0,2.0,1.0,0.0,0.0,0.0,0.0,0.0,0.0,0.1251,0.1184,0.073,0.1395,0.0646,0.12,0.1693,0.1901,0.0973,-0.1488,0.2152
04125_01615,41.25,16.15,14641,110.9,13.1,205.6,51.2,1.74,1.0,0.0,0.0,0.0,0.0,0.0,0.0,0.2362,0.1134,0.0966,0.0186,0.0023,0.0704,0.1943,0.2682,0.4498,-0.2577,0.1174
04125_01625,41.25,16.25,14399,104.4,14.5,193.9,50.3,1.61,1.0,0.0,0.0,0.0,0.0,0.0,0.0,0.1228,0.1642,0.1796,0.0614,0.0093,0.0741,0.1929,0.1956,0.2794,-0.0492,0.104
04125_01635,41.25,16.35,14520,85.1,0.0,191.3,55.9,1.35,1.0,0.0,0.0,0.0,0.0,0.0,0.0,0.2009,0.1621,0.1598,0.0616,0.0365,0.0548,0.1301,0.1941,0.3457,0.017,0.0302
04125_01645,41.25,16.45,14520,37.4,0.0,143.9,36.5,0.77,1.0,0.0,0.0,0.0,0.0,0.0,0.0,0.1786,0.4107,0.2009,0.0179,0.0134,0.0045,0.0357,0.1384,0.5503,0.3653,0.0154
04125_01655,41.25,16.55,14520,7.8,0.0,74.5,15.3,0.32,1.0,0.0,0.0,0.0,0.0,0.0,0.0,0.5741,0.2778,0.0,0.0,0.0,0.0,0.0,0.1481,0.9084,0.0915,0.0037
04135_01295,41.35,12.95,14400,4.2,-1.5,30.5,7.7,0.28,1.0,0.0,0.0,0.0,0.0,0.0,0.0,0.0278,0.3056,0.1944,0.0,0.0,0.4722,0.0,0.0,-0.0204,0.0559,0.0025
04135_01305,41.35,13.05,14400,23.5,-0.5,55.7,14.5,0.82,1.0,0.0,0.0,0.0,0.0,0.0,0.0,0.0345,0.2487,0.0397,0.1934,0.0259,0.3351,0.0484,0.0743,-0.1126,0.0011,0.0402
04135_01315,41.35,13.15,14400,4.3,-3.3,331.1,17.3,0.69,0.9994,0.0006,0.0,0.0,0.0,0.0,0.0,0.0,0.0,0.0,0.0,0.0301,0.1054,0.7892,0.0753,-0.0162,-0.9215,0.0231
04135_01325,41.35,13.25,14400,321.7,-2.9,940.0,209.0,16.19,0.4576,0.4358,0.1057,0.0009,0.0,0.0,0.0,0.09,0.0853,0.1389,0.1055,0.1166,0.1784,0.1729,0.1125,-0.09,-0.1099,0.8962
04135_01335,41.35,13.35,14400,144.5,-3.3,917.4,204.0,10.06,0.7715,0.1901,0.0381,0.0004,0.0,0.0,0.0,0.0371,0.099,0.1754,0.1766,0.204,0.2038,0.0867,0.0174,-0.355,0.1317,0.474
04135_01345,41.35,13.45,14400,208.1,-1.6,841.4,198.1,11.45,0.6701,0.294,0.0359,0.0,0.0,0.0,0.0,0.1037,0.0879,0.0633,0.0969,0.1384,0.1629,0.1989,0.148,-0.0548,-0.2306,0.6717
04135_01355,41.35,13.55,14400,679.7,129.5,1301.2,241.7,17.41,0.0632,0.3256,0.4195,0.1865,0.0052,0.0,0.0,0.0871,0.1499,0.1543,0.0772,0.0958,0.148,0.1794,0.1083,0.0109,-0.0495,0.966
04135_01365,41.35,13.65,14400,751.8,72.2,1523.5,337.2,18.55,0.1354,0.1794,0.3126,0.2939,0.0788,0.0,0.0,0.1878,0.127,0.1419,0.0971,0.0764,0.1056,0.1083,0.1559,0.172,0.0092,0.9637
04135_01375,41.35,13.75,14400,284.2,20.4,1166.4,226.3,11.52,0.625,0.2741,0.0777,0.0232,0.0,0.0,0.0,0.1102,0.1445,0.1558,0.1118,0.0551,0.1824,0.1591,0.0811,0.011,-0.0142,0.8644
04135_01385,41.35,13.85,14400,236.0,6.5,927.6,209.2,10.2,0.6896,0.2225,0.087,0.0009,0.0,0.0,0.0,0.0893,0.1881,0.1564,0.11,0.0944,0.1242,0.1397,0.0979,0.0307,0.0763,0.842
04135_01395,41.35,13.95,14400,402.8,49.4,953.7,195.1,10.87,0.369,0.4206,0.2077,0.0028,0.0,0.0,0.0,0.1581,0.0836,0.1073,0.0707,0.0393,0.0973,0.2174,0.2263,0.2211,-0.2331,0.9106
04135_01405,41.35,14.05,14400,313.4,139.4,886.0,168.1,7.92,0.622,0.2833,0.0947,0.0,0.0,0.0,0.0,0.1186,0.1392,0.1912,0.1904,0.1137,0.0906,0.0543,0.102,-0.0224,0.2412,0.6614
04135_01415,41.35,14.15,14400,167.5,101.0,626.0,75.1,5.77,0.9299,0.0697,0.0004,0.0,0.0,0.0,0.0,0.1275,0.0604,0.0674,0.1709,0.1589,0.1251,0.1618,0.128,-0.1105,-0.1148,0.4129
04135_01425,41.35,14.25,14400,343.0,76.2,1312.2,321.0,9.09,0.6492,0.1403,0.1092,0.087,0.0143,0.0,0.0,0.0499,0.0527,0.036,0.0838,0.2795,0.3217,0.131,0.0453,-0.4623,-0.2649,0.6731
04135_01435,41.35,14.35,14400,419.5,77.0,1300.2,356.3,10.32,0.5499,0.1587,0.1347,0.1403,0.0164,0.0,0.0,0.0429,0.0547,0.0718,0.1707,0.33,0.1961,0.1086,0.0251,-0.5027,-0.0339,0.6552
04135_01445,41.35,14.45,14400,919.6,139.4,1629.1,365.5,16.35,0.0962,0.1198,0.1649,0.4051,0.2117,0.0023,0.0,0.0875,0.1225,0.0678,0.0729,0.154,0.2737,0.1445,0.0771,-0.1799,-0.1899,0.9774
04135_01455,41.35,14.55,14400,901.1,291.3,1809.2,351.4,14.46,0.0012,0.2569,0.2384,0.2817,0.1938,0.0279,0.0,0.0753,0.1069,0.0908,0.116,0.2086,0.1617,0.1892,0.0516,-0.2175,-0.0916,0.9687
04135_01465,41.35,14.65,14400,750.0,373.9,1295.6,226.9,8.59,0.0,0.3248,0.3591,0.3087,0.0074,0.0,0.0,0.0878,0.2912,0.2145,0.1404,0.1025,0.0942,0.0468,0.0226,0.041,0.3982,0.8768
04135_01475,41.35,14.75,14400,543.6,330.3,843.1,125.5,6.96,0.0,0.6952,0.3048,0.0,0.0,0.0,0.0,0.0386,0.0603,0.1461,0.1546,0.1429,0.1681,0.1899,0.0993,-0.2254,-0.0882,0.8682
04135_01485,41.35,14.85,14400,680.6,386.7,931.2,99.2,6.8,0.0,0.2094,0.7854,0.0052,0.0,0.0,0.0,0.0445,0.0262,0.1055,0.1514,0.0998,0.1687,0.2684,0.1356,-0.1714,-0.2617,0.9057
04135_01495,41.35,14.95,14400,741.0,340.3,1002.2,135.9,8.63,0.0,0.1751,0.7213,0.1035,0.0,0.0,0.0,0.1537,0.1762,0.1572,0.1065,0.1132,0.0936,0.0842,0.1154,0.1076,0.1287,0.9535
04135_01505,41.35,15.05,14400,648.2,336.5,963.3,143.7,9.5,0.0,0.3824,0.596,0.0216,0.0,0.0,0.0,0.1303,0.1178,0.1193,0.1006,0.1047,0.1401,0.1273,0.16,0.0561,-0.0672,0.9488
04135_01515,41.35,15.15,14400,804.3,409.6,1140.9,134.3,10.12,0.0,0.0742,0.6795,0.2463,0.0,0.0,0.0,0.1183,0.1663,0.1533,0.0992,0.0953,0.1155,0.128,0.1241,0.0823,0.0435,0.9827
04135_01525,41.35,15.25,14400,424.6,248.0,899.4,110.1,5.5,0.0949,0.8339,0.0712,0.0,0.0,0.0,0.0,0.2131,0.1752,0.1886,0.2051,0.0603,0.0209,0.028,0.1088,0.1983,0.3421,0.6968
04135_01535,41.35,15.35,14400,282.9,187.4,567.6,50.1,3.05,0.7128,0.2872,0.0,0.0,0.0,0.0,0.0,0.2883,0.1316,0.0562,0.1525,0.1491,0.0556,0.0572,0.1094,0.1677,0.0773,0.3288
04135_01545,41.35,15.45,14400,207.3,128.9,372.7,46.3,2.01,0.9483,0.0517,0.0,0.0,0.0,0.0,0.0,0.2585,0.0429,0.0407,0.2174,0.2411,0.0662,0.0273,0.106,-0.088,0.078,0.1553
04135_01555,41.35,15.55,14400,125.4,76.2,239.4,31.6,1.1,1.0,0.0,0.0,0.0,0.0,0.0,0.0,0.3873,0.0279,0.0279,0.2264,0.1663,0.0054,0.0043,0.1545,0.1878,0.0683,0.0647
04135_01565,41.35,15.65,14400,80.3,45.8,142.2,18.2,0.57,1.0,0.0,0.0,0.0,0.0,0.0,0.0,0.1296,0.037,0.0,0.0,0.0,0.0,0.0833,0.75,0.7202,-0.5748,0.0075
04135_01575,41.35,15.75,14400,55.7,23.5,101.4,16.6,0.45,1.0,0.0,0.0,0.0,0.0,0.0,0.0,0.0,0.0,0.0,0.0,0.0,0.0,0.0,0.0,0.0,0.0,0.0
04135_01585,41.35,15.85,14400,44.4,5.1,90.5,18.9,0.49,1.0,0.0,0.0,0.0,0.0,0.0,0.0,0.0,0.0,0.0,0.0,0.0,0.0,0.0,0.0,0.0,0.0,0.0
04135_01595,41.35,15.95,14400,35.4,-0.5,94.5,25.0,0.75,1.0,0.0,0.0,0.0,0.0,0.0,0.0,0.1061,0.0,0.0,0.0,0.0,0.1844,0.5251,0.1844,0.1776,-0.8136,0.0124
04135_01605,41.35,16.05,14400,21.7,-2.5,86.5,23.1,0.59,1.0,0.0,0.0,0.0,0.0,0.0,0.0,0.0484,0.0,0.0,0.0,0.0,0.0,0.3387,0.6129,0.4972,-0.7934,0.0043
04135_01615,41.35,16.15,14520,7.7,-3.5,54.2,9.0,0.32,1.0,0.0,0.0,0.0,0.0,0.0,0.0,0.2982,0.0,0.0,0.0,0.0,0.0,0.0526,0.6491,0.7585,-0.563,0.0079
04135_01625,41.35,16.25,14280,5.3,-0.8,38.1,8.9,0.24,1.0,0.0,0.0,0.0,0.0,0.0,0.0,0.7778,0.2222,0.0,0.0,0.0,0.0,0.0,0.0,0.9361,0.1924,0.0032
04135_01635,41.35,16.35,14400,0.7,0.0,24.9,2.9,0.06,1.0,0.0,0.0,0.0,0.0,0.0,0.0,0.0,1.0,0.0,0.0,0.0,0.0,0.0,0.0,0.8702,0.4926,0.0001
04145_01265,41.45,12.65,14161,16.8,0.0,75.7,21.4,0.63,1.0,0.0,0.0,0.0,0.0,0.0,0.0,0.0,0.0119,0.0456,0.1984,0.2063,0.3948,0.1429,0.0,-0.6037,-0.2613,0.0356
04145_01275,41.45,12.75,14280,15.7,0.0,73.8,14.7,0.67,1.0,0.0,0.0,0.0,0.0,0.0,0.0,0.0501,0.039,0.0696,0.1866,0.0724,0.3259,0.1114,0.1448,-0.2822,-0.1921,0.0251
04145_01285,41.45,12.85,14280,14.9,-1.0,37.3,10.2,0.4,1.0,0.0,0.0,0.0,0.0,0.0,0.0,0.0,0.0,0.0,0.0,0.0,0.0,0.0,0.0,0.0,0.0,0.0
04145_01295,41.45,12.95,14280,13.6,-1.0,30.0,6.1,0.36,1.0,0.0,0.0,0.0,0.0,0.0,0.0,0.0,0.0,0.0,0.0,0.0,1.0,0.0,0.0,-0.8587,-0.5124,0.0001
04145_01305,41.45,13.05,14280,21.3,-2.1,493.1,67.4,1.47,0.9744,0.0256,0.0,0.0,0.0,0.0,0.0,0.0592,0.0774,0.0291,0.0692,0.2887,0.357,0.0628,0.0565,-0.4554,-0.2259,0.0769
04145_01315,41.45,13.15,14280,56.6,-2.5,409.9,72.6,4.1,0.9925,0.0075,0.0,0.0,0.0,0.0,0.0,0.0985,0.1561,0.1295,0.1473,0.1613,0.1434,0.0983,0.0655,-0.1155,0.1031,0.3633
04145_01325,41.45,13.25,14280,349.5,11.9,865.4,237.9,14.86,0.4591,0.3285,0.2124,0.0,0.0,0.0,0.0,0.121,0.2212,0.1124,0.0324,0.0471,0.171,0.1899,0.105,0.1701,-0.1021,0.8597
04145_01335,41.45,13.35,14280,375.9,64.4,1073.5,236.5,14.63,0.4553,0.3299,0.2028,0.012,0.0,0.0,0.0,0.1564,0.1435,0.1236,0.0867,0.0624,0.1027,0.2019,0.1227,0.1454,-0.0771,0.838
04145_01345,41.45,13.45,14280,534.9,182.3,1107.7,206.7,16.76,0.1508,0.4856,0.312,0.0516,0.0,0.0,0.0,0.1066,0.1139,0.174,0.1142,0.0609,0.1218,0.1686,0.14,0.0587,-0.0193,0.9448
04145_01355,41.45,13.55,14280,327.3,61.0,933.1,185.8,11.41,0.5131,0.3727,0.1132,0.001,0.0,0.0,0.0,0.1168,0.2303,0.1832,0.0975,0.0862,0.1003,0.1006,0.0851,0.1123,0.1914,0.8653
04145_01365,41.45,13.65,14280,119.1,35.5,787.9,83.9,5.61,0.9469,0.0502,0.0029,0.0,0.0,0.0,0.0,0.1129,0.1932,0.1773,0.0774,0.0897,0.1233,0.1346,0.0914,0.089,0.0824,0.4458
04145_01375,41.45,13.75,14280,77.8,22.5,546.7,43.6,2.2,0.9905,0.0095,0.0,0.0,0.0,0.0,0.0,0.062,0.1281,0.108,0.0806,0.1597,0.2319,0.1772,0.0525,-0.1992,-0.1236,0.1842
04145_01385,41.45,13.85,14280,74.1,16.5,588.2,75.8,3.91,0.9707,0.0293,0.0,0.0,0.0,0.0,0.0,0.0472,0.0628,0.1341,0.1385,0.1397,0.1752,0.1758,0.1268,-0.1985,-0.1151,0.3489
04145_01395,41.45,13.95,14280,337.8,23.5,1190.0,266.9,12.77,0.5768,0.2211,0.1686,0.0335,0.0,0.0,0.0,0.0988,0.0823,0.0442,0.075,0.215,0.2586,0.1348,0.0914,-0.2333,-0.2323,0.824
04145_01405,41.45,14.05,14280,362.9,140.4,1169.0,242.5,10.64,0.5652,0.2337,0.1677,0.0334,0.0,0.0,0.0,0.1268,0.197,0.1805,0.1407,0.0895,0.081,0.0895,0.0951,0.0927,0.2084,0.5634
04145_01415,41.45,14.15,14280,420.7,133.8,1065.7,244.8,11.64,0.4607,0.2873,0.2069,0.0452,0.0,0.0,0.0,0.1072,0.1285,0.0962,0.0544,0.1185,0.2601,0.1688,0.0663,-0.0943,-0.1806,0.7785
04145_01425,41.45,14.25,14280,944.7,206.5,1541.5,276.5,15.41,0.0118,0.1193,0.2708,0.4032,0.1949,0.0,0.0,0.1828,0.0567,0.036,0.051,0.1767,0.2185,0.1372,0.141,-0.0453,-0.2931,0.9424
04145_01435,41.45,14.35,14280,1251.6,566.9,2032.9,260.8,15.91,0.0,0.0023,0.0837,0.3565,0.4752,0.0812,0.0011,0.2018,0.191,0.0949,0.0883,0.1452,0.1239,0.0752,0.0798,0.1002,0.0779,0.9225
04145_01445,41.45,14.45,14280,1093.3,473.4,1915.4,382.0,14.19,0.0,0.1629,0.1587,0.2523,0.3321,0.094,0.0,0.2459,0.2347,0.0963,0.0882,0.1429,0.0827,0.0377,0.0716,0.2051,0.178,0.8465
04145_01455,41.45,14.55,14280,729.6,466.3,1405.9,237.9,8.07,0.0,0.4476,0.2842,0.2212,0.047,0.0,0.0,0.2123,0.205,0.0951,0.0926,0.062,0.0799,0.0879,0.1653,0.2982,0.0456,0.7541
04145_01465,41.45,14.65,14280,644.9,491.5,977.7,101.3,5.33,0.0,0.4157,0.5794,0.0049,0.0,0.0,0.0,0.1163,0.1354,0.079,0.0873,0.1948,0.1919,0.1011,0.0942,-0.1174,-0.0686,0.6975
04145_01475,41.45,14.75,14280,759.9,542.3,1084.8,87.0,6.29,0.0,0.0329,0.9065,0.0606,0.0,0.0,0.0,0.0948,0.1465,0.1592,0.0795,0.0938,0.1335,0.1576,0.135,0.0436,-0.0312,0.8485
04145_01485,41.45,14.85,14280,740.6,329.1,991.1,93.6,7.11,0.0,0.0615,0.8966,0.0419,0.0,0.0,0.0,0.1222,0.1447,0.1231,0.1048,0.09,0.1,0.1668,0.1483,0.0932,-0.0397,0.8907
04145_01495,41.45,14.95,14280,535.3,214.2,975.9,181.2,9.78,0.0803,0.5451,0.3553,0.0194,0.0,0.0,0.0,0.114,0.1287,0.2308,0.1601,0.0993,0.0726,0.0852,0.1092,0.0214,0.2269,0.9341
04145_01505,41.45,15.05,14280,585.2,292.0,947.6,125.0,9.09,0.0005,0.5747,0.4233,0.0015,0.0,0.0,0.0,0.096,0.1141,0.0917,0.0429,0.0851,0.1539,0.2429,0.1734,0.072,-0.2759,0.9571
04145_01515,41.45,15.15,14280,525.4,249.2,1022.9,189.3,7.5,0.051,0.6429,0.2628,0.0433,0.0,0.0,0.0,0.1703,0.2028,0.2199,0.1742,0.0646,0.0353,0.0514,0.0815,0.163,0.3627,0.8109
04145_01525,41.45,15.25,14280,263.0,145.6,437.4,52.9,2.53,0.7567,0.2433,0.0,0.0,0.0,0.0,0.0,0.3245,0.1012,0.0771,0.2131,0.0863,0.0157,0.0213,0.1608,0.2603,0.1497,0.2761
04145_01535,41.45,15.35,14280,183.0,117.1,299.3,34.5,1.55,1.0,0.0,0.0,0.0,0.0,0.0,0.0,0.2876,0.1126,0.053,0.0973,0.1323,0.0306,0.0722,0.2143,0.2999,-0.0472,0.1281
04145_01545,41.45,15.45,14280,119.2,64.8,232.3,30.6,0.81,1.0,0.0,0.0,0.0,0.0,0.0,0.0,0.6355,0.0301,0.0067,0.0635,0.0,0.0,0.0,0.2642,0.8258,-0.1262,0.0209
04145_01555,41.45,15.55,14280,72.3,44.6,128.4,15.3,0.45,1.0,0.0,0.0,0.0,0.0,0.0,0.0,0.0,1.0,0.0,0.0,0.0,0.0,0.0,0.0,0.404,0.9148,0.0001
04145_01565,41.45,15.65,14280,47.7,26.2,76.8,9.5,0.34,1.0,0.0,0.0,0.0,0.0,0.0,0.0,0.1111,0.0,0.5556,0.1111,0.0,0.0,0.1111,0.1111,0.0694,0.4259,0.0006
04145_01575,41.45,15.75,14280,25.0,2.4,47.5,7.8,0.34,1.0,0.0,0.0,0.0,0.0,0.0,0.0,0.0,0.0,0.0,0.0,0.0,0.0,0.0,0.0,0.0,0.0,0.0
04145_01585,41.45,15.85,14280,8.0,-2.0,25.6,5.2,0.19,1.0,0.0,0.0,0.0,0.0,0.0,0.0,0.0,0.0,0.0,0.0,0.0,0.0,0.0,0.0,0.0,0.0,0.0
04145_01595,41.45,15.95,14280,0.6,-6.5,7.3,1.2,0.09,1.0,0.0,0.0,0.0,0.0,0.0,0.0,0.0,0.0,0.0,0.0,0.0,0.0,0.0,0.0,0.0,0.0,0.0
04145_01605,41.45,16.05,14280,-0.2,-2.5,2.3,0.5,0.02,1.0,0.0,0.0,0.0,0.0,0.0,0.0,0.0,0.0,0.0,0.0,0.0,0.0,0.0,0.0,0.0,0.0,0.0
04155_01255,41.55,12.55,14520,21.8,-1.0,81.4,23.4,1.07,1.0,0.0,0.0,0.0,0.0,0.0,0.0,0.1953,0.1199,0.0193,0.0855,0.1576,0.2121,0.0696,0.1408,0.0378,-0.171,0.0822
04155_01265,41.55,12.65,14280,66.2,26.8,94.5,10.3,0.98,1.0,0.0,0.0,0.0,0.0,0.0,0.0,0.1019,0.0985,0.107,0.1188,0.1528,0.1307,0.0951,0.1952,-0.0454,-0.0656,0.0412
04155_01275,41.55,12.75,14400,51.3,15.8,100.9,16.5,0.85,1.0,0.0,0.0,0.0,0.0,0.0,0.0,0.0254,0.0254,0.2119,0.1271,0.0,0.0932,0.339,0.178,0.0256,-0.2046,0.0082
04155_01285,41.55,12.85,14400,44.5,13.6,95.5,18.8,0.55,1.0,0.0,0.0,0.0,0.0,0.0,0.0,0.0,0.25,0.1562,0.0312,0.0312,0.3125,0.2188,0.0,-0.1442,-0.0688,0.0022
04155_01295,41.55,12.95,14400,81.8,6.4,713.5,129.8,4.39,0.8939,0.1032,0.0029,0.0,0.0,0.0,0.0,0.046,0.048,0.0574,0.0558,0.1318,0.3809,0.213,0.0671,-0.3211,-0.403,0.2503
04155_01305,41.55,13.05,14400,612.5,6.2,1526.1,319.5,15.91,0.1488,0.3994,0.2686,0.1155,0.0676,0.0,0.0,0.0885,0.1223,0.0655,0.0902,0.1817,0.254,0.1362,0.0615,-0.2101,-0.1471,0.9457
04155_01315,41.55,13.15,14400,587.8,37.7,1470.9,357.8,16.05,0.2752,0.2608,0.2404,0.1699,0.0537,0.0,0.0,0.0503,0.1244,0.1017,0.175,0.2181,0.1739,0.1116,0.045,-0.2996,0.0505,0.9115
04155_01325,41.55,13.25,14400,369.3,36.9,1089.3,239.3,14.32,0.4861,0.3062,0.195,0.0126,0.0,0.0,0.0,0.0729,0.1547,0.2037,0.1259,0.1422,0.1635,0.0873,0.0497,-0.1282,0.1679,0.8726
04155_01335,41.55,13.35,14400,237.9,70.5,802.8,169.7,8.42,0.7972,0.1236,0.0792,0.0,0.0,0.0,0.0,0.1067,0.213,0.1148,0.0716,0.1016,0.1982,0.1276,0.0664,0.0084,0.0034,0.7215
04155_01345,41.55,13.45,14400,159.5,82.8,602.4,56.3,4.78,0.9759,0.0239,0.0002,0.0,0.0,0.0,0.0,0.1447,0.1556,0.1241,0.1117,0.097,0.1303,0.1302,0.1063,0.0678,0.0155,0.5525
04155_01355,41.55,13.55,14400,151.5,61.0,548.9,73.3,4.8,0.931,0.069,0.0,0.0,0.0,0.0,0.0,0.1345,0.1196,0.131,0.0975,0.1034,0.1703,0.1513,0.0924,-0.0078,-0.0497,0.4681
04155_01365,41.55,13.65,14400,300.9,65.1,1122.9,239.9,9.15,0.6224,0.2588,0.0816,0.0373,0.0,0.0,0.0,0.0606,0.0402,0.0938,0.0872,0.1784,0.2825,0.18,0.0774,-0.3021,-0.2548,0.548
04155_01375,41.55,13.75,14400,809.6,91.1,1661.8,361.2,17.35,0.1267,0.1445,0.2915,0.2895,0.1452,0.0026,0.0,0.0772,0.1188,0.1084,0.1127,0.2096,0.2033,0.0929,0.077,-0.2274,-0.0176,0.9451
04155_01385,41.55,13.85,14400,389.5,41.0,1102.9,262.8,14.33,0.4219,0.3524,0.1838,0.0419,0.0,0.0,0.0,0.0472,0.0866,0.1382,0.1596,0.1307,0.2192,0.1412,0.0773,-0.2385,-0.0383,0.8498
04155_01395,41.55,13.95,14400,896.0,330.4,1383.1,168.2,14.67,0.0,0.0617,0.4359,0.4695,0.0329,0.0,0.0,0.115,0.0811,0.1038,0.1399,0.1309,0.142,0.1308,0.1565,-0.0485,-0.0828,0.9543
04155_01405,41.55,14.05,14400,627.0,200.1,1134.2,195.5,13.31,0.0752,0.3567,0.4915,0.0767,0.0,0.0,0.0,0.168,0.1566,0.1325,0.1314,0.1947,0.1181,0.0464,0.0523,-0.0583,0.1729,0.9141
04155_01415,41.55,14.15,14400,370.6,195.6,992.2,150.4,8.65,0.388,0.5193,0.0842,0.0085,0.0,0.0,0.0,0.1363,0.0764,0.1047,0.1098,0.1296,0.1383,0.1586,0.1463,-0.0138,-0.1273,0.6864
04155_01425,41.55,14.25,14400,689.7,303.3,1287.3,241.4,12.1,0.0,0.4446,0.3193,0.218,0.0181,0.0,0.0,0.1987,0.1296,0.0828,0.0491,0.0814,0.1297,0.1887,0.14,0.1886,-0.1733,0.8913
04155_01435,41.55,14.35,14400,844.8,518.8,1413.8,211.2,12.12,0.0,0.1162,0.5143,0.2995,0.0699,0.0,0.0,0.114,0.1927,0.0863,0.1001,0.1605,0.1379,0.1181,0.0905,-0.0168,0.0097,0.9192
04155_01445,41.55,14.45,14400,719.2,481.7,1392.8,220.5,7.02,0.0,0.3719,0.4553,0.1088,0.064,0.0,0.0,0.0372,0.0975,0.1754,0.1951,0.2127,0.1344,0.0978,0.0499,-0.313,0.1598,0.7594
04155_01455,41.55,14.55,14400,600.9,379.3,994.8,103.2,8.9,0.0,0.4906,0.494,0.0154,0.0,0.0,0.0,0.1058,0.1032,0.1385,0.1228,0.1128,0.1062,0.162,0.1488,0.0134,-0.0444,0.9376
04155_01465,41.55,14.65,14400,696.0,465.9,996.6,92.5,7.33,0.0,0.1513,0.8254,0.0233,0.0,0.0,0.0,0.1147,0.1731,0.1804,0.1206,0.1071,0.1186,0.1002,0.0852,0.0229,0.1462,0.9141
04155_01475,41.55,14.75,14400,534.6,318.6,814.0,85.7,7.51,0.0,0.7747,0.2253,0.0,0.0,0.0,0.0,0.1357,0.1326,0.1184,0.1417,0.1363,0.0805,0.0919,0.1628,0.0505,0.0518,0.9117
04155_01485,41.55,14.85,14400,475.3,215.6,848.3,132.0,9.48,0.0987,0.6906,0.2107,0.0,0.0,0.0,0.0,0.117,0.1503,0.157,0.1554,0.1083,0.1156,0.0839,0.1126,0.0038,0.1327,0.9456
04155_01495,41.55,14.95,14400,327.5,183.0,677.6,109.3,8.58,0.4788,0.513,0.0083,0.0,0.0,0.0,0.0,0.1372,0.1338,0.1024,0.072,0.1104,0.1608,0.1529,0.1305,0.0459,-0.1148,0.8599
04155_01505,41.55,15.05,14400,562.9,184.2,980.8,159.7,11.93,0.0488,0.5281,0.4134,0.0097,0.0,0.0,0.0,0.0881,0.137,0.169,0.0886,0.0778,0.1389,0.1882,0.1124,0.0308,-0.036,0.9806
04155_01515,41.55,15.15,14400,380.6,148.2,821.2,139.4,5.83,0.3508,0.5728,0.0763,0.0,0.0,0.0,0.0,0.1333,0.2354,0.2316,0.1813,0.0952,0.0301,0.0352,0.0579,0.1001,0.4339,0.7183
04155_01525,41.55,15.25,14400,174.7,108.8,312.9,41.0,2.04,0.9974,0.0026,0.0,0.0,0.0,0.0,0.0,0.2214,0.2354,0.0769,0.0723,0.1276,0.0485,0.0733,0.1445,0.2901,0.0852,0.1932
04155_01535,41.55,15.35,14400,114.1,55.8,246.3,35.8,1.55,1.0,0.0,0.0,0.0,0.0,0.0,0.0,0.3102,0.2336,0.0306,0.0419,0.1502,0.0647,0.0451,0.1238,0.3469,0.034,0.1341
04155_01545,41.55,15.45,14400,61.7,39.9,114.7,12.8,0.37,1.0,0.0,0.0,0.0,0.0,0.0,0.0,0.5088,0.0526,0.0,0.0,0.0,0.0,0.0,0.4386,0.9079,-0.2011,0.004
04155_01555,41.55,15.55,14400,43.3,21.9,64.5,9.1,0.36,1.0,0.0,0.0,0.0,0.0,0.0,0.0,0.0,0.0,0.0,0.0,0.0,0.0,0.0,0.0,0.0,0.0,0.0
04155_01565,41.55,15.65,14400,37.8,11.4,62.8,10.6,0.62,1.0,0.0,0.0,0.0,0.0,0.0,0.0,0.4348,0.0362,0.0,0.0,0.0,0.0145,0.0145,0.5,0.8598,-0.3474,0.0096
04155_01575,41.55,15.75,14400,32.2,2.3,127.6,27.8,1.18,1.0,0.0,0.0,0.0,0.0,0.0,0.0,0.0078,0.0156,0.0117,0.0575,0.2749,0.4571,0.1248,0.0507,-0.6082,-0.4266,0.0712
04155_01585,41.55,15.85,14400,14.9,-2.0,114.0,27.0,0.66,1.0,0.0,0.0,0.0,0.0,0.0,0.0,0.0337,0.0831,0.1798,0.2854,0.2764,0.1146,0.0202,0.0067,-0.4807,0.3259,0.0309
04165_01235,41.65,12.35,14400,1.1,0.0,37.7,4.1,0.1,1.0,0.0,0.0,0.0,0.0,0.0,0.0,0.0,0.0,0.0244,0.0,0.0488,0.439,0.439,0.0488,-0.2796,-0.771,0.0028
04165_01245,41.65,12.45,14400,27.6,-0.3,109.8,32.2,1.06,1.0,0.0,0.0,0.0,0.0,0.0,0.0,0.0707,0.069,0.0835,0.144,0.0852,0.2283,0.2129,0.1065,-0.153,-0.2344,0.0815
04165_01255,41.65,12.55,14520,67.2,0.1,145.7,28.5,2.18,1.0,0.0,0.0,0.0,0.0,0.0,0.0,0.0516,0.0342,0.1706,0.225,0.1018,0.0776,0.172,0.1673,-0.1244,0.0019,0.2495
04165_01265,41.65,12.65,14280,137.7,41.4,423.9,64.9,2.43,0.9598,0.0402,0.0,0.0,0.0,0.0,0.0,0.0193,0.0045,0.0353,0.1833,0.2032,0.239,0.1869,0.1284,-0.4013,-0.2866,0.2933
04165_01275,41.65,12.75,14400,191.2,64.7,516.1,97.5,3.22,0.8381,0.1619,0.0,0.0,0.0,0.0,0.0,0.0011,0.0068,0.142,0.2707,0.1967,0.2145,0.1565,0.0117,-0.539,0.0229,0.4397
04165_01285,41.65,12.85,14400,170.0,61.9,448.7,61.0,3.44,0.9819,0.0181,0.0,0.0,0.0,0.0,0.0,0.0058,0.0359,0.2048,0.1552,0.0711,0.1981,0.2678,0.0612,-0.2526,-0.1156,0.4563
04165_01295,41.65,12.95,14400,641.0,56.4,1369.9,279.2,14.31,0.1134,0.3386,0.3562,0.1733,0.0185,0.0,0.0,0.1256,0.0918,0.0545,0.0672,0.1104,0.2686,0.1742,0.1078,-0.078,-0.2825,0.9428
04165_01305,41.65,13.05,14400,540.3,179.0,1118.3,215.5,13.42,0.1994,0.3653,0.4053,0.03,0.0,0.0,0.0,0.1481,0.203,0.1625,0.0873,0.0745,0.114,0.098,0.1126,0.1661,0.1118,0.9159
04165_01315,41.65,13.15,14400,680.5,151.3,1471.5,402.5,14.0,0.3235,0.114,0.2103,0.2292,0.1229,0.0,0.0,0.2105,0.2207,0.0854,0.0559,0.0649,0.1403,0.1174,0.105,0.247,-0.0104,0.8704
04165_01325,41.65,13.25,14400,222.7,132.8,795.1,96.0,4.68,0.8893,0.0951,0.0156,0.0,0.0,0.0,0.0,0.1299,0.2303,0.1642,0.0911,0.1139,0.1356,0.0768,0.0582,0.0612,0.1804,0.4293
04165_01335,41.65,13.35,14400,218.8,133.4,517.5,56.8,4.39,0.945,0.055,0.0,0.0,0.0,0.0,0.0,0.0798,0.091,0.0923,0.1545,0.1761,0.1285,0.1584,0.1196,-0.1501,-0.0667,0.4832
04165_01345,41.65,13.45,14400,289.1,137.3,664.2,97.3,7.24,0.5782,0.419,0.0028,0.0,0.0,0.0,0.0,0.0776,0.1033,0.1613,0.1203,0.128,0.2133,0.1302,0.066,-0.1733,-0.0078,0.8255
04165_01355,41.65,13.55,14400,281.7,125.0,586.6,77.1,7.33,0.6835,0.3165,0.0,0.0,0.0,0.0,0.0,0.1091,0.0905,0.1053,0.1486,0.1634,0.1562,0.1309,0.096,-0.1448,-0.0351,0.769
04165_01365,41.65,13.65,14400,490.9,233.3,882.0,144.3,10.37,0.1054,0.6307,0.2639,0.0,0.0,0.0,0.0,0.196,0.131,0.0996,0.0746,0.0888,0.1355,0.1384,0.1362,0.1522,-0.087,0.8633
04165_01375,41.65,13.75,14400,484.5,285.3,1308.9,190.5,10.47,0.0063,0.8006,0.1371,0.0508,0.0052,0.0,0.0,0.1433,0.134,0.1274,0.1,0.1177,0.1309,0.115,0.1317,0.0488,-0.0093,0.7626
04165_01385,41.65,13.85,14400,717.4,352.8,1999.4,357.3,14.14,0.0,0.5228,0.2483,0.1181,0.0669,0.044,0.0,0.1013,0.0417,0.0588,0.1044,0.1155,0.248,0.2061,0.1242,-0.1506,-0.3121,0.9065
04165_01395,41.65,13.95,14400,1459.6,608.9,2222.1,366.4,18.42,0.0,0.0,0.0722,0.2104,0.3059,0.3742,0.0374,0.0646,0.0974,0.1043,0.0951,0.1909,0.2086,0.1553,0.0838,-0.2162,-0.1269,0.9863
04165_01405,41.65,14.05,14400,847.0,319.2,1800.6,293.7,15.4,0.0,0.2546,0.3066,0.3367,0.0847,0.0175,0.0,0.0712,0.1601,0.2501,0.1452,0.1468,0.1341,0.0575,0.035,-0.1393,0.2979,0.9349
04165_01415,41.65,14.15,14400,648.3,298.5,1180.1,180.2,11.85,0.0003,0.437,0.4758,0.0869,0.0,0.0,0.0,0.0337,0.0693,0.1488,0.1969,0.1497,0.1177,0.1607,0.1232,-0.2076,0.009,0.9781
04165_01425,41.65,14.25,14400,758.2,395.1,1363.7,224.4,10.96,0.0,0.3251,0.3758,0.2733,0.0258,0.0,0.0,0.0928,0.0603,0.0988,0.1143,0.1523,0.1751,0.1642,0.1421,-0.1218,-0.1713,0.9238
04165_01435,41.65,14.35,14400,938.3,602.5,1417.4,192.4,10.46,0.0,0.0,0.5557,0.2917,0.1526,0.0,0.0,0.131,0.1479,0.1103,0.099,0.1261,0.152,0.1453,0.0885,-0.0045,-0.034,0.89
04165_01445,41.65,14.45,14400,759.0,387.8,1381.3,191.6,9.64,0.0,0.1794,0.6457,0.1255,0.0494,0.0,0.0,0.121,0.2654,0.2067,0.0924,0.0583,0.0803,0.0964,0.0797,0.1901,0.2563,0.9617
04165_01455,41.65,14.55,14400,594.1,324.6,853.7,118.8,9.52,0.0,0.469,0.531,0.0,0.0,0.0,0.0,0.1082,0.1098,0.1343,0.1503,0.1399,0.1343,0.1238,0.0995,-0.0877,0.0341,0.9607
04165_01465,41.65,14.65,14400,564.9,268.0,901.9,143.4,9.51,0.0153,0.553,0.4316,0.0001,0.0,0.0,0.0,0.1244,0.1125,0.1226,0.0926,0.1091,0.1367,0.17,0.1321,0.0231,-0.0944,0.964
04165_01475,41.65,14.75,14400,672.9,312.2,904.7,131.0,8.26,0.0,0.2941,0.7058,0.0001,0.0,0.0,0.0,0.1165,0.1518,0.1575,0.1276,0.1103,0.1003,0.1322,0.1038,0.0217,0.0844,0.946
04165_01485,41.65,14.85,14400,633.9,302.6,919.4,130.2,8.22,0.0,0.4256,0.5728,0.0016,0.0,0.0,0.0,0.1121,0.1691,0.178,0.1407,0.1033,0.1255,0.1038,0.0675,-0.0143,0.159,0.951
04165_01495,41.65,14.95,14400,424.4,133.4,773.5,147.9,10.0,0.2293,0.6238,0.1469,0.0,0.0,0.0,0.0,0.0916,0.1344,0.1765,0.1151,0.1321,0.1816,0.11,0.0587,-0.1202,0.0762,0.9463
04165_01505,41.65,15.05,14400,262.3,68.9,630.5,107.1,8.21,0.6257,0.3735,0.0008,0.0,0.0,0.0,0.0,0.152,0.1942,0.1187,0.1321,0.1055,0.1038,0.0944,0.0993,0.0908,0.1169,0.9003
04165_01515,41.65,15.15,14400,171.1,49.9,504.2,86.1,3.1,0.9187,0.0813,0.0,0.0,0.0,0.0,0.0,0.1538,0.2035,0.2309,0.1278,0.015,0.0112,0.0824,0.1754,0.3068,0.2634,0.3658
04165_01525,41.65,15.25,14400,129.6,64.6,201.3,25.9,2.31,1.0,0.0,0.0,0.0,0.0,0.0,0.0,0.1928,0.088,0.0441,0.045,0.1395,0.1797,0.1805,0.1304,0.043,-0.273,0.2439
04165_01535,41.65,15.35,14400,85.6,56.3,159.6,20.5,0.91,1.0,0.0,0.0,0.0,0.0,0.0,0.0,0.2391,0.3438,0.089,0.0646,0.0733,0.0105,0.0314,0.1483,0.4817,0.2327,0.0398
04165_01545,41.65,15.45,14400,50.6,29.9,86.0,11.2,0.43,1.0,0.0,0.0,0.0,0.0,0.0,0.0,0.0,0.0,0.0,0.0,0.0,0.3333,0.6667,0.0,-0.3368,-0.9253,0.0002
04165_01555,41.65,15.55,14400,97.8,17.2,648.9,165.5,2.95,0.8862,0.0746,0.0392,0.0,0.0,0.0,0.0,0.0025,0.004,0.0214,0.0746,0.2248,0.5671,0.0894,0.0163,-0.6736,-0.4372,0.1919
04165_01565,41.65,15.65,14400,231.1,11.7,681.0,213.6,4.7,0.6912,0.2441,0.0647,0.0,0.0,0.0,0.0,0.0044,0.0149,0.0699,0.1681,0.4045,0.2667,0.0627,0.0087,-0.7076,-0.0626,0.5164
04165_01575,41.65,15.75,14400,253.0,10.7,681.1,182.3,4.07,0.6984,0.2551,0.0465,0.0,0.0,0.0,0.0,0.0289,0.0159,0.0505,0.1215,0.4465,0.2697,0.054,0.0129,-0.6897,-0.1176,0.4356
04165_01585,41.65,15.85,14400,265.9,-0.4,680.7,214.8,4.65,0.6065,0.334,0.0596,0.0,0.0,0.0,0.0,0.0279,0.0595,0.0858,0.2072,0.3641,0.1687,0.0645,0.0223,-0.5523,0.074,0.4951
04165_01595,41.65,15.95,14400,141.9,-0.3,748.7,204.4,5.42,0.7758,0.1837,0.0405,0.0,0.0,0.0,0.0,0.0021,0.0244,0.1351,0.3081,0.3247,0.1581,0.0449,0.0026,-0.6537,0.2108,0.3978
04165_01605,41.65,16.05,14400,28.0,0.0,524.0,90.3,1.93,0.9606,0.0394,0.0,0.0,0.0,0.0,0.0,0.0736,0.0898,0.0777,0.2421,0.407,0.0736,0.0131,0.0232,-0.4937,0.2582,0.1377
04175_01225,41.75,12.25,14520,1.3,-24.8,24.9,2.6,0.26,1.0,0.0,0.0,0.0,0.0,0.0,0.0,0.0645,0.1613,0.0968,0.0645,0.0645,0.1613,0.2903,0.0968,0.0486,-0.2274,0.0021
04175_01235,41.75,12.35,14520,16.0,-2.6,86.4,16.9,0.93,1.0,0.0,0.0,0.0,0.0,0.0,0.0,0.1378,0.2634,0.1256,0.0153,0.0031,0.1623,0.1623,0.1302,0.2875,-0.0488,0.045
04175_01245,41.75,12.45,14520,57.6,0.5,101.7,20.4,2.41,1.0,0.0,0.0,0.0,0.0,0.0,0.0,0.1253,0.18,0.1218,0.0687,0.11,0.1836,0.1295,0.0812,0.0261,-0.0213,0.2919
04175_01255,41.75,12.55,14641,107.5,46.4,174.7,24.7,2.17,1.0,0.0,0.0,0.0,0.0,0.0,0.0,0.1932,0.1818,0.0193,0.0535,0.1605,0.2256,0.076,0.0902,0.0295,-0.1188,0.2401
04175_01265,41.75,12.65,14399,297.8,125.4,699.3,114.1,4.92,0.5817,0.4144,0.0039,0.0,0.0,0.0,0.0,0.0973,0.0337,0.0235,0.038,0.0899,0.2281,0.2939,0.1957,-0.0176,-0.5353,0.5648
04175_01275,41.75,12.75,14520,614.1,319.0,953.1,118.1,9.18,0.0,0.4731,0.5158,0.0111,0.0,0.0,0.0,0.0984,0.0877,0.1114,0.1559,0.1671,0.1209,0.0955,0.1631,-0.0951,-0.0098,0.8348
04175_01285,41.75,12.85,14520,363.0,218.8,694.1,77.7,4.72,0.1878,0.7994,0.0128,0.0,0.0,0.0,0.0,0.0718,0.1337,0.2318,0.1828,0.121,0.0822,0.1096,0.0671,-0.091,0.25,0.6445
04175_01295,41.75,12.95,14520,314.6,203.8,726.5,105.7,5.94,0.6498,0.3216,0.0287,0.0,0.0,0.0,0.0,0.1541,0.2007,0.1478,0.079,0.104,0.1284,0.0899,0.0962,0.1181,0.0985,0.6278
04175_01305,41.75,13.05,14520,252.5,174.9,663.3,62.5,5.22,0.8603,0.1371,0.0026,0.0,0.0,0.0,0.0,0.0991,0.151,0.1502,0.1131,0.1096,0.1369,0.1336,0.1066,-0.008,0.0324,0.6389
04175_01315,41.75,13.15,14520,340.3,172.1,931.5,155.0,6.1,0.5503,0.3473,0.101,0.0013,0.0,0.0,0.0,0.0754,0.0643,0.0605,0.0791,0.1759,0.2686,0.1893,0.0868,-0.2475,-0.2835,0.6017
04175_01325,41.75,13.25,14520,550.1,226.6,945.8,176.8,9.37,0.1675,0.4128,0.4109,0.0088,0.0,0.0,0.0,0.0839,0.1052,0.0938,0.1181,0.2019,0.2383,0.1009,0.058,-0.2641,-0.0579,0.7694
04175_01335,41.75,13.35,14520,602.0,267.7,1748.7,245.4,11.97,0.0331,0.5814,0.2618,0.0939,0.0272,0.0026,0.0,0.0518,0.0646,0.1039,0.1236,0.191,0.2559,0.1434,0.0656,-0.3209,-0.1434,0.9013
04175_01345,41.75,13.45,14520,995.3,337.8,1997.9,367.8,16.07,0.0,0.1731,0.2663,0.2663,0.2284,0.066,0.0,0.0338,0.0447,0.1101,0.1555,0.2039,0.2394,0.1323,0.0803,-0.3698,-0.1126,0.9787
04175_01355,41.75,13.55,14520,890.5,268.1,1942.1,436.1,18.23,0.088,0.2527,0.1707,0.1897,0.2553,0.0435,0.0,0.0559,0.1813,0.1506,0.1788,0.2113,0.1225,0.059,0.0406,-0.222,0.2394,0.9142
04175_01365,41.75,13.65,14520,745.0,272.7,1933.8,491.5,14.71,0.1231,0.43,0.1558,0.0752,0.1032,0.1127,0.0,0.0421,0.0668,0.0877,0.0821,0.1843,0.3341,0.1515,0.0514,-0.3634,-0.2356,0.8655
04175_01375,41.75,13.75,14520,1189.6,424.6,1947.4,392.6,16.87,0.0,0.0817,0.2307,0.1548,0.3501,0.1827,0.0,0.0886,0.1103,0.1473,0.0974,0.1563,0.2123,0.1366,0.0512,-0.1833,-0.0284,0.9581
04175_01385,41.75,13.85,14520,1437.9,495.7,2218.6,291.4,20.22,0.0,0.0123,0.029,0.1716,0.4815,0.295,0.0106,0.1255,0.1326,0.1099,0.0868,0.154,0.1826,0.1231,0.0855,-0.0666,-0.0485,0.9693
04175_01395,41.75,13.95,14520,1491.3,965.5,2273.6,334.4,18.77,0.0,0.0,0.0,0.2632,0.3322,0.3295,0.0752,0.1317,0.175,0.1395,0.1011,0.1216,0.168,0.0886,0.0745,-0.006,0.0716,0.9738
04175_01405,41.75,14.05,14520,1166.1,801.2,2183.6,327.8,12.44,0.0,0.0,0.2537,0.4255,0.1745,0.1292,0.0171,0.0823,0.103,0.1926,0.2715,0.1259,0.0947,0.074,0.056,-0.1918,0.2884,0.8463
04175_01415,41.75,14.15,14520,939.9,592.0,1295.5,126.5,10.03,0.0,0.0008,0.4081,0.5632,0.028,0.0,0.0,0.0819,0.0978,0.1686,0.1065,0.0742,0.1337,0.2075,0.1298,0.0008,-0.0866,0.8773
04175_01425,41.75,14.25,14520,1010.1,502.3,1537.7,181.4,10.11,0.0,0.0149,0.2642,0.5899,0.1309,0.0,0.0,0.0881,0.0973,0.0938,0.1154,0.2017,0.1848,0.1268,0.0921,-0.1947,-0.0784,0.9226
04175_01435,41.75,14.35,14520,923.9,460.1,1272.3,164.2,8.77,0.0,0.0543,0.3141,0.618,0.0136,0.0,0.0,0.127,0.1835,0.2002,0.1193,0.0942,0.1409,0.0818,0.0532,0.0171,0.1995,0.9136
04175_01445,41.75,14.45,14520,527.3,277.8,884.8,121.5,10.59,0.0136,0.7065,0.2799,0.0,0.0,0.0,0.0,0.0893,0.1536,0.1766,0.1567,0.1132,0.1051,0.1116,0.094,-0.0276,0.1454,0.9629
04175_01455,41.75,14.55,14520,568.2,227.3,967.2,151.8,9.88,0.0521,0.4716,0.4737,0.0026,0.0,0.0,0.0,0.1226,0.1154,0.1291,0.1042,0.0822,0.0958,0.1651,0.1858,0.114,-0.0857,0.9547
04175_01465,41.75,14.65,14520,648.0,235.1,969.0,155.1,9.52,0.0246,0.3274,0.6212,0.0268,0.0,0.0,0.0,0.113,0.1405,0.1407,0.1616,0.1178,0.1133,0.122,0.0911,-0.0394,0.0903,0.9831
04175_01475,41.75,14.75,14520,394.5,122.0,833.5,145.8,9.53,0.2969,0.6145,0.0886,0.0,0.0,0.0,0.0,0.1863,0.1358,0.1071,0.1419,0.1543,0.0734,0.0865,0.1147,0.0531,0.0898,0.9476
04175_01485,41.75,14.85,14520,494.6,116.0,882.9,157.4,10.42,0.1238,0.606,0.2702,0.0,0.0,0.0,0.0,0.1329,0.1604,0.1248,0.0476,0.0455,0.1122,0.2223,0.1541,0.2025,-0.1405,0.9771
04175_01495,41.75,14.95,14520,451.3,173.4,854.3,143.3,7.91,0.1953,0.6397,0.165,0.0,0.0,0.0,0.0,0.1918,0.237,0.1392,0.1065,0.0971,0.068,0.0563,0.1041,0.2212,0.2067,0.9251
04175_01505,41.75,15.05,14520,224.1,80.6,586.7,85.4,4.62,0.8378,0.1622,0.0,0.0,0.0,0.0,0.0,0.189,0.1788,0.1578,0.1521,0.1393,0.0362,0.0303,0.1165,0.1324,0.2569,0.6694
04175_01515,41.75,15.15,14520,115.5,26.1,239.1,47.4,2.9,1.0,0.0,0.0,0.0,0.0,0.0,0.0,0.1046,0.116,0.138,0.2029,0.107,0.0884,0.1336,0.1095,-0.0552,0.0855,0.349
04175_01525,41.75,15.25,14520,115.4,22.2,219.5,46.1,2.84,1.0,0.0,0.0,0.0,0.0,0.0,0.0,0.1072,0.1328,0.0792,0.0578,0.0711,0.1231,0.2605,0.1684,0.1216,-0.2513,0.2993
04175_01535,41.75,15.35,14520,77.1,41.9,163.8,20.3,1.26,1.0,0.0,0.0,0.0,0.0,0.0,0.0,0.0325,0.0724,0.0532,0.0783,0.4771,0.2038,0.031,0.0517,-0.5728,-0.0286,0.0466
04175_01545,41.75,15.45,14520,53.9,25.8,223.1,24.2,0.9,1.0,0.0,0.0,0.0,0.0,0.0,0.0,0.0084,0.0024,0.0,0.0395,0.3553,0.3026,0.2859,0.006,-0.6036,-0.4578,0.0576
04175_01555,41.75,15.55,14520,358.8,23.0,708.2,198.5,8.08,0.3784,0.5262,0.0955,0.0,0.0,0.0,0.0,0.141,0.1109,0.0222,0.0126,0.0631,0.2892,0.2174,0.1435,0.0508,-0.4245,0.7437
04175_01565,41.75,15.65,14520,747.7,365.7,1009.2,117.2,6.31,0.0,0.1119,0.8083,0.0798,0.0,0.0,0.0,0.1553,0.0968,0.0188,0.0393,0.1086,0.1782,0.2464,0.1565,0.0739,-0.3775,0.764
04175_01575,41.75,15.75,14520,719.3,250.3,1052.6,175.2,7.76,0.0032,0.2741,0.6267,0.0959,0.0,0.0,0.0,0.2163,0.2487,0.069,0.1149,0.1749,0.1004,0.0382,0.0375,0.0976,0.1967,0.7311
04175_01585,41.75,15.85,14520,656.6,354.9,980.2,105.1,8.14,0.0,0.2824,0.7068,0.0108,0.0,0.0,0.0,0.1978,0.1493,0.0331,0.0537,0.1675,0.1999,0.0942,0.1045,0.0341,-0.1349,0.8643
04175_01595,41.75,15.95,14520,681.7,257.4,1008.0,116.6,9.1,0.0012,0.1975,0.7383,0.0629,0.0,0.0,0.0,0.1215,0.2348,0.0901,0.0668,0.1628,0.2399,0.0578,0.0262,-0.0766,0.0625,0.835
04175_01605,41.75,16.05,14520,507.3,0.0,858.2,246.7,9.31,0.2324,0.2668,0.5008,0.0,0.0,0.0,0.0,0.0551,0.1357,0.1818,0.1747,0.2198,0.166,0.0394,0.0274,-0.2953,0.2302,0.8129
04175_01615,41.75,16.15,14641,144.5,0.0,674.2,190.1,6.26,0.7719,0.2111,0.017,0.0,0.0,0.0,0.0,0.0969,0.1502,0.2107,0.2173,0.1973,0.071,0.0207,0.0358,-0.1786,0.3832,0.4784
04185_01215,41.85,12.15,14280,0.4,-4.5,22.1,1.4,0.07,1.0,0.0,0.0,0.0,0.0,0.0,0.0,0.0,0.0,0.25,0.0,0.0,0.25,0.5,0.0,-0.2397,-0.335,0.0003
04185_01225,41.85,12.25,14400,13.9,-4.0,82.3,20.3,0.97,1.0,0.0,0.0,0.0,0.0,0.0,0.0,0.0284,0.0713,0.1605,0.1337,0.0608,0.2326,0.1823,0.1305,-0.1477,-0.1432,0.0857
04185_01235,41.85,12.35,14400,35.9,-2.8,83.1,22.4,2.51,1.0,0.0,0.0,0.0,0.0,0.0,0.0,0.0538,0.0879,0.1723,0.1547,0.0985,0.1182,0.1925,0.1221,-0.088,-0.0161,0.3538
04185_01245,41.85,12.45,14400,38.7,1.0,99.9,22.0,2.47,1.0,0.0,0.0,0.0,0.0,0.0,0.0,0.0607,0.141,0.1762,0.1209,0.086,0.1272,0.1885,0.0996,-0.0252,0.014,0.3102
04185_01255,41.85,12.55,14520,57.3,15.0,128.9,18.8,1.4,1.0,0.0,0.0,0.0,0.0,0.0,0.0,0.081,0.2641,0.0734,0.0191,0.1115,0.2927,0.122,0.0362,-0.047,-0.0784,0.0722
04185_01265,41.85,12.65,14280,113.5,32.2,539.8,74.6,2.31,0.9629,0.0371,0.0,0.0,0.0,0.0,0.0,0.2268,0.1401,0.0179,0.0003,0.0039,0.0724,0.2396,0.299,0.491,-0.3894,0.2349
04185_01275,41.85,12.75,14400,223.2,45.5,738.8,134.7,4.26,0.7454,0.2406,0.014,0.0,0.0,0.0,0.0,0.3006,0.2369,0.0385,0.0086,0.0081,0.0708,0.1579,0.1786,0.5436,-0.13,0.555
04185_01285,41.85,12.85,14400,349.0,143.7,759.1,95.4,5.67,0.2816,0.682,0.0364,0.0,0.0,0.0,0.0,0.1138,0.1389,0.052,0.0388,0.0813,0.2406,0.2276,0.1071,0.0114,-0.3068,0.6197
04185_01295,41.85,12.95,14400,559.3,245.6,1140.6,219.0,12.03,0.0722,0.5299,0.3133,0.0847,0.0,0.0,0.0,0.0502,0.103,0.2176,0.1459,0.1364,0.1592,0.1378,0.0499,-0.1899,0.1119,0.8774
04185_01305,41.85,13.05,14400,447.9,235.1,1189.8,188.9,10.29,0.2751,0.5263,0.1626,0.0359,0.0,0.0,0.0,0.0812,0.0831,0.1018,0.0995,0.1153,0.2243,0.1935,0.1013,-0.1383,-0.1906,0.8599
04185_01315,41.85,13.15,14400,843.5,269.0,1409.6,232.5,15.14,0.0008,0.166,0.3968,0.3821,0.0543,0.0,0.0,0.1223,0.1539,0.05,0.0611,0.2154,0.2354,0.1055,0.0564,-0.1603,-0.1117,0.9325
04185_01325,41.85,13.25,14400,950.2,568.3,1532.2,188.8,14.82,0.0,0.0048,0.3976,0.4869,0.1107,0.0,0.0,0.1411,0.0789,0.053,0.1099,0.2201,0.1683,0.107,0.1216,-0.1416,-0.1333,0.9465
04185_01335,41.85,13.35,14400,1443.7,611.6,2139.1,296.0,20.35,0.0,0.0,0.0333,0.1987,0.4276,0.3318,0.0086,0.1046,0.0787,0.1277,0.1089,0.1257,0.1395,0.1686,0.1463,-0.0341,-0.1129,0.9934
04185_01345,41.85,13.45,14400,994.0,389.0,2050.1,418.5,19.01,0.0,0.1998,0.3156,0.1488,0.2279,0.1067,0.0012,0.136,0.2084,0.1371,0.0844,0.0665,0.1876,0.1094,0.0706,0.0858,0.0476,0.9896
04185_01355,41.85,13.55,14400,1011.6,320.0,2020.0,425.9,17.87,0.0,0.2497,0.1797,0.1831,0.3035,0.0838,0.0002,0.1043,0.2377,0.0613,0.043,0.154,0.2296,0.1262,0.0439,-0.049,-0.0586,0.9589
04185_01365,41.85,13.65,14400,1430.4,778.6,1993.5,294.9,17.58,0.0,0.0,0.0124,0.2485,0.3915,0.3475,0.0,0.142,0.2651,0.0832,0.0343,0.061,0.2188,0.1298,0.0659,0.1512,-0.0444,0.9457
04185_01375,41.85,13.75,14400,1502.2,1106.2,1988.2,194.8,16.56,0.0,0.0,0.0,0.0526,0.6206,0.3268,0.0,0.1065,0.1857,0.153,0.0693,0.0994,0.1367,0.149,0.1004,0.0656,0.0191,0.9659
04185_01385,41.85,13.85,14400,1698.1,977.1,2246.3,239.9,18.11,0.0,0.0,0.0,0.0191,0.2823,0.6142,0.0844,0.101,0.1521,0.1567,0.1111,0.0653,0.1683,0.1491,0.0964,0.0235,0.0063,0.9792
04185_01395,41.85,13.95,14400,1678.6,1045.9,2246.8,215.1,16.11,0.0,0.0,0.0,0.0078,0.3381,0.5979,0.0562,0.0774,0.2067,0.1527,0.0548,0.045,0.1458,0.2348,0.0828,0.0948,-0.0581,0.9398
04185_01405,41.85,14.05,14400,1464.6,938.7,2134.1,236.1,12.39,0.0,0.0,0.0,0.0287,0.7382,0.1897,0.0435,0.0981,0.2319,0.1759,0.0914,0.1034,0.1293,0.1169,0.0532,0.0437,0.1632,0.8123
04185_01415,41.85,14.15,14400,1167.4,726.5,1866.4,294.2,10.51,0.0,0.0,0.2624,0.2863,0.3632,0.0881,0.0,0.0529,0.0481,0.1463,0.2839,0.1653,0.0996,0.0896,0.1142,-0.279,0.1403,0.9538
04185_01425,41.85,14.25,14400,1079.1,644.4,1733.4,250.5,11.31,0.0,0.0,0.3048,0.3663,0.3106,0.0183,0.0,0.1304,0.0932,0.0963,0.1222,0.0657,0.0805,0.1717,0.24,0.1579,-0.1534,0.9834
04185_01435,41.85,14.35,14400,990.4,569.4,1581.8,174.3,10.08,0.0,0.0037,0.2985,0.5951,0.1027,0.0,0.0,0.1139,0.1256,0.1384,0.1925,0.1517,0.1092,0.0856,0.0831,-0.1033,0.1463,0.9529
04185_01445,41.85,14.45,14400,872.8,396.5,1403.3,207.7,13.51,0.0,0.0929,0.473,0.3647,0.0694,0.0,0.0,0.0626,0.1447,0.2185,0.1095,0.1153,0.149,0.1349,0.0654,-0.098,0.1132,0.9912
04185_01455,41.85,14.55,14400,569.7,164.2,1151.0,223.5,12.39,0.1385,0.4181,0.3613,0.082,0.0,0.0,0.0,0.1015,0.1728,0.2426,0.131,0.0933,0.0876,0.0768,0.0944,0.0433,0.2585,0.9679
04185_01465,41.85,14.65,14400,511.4,127.4,1037.5,199.5,11.25,0.1762,0.4826,0.3203,0.0208,0.0,0.0,0.0,0.174,0.2225,0.0646,0.0293,0.0503,0.1881,0.1442,0.1269,0.2261,-0.1279,0.9516
04185_01475,41.85,14.75,14400,411.8,145.6,945.9,127.1,9.39,0.1789,0.7374,0.0822,0.0015,0.0,0.0,0.0,0.1578,0.1575,0.1669,0.1207,0.1226,0.0853,0.0618,0.1275,0.0983,0.1537,0.9512
04185_01485,41.85,14.85,14400,208.0,43.0,540.2,101.2,7.42,0.8134,0.1866,0.0,0.0,0.0,0.0,0.0,0.1206,0.1574,0.1724,0.1454,0.1053,0.1075,0.0988,0.0925,0.0102,0.1503,0.859
04185_01495,41.85,14.95,14400,143.5,19.7,474.3,87.3,3.78,0.9219,0.0781,0.0,0.0,0.0,0.0,0.0,0.1313,0.1889,0.1877,0.0484,0.0226,0.0721,0.1623,0.1866,0.2949,0.0123,0.4976
04185_01505,41.85,15.05,14400,139.9,34.4,288.8,52.1,3.9,1.0,0.0,0.0,0.0,0.0,0.0,0.0,0.1807,0.1404,0.1241,0.1393,0.155,0.0556,0.0794,0.1254,0.0775,0.1154,0.5169
04185_01515,41.85,15.15,14400,103.8,5.3,271.8,61.3,4.21,1.0,0.0,0.0,0.0,0.0,0.0,0.0,0.0795,0.1017,0.1984,0.114,0.0395,0.0696,0.2299,0.1672,0.0988,-0.0494,0.5365
04185_01525,41.85,15.25,14400,55.7,3.3,179.5,41.2,2.18,1.0,0.0,0.0,0.0,0.0,0.0,0.0,0.0736,0.1415,0.2449,0.1423,0.0312,0.0355,0.129,0.202,0.156,0.15,0.2444
04185_01535,41.85,15.35,14400,31.5,-2.0,161.9,37.7,1.42,1.0,0.0,0.0,0.0,0.0,0.0,0.0,0.1313,0.2059,0.1436,0.0259,0.0345,0.0475,0.2614,0.1498,0.3077,-0.0929,0.1126
04185_01545,41.85,15.45,14400,58.4,-2.0,265.9,70.8,1.96,1.0,0.0,0.0,0.0,0.0,0.0,0.0,0.2658,0.0881,0.0122,0.0311,0.0762,0.1159,0.2004,0.2104,0.2995,-0.3414,0.2169
04185_01555,41.85,15.55,14400,152.1,-2.0,474.6,127.3,4.35,0.8393,0.1607,0.0,0.0,0.0,0.0,0.0,0.2521,0.2015,0.048,0.0099,0.0242,0.0888,0.167,0.2085,0.4624,-0.1866,0.5413
04185_01565,41.85,15.65,14400,344.7,0.0,907.3,239.2,7.49,0.4574,0.3969,0.1453,0.0003,0.0,0.0,0.0,0.1824,0.2323,0.0347,0.0155,0.0585,0.1799,0.1421,0.1546,0.2682,-0.178,0.7434
04185_01575,41.85,15.75,14400,133.6,0.0,840.8,182.7,4.39,0.7725,0.2251,0.0024,0.0,0.0,0.0,0.0,0.2785,0.3125,0.0541,0.0146,0.0823,0.1293,0.066,0.0627,0.38,0.0807,0.3722
04185_01585,41.85,15.85,14400,212.0,-0.0,670.2,169.8,7.92,0.6933,0.2969,0.0099,0.0,0.0,0.0,0.0,0.2496,0.1336,0.0282,0.0108,0.0368,0.1601,0.2096,0.1712,0.3108,-0.3173,0.7219
04185_01595,41.85,15.95,14400,532.7,134.8,833.5,152.0,10.57,0.0628,0.5688,0.3684,0.0,0.0,0.0,0.0,0.1827,0.1678,0.087,0.0352,0.0779,0.1669,0.139,0.1436,0.184,-0.1313,0.8895
04185_01605,41.85,16.05,14400,441.6,34.3,823.3,204.9,9.99,0.3243,0.3971,0.2786,0.0,0.0,0.0,0.0,0.159,0.2097,0.2135,0.0877,0.0286,0.0364,0.0903,0.1747,0.32,0.1891,0.941
04185_01615,41.85,16.15,14520,139.7,-0.3,623.1,135.5,6.83,0.8434,0.1562,0.0004,0.0,0.0,0.0,0.0,0.1606,0.1954,0.2342,0.1306,0.0473,0.039,0.0605,0.1323,0.2297,0.2906,0.6897
04195_01205,41.95,12.05,14399,6.0,0.0,84.6,10.4,0.37,1.0,0.0,0.0,0.0,0.0,0.0,0.0,0.0301,0.0075,0.0677,0.0827,0.0977,0.3083,0.3534,0.0526,-0.303,-0.5023,0.0092
04195_01215,41.95,12.15,14161,45.4,0.0,166.0,40.5,1.94,1.0,0.0,0.0,0.0,0.0,0.0,0.0,0.0137,0.0215,0.1875,0.2059,0.0912,0.0912,0.2647,0.1243,-0.1901,-0.0684,0.2068
04195_01225,41.95,12.25,14280,69.5,-0.1,132.7,28.8,3.88,1.0,0.0,0.0,0.0,0.0,0.0,0.0,0.0293,0.0602,0.2393,0.15,0.0581,0.1066,0.2406,0.1158,-0.0868,-0.0085,0.4952
04195_01235,41.95,12.35,14280,83.6,26.9,165.2,25.0,3.35,1.0,0.0,0.0,0.0,0.0,0.0,0.0,0.0386,0.0661,0.2016,0.1527,0.0505,0.0933,0.2459,0.1514,-0.0362,-0.0663,0.4788
04195_01245,41.95,12.45,14280,71.5,6.0,168.1,37.2,3.53,1.0,0.0,0.0,0.0,0.0,0.0,0.0,0.0928,0.1659,0.1952,0.1324,0.0858,0.1405,0.0959,0.0915,-0.0012,0.1493,0.5004
04195_01255,41.95,12.55,14399,40.9,8.0,102.5,15.6,1.97,1.0,0.0,0.0,0.0,0.0,0.0,0.0,0.0951,0.0849,0.1539,0.1391,0.0925,0.0944,0.1827,0.1573,0.0031,-0.0462,0.1832
04195_01265,41.95,12.65,14161,63.4,21.3,159.4,27.2,2.74,1.0,0.0,0.0,0.0,0.0,0.0,0.0,0.0685,0.1051,0.1615,0.1392,0.1073,0.1684,0.1636,0.0865,-0.1196,-0.0081,0.3414
04195_01275,41.95,12.75,14280,92.4,13.5,569.0,59.5,3.38,0.9833,0.0167,0.0,0.0,0.0,0.0,0.0,0.0824,0.1112,0.052,0.0415,0.0562,0.2486,0.2668,0.1412,-0.0019,-0.3989,0.3338
04195_01285,41.95,12.85,14280,384.3,115.5,971.9,149.2,10.86,0.3561,0.5644,0.0723,0.0072,0.0,0.0,0.0,0.0906,0.0783,0.0717,0.1122,0.1222,0.1596,0.1978,0.1675,-0.0541,-0.2285,0.9087
04195_01295,41.95,12.95,14280,652.4,304.6,1244.7,228.1,14.69,0.0,0.5052,0.2989,0.1939,0.002,0.0,0.0,0.094,0.1595,0.1732,0.0611,0.0843,0.1895,0.1437,0.0946,0.0149,-0.0152,0.9188
04195_01305,41.95,13.05,14280,599.8,326.7,1422.1,269.0,12.92,0.0,0.7014,0.161,0.0577,0.0799,0.0,0.0,0.0916,0.1201,0.1298,0.07,0.0984,0.2429,0.1673,0.0799,-0.0916,-0.1335,0.9513
04195_01315,41.95,13.15,14280,1274.6,389.9,1764.5,301.2,13.73,0.0,0.0461,0.1088,0.1137,0.6667,0.0647,0.0,0.1379,0.1151,0.0355,0.0371,0.1603,0.2819,0.1479,0.0843,-0.1097,-0.268,0.9325
04195_01325,41.95,13.25,14280,1333.4,656.2,1948.8,242.2,17.55,0.0,0.0,0.072,0.1792,0.642,0.1068,0.0,0.1437,0.1569,0.1009,0.1028,0.1202,0.1656,0.1286,0.0813,0.0046,-0.0166,0.9589
04195_01335,41.95,13.35,14280,1271.2,573.0,2001.6,361.1,17.77,0.0,0.0021,0.2303,0.1877,0.333,0.2468,0.0001,0.1384,0.2788,0.1501,0.0814,0.08,0.1329,0.0786,0.0598,0.1518,0.1912,0.9334
04195_01345,41.95,13.45,14280,886.4,489.4,1771.3,293.9,13.24,0.0,0.0599,0.5723,0.1964,0.1375,0.0339,0.0,0.1199,0.2673,0.1252,0.0315,0.0444,0.2174,0.1528,0.0414,0.1176,-0.0011,0.7154
04195_01355,41.95,13.55,14280,805.6,647.4,1760.0,211.1,7.74,0.0,0.0,0.7383,0.2022,0.0523,0.0072,0.0,0.2496,0.1979,0.1299,0.113,0.0422,0.1108,0.0733,0.0834,0.2566,0.1344,0.4183
04195_01365,41.95,13.65,14280,861.0,648.2,1589.5,213.5,8.96,0.0,0.0,0.602,0.3286,0.0694,0.0,0.0,0.196,0.2008,0.0647,0.0319,0.0525,0.1434,0.1534,0.1572,0.277,-0.1382,0.5984
04195_01375,41.95,13.75,14280,1284.7,634.1,1928.9,234.8,16.28,0.0,0.0,0.0422,0.3415,0.5067,0.1097,0.0,0.0804,0.1406,0.1524,0.0479,0.0369,0.1687,0.278,0.0951,0.0528,-0.1848,0.97
04195_01385,41.95,13.85,14280,1351.3,485.0,2160.0,360.9,21.72,0.0,0.0116,0.071,0.2894,0.3663,0.2174,0.0442,0.1234,0.1908,0.152,0.0386,0.0484,0.1693,0.1608,0.1169,0.147,-0.0511,0.9862
04195_01395,41.95,13.95,14280,1279.1,497.2,2053.1,360.2,19.29,0.0,0.0443,0.1223,0.23,0.3804,0.2189,0.004,0.1372,0.1997,0.1409,0.0798,0.052,0.0864,0.2088,0.0951,0.1767,0.0009,0.9786
04195_01405,41.95,14.05,14280,1445.1,826.3,2122.5,274.1,17.27,0.0,0.0,0.005,0.1988,0.4888,0.2897,0.0176,0.1062,0.2243,0.1647,0.0284,0.0343,0.2082,0.1803,0.0536,0.1016,-0.0161,0.9352
04195_01415,41.95,14.15,14280,1216.2,618.3,1957.4,248.4,12.0,0.0,0.0,0.1341,0.309,0.5102,0.0467,0.0,0.1876,0.125,0.1868,0.0914,0.024,0.0346,0.1307,0.22,0.3336,0.0291,0.9674
04195_01425,41.95,14.25,14280,987.5,529.9,1609.3,204.6,10.48,0.0,0.0171,0.3305,0.5011,0.1513,0.0001,0.0,0.1143,0.1746,0.212,0.1556,0.0927,0.0668,0.0886,0.0954,0.0576,0.2507,0.9778
04195_01435,41.95,14.35,14280,659.3,250.9,1350.6,232.0,12.82,0.0588,0.3688,0.4473,0.0963,0.0289,0.0,0.0,0.1106,0.1548,0.1603,0.09,0.0464,0.0491,0.2215,0.1672,0.2036,-0.0398,0.9637
04195_01445,41.95,14.45,14280,673.7,311.7,1360.9,232.0,11.47,0.0,0.4668,0.3641,0.137,0.0321,0.0,0.0,0.1376,0.1544,0.2951,0.1029,0.0372,0.0411,0.0784,0.1534,0.2179,0.2662,0.9762
04195_01455,41.95,14.55,14280,492.5,181.3,896.7,137.4,11.17,0.087,0.7081,0.2048,0.0,0.0,0.0,0.0,0.1086,0.1368,0.1575,0.1461,0.1293,0.1183,0.1083,0.0951,-0.0401,0.1023,0.9693
04195_01465,41.95,14.65,14280,305.7,57.2,699.1,133.4,10.46,0.4973,0.4842,0.0184,0.0,0.0,0.0,0.0,0.1127,0.1142,0.1679,0.1492,0.1154,0.1179,0.1042,0.1185,-0.0314,0.083,0.9416
04195_01475,41.95,14.75,14280,222.5,41.5,551.5,114.7,6.98,0.725,0.275,0.0,0.0,0.0,0.0,0.0,0.1701,0.1835,0.139,0.0748,0.11,0.0928,0.0997,0.13,0.166,0.0647,0.8539
04195_01485,41.95,14.85,14280,160.2,32.8,406.5,66.9,5.67,0.9628,0.0372,0.0,0.0,0.0,0.0,0.0,0.176,0.1492,0.1477,0.1046,0.1267,0.074,0.0988,0.1229,0.1166,0.0957,0.8133
04195_01495,41.95,14.95,14280,89.5,0.7,378.1,68.3,4.78,0.9889,0.0111,0.0,0.0,0.0,0.0,0.0,0.0797,0.1088,0.1851,0.2153,0.065,0.0444,0.1573,0.1445,0.024,0.1306,0.5895
04195_01505,41.95,15.05,14280,27.6,-0.2,154.8,36.9,1.33,1.0,0.0,0.0,0.0,0.0,0.0,0.0,0.1364,0.1796,0.1057,0.1302,0.0273,0.0193,0.1188,0.2825,0.3381,-0.0099,0.1232
04195_01515,41.95,15.15,14280,3.4,0.0,60.4,8.6,0.29,1.0,0.0,0.0,0.0,0.0,0.0,0.0,0.1083,0.1,0.1417,0.0,0.0,0.0,0.275,0.375,0.4355,-0.3666,0.0084
04195_01525,41.95,15.25,14280,2.0,-0.5,62.2,7.5,0.19,1.0,0.0,0.0,0.0,0.0,0.0,0.0,0.3967,0.212,0.125,0.0,0.0,0.0,0.0978,0.1685,0.703,0.0736,0.0129
04195_01535,41.95,15.35,14280,0.3,-0.5,16.3,1.4,0.07,1.0,0.0,0.0,0.0,0.0,0.0,0.0,0.0,0.7,0.3,0.0,0.0,0.0,0.0,0.0,0.4167,0.8947,0.0007
04195_01555,41.95,15.55,14280,0.1,-2.0,17.1,1.2,0.07,1.0,0.0,0.0,0.0,0.0,0.0,0.0,0.0,0.0,0.0,0.0,0.0,0.0,0.0,0.0,0.0,0.0,0.0
04195_01565,41.95,15.65,14280,17.2,-0.8,256.8,48.8,1.18,1.0,0.0,0.0,0.0,0.0,0.0,0.0,0.2179,0.24,0.0675,0.0404,0.1184,0.1173,0.0758,0.1228,0.2561,0.0307,0.1266
04195_01575,41.95,15.75,14280,0.3,-0.2,15.4,1.4,0.08,1.0,0.0,0.0,0.0,0.0,0.0,0.0,0.0,0.0,0.0,0.0,0.0,0.0,0.0,0.0,0.0,0.0,0.0
04195_01585,41.95,15.85,14280,17.4,-2.0,348.3,48.5,1.13,0.9976,0.0024,0.0,0.0,0.0,0.0,0.0,0.3127,0.0871,0.0031,0.0058,0.0651,0.0992,0.1894,0.2377,0.4149,-0.3806,0.1335
04195_01595,41.95,15.95,14280,69.7,0.0,432.0,112.8,3.64,0.9254,0.0746,0.0,0.0,0.0,0.0,0.0,0.2753,0.2256,0.1067,0.0144,0.0127,0.0468,0.1535,0.1652,0.5107,-0.0361,0.3651
04195_01605,41.95,16.05,14280,49.2,0.0,303.7,73.7,3.59,0.9996,0.0004,0.0,0.0,0.0,0.0,0.0,0.1746,0.2081,0.1692,0.0721,0.0545,0.0734,0.1334,0.1146,0.2473,0.1045,0.3738
04195_01615,41.95,16.15,14399,2.0,0.0,112.5,9.4,0.38,1.0,0.0,0.0,0.0,0.0,0.0,0.0,0.177,0.2199,0.2457,0.0739,0.043,0.0412,0.0945,0.1048,0.2887,0.2494,0.0404
04205_01185,42.05,11.85,14280,63.9,0.0,320.1,78.3,4.03,0.998,0.002,0.0,0.0,0.0,0.0,0.0,0.0191,0.0252,0.107,0.154,0.1284,0.2207,0.2405,0.1052,-0.2836,-0.2442,0.462
04205_01195,42.05,11.95,14280,129.8,0.0,524.2,124.1,6.14,0.8982,0.1018,0.0,0.0,0.0,0.0,0.0,0.0311,0.0473,0.1284,0.1545,0.1752,0.1763,0.2064,0.081,-0.2966,-0.1206,0.6061
04205_01205,42.05,12.05,14520,192.9,4.7,491.0,114.4,5.88,0.8443,0.1557,0.0,0.0,0.0,0.0,0.0,0.0667,0.0773,0.1373,0.1544,0.1876,0.1615,0.1357,0.0795,-0.238,-0.0082,0.6528
04205_01215,42.05,12.15,14280,211.5,37.4,414.8,61.7,4.09,0.9425,0.0575,0.0,0.0,0.0,0.0,0.0,0.0247,0.0744,0.1946,0.1796,0.1116,0.1371,0.2173,0.0608,-0.2199,0.0198,0.5359
04205_01225,42.05,12.25,14400,182.3,44.3,332.7,45.8,2.57,0.9902,0.0098,0.0,0.0,0.0,0.0,0.0,0.0844,0.172,0.2459,0.1212,0.0775,0.1168,0.1248,0.0574,-0.0059,0.2054,0.2527
04205_01235,42.05,12.35,14400,158.8,42.5,324.6,49.1,3.47,0.996,0.004,0.0,0.0,0.0,0.0,0.0,0.0359,0.0672,0.1873,0.1493,0.1163,0.1675,0.2024,0.0741,-0.2071,-0.03,0.4312
04205_01245,42.05,12.45,14400,120.1,18.3,389.2,60.7,4.34,0.9907,0.0093,0.0,0.0,0.0,0.0,0.0,0.0316,0.1198,0.2392,0.1251,0.1072,0.2044,0.1427,0.03,-0.2071,0.1057,0.6342
04205_01255,42.05,12.55,14520,57.4,15.5,205.3,40.5,3.56,1.0,0.0,0.0,0.0,0.0,0.0,0.0,0.0851,0.0992,0.167,0.156,0.1169,0.1119,0.1423,0.1216,-0.0667,0.0416,0.4597
04205_01265,42.05,12.65,14280,104.5,16.0,203.7,40.2,4.83,1.0,0.0,0.0,0.0,0.0,0.0,0.0,0.1236,0.1451,0.1117,0.0842,0.0932,0.1484,0.1758,0.1179,0.0566,-0.0921,0.6876
04205_01275,42.05,12.75,14400,225.5,74.0,1123.9,144.0,7.75,0.8373,0.1256,0.0303,0.0068,0.0,0.0,0.0,0.092,0.0645,0.0789,0.0951,0.0872,0.2137,0.2553,0.1134,-0.0833,-0.3094,0.8036
04205_01285,42.05,12.85,14400,725.8,162.7,1353.9,253.8,16.24,0.0453,0.2841,0.3809,0.2799,0.0098,0.0,0.0,0.0796,0.0741,0.1432,0.1651,0.1481,0.1726,0.1174,0.0999,-0.1891,0.003,0.9758
04205_01295,42.05,12.95,14400,609.7,274.4,1123.9,191.5,13.84,0.0103,0.4885,0.4253,0.0758,0.0,0.0,0.0,0.0963,0.1276,0.1334,0.0866,0.1259,0.1685,0.1614,0.1002,-0.0507,-0.0645,0.9534
04205_01305,42.05,13.05,14400,686.5,319.9,1366.3,190.4,9.55,0.0,0.2542,0.6189,0.1144,0.0125,0.0,0.0,0.1223,0.1394,0.1121,0.0719,0.0759,0.1385,0.205,0.1349,0.0908,-0.1418,0.7043
04205_01315,42.05,13.15,14400,1251.3,623.8,1808.0,265.9,17.43,0.0,0.0,0.1333,0.2638,0.5313,0.0716,0.0,0.2306,0.1683,0.0358,0.018,0.0869,0.2717,0.1025,0.0862,0.1231,-0.1929,0.9739
04205_01325,42.05,13.25,14400,1047.2,711.7,1642.5,254.3,11.61,0.0,0.0,0.3483,0.3477,0.3024,0.0015,0.0,0.1079,0.3339,0.1376,0.0568,0.0836,0.16,0.0758,0.0444,0.1423,0.1953,0.8702
04205_01335,42.05,13.35,14400,789.2,692.6,1442.7,136.5,7.05,0.0,0.0,0.8258,0.1524,0.0218,0.0,0.0,0.0831,0.2745,0.0918,0.06,0.1307,0.2136,0.1081,0.0383,-0.0191,0.0276,0.4447
04205_01345,42.05,13.45,14400,815.2,650.8,1386.7,186.9,6.48,0.0,0.0,0.7203,0.2097,0.0699,0.0,0.0,0.0676,0.0707,0.1139,0.187,0.1634,0.1356,0.1592,0.1027,-0.2168,-0.0411,0.4323
04205_01355,42.05,13.55,14400,748.8,647.4,1714.2,163.0,4.98,0.0,0.0,0.8428,0.1262,0.0297,0.0014,0.0,0.0252,0.0266,0.0846,0.2282,0.2864,0.2325,0.0728,0.0438,-0.5549,-0.0121,0.2949
04205_01365,42.05,13.65,14400,941.2,649.0,1556.5,213.6,8.95,0.0,0.0,0.4829,0.3949,0.1222,0.0,0.0,0.0514,0.0766,0.0463,0.1012,0.1741,0.2982,0.1599,0.0922,-0.2961,-0.2734,0.7362
04205_01375,42.05,13.75,14400,1013.1,445.9,1638.8,224.0,14.56,0.0,0.021,0.3462,0.3969,0.2344,0.0014,0.0,0.1084,0.2369,0.1589,0.0538,0.0541,0.1225,0.1657,0.0997,0.1698,0.0457,0.962
04205_01385,42.05,13.85,14400,602.0,287.2,1401.7,275.1,11.35,0.0064,0.6082,0.2185,0.1138,0.0531,0.0,0.0,0.178,0.2012,0.1815,0.1121,0.0589,0.0363,0.0533,0.1787,0.2887,0.2078,0.7375
04205_01395,42.05,13.95,14400,697.5,328.1,1953.6,397.5,11.7,0.0,0.5767,0.2308,0.066,0.0533,0.0733,0.0,0.1074,0.1612,0.0391,0.0245,0.0938,0.2887,0.2159,0.0694,-0.0484,-0.3092,0.6834
04205_01405,42.05,14.05,14400,1503.9,592.7,2783.0,520.2,17.83,0.0,0.0001,0.082,0.261,0.3099,0.1445,0.2024,0.0539,0.1022,0.0541,0.0391,0.1071,0.223,0.3223,0.0984,-0.1094,-0.405,0.9715
04205_01415,42.05,14.15,14400,1544.6,355.1,2649.6,660.0,21.88,0.0,0.1047,0.1368,0.0815,0.1788,0.186,0.3122,0.0684,0.107,0.2407,0.3539,0.1244,0.0464,0.0113,0.0479,-0.221,0.5084,0.9895
04205_01425,42.05,14.25,14400,556.8,223.1,1029.7,178.8,10.42,0.0597,0.5265,0.3812,0.0326,0.0,0.0,0.0,0.1499,0.1712,0.1504,0.13,0.0378,0.0647,0.1195,0.1765,0.2253,0.0714,0.9749
04205_01435,42.05,14.35,14400,409.9,106.5,1009.8,184.2,10.94,0.3249,0.5108,0.1526,0.0117,0.0,0.0,0.0,0.0762,0.1544,0.1727,0.0955,0.044,0.073,0.2507,0.1336,0.1198,-0.0448,0.9353
04205_01445,42.05,14.45,14400,411.9,151.3,876.5,145.5,9.0,0.2445,0.6284,0.1271,0.0,0.0,0.0,0.0,0.1551,0.1757,0.1924,0.1285,0.0905,0.0535,0.075,0.1294,0.154,0.2072,0.9515
04205_01455,42.05,14.55,14400,278.6,106.2,640.5,99.8,8.33,0.6587,0.3392,0.0022,0.0,0.0,0.0,0.0,0.1857,0.1513,0.1462,0.123,0.083,0.0749,0.0755,0.1605,0.189,0.0939,0.8974
04205_01465,42.05,14.65,14400,196.2,65.3,449.4,63.9,7.21,0.9359,0.0641,0.0,0.0,0.0,0.0,0.0,0.121,0.1503,0.172,0.131,0.0932,0.0816,0.1114,0.1395,0.0852,0.1061,0.8717
04205_01475,42.05,14.75,14400,51.9,0.0,190.4,45.8,2.9,1.0,0.0,0.0,0.0,0.0,0.0,0.0,0.1156,0.16,0.2149,0.1501,0.0608,0.0639,0.0808,0.1539,0.1246,0.2065,0.3849
04205_01485,42.05,14.85,14400,29.5,0.0,239.2,51.2,1.85,1.0,0.0,0.0,0.0,0.0,0.0,0.0,0.2,0.2383,0.1449,0.0863,0.0269,0.0326,0.1177,0.1533,0.3752,0.1291,0.2809
04205_01495,42.05,14.95,14400,6.2,0.0,127.7,20.1,0.45,1.0,0.0,0.0,0.0,0.0,0.0,0.0,0.523,0.2012,0.0848,0.048,0.0194,0.0368,0.0143,0.0725,0.639,0.2333,0.068
04215_01175,42.15,11.75,14400,13.3,-1.0,100.4,19.5,0.85,1.0,0.0,0.0,0.0,0.0,0.0,0.0,0.1644,0.1546,0.0431,0.0401,0.0841,0.2143,0.2104,0.089,0.0682,-0.2408,0.071
04215_01185,42.15,11.85,14400,195.5,7.9,541.9,114.4,7.69,0.7855,0.2145,0.0,0.0,0.0,0.0,0.0,0.1308,0.0859,0.0539,0.0646,0.0981,0.1771,0.2204,0.1693,0.0422,-0.3126,0.8258
04215_01195,42.15,11.95,14400,322.3,75.1,634.6,114.3,9.56,0.4176,0.5782,0.0042,0.0,0.0,0.0,0.0,0.126,0.1587,0.147,0.1434,0.1321,0.0913,0.0948,0.1066,0.0174,0.1255,0.946
04215_01205,42.15,12.05,14520,292.3,102.9,590.2,93.4,8.13,0.5962,0.4038,0.0,0.0,0.0,0.0,0.0,0.0876,0.1017,0.1247,0.0994,0.1139,0.1712,0.1682,0.1333,-0.0519,-0.1224,0.8603
04215_01215,42.15,12.15,14280,362.9,160.0,607.1,97.5,5.29,0.1964,0.8034,0.0002,0.0,0.0,0.0,0.0,0.0763,0.1116,0.1545,0.1795,0.131,0.108,0.1185,0.1206,-0.0965,0.0798,0.6433
04215_01225,42.15,12.25,14400,243.2,160.0,600.9,102.3,3.59,0.7023,0.2976,0.0001,0.0,0.0,0.0,0.0,0.0542,0.077,0.1445,0.1561,0.1844,0.1852,0.128,0.0705,-0.2714,0.0014,0.4176
04215_01235,42.15,12.35,14400,238.2,138.6,427.9,39.9,3.99,0.919,0.081,0.0,0.0,0.0,0.0,0.0,0.1394,0.1036,0.1342,0.1467,0.0927,0.1179,0.1306,0.1349,0.0305,0.0015,0.4942
04215_01245,42.15,12.45,14400,250.4,114.5,389.8,42.1,5.36,0.8738,0.1262,0.0,0.0,0.0,0.0,0.0,0.0786,0.1354,0.1895,0.1116,0.0792,0.0891,0.1943,0.1223,0.0404,0.0224,0.7668
04215_01255,42.15,12.55,14520,139.8,22.0,289.0,59.9,6.08,1.0,0.0,0.0,0.0,0.0,0.0,0.0,0.0602,0.1434,0.2126,0.1364,0.1193,0.1548,0.1035,0.0697,-0.1165,0.1543,0.7272
04215_01265,42.15,12.65,14280,64.5,16.0,189.6,35.4,2.95,1.0,0.0,0.0,0.0,0.0,0.0,0.0,0.0749,0.0673,0.092,0.1501,0.1198,0.148,0.2193,0.1286,-0.1085,-0.1736,0.4004
04215_01275,42.15,12.75,14400,250.3,59.6,743.0,129.7,8.43,0.7201,0.2651,0.0148,0.0,0.0,0.0,0.0,0.0911,0.1071,0.0447,0.0752,0.139,0.2229,0.1992,0.1208,-0.1005,-0.2747,0.8518
04215_01285,42.15,12.85,14400,654.5,252.3,1359.9,240.0,13.78,0.0132,0.4749,0.3268,0.1723,0.0128,0.0,0.0,0.129,0.1621,0.0616,0.0388,0.0705,0.1483,0.2401,0.1497,0.1494,-0.2567,0.9466
04215_01295,42.15,12.95,14400,830.2,472.4,1226.9,136.0,12.8,0.0,0.0317,0.6557,0.3108,0.0019,0.0,0.0,0.0767,0.1593,0.1758,0.1087,0.1015,0.142,0.1352,0.1009,-0.0177,0.0601,0.9356
04215_01305,42.15,13.05,14400,817.8,531.0,1424.9,175.5,13.03,0.0,0.1083,0.5799,0.2878,0.024,0.0,0.0,0.0745,0.1219,0.1603,0.1045,0.1233,0.1929,0.1425,0.08,-0.1127,-0.0211,0.9369
04215_01315,42.15,13.15,14400,933.0,621.4,1366.7,147.8,13.79,0.0,0.0,0.4129,0.5166,0.0705,0.0,0.0,0.1347,0.1621,0.1307,0.07,0.0881,0.1976,0.1311,0.0858,0.036,-0.0352,0.9644
04215_01325,42.15,13.25,14400,884.3,633.9,1594.8,159.7,12.51,0.0,0.0,0.6359,0.3092,0.0549,0.0,0.0,0.1116,0.1883,0.0903,0.0678,0.1101,0.2193,0.1365,0.0762,-0.0212,-0.0692,0.8494
04215_01335,42.15,13.35,14400,1415.8,691.2,2468.1,478.3,18.34,0.0,0.0,0.1519,0.2986,0.1333,0.2825,0.1336,0.1,0.0838,0.0561,0.07,0.1831,0.3015,0.1233,0.0821,-0.2322,-0.2314,0.9673
04215_01345,42.15,13.45,14400,1609.0,830.5,2312.1,338.9,18.09,0.0,0.0,0.0094,0.1751,0.2598,0.447,0.1086,0.096,0.1276,0.1219,0.1697,0.2272,0.1477,0.0519,0.058,-0.2304,0.1333,0.9532
04215_01355,42.15,13.55,14400,1478.8,896.9,2243.0,243.7,15.22,0.0,0.0,0.0001,0.0994,0.6151,0.2584,0.0271,0.1099,0.1406,0.1079,0.0939,0.1172,0.2417,0.1409,0.048,-0.1104,-0.0755,0.8931
04215_01365,42.15,13.65,14400,1229.5,479.3,2326.0,441.0,16.39,0.0,0.0468,0.2091,0.278,0.2333,0.1766,0.0562,0.1172,0.2994,0.1237,0.1026,0.133,0.137,0.0435,0.0436,0.0547,0.2453,0.9719
04215_01375,42.15,13.75,14400,737.1,300.8,1245.6,200.5,15.22,0.0,0.3292,0.4301,0.2366,0.0041,0.0,0.0,0.0665,0.2223,0.1565,0.0854,0.0843,0.2309,0.1101,0.0441,-0.0526,0.0733,0.9445
04215_01385,42.15,13.85,14400,504.8,220.4,1705.0,280.2,12.96,0.2368,0.4883,0.1731,0.0649,0.035,0.0019,0.0,0.1084,0.1196,0.1318,0.0847,0.0855,0.2037,0.1567,0.1095,-0.0253,-0.1074,0.7843
04215_01395,42.15,13.95,14400,974.7,263.0,2050.3,475.3,17.31,0.0033,0.2739,0.2581,0.1509,0.1638,0.1478,0.0022,0.1608,0.3209,0.0883,0.0126,0.0394,0.1863,0.1145,0.0773,0.2686,0.024,0.9896
04215_01405,42.15,14.05,14400,1132.4,456.8,2653.8,430.0,17.38,0.0,0.021,0.3485,0.2835,0.2176,0.072,0.0574,0.1562,0.151,0.029,0.0098,0.0387,0.125,0.2688,0.2215,0.2965,-0.3808,0.9822
04215_01415,42.15,14.15,14400,1406.1,415.8,2723.8,533.4,24.95,0.0,0.0652,0.1317,0.1889,0.2405,0.2351,0.1386,0.2029,0.2325,0.1747,0.1171,0.0682,0.0312,0.0532,0.1201,0.2857,0.2706,0.9951
04215_01425,42.15,14.25,14400,372.5,149.2,1143.4,119.2,10.3,0.2769,0.6856,0.0335,0.004,0.0,0.0,0.0,0.1332,0.1928,0.1618,0.1522,0.1472,0.0974,0.0459,0.0697,-0.0047,0.2414,0.9466
04215_01435,42.15,14.35,14400,192.5,69.5,483.5,74.1,6.37,0.9079,0.0921,0.0,0.0,0.0,0.0,0.0,0.1143,0.1305,0.1618,0.1548,0.1263,0.1433,0.0898,0.0794,-0.0764,0.1224,0.759
04215_01445,42.15,14.45,14400,118.5,19.5,343.8,65.8,4.62,0.9975,0.0025,0.0,0.0,0.0,0.0,0.0,0.0966,0.1517,0.1292,0.1413,0.0754,0.0875,0.1727,0.1456,0.0687,-0.0019,0.573
04215_01455,42.15,14.55,14400,159.8,10.5,331.1,62.3,6.67,0.9885,0.0115,0.0,0.0,0.0,0.0,0.0,0.1767,0.1062,0.1739,0.1463,0.0808,0.0272,0.1241,0.1647,0.1697,0.095,0.7968
04215_01465,42.15,14.65,14400,83.5,0.0,232.8,54.6,4.18,1.0,0.0,0.0,0.0,0.0,0.0,0.0,0.1257,0.161,0.2192,0.1243,0.0367,0.0305,0.1601,0.1424,0.1978,0.1435,0.5183
04215_01475,42.15,14.75,14400,10.5,0.0,193.3,31.4,0.7,1.0,0.0,0.0,0.0,0.0,0.0,0.0,0.0501,0.2145,0.5735,0.0776,0.0025,0.0042,0.0384,0.0392,0.1547,0.7284,0.0832
04225_01165,42.25,11.65,14399,3.8,0.0,49.1,8.5,0.22,1.0,0.0,0.0,0.0,0.0,0.0,0.0,0.0,0.0,0.0769,0.5385,0.0,0.3846,0.0,0.0,-0.6725,0.1559,0.0009
04225_01175,42.25,11.75,14520,50.4,-1.0,174.7,43.6,2.91,1.0,0.0,0.0,0.0,0.0,0.0,0.0,0.1179,0.087,0.0789,0.119,0.1359,0.2139,0.1411,0.1062,-0.1185,-0.1468,0.3587
04225_01185,42.25,11.85,14520,128.6,8.1,335.1,67.4,5.68,0.9912,0.0088,0.0,0.0,0.0,0.0,0.0,0.1009,0.0955,0.1106,0.0828,0.1177,0.1413,0.1847,0.1665,0.0082,-0.1693,0.7543
04225_01195,42.25,11.95,14520,188.8,37.2,399.9,56.0,5.67,0.9748,0.0252,0.0,0.0,0.0,0.0,0.0,0.1121,0.1256,0.1294,0.1092,0.1114,0.1403,0.1463,0.1256,-0.0,-0.0365,0.6954
04225_01205,42.25,12.05,14641,331.5,135.1,612.7,84.0,5.75,0.3681,0.6314,0.0005,0.0,0.0,0.0,0.0,0.1313,0.0964,0.0569,0.0651,0.1164,0.1771,0.1893,0.1675,0.028,-0.2664,0.7463
04225_01215,42.25,12.15,14399,435.7,288.7,668.4,67.6,3.88,0.0008,0.9683,0.0309,0.0,0.0,0.0,0.0,0.1029,0.1194,0.1026,0.1855,0.178,0.1722,0.0771,0.0623,-0.21,0.0774,0.5786
04225_01225,42.25,12.25,14520,315.1,221.3,554.4,61.1,3.03,0.5042,0.4958,0.0,0.0,0.0,0.0,0.0,0.152,0.1766,0.1828,0.1462,0.1372,0.1043,0.0187,0.0822,0.0229,0.2692,0.391
04225_01235,42.25,12.35,14520,216.9,76.6,289.0,29.3,2.97,1.0,0.0,0.0,0.0,0.0,0.0,0.0,0.1381,0.0899,0.1388,0.2154,0.1345,0.0429,0.061,0.1795,0.0102,0.1391,0.2858
04225_01245,42.25,12.45,14520,176.8,31.0,604.3,57.2,6.16,0.9875,0.0125,0.0001,0.0,0.0,0.0,0.0,0.0837,0.1724,0.1593,0.0784,0.0528,0.1392,0.2029,0.1113,0.0805,-0.0474,0.6935
04225_01255,42.25,12.55,14641,145.7,29.5,671.3,91.8,6.9,0.9646,0.0329,0.0026,0.0,0.0,0.0,0.0,0.1147,0.181,0.1447,0.0857,0.1163,0.1413,0.1284,0.0878,0.0242,0.0459,0.7062
04225_01265,42.25,12.65,14399,132.3,22.5,590.6,78.4,7.14,0.9679,0.0321,0.0,0.0,0.0,0.0,0.0,0.0858,0.0645,0.0935,0.1262,0.1377,0.154,0.1965,0.1419,-0.1071,-0.1822,0.7975
04225_01275,42.25,12.75,14520,403.1,91.0,955.9,183.8,12.48,0.3337,0.508,0.1535,0.0048,0.0,0.0,0.0,0.1018,0.0876,0.0768,0.1321,0.1881,0.1729,0.1361,0.1047,-0.1675,-0.1032,0.9556
04225_01285,42.25,12.85,14520,522.7,244.5,863.9,113.5,10.88,0.0125,0.7191,0.2685,0.0,0.0,0.0,0.0,0.1037,0.0793,0.0799,0.1273,0.1294,0.1773,0.1847,0.1183,-0.1045,-0.1716,0.9219
04225_01295,42.25,12.95,14520,760.0,413.5,1468.0,200.4,14.34,0.0,0.2661,0.4977,0.2076,0.0286,0.0,0.0,0.0938,0.1171,0.1314,0.0828,0.0747,0.1419,0.2235,0.1347,0.0382,-0.1515,0.9437
04225_01305,42.25,13.05,14520,793.3,441.0,1500.8,205.1,15.89,0.0,0.1833,0.5233,0.2537,0.0396,0.0,0.0,0.1011,0.1243,0.1559,0.1338,0.0877,0.1281,0.1594,0.1096,-0.0066,0.0136,0.9532
04225_01315,42.25,13.15,14520,903.1,523.0,1595.3,239.0,13.35,0.0,0.0367,0.586,0.2028,0.1745,0.0,0.0,0.109,0.1216,0.0735,0.1041,0.1714,0.179,0.1368,0.1045,-0.1103,-0.1013,0.9606
04225_01325,42.25,13.25,14520,1271.5,649.3,1987.8,279.3,16.28,0.0,0.0,0.118,0.2815,0.4646,0.136,0.0,0.0826,0.1526,0.0885,0.0711,0.1073,0.2089,0.198,0.0911,-0.0509,-0.173,0.9629
04225_01335,42.25,13.35,14520,1489.1,792.4,2161.7,279.0,17.58,0.0,0.0,0.0213,0.1556,0.4361,0.3733,0.0137,0.1559,0.2619,0.0495,0.0169,0.0578,0.1676,0.1931,0.0973,0.2236,-0.1374,0.9817
04225_01345,42.25,13.45,14520,1489.4,565.8,2198.5,367.7,15.25,0.0,0.0143,0.1,0.0911,0.3736,0.3562,0.0648,0.2146,0.3231,0.1271,0.0357,0.0575,0.1146,0.0539,0.0734,0.3391,0.2034,0.9014
04225_01355,42.25,13.55,14520,938.8,528.2,1508.5,302.6,9.81,0.0,0.1758,0.3568,0.1276,0.3397,0.0,0.0,0.1095,0.3355,0.0852,0.0425,0.0901,0.1838,0.0946,0.0588,0.1436,0.0814,0.7406
04225_01365,42.25,13.65,14520,875.9,492.4,1293.5,155.1,11.3,0.0,0.0621,0.5112,0.4191,0.0076,0.0,0.0,0.1271,0.2322,0.0556,0.0404,0.1376,0.2876,0.0749,0.0446,-0.0441,-0.0629,0.8291
04225_01375,42.25,13.75,14520,673.8,326.0,1241.1,216.0,10.32,0.0,0.3533,0.5126,0.1312,0.0029,0.0,0.0,0.1387,0.2632,0.1711,0.0743,0.0765,0.1145,0.0853,0.0765,0.1715,0.197,0.7953
04225_01385,42.25,13.85,14520,627.5,187.8,1423.6,248.2,16.12,0.0414,0.4738,0.3311,0.1319,0.0218,0.0,0.0,0.0816,0.1263,0.2406,0.1359,0.0715,0.1269,0.1701,0.0473,-0.0581,0.1362,0.9789
04225_01395,42.25,13.95,14520,294.0,92.3,655.4,104.9,8.1,0.5564,0.4402,0.0034,0.0,0.0,0.0,0.0,0.1546,0.1425,0.1154,0.1344,0.0914,0.0629,0.1537,0.1452,0.136,0.012,0.8744
04225_01405,42.25,14.05,14520,381.5,64.8,1338.8,285.9,9.72,0.5467,0.2293,0.1529,0.0595,0.0116,0.0,0.0,0.2219,0.1613,0.0984,0.0411,0.0389,0.0681,0.1643,0.2061,0.3779,-0.1228,0.8842
04225_01415,42.25,14.15,14520,361.7,98.2,1270.1,188.0,9.68,0.483,0.3853,0.1184,0.0129,0.0004,0.0,0.0,0.1668,0.1987,0.145,0.0986,0.056,0.0471,0.1049,0.1829,0.2825,0.0908,0.928
04225_01425,42.25,14.25,14520,300.1,99.6,522.9,83.1,8.17,0.4669,0.5331,0.0,0.0,0.0,0.0,0.0,0.082,0.1192,0.235,0.1308,0.0266,0.019,0.1697,0.2177,0.193,0.0789,0.865
04225_01435,42.25,14.35,14520,221.4,43.7,386.2,68.3,6.43,0.8653,0.1347,0.0,0.0,0.0,0.0,0.0,0.0964,0.0905,0.2033,0.1721,0.0572,0.0155,0.1339,0.2311,0.1387,0.0813,0.7674
04225_01445,42.25,14.45,14520,137.9,0.0,329.7,75.1,4.72,0.989,0.011,0.0,0.0,0.0,0.0,0.0,0.0939,0.0979,0.212,0.2768,0.0685,0.0027,0.0526,0.1957,0.0378,0.2945,0.5332
04225_01455,42.25,14.55,14520,12.9,0.0,133.1,27.4,1.19,1.0,0.0,0.0,0.0,0.0,0.0,0.0,0.0403,0.2929,0.1084,0.1169,0.1795,0.0293,0.0418,0.1909,0.1079,0.1641,0.1385
04235_01035,42.35,10.35,14400,21.2,0.0,580.8,80.6,2.34,0.969,0.031,0.0,0.0,0.0,0.0,0.0,0.1105,0.159,0.1879,0.126,0.1189,0.1042,0.0725,0.121,0.0211,0.1449,0.0987
04235_01085,42.35,10.85,14400,16.0,0.0,464.5,56.5,1.79,0.9915,0.0085,0.0,0.0,0.0,0.0,0.0,0.1443,0.0876,0.0308,0.026,0.0592,0.186,0.3611,0.1051,0.055,-0.4694,0.115
04235_01095,42.35,10.95,14400,25.9,0.0,480.2,81.4,2.36,0.9657,0.0343,0.0,0.0,0.0,0.0,0.0,0.0549,0.2675,0.2494,0.1205,0.0622,0.1803,0.0583,0.0069,-0.0358,0.3586,0.1417
04235_01115,42.35,11.15,14280,56.4,0.0,616.8,121.7,4.03,0.9293,0.0704,0.0004,0.0,0.0,0.0,0.0,0.0188,0.0968,0.1685,0.1455,0.1876,0.2114,0.1176,0.0537,-0.3212,0.0354,0.2531
04235_01145,42.35,11.45,14400,1.4,-2.0,24.5,4.0,0.25,1.0,0.0,0.0,0.0,0.0,0.0,0.0,0.0455,0.7273,0.2273,0.0,0.0,0.0,0.0,0.0,0.5168,0.7762,0.0015
04235_01155,42.35,11.55,14520,10.2,-0.5,57.0,12.0,0.75,1.0,0.0,0.0,0.0,0.0,0.0,0.0,0.0728,0.0199,0.1225,0.202,0.0563,0.0464,0.3411,0.1391,-0.0255,-0.1934,0.0208
04235_01165,42.35,11.65,14280,40.2,0.0,88.4,19.9,1.67,1.0,0.0,0.0,0.0,0.0,0.0,0.0,0.1002,0.0857,0.1244,0.1747,0.0993,0.0909,0.1342,0.1906,0.006,-0.0328,0.1503
04235_01175,42.35,11.75,14400,111.8,31.1,212.5,34.2,3.69,1.0,0.0,0.0,0.0,0.0,0.0,0.0,0.0815,0.0705,0.1103,0.1347,0.0994,0.1103,0.2255,0.1678,-0.0211,-0.1705,0.5232
04235_01185,42.35,11.85,14400,129.6,28.8,234.5,35.8,3.84,1.0,0.0,0.0,0.0,0.0,0.0,0.0,0.0983,0.0876,0.161,0.1316,0.0975,0.1206,0.1937,0.1096,-0.0388,-0.039,0.5008
04235_01195,42.35,11.95,14400,164.7,85.1,274.0,25.5,2.71,1.0,0.0,0.0,0.0,0.0,0.0,0.0,0.11,0.0992,0.1763,0.1301,0.089,0.0805,0.1353,0.1795,0.0669,0.0256,0.3458
04235_01205,42.35,12.05,14520,276.1,142.4,479.4,75.0,2.56,0.6386,0.3614,0.0,0.0,0.0,0.0,0.0,0.1374,0.0459,0.0009,0.0129,0.0332,0.1582,0.3701,0.2415,0.195,-0.6267,0.3048
04235_01215,42.35,12.15,14280,606.6,311.3,983.2,127.7,6.79,0.0,0.5497,0.4448,0.0055,0.0,0.0,0.0,0.0866,0.0689,0.0596,0.0428,0.0665,0.1383,0.322,0.2153,0.1019,-0.4476,0.7473
04235_01225,42.35,12.25,14400,477.5,263.2,955.7,137.2,5.54,0.0448,0.7562,0.1966,0.0024,0.0,0.0,0.0,0.0715,0.1652,0.3015,0.2496,0.1146,0.0434,0.0305,0.0237,-0.1183,0.5287,0.7673
04235_01235,42.35,12.35,14400,222.9,94.1,338.3,43.7,2.27,0.9529,0.0471,0.0,0.0,0.0,0.0,0.0,0.1096,0.225,0.1429,0.1601,0.2154,0.1163,0.0144,0.0163,-0.1401,0.3214,0.2173
04235_01245,42.35,12.45,14400,101.4,31.0,249.9,45.3,4.6,1.0,0.0,0.0,0.0,0.0,0.0,0.0,0.1031,0.116,0.1424,0.1398,0.1162,0.1391,0.1317,0.1118,-0.0475,0.0177,0.4863
04235_01255,42.35,12.55,14520,183.7,40.9,665.1,94.0,8.98,0.9264,0.0689,0.0046,0.0,0.0,0.0,0.0,0.096,0.041,0.1001,0.1511,0.1485,0.1453,0.1808,0.1372,-0.1334,-0.148,0.8978
04235_01265,42.35,12.65,14280,349.8,114.7,1023.7,158.8,10.95,0.4568,0.4588,0.0798,0.0046,0.0,0.0,0.0,0.0499,0.0437,0.1037,0.1276,0.1062,0.1873,0.2509,0.1306,-0.1574,-0.2591,0.9327
04235_01275,42.35,12.75,14400,769.6,381.5,1279.7,221.8,16.22,0.0,0.2722,0.4099,0.2981,0.0198,0.0,0.0,0.0986,0.1145,0.2038,0.1121,0.0844,0.1208,0.1598,0.106,0.0035,0.0448,0.9622
04235_01285,42.35,12.85,14400,600.6,379.7,902.0,142.4,13.61,0.0,0.4876,0.5123,0.0001,0.0,0.0,0.0,0.1203,0.1553,0.1768,0.068,0.0594,0.1407,0.1657,0.1138,0.1094,-0.012,0.8936
04235_01295,42.35,12.95,14400,627.5,391.4,1101.4,149.4,13.84,0.0,0.422,0.5551,0.0228,0.0,0.0,0.0,0.1149,0.1696,0.1282,0.0654,0.1337,0.1639,0.1175,0.1069,0.0154,-0.0142,0.9051
04235_01305,42.35,13.05,14400,1029.4,405.8,1880.9,385.0,15.75,0.0,0.1309,0.3076,0.2081,0.2539,0.0995,0.0,0.137,0.0604,0.0541,0.0991,0.104,0.1744,0.1952,0.1759,0.0002,-0.2873,0.964
04235_01315,42.35,13.15,14400,1264.3,782.9,1887.5,185.4,13.77,0.0,0.0,0.0175,0.3276,0.6087,0.0462,0.0,0.1349,0.161,0.0841,0.1047,0.1548,0.1815,0.1125,0.0664,-0.0597,-0.0115,0.9124
04235_01325,42.35,13.25,14400,1009.3,658.7,1886.0,269.6,13.53,0.0,0.0,0.4538,0.2588,0.274,0.0135,0.0,0.1091,0.2165,0.1856,0.1135,0.1225,0.112,0.0859,0.0549,0.0171,0.223,0.881
04235_01335,42.35,13.35,14400,825.8,608.9,1499.7,182.1,9.46,0.0,0.0,0.7238,0.2274,0.0488,0.0,0.0,0.153,0.2257,0.0623,0.0516,0.0903,0.1919,0.1553,0.0699,0.1117,-0.0908,0.754
04235_01345,42.35,13.45,14400,753.1,569.2,1242.1,157.1,8.06,0.0,0.2,0.5899,0.2097,0.0005,0.0,0.0,0.0816,0.1505,0.0978,0.1379,0.1939,0.1952,0.0947,0.0484,-0.2164,0.0377,0.7062
04235_01355,42.35,13.55,14400,1084.2,566.4,1750.7,286.0,10.23,0.0,0.0436,0.2634,0.2891,0.3799,0.024,0.0,0.0532,0.0622,0.0534,0.0561,0.1791,0.3875,0.1484,0.0601,-0.3562,-0.3389,0.8981
04235_01365,42.35,13.65,14400,1314.0,702.3,1906.4,231.4,12.74,0.0,0.0,0.0453,0.2494,0.6011,0.1042,0.0,0.1031,0.1361,0.0795,0.096,0.2569,0.2051,0.0648,0.0585,-0.2333,-0.0102,0.909
04235_01375,42.35,13.75,14400,1176.4,356.4,1885.1,383.2,14.16,0.0,0.1089,0.1403,0.2386,0.3978,0.1144,0.0,0.0549,0.1352,0.1376,0.1422,0.1776,0.2729,0.0527,0.0268,-0.3088,0.0753,0.934
04235_01385,42.35,13.85,14400,888.9,298.3,1789.4,381.4,15.54,0.0001,0.3158,0.2433,0.183,0.2301,0.0277,0.0,0.0897,0.1567,0.2642,0.1683,0.0907,0.0973,0.0619,0.0712,-0.0277,0.3229,0.9798
04235_01395,42.35,13.95,14400,293.5,117.3,573.7,88.2,6.66,0.5764,0.4236,0.0,0.0,0.0,0.0,0.0,0.2147,0.1555,0.1093,0.1913,0.1761,0.0483,0.0264,0.0783,0.0348,0.2437,0.8217
04235_01405,42.35,14.05,14400,143.0,38.4,286.2,56.7,4.6,1.0,0.0,0.0,0.0,0.0,0.0,0.0,0.1544,0.1056,0.1243,0.2158,0.1325,0.0735,0.0839,0.1099,-0.0347,0.139,0.6313
04235_01415,42.35,14.15,14400,127.7,10.9,374.0,80.1,6.25,0.9835,0.0165,0.0,0.0,0.0,0.0,0.0,0.1371,0.0854,0.1265,0.122,0.1062,0.0663,0.1249,0.2317,0.1241,-0.058,0.6834
04235_01425,42.35,14.25,14400,132.9,18.6,323.8,59.7,7.47,0.9975,0.0025,0.0,0.0,0.0,0.0,0.0,0.0977,0.0767,0.1756,0.2515,0.0737,0.0241,0.0726,0.2282,0.0466,0.1621,0.8306
04235_01435,42.35,14.35,14400,93.4,0.0,236.8,59.3,4.05,1.0,0.0,0.0,0.0,0.0,0.0,0.0,0.0868,0.1303,0.249,0.1361,0.0091,0.0225,0.1934,0.1728,0.1832,0.1104,0.4654
04235_01445,42.35,14.45,14400,11.0,-0.1,141.1,28.4,1.03,1.0,0.0,0.0,0.0,0.0,0.0,0.0,0.0571,0.2244,0.2911,0.1851,0.0167,0.0006,0.0768,0.1482,0.1839,0.4053,0.1167
04245_01115,42.45,11.15,14161,59.3,-1.5,538.6,109.2,4.34,0.9386,0.0614,0.0,0.0,0.0,0.0,0.0,0.1811,0.2357,0.163,0.0667,0.0291,0.0299,0.1412,0.1533,0.3644,0.1168,0.34
04245_01125,42.45,11.25,14280,48.8,-3.5,351.8,82.7,3.71,0.9845,0.0155,0.0,0.0,0.0,0.0,0.0,0.1208,0.0981,0.0891,0.0758,0.1043,0.2144,0.1756,0.1218,-0.0352,-0.2046,0.3426
04245_01135,42.45,11.35,14280,60.3,-1.5,285.4,59.8,4.48,1.0,0.0,0.0,0.0,0.0,0.0,0.0,0.0899,0.1368,0.1789,0.1457,0.102,0.1448,0.1186,0.0832,-0.06,0.0985,0.4893
04245_01145,42.45,11.45,14280,92.3,1.5,424.0,65.1,3.86,0.9901,0.0099,0.0,0.0,0.0,0.0,0.0,0.0695,0.0982,0.1074,0.1144,0.1502,0.1939,0.1736,0.0928,-0.1683,-0.1194,0.4793
04245_01155,42.45,11.55,14399,123.4,11.4,495.3,83.6,4.3,0.9598,0.0402,0.0,0.0,0.0,0.0,0.0,0.0407,0.0818,0.1433,0.1537,0.1312,0.2031,0.1799,0.0662,-0.2363,-0.0575,0.4721
04245_01165,42.45,11.65,14161,128.3,16.0,431.7,65.9,2.69,0.9864,0.0136,0.0,0.0,0.0,0.0,0.0,0.0262,0.0355,0.2146,0.1259,0.1049,0.2269,0.2023,0.0636,-0.2551,-0.078,0.2586
04245_01175,42.45,11.75,14280,199.9,70.9,431.1,73.4,3.65,0.9169,0.0831,0.0,0.0,0.0,0.0,0.0,0.0162,0.0394,0.1142,0.2653,0.1216,0.126,0.2135,0.1038,-0.2858,-0.0487,0.4585
04245_01185,42.45,11.85,14280,236.9,103.3,414.0,68.0,3.18,0.7852,0.2148,0.0,0.0,0.0,0.0,0.0,0.0026,0.0143,0.1957,0.2837,0.095,0.1252,0.199,0.0845,-0.3174,0.0573,0.4004
04245_01195,42.45,11.95,14280,221.3,122.6,360.6,49.9,2.46,0.909,0.091,0.0,0.0,0.0,0.0,0.0,0.0007,0.0053,0.1978,0.2867,0.0675,0.0855,0.2765,0.0799,-0.2698,0.0191,0.2882
04245_01205,42.45,12.05,14399,290.6,169.6,430.9,46.9,2.21,0.4354,0.5646,0.0,0.0,0.0,0.0,0.0,0.0566,0.0285,0.0732,0.1412,0.1562,0.2094,0.2214,0.1136,-0.2519,-0.2678,0.2268
04245_01215,42.45,12.15,14161,381.7,126.9,1038.1,131.6,5.46,0.2395,0.67,0.0866,0.0038,0.0,0.0,0.0,0.1662,0.165,0.1111,0.0533,0.0346,0.0775,0.1903,0.2019,0.3056,-0.1298,0.636
04245_01225,42.45,12.25,14280,326.6,49.5,1076.1,158.7,5.92,0.4996,0.4341,0.0476,0.0187,0.0,0.0,0.0,0.1774,0.1885,0.2259,0.0889,0.0287,0.0291,0.0897,0.1718,0.3283,0.1915,0.5985
04245_01235,42.45,12.35,14280,204.0,44.5,336.7,90.1,5.15,0.8943,0.1057,0.0,0.0,0.0,0.0,0.0,0.1396,0.1531,0.1463,0.1414,0.1203,0.1032,0.0771,0.1191,0.0422,0.1238,0.5869
04245_01245,42.45,12.45,14280,130.2,41.4,285.9,62.5,6.4,1.0,0.0,0.0,0.0,0.0,0.0,0.0,0.0806,0.0669,0.1238,0.177,0.127,0.1027,0.1445,0.1774,-0.075,-0.0434,0.7113
04245_01255,42.45,12.55,14399,378.8,80.9,1019.1,180.0,10.01,0.3793,0.5034,0.1104,0.0069,0.0,0.0,0.0,0.1051,0.0991,0.0618,0.066,0.1046,0.2321,0.1929,0.1383,-0.0395,-0.2857,0.9373
04245_01265,42.45,12.65,14161,545.6,151.5,1154.9,242.2,13.43,0.1849,0.4051,0.3205,0.0895,0.0,0.0,0.0,0.082,0.1431,0.1104,0.0534,0.0777,0.1452,0.2513,0.1369,0.0654,-0.2062,0.9537
04245_01275,42.45,12.75,14280,672.7,368.0,1223.3,262.6,10.82,0.0,0.4744,0.2247,0.299,0.0019,0.0,0.0,0.0971,0.1678,0.2478,0.118,0.0911,0.1157,0.0959,0.0666,0.004,0.2288,0.7264
04245_01285,42.45,12.85,14280,425.9,367.5,1039.5,88.9,3.94,0.0,0.945,0.0509,0.0041,0.0,0.0,0.0,0.0713,0.0261,0.0485,0.0908,0.1251,0.2237,0.2534,0.161,-0.1481,-0.4077,0.3593
04245_01295,42.45,12.95,14280,1090.2,435.2,2201.2,412.4,17.54,0.0,0.1445,0.2146,0.2504,0.2525,0.1268,0.0112,0.0558,0.0425,0.0505,0.1198,0.1529,0.2219,0.225,0.1317,-0.2203,-0.3208,0.9298
04245_01305,42.45,13.05,14280,1069.9,446.3,2099.5,390.5,23.18,0.0,0.0961,0.3214,0.2306,0.224,0.1269,0.001,0.0802,0.0982,0.1684,0.1876,0.1284,0.1102,0.1336,0.0935,-0.1289,0.0947,0.9879
04245_01315,42.45,13.15,14280,1249.6,611.8,1806.5,216.1,14.82,0.0,0.0,0.041,0.4099,0.4958,0.0534,0.0,0.1604,0.2028,0.1202,0.0602,0.1159,0.164,0.0932,0.0832,0.0905,0.0409,0.9179
04245_01325,42.45,13.25,14280,971.0,676.6,1486.6,170.1,12.66,0.0,0.0,0.3932,0.4822,0.1246,0.0,0.0,0.1249,0.1795,0.1438,0.108,0.1215,0.1626,0.092,0.0677,-0.0144,0.0962,0.8963
04245_01335,42.45,13.35,14280,1214.1,666.6,2121.4,279.3,13.83,0.0,0.0,0.1873,0.2427,0.5174,0.044,0.0086,0.0983,0.1073,0.0556,0.0817,0.1363,0.2263,0.179,0.1156,-0.1034,-0.2388,0.9251
04245_01345,42.45,13.45,14280,1492.9,838.8,2607.8,347.2,18.19,0.0,0.0,0.0066,0.1884,0.4821,0.2146,0.1083,0.1453,0.1528,0.0969,0.0716,0.1975,0.1809,0.0643,0.0907,-0.0602,-0.0018,0.9747
04245_01355,42.45,13.55,14280,1736.9,800.6,2868.2,424.0,22.41,0.0,0.0,0.0143,0.1275,0.2213,0.3264,0.3106,0.1143,0.1319,0.1331,0.0752,0.1493,0.1462,0.1082,0.1418,0.0015,-0.0406,0.9941
04245_01365,42.45,13.65,14280,1428.8,423.9,2539.5,516.7,17.65,0.0,0.0634,0.1905,0.0923,0.0967,0.4512,0.106,0.1764,0.22,0.1001,0.0603,0.1458,0.1072,0.0542,0.1359,0.1658,0.0753,0.92
04245_01375,42.45,13.75,14280,1147.8,357.0,2544.0,519.8,17.05,0.0,0.181,0.2471,0.1183,0.2237,0.1764,0.0536,0.1522,0.2344,0.173,0.0913,0.0912,0.0605,0.0856,0.1118,0.2028,0.1985,0.947
04245_01385,42.45,13.85,14280,499.6,200.5,1320.4,187.8,11.83,0.0648,0.6864,0.2023,0.045,0.0015,0.0,0.0,0.1985,0.1867,0.1609,0.1453,0.0998,0.0495,0.0532,0.106,0.1713,0.243,0.9721
04245_01395,42.45,13.95,14280,241.0,70.8,467.9,76.9,7.49,0.7664,0.2336,0.0,0.0,0.0,0.0,0.0,0.1374,0.1633,0.1306,0.1603,0.1386,0.1068,0.0843,0.0786,-0.0223,0.1476,0.8776
04245_01405,42.45,14.05,14280,122.6,20.6,271.6,50.5,5.29,1.0,0.0,0.0,0.0,0.0,0.0,0.0,0.1439,0.1099,0.0993,0.1986,0.1407,0.1004,0.0675,0.1397,-0.03,0.0846,0.6815
04245_01415,42.45,14.15,14280,64.3,0.0,207.7,46.6,4.51,1.0,0.0,0.0,0.0,0.0,0.0,0.0,0.1115,0.1599,0.1138,0.1533,0.1307,0.11,0.1098,0.1109,-0.0136,0.077,0.5942
04245_01425,42.45,14.25,14280,31.0,-0.3,202.3,49.3,2.49,1.0,0.0,0.0,0.0,0.0,0.0,0.0,0.1194,0.1449,0.1601,0.1909,0.046,0.0157,0.1054,0.2175,0.1961,0.1399,0.2891
04255_01005,42.55,10.05,14520,2.1,0.0,33.8,6.4,0.22,1.0,0.0,0.0,0.0,0.0,0.0,0.0,0.0969,0.1111,0.1017,0.1135,0.1726,0.1537,0.0875,0.1631,-0.073,-0.0467,0.0291
04255_01115,42.55,11.15,14280,20.2,-0.9,277.1,44.3,2.32,1.0,0.0,0.0,0.0,0.0,0.0,0.0,0.0684,0.1157,0.2057,0.0997,0.1247,0.1937,0.1328,0.0593,-0.1404,0.0421,0.2325
04255_01125,42.55,11.25,14400,23.0,-0.2,152.0,22.4,1.57,1.0,0.0,0.0,0.0,0.0,0.0,0.0,0.0507,0.125,0.1585,0.1453,0.083,0.2032,0.1689,0.0655,-0.1464,-0.0078,0.174
04255_01135,42.55,11.35,14400,68.4,8.3,239.3,41.7,3.88,1.0,0.0,0.0,0.0,0.0,0.0,0.0,0.0849,0.1131,0.1166,0.1178,0.1182,0.1563,0.1619,0.131,-0.0524,-0.0907,0.5103
04255_01145,42.55,11.45,14400,140.4,40.0,386.1,66.7,5.06,0.9662,0.0338,0.0,0.0,0.0,0.0,0.0,0.1054,0.0924,0.0881,0.1066,0.1075,0.1519,0.2049,0.1433,-0.0199,-0.1854,0.7072
04255_01155,42.55,11.55,14520,262.0,100.6,508.5,77.2,7.35,0.7021,0.2979,0.0,0.0,0.0,0.0,0.0,0.1099,0.1375,0.1321,0.1156,0.1312,0.1467,0.1215,0.1055,-0.0377,0.0125,0.8118
04255_01165,42.55,11.65,14280,233.1,87.8,360.7,48.7,3.84,0.8932,0.1068,0.0,0.0,0.0,0.0,0.0,0.0864,0.0467,0.0536,0.1685,0.1326,0.1065,0.1653,0.2404,-0.0381,-0.2151,0.4367
04255_01175,42.55,11.75,14400,375.9,223.3,537.6,57.2,4.25,0.1249,0.8751,0.0,0.0,0.0,0.0,0.0,0.081,0.0304,0.0377,0.1741,0.1755,0.1298,0.1908,0.1808,-0.1682,-0.2416,0.5581
04255_01185,42.55,11.85,14400,396.9,304.5,621.4,60.2,3.45,0.0,0.9991,0.0009,0.0,0.0,0.0,0.0,0.0764,0.1349,0.2631,0.1842,0.0654,0.0589,0.1148,0.1023,0.0084,0.2658,0.4555
04255_01195,42.55,11.95,14400,326.6,278.0,507.0,36.4,1.79,0.0024,0.9976,0.0,0.0,0.0,0.0,0.0,0.1181,0.0495,0.102,0.1322,0.0771,0.1275,0.2667,0.1269,-0.0155,-0.2227,0.2369
04255_01205,42.55,12.05,14520,444.8,306.4,637.3,64.0,4.17,0.0,0.9989,0.0011,0.0,0.0,0.0,0.0,0.0612,0.1013,0.1421,0.1612,0.1669,0.1242,0.1644,0.0788,-0.1881,0.0161,0.5308
04255_01215,42.55,12.15,14280,296.3,101.4,504.2,81.6,5.91,0.5206,0.4794,0.0,0.0,0.0,0.0,0.0,0.1134,0.1493,0.2026,0.1672,0.1398,0.103,0.0536,0.0711,-0.0653,0.2547,0.691
04255_01225,42.55,12.25,14400,129.3,52.0,379.1,55.7,4.78,0.9983,0.0017,0.0,0.0,0.0,0.0,0.0,0.1011,0.1073,0.1698,0.1513,0.0964,0.1006,0.1537,0.1199,-0.0124,0.0427,0.5023
04255_01235,42.55,12.35,14400,325.6,55.5,751.1,127.6,7.7,0.4364,0.5265,0.0372,0.0,0.0,0.0,0.0,0.0407,0.0877,0.1393,0.124,0.1235,0.2256,0.1866,0.0726,-0.2246,-0.1062,0.8297
04255_01245,42.55,12.45,14400,304.5,63.4,630.7,88.4,8.31,0.4834,0.5161,0.0005,0.0,0.0,0.0,0.0,0.0678,0.1018,0.1681,0.1512,0.13,0.1541,0.1316,0.0954,-0.141,0.0349,0.9153
04255_01255,42.55,12.55,14520,155.3,78.5,439.2,60.5,4.87,0.9575,0.0425,0.0,0.0,0.0,0.0,0.0,0.1432,0.1887,0.1559,0.0864,0.1304,0.1396,0.0885,0.0674,0.0354,0.1128,0.531
04255_01265,42.55,12.65,14280,266.6,106.5,908.8,157.4,7.89,0.7396,0.1887,0.0716,0.0001,0.0,0.0,0.0,0.1026,0.0775,0.0469,0.0686,0.1901,0.1699,0.162,0.1824,-0.0742,-0.2697,0.7334
04255_01275,42.55,12.75,14400,451.8,185.2,966.8,153.1,13.79,0.1369,0.7046,0.1527,0.0058,0.0,0.0,0.0,0.132,0.1227,0.1352,0.0958,0.0985,0.1229,0.1667,0.1263,0.056,-0.0566,0.8886
04255_01285,42.55,12.85,14400,899.4,305.5,1628.3,281.4,17.82,0.0,0.1776,0.3357,0.3082,0.1774,0.0011,0.0,0.0943,0.0488,0.03,0.1165,0.1697,0.2053,0.1866,0.1488,-0.165,-0.2982,0.9827
04255_01295,42.55,12.95,14400,1249.9,816.6,1837.1,270.7,16.99,0.0,0.0,0.0831,0.3576,0.4514,0.108,0.0,0.1401,0.2094,0.1308,0.0723,0.0994,0.0967,0.1441,0.1072,0.1515,0.0363,0.8667
04255_01305,42.55,13.05,14400,1186.8,639.2,2065.7,269.9,15.34,0.0,0.0,0.0927,0.5128,0.2976,0.0953,0.0015,0.1431,0.1369,0.078,0.1299,0.106,0.1229,0.1578,0.1253,0.0436,-0.0667,0.9373
04255_01315,42.55,13.15,14400,982.6,714.4,1815.3,205.1,13.57,0.0,0.0,0.3984,0.484,0.0953,0.0224,0.0,0.1151,0.1037,0.1378,0.1475,0.126,0.1074,0.1321,0.1305,-0.0286,0.0143,0.9404
04255_01325,42.55,13.25,14400,1023.7,799.4,1443.4,136.8,10.54,0.0,0.0,0.2273,0.6755,0.0972,0.0,0.0,0.1064,0.1086,0.1354,0.1161,0.0921,0.1617,0.1821,0.0977,-0.0339,-0.0739,0.8777
04255_01335,42.55,13.35,14400,1384.4,865.0,2301.8,195.7,11.81,0.0,0.0,0.0064,0.0995,0.8175,0.0538,0.0228,0.0955,0.1159,0.0789,0.0936,0.125,0.2319,0.1563,0.103,-0.1112,-0.176,0.8558
04255_01345,42.55,13.45,14400,1282.7,607.5,2144.1,302.2,19.63,0.0,0.0,0.0957,0.3365,0.4036,0.1503,0.0139,0.133,0.1225,0.197,0.1873,0.0902,0.0651,0.0875,0.1174,0.0359,0.206,0.9889
04255_01355,42.55,13.55,14400,960.4,296.8,1705.3,302.8,18.35,0.0003,0.1213,0.3389,0.2838,0.2451,0.0107,0.0,0.1516,0.1406,0.1362,0.105,0.0914,0.0824,0.131,0.1619,0.1473,0.0078,0.9925
04255_01365,42.55,13.65,14400,503.8,187.5,1636.8,253.6,11.32,0.1491,0.629,0.1226,0.073,0.026,0.0003,0.0,0.1432,0.1894,0.2064,0.183,0.0855,0.0333,0.0608,0.0983,0.1122,0.3271,0.9351
04255_01375,42.55,13.75,14400,408.2,172.7,740.9,109.7,11.81,0.1825,0.7828,0.0347,0.0,0.0,0.0,0.0,0.1261,0.1323,0.1355,0.0876,0.0592,0.1275,0.1695,0.1623,0.1217,-0.0837,0.9589
04255_01385,42.55,13.85,14400,338.8,118.2,697.0,102.4,11.51,0.3865,0.6053,0.0082,0.0,0.0,0.0,0.0,0.1686,0.1513,0.1241,0.1584,0.128,0.0821,0.0733,0.1143,0.0621,0.1374,0.9673
04255_01395,42.55,13.95,14400,224.7,78.7,474.2,72.6,10.3,0.8435,0.1565,0.0,0.0,0.0,0.0,0.0,0.1348,0.1618,0.1064,0.1015,0.1441,0.1401,0.1218,0.0894,-0.0015,0.0096,0.9231
04255_01405,42.55,14.05,14400,152.4,0.0,386.7,77.2,8.98,0.9642,0.0358,0.0,0.0,0.0,0.0,0.0,0.1902,0.1625,0.103,0.1332,0.1854,0.121,0.0534,0.0514,-0.0252,0.1401,0.8903
04255_01415,42.55,14.15,14400,11.1,0.0,197.8,27.0,1.03,1.0,0.0,0.0,0.0,0.0,0.0,0.0,0.0863,0.2892,0.1928,0.1917,0.1121,0.0297,0.0465,0.0516,0.0534,0.4526,0.1239
04265_01105,42.65,11.05,14520,26.8,-1.5,417.5,68.7,2.68,0.9812,0.0188,0.0,0.0,0.0,0.0,0.0,0.1275,0.1534,0.0965,0.0358,0.0423,0.2172,0.2468,0.0805,0.0695,-0.2326,0.202
04265_01115,42.65,11.15,14280,81.0,0.0,398.0,71.0,5.07,0.9912,0.0088,0.0,0.0,0.0,0.0,0.0,0.0939,0.153,0.162,0.0782,0.0686,0.1901,0.1599,0.0943,0.0117,-0.038,0.5648
04265_01125,42.65,11.25,14400,182.5,34.9,440.1,69.2,5.63,0.9579,0.0421,0.0,0.0,0.0,0.0,0.0,0.0626,0.1087,0.1442,0.1034,0.1203,0.1973,0.1989,0.0646,-0.1577,-0.0867,0.7981
04265_01135,42.65,11.35,14400,255.6,62.4,569.5,125.1,7.0,0.6538,0.3462,0.0,0.0,0.0,0.0,0.0,0.033,0.0897,0.2014,0.146,0.1271,0.2107,0.1527,0.0393,-0.2644,0.0409,0.8622
04265_01145,42.65,11.45,14400,187.9,62.6,479.4,75.5,5.53,0.9107,0.0893,0.0,0.0,0.0,0.0,0.0,0.0613,0.1166,0.153,0.1398,0.1139,0.1476,0.1729,0.0948,-0.112,-0.0108,0.7325
04265_01155,42.65,11.55,14520,274.6,126.8,575.5,81.3,6.26,0.6878,0.3122,0.0,0.0,0.0,0.0,0.0,0.0773,0.1024,0.1319,0.1192,0.1369,0.1377,0.1708,0.1239,-0.0842,-0.0675,0.7939
04265_01165,42.65,11.65,14280,301.2,168.0,531.2,57.4,5.45,0.5326,0.4674,0.0,0.0,0.0,0.0,0.0,0.069,0.03,0.0932,0.2007,0.1464,0.0905,0.1654,0.2048,-0.1237,-0.1257,0.595
04265_01175,42.65,11.75,14400,461.6,272.5,645.3,53.4,4.28,0.003,0.9863,0.0107,0.0,0.0,0.0,0.0,0.113,0.0858,0.0532,0.09,0.1443,0.1282,0.194,0.1915,0.0103,-0.2478,0.4976
04265_01185,42.65,11.85,14400,456.8,304.5,655.9,83.8,4.54,0.0,0.9759,0.0241,0.0,0.0,0.0,0.0,0.0575,0.1115,0.2926,0.182,0.0833,0.08,0.1102,0.0829,-0.0773,0.2825,0.6158
04265_01195,42.65,11.95,14400,389.0,304.5,688.2,111.7,2.75,0.0,0.9512,0.0488,0.0,0.0,0.0,0.0,0.0575,0.0585,0.0505,0.0758,0.2459,0.32,0.123,0.0687,-0.3878,-0.2613,0.3465
04265_01205,42.65,12.05,14520,523.2,305.3,640.3,53.3,4.16,0.0,0.9552,0.0448,0.0,0.0,0.0,0.0,0.1115,0.1276,0.1711,0.1463,0.0691,0.1169,0.1351,0.1223,0.0332,0.0658,0.5602
04265_01215,42.65,12.15,14280,303.5,92.0,519.6,93.4,8.37,0.5034,0.4966,0.0,0.0,0.0,0.0,0.0,0.1429,0.1958,0.1732,0.146,0.1142,0.0821,0.0519,0.0939,0.0722,0.2465,0.8146
04265_01225,42.65,12.25,14400,201.7,73.5,719.9,111.2,6.42,0.8485,0.1447,0.0068,0.0,0.0,0.0,0.0,0.0655,0.0719,0.096,0.0853,0.0838,0.212,0.2605,0.125,-0.0899,-0.3007,0.7107
04265_01235,42.65,12.35,14400,536.5,331.6,983.3,129.6,10.31,0.0,0.7076,0.2868,0.0056,0.0,0.0,0.0,0.0945,0.1472,0.2024,0.1015,0.0767,0.1654,0.1294,0.0829,-0.0102,0.0738,0.9135
04265_01245,42.65,12.45,14400,375.4,170.4,610.3,55.1,5.77,0.0412,0.9583,0.0006,0.0,0.0,0.0,0.0,0.1061,0.1387,0.1389,0.1639,0.1216,0.1085,0.1083,0.114,-0.0306,0.0897,0.7838
04265_01255,42.65,12.55,14520,433.6,153.8,1072.5,197.7,9.36,0.2659,0.4954,0.2167,0.022,0.0,0.0,0.0,0.0759,0.0846,0.106,0.1142,0.1116,0.1727,0.2139,0.1212,-0.0971,-0.1798,0.8706
04265_01265,42.65,12.65,14280,652.2,221.4,1115.7,178.3,16.22,0.0097,0.4141,0.4937,0.0824,0.0,0.0,0.0,0.1033,0.1472,0.1643,0.1076,0.103,0.1246,0.1608,0.0892,0.0036,0.0322,0.9758
04265_01275,42.65,12.75,14400,652.5,229.0,1326.6,226.7,17.03,0.0453,0.3976,0.4077,0.1407,0.0088,0.0,0.0,0.064,0.0974,0.1908,0.1248,0.1083,0.1299,0.1672,0.1177,-0.0819,0.007,0.9667
04265_01285,42.65,12.85,14400,919.1,245.0,1649.4,356.7,20.9,0.0383,0.2029,0.2026,0.3062,0.2485,0.0015,0.0,0.1348,0.1086,0.0626,0.0767,0.1054,0.1568,0.1965,0.1585,0.0569,-0.2307,0.9844
04265_01295,42.65,12.95,14400,1031.2,698.7,1577.1,167.4,14.25,0.0,0.0,0.2562,0.5692,0.1747,0.0,0.0,0.0769,0.1288,0.1813,0.1291,0.0999,0.106,0.1736,0.1045,-0.0293,0.0454,0.9463
04265_01305,42.65,13.05,14400,1133.4,696.8,1563.1,153.0,14.43,0.0,0.0,0.0442,0.5972,0.3586,0.0,0.0,0.1011,0.154,0.1203,0.1043,0.0756,0.1136,0.1948,0.1363,0.0743,-0.073,0.9068
04265_01315,42.65,13.15,14400,1331.3,841.9,1888.5,205.8,17.8,0.0,0.0,0.0117,0.2806,0.5967,0.1109,0.0,0.0926,0.1474,0.1459,0.143,0.0859,0.1441,0.1536,0.0875,-0.0329,0.0318,0.9812
04265_01325,42.65,13.25,14400,983.0,716.9,1468.2,112.6,11.23,0.0,0.0,0.2117,0.7409,0.0474,0.0,0.0,0.1005,0.1188,0.1807,0.1264,0.0825,0.112,0.1592,0.12,0.02,0.0328,0.9188
04265_01335,42.65,13.35,14400,1596.0,900.6,2438.4,395.1,19.22,0.0,0.0,0.0,0.2283,0.271,0.3088,0.1919,0.1371,0.0803,0.0507,0.067,0.0998,0.1928,0.2272,0.1451,0.0133,-0.3252,0.9919
04265_01345,42.65,13.45,14400,1410.7,746.4,2393.3,356.0,19.46,0.0,0.0,0.0278,0.3113,0.3772,0.1963,0.0874,0.1331,0.1638,0.1981,0.211,0.078,0.0491,0.0594,0.1075,0.0607,0.3003,0.9951
04265_01355,42.65,13.55,14400,875.1,432.6,1414.7,154.6,15.59,0.0,0.0381,0.514,0.429,0.0188,0.0,0.0,0.1256,0.1483,0.1263,0.1169,0.1346,0.1667,0.1101,0.0715,-0.0487,0.0338,0.9888
04265_01365,42.65,13.65,14400,527.5,217.3,1412.9,216.7,12.3,0.0524,0.7158,0.1537,0.0573,0.0208,0.0,0.0,0.0933,0.1251,0.1641,0.2261,0.1593,0.1125,0.0576,0.062,-0.1753,0.2389,0.9686
04265_01375,42.65,13.75,14400,251.0,115.2,526.2,76.1,8.28,0.7464,0.2536,0.0,0.0,0.0,0.0,0.0,0.1372,0.1547,0.1079,0.1696,0.1304,0.1082,0.0873,0.1048,-0.009,0.1018,0.8459
04265_01385,42.65,13.85,14400,197.3,53.4,482.9,86.8,8.18,0.8701,0.1299,0.0,0.0,0.0,0.0,0.0,0.1507,0.1638,0.1615,0.099,0.1001,0.1104,0.1045,0.11,0.0974,0.0912,0.8167
04265_01395,42.65,13.95,14400,112.9,2.7,298.1,58.3,5.95,1.0,0.0,0.0,0.0,0.0,0.0,0.0,0.1718,0.1237,0.1208,0.1449,0.1297,0.1112,0.0969,0.1012,0.0186,0.0608,0.7091
04265_01405,42.65,14.05,14400,18.6,0.0,198.2,35.7,1.87,1.0,0.0,0.0,0.0,0.0,0.0,0.0,0.2088,0.2088,0.1129,0.1331,0.1175,0.0571,0.0564,0.1054,0.1703,0.1948,0.2128
04275_01015,42.75,10.15,14399,224.4,0.0,993.1,251.0,11.73,0.6388,0.2593,0.0988,0.0031,0.0,0.0,0.0,0.1375,0.0684,0.0854,0.1111,0.1873,0.1447,0.1137,0.1519,-0.0805,-0.1074,0.6034
04275_01025,42.75,10.25,14520,78.1,-0.2,632.3,107.9,7.41,0.9552,0.0433,0.0015,0.0,0.0,0.0,0.0,0.1181,0.1349,0.1765,0.1324,0.147,0.0977,0.082,0.1114,-0.0241,0.1418,0.5477
04275_01035,42.75,10.35,14520,59.8,-1.0,496.3,89.1,6.02,0.9696,0.0304,0.0,0.0,0.0,0.0,0.0,0.1153,0.1198,0.1115,0.0948,0.123,0.1719,0.1546,0.109,-0.0366,-0.0927,0.5028
04275_01045,42.75,10.45,14520,26.5,-0.1,395.4,66.0,2.68,0.9871,0.0129,0.0,0.0,0.0,0.0,0.0,0.1249,0.1613,0.2004,0.1765,0.1423,0.106,0.0513,0.0373,-0.0779,0.2914,0.2216
04275_01075,42.75,10.75,14520,11.0,0.0,340.9,42.6,1.18,0.9972,0.0028,0.0,0.0,0.0,0.0,0.0,0.0605,0.0716,0.1882,0.1247,0.1587,0.2037,0.059,0.1336,-0.2032,0.0308,0.0933
04275_01085,42.75,10.85,14520,23.3,-0.4,383.3,56.8,2.3,0.9948,0.0052,0.0,0.0,0.0,0.0,0.0,0.0137,0.1116,0.1786,0.1257,0.1738,0.2109,0.1514,0.0343,-0.3079,0.0188,0.2006
04275_01095,42.75,10.95,14520,2.7,-2.5,84.3,6.4,0.43,1.0,0.0,0.0,0.0,0.0,0.0,0.0,0.0115,0.0423,0.1462,0.2846,0.2346,0.1769,0.0962,0.0077,-0.5227,0.1707,0.0179
04275_01105,42.75,11.05,14641,3.2,-1.0,20.0,2.4,0.21,1.0,0.0,0.0,0.0,0.0,0.0,0.0,0.0,0.0,0.0,0.0,0.0,0.0,0.0,0.0,0.0,0.0,0.0
04275_01115,42.75,11.15,14399,33.4,3.8,197.5,33.2,2.21,1.0,0.0,0.0,0.0,0.0,0.0,0.0,0.1118,0.1311,0.0795,0.0668,0.083,0.1848,0.2206,0.1224,0.0185,-0.2263,0.2962
04275_01125,42.75,11.25,14520,139.1,13.0,457.0,88.4,5.55,0.9355,0.0645,0.0,0.0,0.0,0.0,0.0,0.1289,0.1611,0.0868,0.0327,0.0434,0.1654,0.2465,0.1351,0.1579,-0.243,0.7552
04275_01135,42.75,11.35,14520,347.3,72.4,648.0,130.5,8.29,0.3575,0.6342,0.0083,0.0,0.0,0.0,0.0,0.1413,0.1524,0.0961,0.0629,0.0824,0.1101,0.1697,0.1851,0.1814,-0.1352,0.9112
04275_01145,42.75,11.45,14520,479.1,204.5,807.9,113.3,9.05,0.0715,0.7893,0.1393,0.0,0.0,0.0,0.0,0.0778,0.1163,0.1542,0.13,0.1396,0.1898,0.1172,0.0751,-0.1586,0.021,0.955
04275_01155,42.75,11.55,14641,537.0,207.4,918.2,134.6,9.77,0.0314,0.6464,0.3213,0.001,0.0,0.0,0.0,0.0473,0.1168,0.1686,0.1008,0.1395,0.2065,0.1498,0.0706,-0.185,-0.0242,0.9729
04275_01165,42.75,11.65,14399,635.1,252.0,1092.3,194.9,9.96,0.0385,0.3863,0.5107,0.0646,0.0,0.0,0.0,0.0796,0.0773,0.0873,0.1453,0.1542,0.1864,0.1688,0.101,-0.1856,-0.1297,0.9544
04275_01175,42.75,11.75,14520,462.7,272.7,818.5,91.4,5.93,0.0216,0.89,0.0884,0.0,0.0,0.0,0.0,0.1126,0.1819,0.223,0.1598,0.0929,0.0679,0.0787,0.0832,0.0415,0.287,0.7292
04275_01185,42.75,11.85,14520,399.2,237.4,738.0,87.3,5.64,0.1879,0.7914,0.0207,0.0,0.0,0.0,0.0,0.1209,0.1011,0.1696,0.096,0.0673,0.1454,0.1798,0.1198,0.0373,-0.0555,0.6238
04275_01195,42.75,11.95,14520,456.3,171.5,696.8,109.5,7.13,0.1366,0.8454,0.018,0.0,0.0,0.0,0.0,0.1233,0.155,0.1261,0.1023,0.12,0.1455,0.1061,0.1217,0.0227,0.0142,0.6793
04275_01205,42.75,12.05,14641,282.2,119.0,566.3,123.2,6.72,0.6459,0.3541,0.0,0.0,0.0,0.0,0.0,0.1505,0.22,0.1862,0.0971,0.0862,0.1019,0.0734,0.0846,0.1386,0.2106,0.7232
04275_01215,42.75,12.15,14399,285.1,97.9,701.3,135.6,7.99,0.5927,0.3893,0.018,0.0,0.0,0.0,0.0,0.0604,0.0805,0.0719,0.1243,0.1416,0.199,0.2261,0.0961,-0.1928,-0.2259,0.8424
04275_01225,42.75,12.25,14520,376.3,96.0,741.8,153.3,9.62,0.349,0.5913,0.0598,0.0,0.0,0.0,0.0,0.0506,0.0617,0.1738,0.1512,0.1421,0.1788,0.1615,0.0804,-0.2312,-0.0226,0.8765
04275_01235,42.75,12.35,14520,357.0,131.5,756.7,134.2,9.09,0.376,0.6045,0.0194,0.0,0.0,0.0,0.0,0.1213,0.1606,0.1605,0.1369,0.1077,0.0908,0.1064,0.1158,0.0536,0.117,0.9395
04275_01245,42.75,12.45,14520,265.2,137.5,500.4,63.8,7.15,0.7236,0.2764,0.0,0.0,0.0,0.0,0.0,0.0996,0.1814,0.115,0.0857,0.1092,0.1358,0.1656,0.1076,0.0363,-0.0323,0.8824
04275_01255,42.75,12.55,14641,507.1,201.0,1108.0,247.1,9.8,0.269,0.3783,0.2544,0.0982,0.0,0.0,0.0,0.0529,0.0758,0.1189,0.0877,0.0977,0.2373,0.2454,0.0842,-0.1683,-0.2425,0.8757
04275_01265,42.75,12.65,14399,429.9,256.6,1005.8,131.1,9.03,0.0471,0.8417,0.0998,0.0114,0.0,0.0,0.0,0.1228,0.1597,0.2112,0.1468,0.0973,0.0676,0.0793,0.1153,0.0714,0.2263,0.8578
04275_01275,42.75,12.75,14520,458.1,237.0,1140.0,210.7,9.09,0.3346,0.4142,0.2129,0.0384,0.0,0.0,0.0,0.1547,0.1274,0.0929,0.0709,0.0408,0.098,0.1966,0.2188,0.2454,-0.1921,0.6687
04275_01285,42.75,12.85,14520,785.0,276.5,1677.0,304.1,19.82,0.0214,0.2847,0.3573,0.2512,0.0784,0.007,0.0,0.0972,0.0783,0.1615,0.1069,0.0806,0.137,0.2101,0.1284,-0.0058,-0.1149,0.984
04275_01295,42.75,12.95,14520,944.0,391.6,1587.5,211.2,19.53,0.0,0.0626,0.3444,0.4851,0.1079,0.0,0.0,0.1088,0.1795,0.2149,0.1124,0.075,0.0784,0.155,0.076,0.0759,0.1649,0.9782
04275_01305,42.75,13.05,14520,833.1,491.3,1290.5,165.6,13.66,0.0,0.0862,0.5509,0.3565,0.0063,0.0,0.0,0.1565,0.1403,0.0756,0.0732,0.1353,0.1762,0.1266,0.1163,0.026,-0.1078,0.9093
04275_01315,42.75,13.15,14520,1125.4,591.8,1799.8,326.5,13.96,0.0,0.0014,0.3286,0.2168,0.3708,0.0824,0.0,0.1084,0.1137,0.0942,0.0445,0.0656,0.2068,0.2337,0.1331,0.0357,-0.2749,0.8266
04275_01325,42.75,13.25,14520,1178.1,624.8,1782.3,281.9,16.49,0.0,0.0,0.227,0.2569,0.4785,0.0376,0.0,0.0971,0.1033,0.168,0.2027,0.0971,0.0872,0.114,0.1307,-0.0418,0.1221,0.9625
04275_01335,42.75,13.35,14520,1073.9,390.9,2040.2,331.6,20.91,0.0,0.0632,0.271,0.3322,0.257,0.076,0.0006,0.1726,0.1559,0.0868,0.0927,0.1028,0.1032,0.1139,0.1721,0.1709,-0.0429,0.9959
04275_01345,42.75,13.45,14520,789.8,260.0,1668.7,260.8,18.59,0.0076,0.2463,0.4144,0.2665,0.0641,0.001,0.0,0.1708,0.1435,0.1399,0.1325,0.067,0.0684,0.1231,0.1548,0.1808,0.0562,0.9917
04275_01355,42.75,13.55,14520,975.6,313.1,1797.2,277.7,17.74,0.0,0.0826,0.3448,0.3653,0.1844,0.0229,0.0,0.1255,0.1134,0.0837,0.0675,0.0664,0.147,0.2287,0.1679,0.1055,-0.2481,0.9921
04275_01365,42.75,13.65,14520,647.5,224.2,1802.5,310.5,14.16,0.0274,0.588,0.197,0.1017,0.0772,0.0087,0.0,0.1269,0.2067,0.2819,0.1602,0.0609,0.0404,0.0413,0.0817,0.1304,0.4243,0.9512
04275_01375,42.75,13.75,14520,229.4,91.8,537.9,76.7,6.69,0.8293,0.1707,0.0,0.0,0.0,0.0,0.0,0.1432,0.158,0.15,0.1492,0.1306,0.0932,0.085,0.0908,0.0164,0.1529,0.8326
04275_01385,42.75,13.85,14520,149.0,23.5,380.4,62.4,6.49,0.9798,0.0202,0.0,0.0,0.0,0.0,0.0,0.1249,0.1435,0.1242,0.1251,0.1429,0.1456,0.1144,0.0794,-0.0586,0.0406,0.7902
04275_01395,42.75,13.95,14520,47.5,0.0,244.8,51.6,2.88,1.0,0.0,0.0,0.0,0.0,0.0,0.0,0.1517,0.1778,0.1647,0.119,0.1301,0.1229,0.0639,0.0699,0.0329,0.1819,0.3479
04285_01015,42.85,10.15,14280,5.7,-0.0,406.4,29.0,0.94,0.9993,0.0007,0.0,0.0,0.0,0.0,0.0,0.4009,0.1857,0.0997,0.0408,0.0011,0.0011,0.0374,0.2333,0.6955,0.045,0.0618
04285_01025,42.85,10.25,14400,7.2,0.0,257.1,29.9,1.05,1.0,0.0,0.0,0.0,0.0,0.0,0.0,0.1414,0.2036,0.0977,0.0598,0.0533,0.1018,0.1632,0.1793,0.242,-0.0744,0.086
04285_01035,42.85,10.35,14400,20.8,-0.7,450.7,64.0,2.43,0.9835,0.0165,0.0,0.0,0.0,0.0,0.0,0.1686,0.0812,0.0949,0.0514,0.0841,0.1392,0.2117,0.169,0.1242,-0.2532,0.1676
04285_01045,42.85,10.45,14400,28.8,0.0,406.6,66.9,2.88,0.9889,0.0111,0.0,0.0,0.0,0.0,0.0,0.1183,0.1557,0.2535,0.1551,0.0875,0.051,0.0706,0.1083,0.0671,0.303,0.2301
04285_01075,42.85,10.75,14400,21.4,-1.0,310.7,51.0,2.2,0.9997,0.0003,0.0,0.0,0.0,0.0,0.0,0.1087,0.0746,0.1013,0.0854,0.0811,0.1041,0.195,0.2499,0.1329,-0.229,0.2262
04285_01085,42.85,10.85,14400,217.5,-0.1,621.1,136.4,11.84,0.7169,0.2822,0.0008,0.0,0.0,0.0,0.0,0.0875,0.1052,0.113,0.1043,0.1275,0.1539,0.1684,0.1403,-0.0486,-0.1173,0.9172
04285_01095,42.85,10.95,14400,124.5,0.5,535.5,94.0,8.14,0.946,0.054,0.0,0.0,0.0,0.0,0.0,0.0947,0.1374,0.2099,0.1747,0.1257,0.0918,0.0906,0.0751,-0.0716,0.2269,0.8069
04285_01105,42.85,11.05,14520,16.2,-0.6,216.2,27.8,1.29,1.0,0.0,0.0,0.0,0.0,0.0,0.0,0.0551,0.1085,0.2328,0.1613,0.0587,0.0827,0.2352,0.0657,-0.0507,0.0963,0.1174
04285_01115,42.85,11.15,14280,134.3,7.7,551.8,100.2,6.27,0.9305,0.0695,0.0,0.0,0.0,0.0,0.0,0.0617,0.0607,0.0987,0.1564,0.1563,0.1779,0.1833,0.1052,-0.2132,-0.1392,0.6552
04285_01125,42.85,11.25,14400,102.9,18.5,446.3,62.7,5.3,0.9909,0.0091,0.0,0.0,0.0,0.0,0.0,0.0793,0.1273,0.194,0.1198,0.132,0.1762,0.0972,0.0741,-0.1212,0.096,0.6809
04285_01135,42.85,11.35,14400,177.5,30.5,356.3,70.1,6.47,0.9748,0.0252,0.0,0.0,0.0,0.0,0.0,0.1138,0.1056,0.1039,0.105,0.0916,0.1676,0.18,0.1326,-0.0059,-0.1446,0.8119
04285_01145,42.85,11.45,14400,564.3,167.3,1157.3,248.6,9.72,0.1765,0.421,0.2581,0.1443,0.0,0.0,0.0,0.123,0.0705,0.0471,0.0461,0.0824,0.1514,0.2815,0.1981,0.0936,-0.4082,0.9657
04285_01155,42.85,11.55,14520,829.0,423.1,1574.5,193.3,10.21,0.0,0.1175,0.5537,0.2827,0.0461,0.0,0.0,0.1038,0.1305,0.1251,0.0964,0.0969,0.148,0.1441,0.1551,0.0388,-0.0788,0.9649
04285_01165,42.85,11.65,14280,893.6,398.0,1726.7,269.3,10.31,0.0,0.1097,0.4753,0.2646,0.141,0.0094,0.0,0.0795,0.1315,0.2336,0.1866,0.1436,0.1059,0.0721,0.0471,-0.1475,0.2868,0.9672
04285_01175,42.85,11.75,14400,433.9,272.8,886.7,107.6,7.56,0.0478,0.8638,0.0883,0.0,0.0,0.0,0.0,0.0688,0.1216,0.1865,0.1632,0.1567,0.1457,0.0931,0.0644,-0.1751,0.1553,0.8272
04285_01185,42.85,11.85,14400,483.0,272.2,775.8,103.6,8.76,0.018,0.8322,0.1499,0.0,0.0,0.0,0.0,0.088,0.0348,0.099,0.1416,0.0994,0.1425,0.2141,0.1805,-0.0641,-0.2218,0.9331
04285_01195,42.85,11.95,14400,451.4,227.5,818.3,148.6,7.88,0.1444,0.649,0.2067,0.0,0.0,0.0,0.0,0.1471,0.2095,0.216,0.165,0.0992,0.0606,0.0362,0.0665,0.0849,0.3593,0.9185
04285_01205,42.85,12.05,14520,313.4,174.8,554.1,80.8,7.76,0.5395,0.4605,0.0,0.0,0.0,0.0,0.0,0.0781,0.1219,0.1274,0.1136,0.0997,0.1568,0.2064,0.0962,-0.0603,-0.0966,0.7903
04285_01215,42.85,12.15,14280,450.1,167.2,692.8,94.9,9.06,0.0909,0.8855,0.0236,0.0,0.0,0.0,0.0,0.0765,0.0958,0.1235,0.0969,0.1136,0.1537,0.2166,0.1235,-0.0582,-0.1538,0.9239
04285_01225,42.85,12.25,14400,493.7,213.3,834.3,118.6,8.95,0.0281,0.7659,0.206,0.0,0.0,0.0,0.0,0.1038,0.1373,0.2175,0.1212,0.0715,0.0791,0.1365,0.1333,0.0864,0.1156,0.9475
04285_01235,42.85,12.35,14400,277.0,138.5,636.3,115.2,6.02,0.6017,0.3945,0.0038,0.0,0.0,0.0,0.0,0.1258,0.2327,0.2008,0.1288,0.0798,0.0389,0.1054,0.0877,0.1592,0.2687,0.6791
04285_01245,42.85,12.45,14400,312.5,138.0,632.3,106.7,7.66,0.5154,0.48,0.0046,0.0,0.0,0.0,0.0,0.0973,0.0605,0.0532,0.1117,0.1331,0.1641,0.201,0.1791,-0.0607,-0.2786,0.8652
04285_01255,42.85,12.55,14520,455.1,247.8,1089.4,165.5,7.37,0.1094,0.716,0.1525,0.022,0.0,0.0,0.0,0.1437,0.203,0.15,0.0617,0.0613,0.0981,0.1414,0.1409,0.2196,0.0314,0.8351
04285_01265,42.85,12.65,14280,316.1,208.5,624.6,69.1,4.73,0.4108,0.5882,0.0011,0.0,0.0,0.0,0.0,0.1233,0.1409,0.217,0.1677,0.1245,0.0611,0.0546,0.111,0.0122,0.264,0.6077
04285_01275,42.85,12.75,14400,415.0,208.1,1417.5,298.8,7.67,0.6036,0.1853,0.1042,0.0724,0.0344,0.0,0.0,0.0213,0.008,0.0143,0.0275,0.0763,0.2463,0.4456,0.1606,-0.1214,-0.7065,0.4795
04285_01285,42.85,12.85,14400,955.3,342.9,1420.9,203.8,16.66,0.0,0.0524,0.3545,0.4788,0.1142,0.0,0.0,0.0877,0.1087,0.1937,0.1891,0.0655,0.0749,0.1437,0.1367,0.0065,0.1114,0.9703
04285_01295,42.85,12.95,14400,759.4,346.2,1396.3,239.8,19.49,0.0,0.292,0.4502,0.1972,0.0606,0.0,0.0,0.0729,0.0876,0.1766,0.1613,0.0689,0.0857,0.1821,0.1648,0.0088,-0.0068,0.9825
04285_01305,42.85,13.05,14400,934.8,460.2,1454.9,218.1,14.78,0.0,0.0797,0.3495,0.4563,0.1145,0.0,0.0,0.1012,0.1766,0.1184,0.0803,0.1091,0.1589,0.1461,0.1094,0.0244,-0.0405,0.9645
04285_01315,42.85,13.15,14400,1323.7,688.0,1929.0,285.1,20.3,0.0,0.0,0.1011,0.2195,0.4893,0.1901,0.0,0.1122,0.115,0.1085,0.0809,0.1034,0.1399,0.2143,0.1259,0.022,-0.16,0.9778
04285_01325,42.85,13.25,14400,1606.2,800.4,2467.5,324.7,23.28,0.0,0.0,0.0066,0.0749,0.4382,0.3415,0.1388,0.0588,0.0971,0.1727,0.1715,0.0818,0.1229,0.1979,0.0974,-0.0916,0.0087,0.9231
04285_01335,42.85,13.35,14400,880.6,436.2,1475.9,196.4,16.93,0.0,0.0518,0.5506,0.319,0.0786,0.0,0.0,0.1172,0.1372,0.177,0.1717,0.0878,0.0809,0.0737,0.1544,0.0538,0.1611,0.9897
04285_01345,42.85,13.45,14400,509.6,217.5,973.4,134.5,13.95,0.0565,0.6708,0.2699,0.0028,0.0,0.0,0.0,0.1014,0.1242,0.1789,0.1627,0.1278,0.1466,0.0865,0.0719,-0.1095,0.1461,0.9769
04285_01355,42.85,13.55,14400,403.0,112.0,1122.4,200.2,13.18,0.3315,0.5219,0.108,0.0387,0.0,0.0,0.0,0.1479,0.1366,0.1132,0.14,0.0925,0.075,0.1437,0.1511,0.1068,-0.0004,0.954
04285_01365,42.85,13.65,14400,227.1,59.4,695.3,106.2,7.74,0.7875,0.2078,0.0047,0.0,0.0,0.0,0.0,0.17,0.1866,0.1525,0.1084,0.1083,0.0938,0.0994,0.081,0.1118,0.1462,0.8015
04285_01375,42.85,13.75,14400,151.1,21.1,322.4,75.6,5.49,0.9949,0.0051,0.0,0.0,0.0,0.0,0.0,0.1401,0.1206,0.1408,0.1086,0.1429,0.149,0.1198,0.0782,-0.0442,0.0142,0.6544
04285_01385,42.85,13.85,14400,104.2,2.0,317.3,65.5,4.84,0.9997,0.0003,0.0,0.0,0.0,0.0,0.0,0.143,0.1122,0.1365,0.1426,0.1475,0.1497,0.0602,0.1083,-0.0597,0.0739,0.5908
04285_01395,42.85,13.95,14400,11.9,-0.1,260.1,35.7,1.05,1.0,0.0,0.0,0.0,0.0,0.0,0.0,0.1733,0.1653,0.3882,0.0796,0.0753,0.0312,0.0171,0.0698,0.2142,0.4889,0.1134
04295_01045,42.95,10.45,14280,7.9,0.0,282.0,34.3,1.02,1.0,0.0,0.0,0.0,0.0,0.0,0.0,0.073,0.0453,0.0527,0.0157,0.0647,0.2625,0.3346,0.1516,-0.0403,-0.5408,0.0758
04295_01055,42.95,10.55,14399,19.6,-3.0,263.7,42.1,1.88,1.0,0.0,0.0,0.0,0.0,0.0,0.0,0.0974,0.2066,0.1861,0.1801,0.1063,0.1152,0.0725,0.0358,-0.0542,0.2838,0.2097
04295_01065,42.95,10.65,14161,6.6,-4.0,175.9,16.7,0.58,1.0,0.0,0.0,0.0,0.0,0.0,0.0,0.0883,0.0242,0.0036,0.0302,0.1802,0.2128,0.3011,0.1596,-0.1374,-0.5274,0.0584
04295_01075,42.95,10.75,14280,66.6,-1.0,303.3,69.5,4.06,0.9999,0.0001,0.0,0.0,0.0,0.0,0.0,0.0534,0.1137,0.166,0.1593,0.1343,0.1782,0.1315,0.0636,-0.1928,0.0594,0.4892
04295_01085,42.95,10.85,14280,78.9,-1.5,500.0,79.9,4.05,0.9814,0.0186,0.0,0.0,0.0,0.0,0.0,0.1403,0.0848,0.0519,0.0826,0.1032,0.1596,0.2058,0.1718,0.052,-0.272,0.4154
04295_01095,42.95,10.95,14280,113.0,22.7,465.0,69.2,6.04,0.9726,0.0274,0.0,0.0,0.0,0.0,0.0,0.1165,0.1357,0.1667,0.1451,0.136,0.1099,0.0957,0.0944,-0.0393,0.1268,0.6534
04295_01105,42.95,11.05,14399,66.1,-40.5,334.5,49.9,2.85,0.9986,0.0014,0.0,0.0,0.0,0.0,0.0,0.0234,0.0594,0.144,0.1857,0.1643,0.1749,0.1777,0.0707,-0.3116,-0.0315,0.3145
04295_01115,42.95,11.15,14161,166.6,28.0,611.1,97.3,6.15,0.9048,0.0949,0.0003,0.0,0.0,0.0,0.0,0.0942,0.0964,0.1024,0.1191,0.1334,0.1391,0.1582,0.1572,-0.0425,-0.1184,0.6788
04295_01125,42.95,11.25,14280,134.2,45.0,362.1,45.7,5.18,0.9977,0.0023,0.0,0.0,0.0,0.0,0.0,0.0951,0.1335,0.1788,0.1259,0.1026,0.1254,0.1308,0.1079,-0.0144,0.0682,0.7109
04295_01135,42.95,11.35,14280,138.8,52.0,362.3,57.2,4.85,0.9737,0.0263,0.0,0.0,0.0,0.0,0.0,0.1283,0.1367,0.15,0.0723,0.0877,0.1507,0.1733,0.101,0.051,-0.0561,0.6413
04295_01145,42.95,11.45,14280,230.3,88.9,625.7,96.7,5.93,0.7881,0.2114,0.0005,0.0,0.0,0.0,0.0,0.132,0.0986,0.0989,0.0955,0.1005,0.1194,0.2008,0.1543,0.0587,-0.1654,0.7732
04295_01155,42.95,11.55,14399,408.6,138.6,1174.5,176.9,9.0,0.3273,0.5373,0.1192,0.0161,0.0,0.0,0.0,0.1446,0.0481,0.072,0.0604,0.0858,0.1008,0.2149,0.2736,0.1774,-0.3445,0.9457
04295_01165,42.95,11.65,14161,677.3,297.6,1410.4,257.7,9.04,0.0008,0.4433,0.3443,0.1768,0.0349,0.0,0.0,0.2807,0.1878,0.1308,0.1078,0.0437,0.0228,0.0723,0.1541,0.3968,0.1514,0.9429
04295_01175,42.95,11.75,14280,463.7,306.2,829.2,107.0,7.23,0.0,0.879,0.121,0.0,0.0,0.0,0.0,0.1403,0.1569,0.1752,0.097,0.0433,0.0697,0.1547,0.1629,0.212,0.0364,0.8473
04295_01185,42.95,11.85,14280,602.0,292.2,1136.9,139.5,9.88,0.0004,0.5006,0.4725,0.0264,0.0,0.0,0.0,0.0722,0.1644,0.1638,0.1086,0.0701,0.1389,0.2015,0.0806,-0.0082,-0.0004,0.9276
04295_01195,42.95,11.95,14280,302.0,239.7,587.6,55.9,4.64,0.5791,0.4209,0.0,0.0,0.0,0.0,0.0,0.1148,0.1578,0.1834,0.1108,0.0778,0.1064,0.1523,0.0967,0.0623,0.0805,0.6354
04295_01205,42.95,12.05,14399,406.7,238.1,679.2,78.4,6.39,0.1041,0.8901,0.0058,0.0,0.0,0.0,0.0,0.1017,0.0903,0.1173,0.133,0.1153,0.1333,0.1648,0.1444,-0.0346,-0.086,0.841
04295_01215,42.95,12.15,14161,456.0,220.9,856.9,127.1,8.55,0.1515,0.7234,0.1251,0.0,0.0,0.0,0.0,0.1278,0.141,0.1633,0.1121,0.0838,0.1116,0.1421,0.1183,0.0722,0.0377,0.8887
04295_01225,42.95,12.25,14280,316.0,178.4,615.2,100.0,7.94,0.5332,0.4646,0.0022,0.0,0.0,0.0,0.0,0.1214,0.1402,0.1842,0.1249,0.0907,0.0914,0.1243,0.1228,0.0684,0.1004,0.8461
04295_01235,42.95,12.35,14280,204.6,135.5,382.4,43.1,3.21,0.9814,0.0186,0.0,0.0,0.0,0.0,0.0,0.1033,0.1394,0.153,0.127,0.1142,0.1301,0.1403,0.0926,-0.0287,0.0445,0.4521
04295_01245,42.95,12.45,14280,326.0,154.5,642.9,114.7,9.28,0.4868,0.5029,0.0103,0.0,0.0,0.0,0.0,0.1069,0.0834,0.0945,0.1017,0.0961,0.1525,0.2242,0.1407,-0.0103,-0.21,0.8807
04295_01255,42.95,12.55,14399,346.9,188.4,718.5,120.4,8.1,0.3998,0.57,0.0301,0.0,0.0,0.0,0.0,0.1034,0.2087,0.1999,0.0984,0.0819,0.135,0.1204,0.0523,0.043,0.17,0.7845
04295_01265,42.95,12.65,14161,220.5,189.0,399.1,32.6,1.61,0.9551,0.0449,0.0,0.0,0.0,0.0,0.0,0.1285,0.2929,0.1587,0.0534,0.0269,0.0747,0.1444,0.1204,0.2993,0.1268,0.1731
04295_01275,42.95,12.75,14280,501.4,205.4,1122.4,253.0,11.1,0.325,0.3291,0.2599,0.0859,0.0,0.0,0.0,0.0884,0.0365,0.0369,0.0875,0.1381,0.1906,0.2132,0.2088,-0.0744,-0.3905,0.7489
04295_01285,42.95,12.85,14280,864.9,506.9,1288.6,151.6,13.93,0.0,0.0354,0.5689,0.3778,0.0179,0.0,0.0,0.0871,0.1092,0.1648,0.1166,0.0678,0.1177,0.1823,0.1546,0.038,-0.0521,0.96
04295_01295,42.95,12.95,14280,988.6,514.8,1496.6,187.4,15.91,0.0,0.0047,0.3773,0.4539,0.1641,0.0,0.0,0.08,0.1043,0.156,0.1328,0.1004,0.1697,0.1739,0.0829,-0.1028,-0.0296,0.9658
04295_01305,42.95,13.05,14280,974.9,480.0,1572.7,247.9,19.66,0.0,0.0368,0.3849,0.3628,0.2155,0.0,0.0,0.0785,0.1304,0.1793,0.1053,0.0635,0.1179,0.1725,0.1525,0.0655,-0.021,0.9852
04295_01315,42.95,13.15,14280,1236.6,636.4,2144.1,312.1,21.83,0.0,0.0,0.13,0.3924,0.3333,0.1321,0.0123,0.157,0.1238,0.0481,0.0541,0.1235,0.1848,0.1702,0.1385,0.0499,-0.2313,0.9881
04295_01325,42.95,13.25,14280,1413.7,613.8,2314.4,356.2,26.41,0.0,0.0,0.0901,0.2076,0.3599,0.3031,0.0393,0.1695,0.1863,0.145,0.1384,0.1084,0.0474,0.074,0.131,0.1528,0.1775,0.9971
04295_01335,42.95,13.35,14280,650.1,367.1,1230.4,137.7,11.57,0.0,0.4009,0.5433,0.055,0.0008,0.0,0.0,0.1201,0.1545,0.212,0.1281,0.0664,0.0717,0.1145,0.1327,0.1225,0.1584,0.9618
04295_01345,42.95,13.45,14280,570.4,312.2,891.4,101.4,11.65,0.0,0.6015,0.3985,0.0,0.0,0.0,0.0,0.1026,0.111,0.1652,0.1228,0.097,0.1018,0.1561,0.1435,0.0287,0.002,0.9679
04295_01355,42.95,13.55,14280,474.9,212.4,1089.9,140.5,11.62,0.0756,0.7576,0.154,0.0128,0.0,0.0,0.0,0.1464,0.1434,0.1387,0.1594,0.0935,0.0728,0.106,0.1398,0.0878,0.0965,0.95
04295_01365,42.95,13.65,14280,296.4,113.4,553.6,81.0,9.48,0.5363,0.4637,0.0,0.0,0.0,0.0,0.0,0.1181,0.1673,0.1375,0.1351,0.1219,0.126,0.1148,0.0793,-0.0158,0.093,0.9464
04295_01375,42.95,13.75,14280,195.7,54.4,502.5,72.4,8.89,0.9241,0.0759,0.0,0.0,0.0,0.0,0.0,0.1026,0.1028,0.149,0.1451,0.1212,0.1429,0.1448,0.0918,-0.0854,0.0131,0.937
04295_01385,42.95,13.85,14280,103.7,0.0,363.1,85.5,6.42,0.9871,0.0129,0.0,0.0,0.0,0.0,0.0,0.1935,0.1283,0.1306,0.1514,0.2418,0.0943,0.0327,0.0275,-0.112,0.217,0.6988
04305_00985,43.05,9.85,14280,38.0,-0.3,423.7,87.1,3.72,0.9674,0.0326,0.0,0.0,0.0,0.0,0.0,0.0685,0.1336,0.2244,0.1827,0.0985,0.042,0.1324,0.1179,-0.0093,0.2107,0.2269
04305_01055,43.05,10.55,14520,31.6,-1.4,385.1,58.3,2.11,0.9932,0.0068,0.0,0.0,0.0,0.0,0.0,0.0853,0.0275,0.0222,0.0472,0.1629,0.2246,0.2768,0.1534,-0.1418,-0.4789,0.1953
04305_01065,43.05,10.65,14280,99.3,4.2,637.5,119.0,4.85,0.9239,0.0744,0.0016,0.0,0.0,0.0,0.0,0.0635,0.0608,0.1722,0.203,0.1813,0.148,0.0988,0.0724,-0.2796,0.1022,0.4457
04305_01075,43.05,10.75,14400,126.0,26.5,362.0,62.9,6.14,0.9873,0.0127,0.0,0.0,0.0,0.0,0.0,0.1087,0.0872,0.0952,0.122,0.1177,0.1486,0.1817,0.1388,-0.0432,-0.1426,0.7738
04305_01085,43.05,10.85,14400,234.4,49.0,557.9,92.0,6.82,0.7546,0.2454,0.0,0.0,0.0,0.0,0.0,0.088,0.0824,0.0943,0.125,0.1421,0.1362,0.1987,0.1333,-0.0885,-0.1546,0.7839
04305_01095,43.05,10.95,14400,338.4,67.5,852.0,152.5,8.39,0.4486,0.4942,0.0572,0.0,0.0,0.0,0.0,0.0447,0.0639,0.1424,0.1503,0.1593,0.2045,0.1749,0.0599,-0.2859,-0.0703,0.8538
04305_01105,43.05,11.05,14520,448.4,120.9,793.9,117.2,9.25,0.1518,0.7926,0.0556,0.0,0.0,0.0,0.0,0.0774,0.0884,0.1123,0.1608,0.1686,0.1641,0.14,0.0885,-0.2013,-0.0305,0.9374
04305_01115,43.05,11.15,14280,413.9,147.8,798.4,102.0,9.27,0.1204,0.8303,0.0493,0.0,0.0,0.0,0.0,0.0822,0.1269,0.1992,0.1523,0.1393,0.1155,0.1068,0.0778,-0.1023,0.1585,0.9564
04305_01125,43.05,11.25,14400,318.9,123.1,604.2,100.6,9.37,0.431,0.5688,0.0001,0.0,0.0,0.0,0.0,0.081,0.1322,0.1331,0.1309,0.1561,0.2031,0.1127,0.0509,-0.1838,0.0273,0.896
04305_01135,43.05,11.35,14400,214.8,81.0,521.1,87.6,7.14,0.8184,0.1816,0.0,0.0,0.0,0.0,0.0,0.091,0.1126,0.1643,0.1254,0.1125,0.1161,0.1796,0.0985,-0.0429,0.0007,0.8203
04305_01145,43.05,11.45,14400,351.7,137.1,661.5,125.5,7.15,0.4025,0.572,0.0255,0.0,0.0,0.0,0.0,0.1172,0.124,0.1178,0.0835,0.0834,0.1456,0.1812,0.1472,0.0658,-0.1252,0.8822
04305_01155,43.05,11.55,14520,322.2,155.2,593.0,83.5,7.29,0.487,0.513,0.0,0.0,0.0,0.0,0.0,0.1138,0.1441,0.1366,0.1088,0.0915,0.096,0.1525,0.1567,0.0929,-0.0151,0.8713
04305_01165,43.05,11.65,14280,333.6,231.7,608.6,58.7,4.79,0.3362,0.6635,0.0003,0.0,0.0,0.0,0.0,0.1342,0.1219,0.1675,0.1219,0.0964,0.1043,0.1163,0.1375,0.0629,0.053,0.6576
04305_01175,43.05,11.75,14400,462.7,276.8,716.9,101.7,6.96,0.04,0.8577,0.1023,0.0,0.0,0.0,0.0,0.103,0.0917,0.0808,0.0857,0.1025,0.2275,0.1783,0.1304,-0.0675,-0.233,0.8411
04305_01185,43.05,11.85,14400,391.7,248.3,850.5,123.1,5.79,0.2426,0.677,0.0804,0.0,0.0,0.0,0.0,0.1697,0.2655,0.1844,0.1303,0.0829,0.0389,0.0373,0.0909,0.2229,0.3467,0.7829
04305_01195,43.05,11.95,14400,281.6,246.0,413.7,33.2,3.6,0.7124,0.2876,0.0,0.0,0.0,0.0,0.0,0.1114,0.1018,0.1364,0.1182,0.1135,0.1223,0.15,0.1463,0.0007,-0.0488,0.5253
04305_01205,43.05,12.05,14520,310.5,253.7,644.3,67.9,4.08,0.6224,0.3749,0.0028,0.0,0.0,0.0,0.0,0.1596,0.0998,0.1399,0.1443,0.093,0.0817,0.0994,0.1824,0.1113,0.0246,0.4949
04305_01215,43.05,12.15,14280,312.5,215.0,591.0,67.6,5.85,0.5448,0.4552,0.0,0.0,0.0,0.0,0.0,0.099,0.0809,0.1968,0.126,0.1193,0.1453,0.136,0.0968,-0.0823,0.0355,0.6164
04305_01225,43.05,12.25,14400,248.9,205.4,515.5,42.1,3.9,0.8943,0.1057,0.0,0.0,0.0,0.0,0.0,0.0867,0.0864,0.1643,0.1445,0.106,0.1159,0.1615,0.1346,-0.0472,-0.0145,0.4644
04305_01235,43.05,12.35,14400,249.3,168.7,491.2,44.9,3.73,0.9027,0.0973,0.0,0.0,0.0,0.0,0.0,0.0717,0.0984,0.1626,0.1678,0.0981,0.163,0.1381,0.1003,-0.1343,0.0295,0.5133
04305_01245,43.05,12.45,14400,217.1,163.0,477.0,56.1,3.73,0.9059,0.0941,0.0,0.0,0.0,0.0,0.0,0.1285,0.1427,0.1375,0.1506,0.0738,0.0851,0.1733,0.1084,0.0724,0.0405,0.3874
04305_01255,43.05,12.55,14520,209.7,177.5,526.8,39.7,1.42,0.9584,0.0416,0.0,0.0,0.0,0.0,0.0,0.1102,0.1549,0.1201,0.107,0.0735,0.1732,0.185,0.0761,0.0082,-0.0588,0.105
04305_01265,43.05,12.65,14280,531.6,187.4,1288.0,319.7,11.82,0.3165,0.3539,0.1541,0.1388,0.0366,0.0,0.0,0.0884,0.0914,0.087,0.0631,0.1011,0.2992,0.1654,0.1044,-0.1333,-0.2647,0.7551
04305_01275,43.05,12.75,14400,579.5,278.8,1110.3,159.2,14.61,0.0055,0.5879,0.3638,0.0428,0.0,0.0,0.0,0.0836,0.0874,0.1786,0.1313,0.084,0.1075,0.1952,0.1325,-0.0192,-0.0346,0.9739
04305_01285,43.05,12.85,14400,855.8,463.2,1538.3,154.3,12.73,0.0,0.0405,0.6769,0.2428,0.0398,0.0,0.0,0.0723,0.1272,0.1681,0.1111,0.0914,0.1501,0.1719,0.1079,-0.0354,-0.0191,0.8936
04305_01295,43.05,12.95,14400,963.1,547.7,1426.5,171.5,17.03,0.0,0.0043,0.402,0.5028,0.0908,0.0,0.0,0.1233,0.1197,0.1118,0.1345,0.1077,0.1063,0.1426,0.1542,0.0359,-0.0372,0.9114
04305_01305,43.05,13.05,14400,654.8,397.0,1114.7,143.6,14.0,0.0,0.414,0.5274,0.0586,0.0,0.0,0.0,0.1014,0.1152,0.1852,0.144,0.0741,0.0747,0.1459,0.1596,0.067,0.0605,0.9531
04305_01315,43.05,13.15,14400,850.5,361.6,1571.6,252.7,16.22,0.0,0.1476,0.4744,0.2701,0.1078,0.0,0.0,0.154,0.1184,0.0797,0.0848,0.0534,0.1147,0.2331,0.162,0.165,-0.212,0.9762
04305_01325,43.05,13.25,14400,815.6,354.9,1603.6,320.1,15.08,0.0,0.3556,0.3085,0.1638,0.172,0.0001,0.0,0.136,0.1677,0.1933,0.1238,0.0789,0.0661,0.0863,0.148,0.1487,0.1704,0.9399
04305_01335,43.05,13.35,14400,476.0,273.7,751.0,76.7,9.68,0.003,0.941,0.056,0.0,0.0,0.0,0.0,0.1572,0.1456,0.1333,0.1449,0.1273,0.0765,0.0791,0.1361,0.0734,0.1112,0.9473
04305_01345,43.05,13.45,14400,366.2,183.2,831.3,104.0,9.48,0.2916,0.6844,0.024,0.0,0.0,0.0,0.0,0.1642,0.136,0.1418,0.1167,0.1187,0.0756,0.0975,0.1494,0.1108,0.0674,0.9083
04305_01355,43.05,13.55,14400,288.8,93.5,582.3,96.2,8.38,0.5936,0.4064,0.0,0.0,0.0,0.0,0.0,0.1304,0.1352,0.1658,0.1449,0.0817,0.0894,0.119,0.1337,0.0817,0.0897,0.9158
04305_01365,43.05,13.65,14400,221.0,76.0,459.9,61.6,8.93,0.8813,0.1187,0.0,0.0,0.0,0.0,0.0,0.1712,0.0984,0.1146,0.1355,0.1141,0.1121,0.1096,0.1446,0.0534,-0.012,0.8848
04305_01375,43.05,13.75,14400,192.3,31.6,495.3,91.5,9.35,0.8592,0.1408,0.0,0.0,0.0,0.0,0.0,0.1562,0.0878,0.1424,0.1907,0.133,0.0749,0.0712,0.1439,-0.0009,0.113,0.8822
04305_01385,43.05,13.85,14400,60.1,0.0,313.0,74.4,4.26,0.9997,0.0003,0.0,0.0,0.0,0.0,0.0,0.2099,0.1351,0.1728,0.2067,0.1318,0.0203,0.0085,0.1148,0.1015,0.3128,0.4549
04315_01055,43.15,10.55,14520,39.2,0.0,363.3,60.7,2.39,0.9981,0.0019,0.0,0.0,0.0,0.0,0.0,0.1426,0.0745,0.0425,0.0474,0.1004,0.136,0.2703,0.1864,0.1033,-0.3778,0.2497
04315_01065,43.15,10.65,14280,246.1,23.6,554.8,117.0,9.14,0.6422,0.3578,0.0,0.0,0.0,0.0,0.0,0.0966,0.1132,0.139,0.1269,0.112,0.0883,0.1763,0.1477,0.0196,-0.0336,0.8906
04315_01075,43.15,10.75,14400,215.0,59.2,554.5,93.5,7.87,0.8077,0.1923,0.0,0.0,0.0,0.0,0.0,0.0748,0.0669,0.1289,0.1634,0.1254,0.1598,0.1572,0.1237,-0.1459,-0.0646,0.8881
04315_01085,43.15,10.85,14400,399.9,152.0,870.7,153.7,9.09,0.3294,0.5354,0.1351,0.0,0.0,0.0,0.0,0.0968,0.081,0.0609,0.1004,0.1492,0.1729,0.2343,0.1044,-0.1198,-0.2498,0.9477
04315_01095,43.15,10.95,14400,642.6,354.1,1054.5,131.0,11.52,0.0,0.42,0.5354,0.0446,0.0,0.0,0.0,0.1103,0.1241,0.1199,0.1035,0.115,0.1454,0.1624,0.1193,-0.0086,-0.0682,0.9661
04315_01105,43.15,11.05,14520,498.2,297.8,1056.8,121.5,9.82,0.0003,0.8262,0.1625,0.011,0.0,0.0,0.0,0.1519,0.1491,0.1727,0.1511,0.1106,0.0478,0.08,0.1367,0.1033,0.1766,0.9356
04315_01115,43.15,11.15,14280,346.5,254.4,636.2,63.4,5.66,0.2629,0.7363,0.0008,0.0,0.0,0.0,0.0,0.1274,0.1446,0.1573,0.106,0.0868,0.107,0.1347,0.1363,0.0887,0.0294,0.6873
04315_01125,43.15,11.25,14400,331.3,151.8,601.4,103.1,9.13,0.4117,0.5882,0.0001,0.0,0.0,0.0,0.0,0.1177,0.1961,0.1747,0.111,0.0871,0.0989,0.136,0.0785,0.0789,0.1332,0.8726
04315_01135,43.15,11.35,14400,281.9,114.0,507.3,81.1,7.7,0.6267,0.3733,0.0,0.0,0.0,0.0,0.0,0.094,0.1307,0.162,0.1055,0.1277,0.1394,0.1602,0.0804,-0.0574,0.0138,0.9133
04315_01145,43.15,11.45,14400,178.3,124.0,365.1,34.8,4.32,0.9923,0.0077,0.0,0.0,0.0,0.0,0.0,0.0935,0.1457,0.1646,0.1273,0.1172,0.1229,0.1407,0.0881,-0.0338,0.0722,0.6155
04315_01155,43.15,11.55,14520,256.6,144.6,388.8,56.3,7.35,0.7377,0.2623,0.0,0.0,0.0,0.0,0.0,0.1193,0.0763,0.1028,0.1104,0.1173,0.1232,0.1823,0.1684,0.0077,-0.1557,0.8757
04315_01165,43.15,11.65,14280,375.2,266.0,643.8,65.4,6.29,0.0983,0.8997,0.002,0.0,0.0,0.0,0.0,0.1281,0.1008,0.0814,0.0996,0.122,0.1791,0.1459,0.143,-0.0205,-0.1533,0.8333
04315_01175,43.15,11.75,14400,369.0,250.0,585.8,85.5,5.48,0.2727,0.7273,0.0,0.0,0.0,0.0,0.0,0.1489,0.1794,0.1833,0.1311,0.0703,0.0613,0.084,0.1417,0.1707,0.1836,0.7235
04315_01185,43.15,11.85,14400,268.2,244.7,457.8,26.7,1.92,0.8869,0.1131,0.0,0.0,0.0,0.0,0.0,0.145,0.1653,0.1269,0.115,0.0851,0.129,0.1035,0.1301,0.0942,0.04,0.2529
04315_01195,43.15,11.95,14400,292.1,246.8,361.2,24.5,3.06,0.6174,0.3826,0.0,0.0,0.0,0.0,0.0,0.1198,0.0723,0.1267,0.1347,0.1139,0.1153,0.1573,0.16,-0.0126,-0.0793,0.4248
04315_01205,43.15,12.05,14520,262.3,254.5,380.7,13.5,0.68,0.9788,0.0212,0.0,0.0,0.0,0.0,0.0,0.093,0.1592,0.1915,0.1014,0.1563,0.1338,0.1423,0.0225,-0.1075,0.1352,0.0489
04315_01215,43.15,12.15,14280,282.4,243.9,605.0,58.7,2.99,0.8054,0.1944,0.0002,0.0,0.0,0.0,0.0,0.0597,0.0588,0.0909,0.1108,0.1794,0.2141,0.1931,0.0932,-0.2472,-0.2018,0.2944
04315_01225,43.15,12.25,14400,319.7,220.4,667.9,85.6,7.18,0.5224,0.4734,0.0042,0.0,0.0,0.0,0.0,0.051,0.064,0.1685,0.1458,0.1483,0.157,0.1551,0.1103,-0.1934,-0.0274,0.6969
04315_01235,43.15,12.35,14400,424.0,243.9,957.8,117.9,9.97,0.1392,0.7981,0.0569,0.0058,0.0,0.0,0.0,0.0794,0.107,0.1343,0.1193,0.1263,0.1983,0.1549,0.0806,-0.1392,-0.0611,0.9031
04315_01245,43.15,12.45,14400,273.2,183.5,574.6,64.3,6.34,0.6882,0.3118,0.0,0.0,0.0,0.0,0.0,0.0921,0.1166,0.1403,0.1881,0.1404,0.1146,0.1093,0.0986,-0.1069,0.0989,0.6749
04315_01255,43.15,12.55,14520,368.7,206.4,691.5,117.7,8.94,0.3509,0.6183,0.0308,0.0,0.0,0.0,0.0,0.0705,0.0579,0.1019,0.1641,0.1313,0.1264,0.2084,0.1396,-0.1299,-0.1412,0.8058
04315_01265,43.15,12.65,14280,545.1,259.5,861.2,117.9,11.8,0.0176,0.663,0.3193,0.0,0.0,0.0,0.0,0.1089,0.0825,0.0925,0.1077,0.1155,0.1458,0.1847,0.1625,-0.0137,-0.1813,0.9784
04315_01275,43.15,12.75,14400,583.0,391.4,893.5,107.1,9.56,0.0,0.609,0.391,0.0,0.0,0.0,0.0,0.0888,0.1237,0.1709,0.1534,0.0798,0.0991,0.1568,0.1275,0.0075,0.0508,0.8651
04315_01285,43.15,12.85,14400,784.9,441.0,1564.3,192.9,17.88,0.0,0.1794,0.5822,0.2035,0.0349,0.0,0.0,0.0856,0.0981,0.113,0.1141,0.1112,0.1207,0.1967,0.1606,-0.0074,-0.1356,0.9838
04315_01295,43.15,12.95,14400,851.9,376.3,1377.1,225.3,21.29,0.0,0.1744,0.356,0.4206,0.0491,0.0,0.0,0.117,0.1155,0.1455,0.1248,0.0892,0.1045,0.1478,0.1557,0.0589,-0.0189,0.9696
04315_01305,43.15,13.05,14400,501.0,296.2,1193.9,114.9,9.7,0.0004,0.8495,0.1401,0.0099,0.0,0.0,0.0,0.1103,0.1254,0.1979,0.1265,0.0623,0.068,0.1382,0.1715,0.1302,0.0698,0.9202
04315_01315,43.15,13.15,14400,662.1,296.0,1146.6,184.2,16.0,0.0049,0.388,0.4953,0.1118,0.0,0.0,0.0,0.1406,0.1307,0.1479,0.1097,0.1254,0.1109,0.1046,0.1303,0.0472,0.0443,0.974
04315_01325,43.15,13.25,14400,382.7,208.5,1077.1,108.8,9.31,0.2174,0.7531,0.0229,0.0067,0.0,0.0,0.0,0.1553,0.1624,0.1516,0.1154,0.0787,0.0911,0.1188,0.1267,0.1383,0.0756,0.9151
04315_01335,43.15,13.35,14400,357.8,201.1,689.3,86.5,8.37,0.2699,0.7143,0.0158,0.0,0.0,0.0,0.0,0.1269,0.1075,0.1752,0.1353,0.0844,0.0517,0.1401,0.179,0.1156,0.0456,0.8994
04315_01345,43.15,13.45,14400,238.3,100.0,432.5,70.7,8.46,0.7916,0.2084,0.0,0.0,0.0,0.0,0.0,0.1508,0.1231,0.1398,0.1557,0.1229,0.0721,0.0869,0.1487,0.0642,0.0957,0.9306
04315_01355,43.15,13.55,14400,201.6,64.6,421.9,64.4,7.37,0.9199,0.0801,0.0,0.0,0.0,0.0,0.0,0.1427,0.1105,0.1309,0.1388,0.1109,0.1243,0.108,0.1339,0.0183,0.0229,0.8438
04315_01365,43.15,13.65,14400,131.9,39.5,280.7,47.4,6.59,1.0,0.0,0.0,0.0,0.0,0.0,0.0,0.147,0.0765,0.0979,0.1994,0.1035,0.1063,0.0968,0.1725,0.0043,-0.0023,0.7498
04315_01375,43.15,13.75,14400,115.8,0.0,338.1,66.5,8.04,0.9961,0.0039,0.0,0.0,0.0,0.0,0.0,0.1708,0.0643,0.1223,0.213,0.1013,0.0449,0.0615,0.2219,0.0992,0.0757,0.8538
04315_01385,43.15,13.85,14400,12.3,0.0,209.2,34.2,1.27,1.0,0.0,0.0,0.0,0.0,0.0,0.0,0.1625,0.1694,0.1769,0.284,0.0884,0.0064,0.0016,0.1108,0.0672,0.418,0.1303
04325_01055,43.25,10.55,14641,18.7,0.0,149.0,23.4,0.99,1.0,0.0,0.0,0.0,0.0,0.0,0.0,0.0523,0.0574,0.0974,0.1169,0.1385,0.1949,0.2287,0.1138,-0.1966,-0.2317,0.0666
04325_01065,43.25,10.65,14399,205.3,26.7,613.9,123.8,8.64,0.7628,0.2365,0.0008,0.0,0.0,0.0,0.0,0.1288,0.0911,0.101,0.0981,0.1288,0.1203,0.1611,0.1709,0.0326,-0.1356,0.828
04325_01075,43.25,10.75,14520,287.1,54.4,556.5,118.1,9.7,0.5355,0.4645,0.0,0.0,0.0,0.0,0.0,0.1453,0.1199,0.1126,0.0605,0.0782,0.1567,0.1802,0.1467,0.1024,-0.155,0.9515
04325_01085,43.25,10.85,14520,377.1,104.2,859.6,133.2,9.39,0.2994,0.6309,0.0697,0.0,0.0,0.0,0.0,0.1257,0.1393,0.1259,0.0783,0.075,0.1161,0.1817,0.158,0.1235,-0.0975,0.9542
04325_01095,43.25,10.95,14520,356.6,123.8,786.2,124.2,9.7,0.3676,0.5869,0.0455,0.0,0.0,0.0,0.0,0.1364,0.1705,0.2016,0.0888,0.0556,0.0834,0.1279,0.1357,0.1744,0.1048,0.9434
04325_01105,43.25,11.05,14641,372.6,172.6,727.9,100.7,8.1,0.242,0.7196,0.0384,0.0,0.0,0.0,0.0,0.1132,0.1187,0.1208,0.0971,0.1134,0.1363,0.1685,0.132,0.0149,-0.0868,0.9163
04325_01115,43.25,11.15,14399,403.1,235.3,600.1,78.2,7.7,0.0867,0.9133,0.0001,0.0,0.0,0.0,0.0,0.0912,0.1683,0.1657,0.1082,0.1029,0.1651,0.1411,0.0577,-0.0446,0.0628,0.8912
04325_01125,43.25,11.25,14520,248.8,176.4,530.6,77.4,4.93,0.8133,0.1867,0.0,0.0,0.0,0.0,0.0,0.0634,0.1415,0.2204,0.1506,0.0969,0.1119,0.1366,0.0787,-0.0601,0.1619,0.5116
04325_01135,43.25,11.35,14520,223.3,162.3,384.8,41.1,4.15,0.9303,0.0697,0.0,0.0,0.0,0.0,0.0,0.1165,0.1397,0.1817,0.114,0.0955,0.1025,0.1315,0.1187,0.053,0.0747,0.6532
04325_01145,43.25,11.45,14520,205.0,151.1,368.1,33.3,5.33,0.9852,0.0148,0.0,0.0,0.0,0.0,0.0,0.0854,0.0911,0.1287,0.1464,0.1048,0.1092,0.1678,0.1664,-0.0185,-0.0673,0.7271
04325_01155,43.25,11.55,14641,234.4,157.3,341.7,36.2,6.5,0.9673,0.0327,0.0,0.0,0.0,0.0,0.0,0.1133,0.1241,0.1263,0.1122,0.1154,0.1219,0.1464,0.1405,0.0184,-0.0381,0.7912
04325_01165,43.25,11.65,14399,367.1,209.6,547.3,61.8,6.15,0.1408,0.8592,0.0,0.0,0.0,0.0,0.0,0.0799,0.112,0.1173,0.1076,0.1166,0.1461,0.1962,0.1242,-0.0533,-0.1167,0.791
04325_01175,43.25,11.75,14520,292.4,243.5,474.4,42.6,3.51,0.7157,0.2843,0.0,0.0,0.0,0.0,0.0,0.0793,0.1806,0.2024,0.143,0.1108,0.1281,0.0986,0.0572,-0.0578,0.2145,0.4743
04325_01185,43.25,11.85,14520,261.9,239.6,335.1,20.0,2.34,0.9467,0.0533,0.0,0.0,0.0,0.0,0.0,0.091,0.1121,0.1812,0.1153,0.0812,0.102,0.1705,0.1466,0.0421,-0.0054,0.3679
04325_01195,43.25,11.95,14520,279.9,242.6,732.1,60.7,2.68,0.8508,0.1433,0.0059,0.0,0.0,0.0,0.0,0.0788,0.0456,0.073,0.125,0.1765,0.193,0.183,0.125,-0.2089,-0.2104,0.2341
04325_01205,43.25,12.05,14641,472.1,258.7,972.6,180.9,10.79,0.233,0.5075,0.25,0.0095,0.0,0.0,0.0,0.0723,0.063,0.1038,0.1203,0.1592,0.2575,0.1505,0.0735,-0.2647,-0.1523,0.8148
04325_01215,43.25,12.15,14399,459.9,262.2,884.6,135.1,11.47,0.109,0.7215,0.1695,0.0,0.0,0.0,0.0,0.1081,0.1308,0.1599,0.1378,0.1498,0.1273,0.114,0.0723,-0.088,0.0966,0.8918
04325_01225,43.25,12.25,14520,472.0,268.3,818.5,111.0,11.27,0.0517,0.8108,0.1375,0.0,0.0,0.0,0.0,0.1083,0.1164,0.1363,0.0828,0.0946,0.1261,0.1836,0.1519,0.0608,-0.1038,0.9578
04325_01235,43.25,12.35,14520,390.2,215.4,943.3,136.3,11.59,0.2742,0.6488,0.0729,0.0041,0.0,0.0,0.0,0.0988,0.1923,0.1584,0.1079,0.0804,0.121,0.1408,0.1005,0.0603,0.0733,0.855
04325_01245,43.25,12.45,14520,447.0,209.5,860.8,147.7,10.57,0.2129,0.6239,0.1632,0.0,0.0,0.0,0.0,0.0641,0.0333,0.0684,0.1839,0.1504,0.1406,0.2143,0.145,-0.1964,-0.2019,0.8708
04325_01255,43.25,12.55,14641,537.9,277.5,829.8,104.0,10.92,0.0176,0.6935,0.2889,0.0,0.0,0.0,0.0,0.1068,0.1112,0.1703,0.1684,0.1139,0.1008,0.1129,0.1158,-0.037,0.105,0.9561
04325_01265,43.25,12.65,14399,439.5,279.0,704.4,72.6,8.63,0.0022,0.9741,0.0238,0.0,0.0,0.0,0.0,0.0947,0.1308,0.1371,0.0926,0.0971,0.1418,0.1703,0.1356,0.0204,-0.0756,0.8515
04325_01275,43.25,12.75,14520,548.7,360.2,1277.7,150.2,9.49,0.0,0.7242,0.2302,0.0441,0.0015,0.0,0.0,0.1141,0.1009,0.1043,0.0687,0.0839,0.1471,0.2391,0.1419,0.0451,-0.2236,0.7623
04325_01285,43.25,12.85,14520,871.6,411.2,1423.5,241.5,20.37,0.0,0.1532,0.4125,0.3177,0.1167,0.0,0.0,0.1031,0.1505,0.1663,0.1075,0.0591,0.1202,0.1893,0.104,0.0624,0.0024,0.9851
04325_01295,43.25,12.95,14520,595.3,275.1,1240.7,214.1,14.6,0.0163,0.5583,0.3261,0.0977,0.0016,0.0,0.0,0.1373,0.1764,0.1856,0.1496,0.0657,0.0559,0.0914,0.1382,0.1527,0.1926,0.9251
04325_01305,43.25,13.05,14520,501.4,264.1,1121.8,188.9,10.25,0.0222,0.7466,0.1729,0.0583,0.0,0.0,0.0,0.0835,0.0776,0.0916,0.1324,0.1207,0.1712,0.1727,0.1503,-0.0917,-0.1634,0.8584
04325_01315,43.25,13.15,14520,490.9,213.3,972.0,166.5,12.88,0.1229,0.599,0.2758,0.0023,0.0,0.0,0.0,0.1584,0.1402,0.1534,0.1844,0.1321,0.0631,0.0708,0.0976,0.0227,0.2036,0.9439
04325_01325,43.25,13.25,14520,297.6,152.0,671.3,89.8,7.48,0.5657,0.4307,0.0036,0.0,0.0,0.0,0.0,0.1406,0.1197,0.1273,0.1614,0.1495,0.1204,0.0881,0.0931,-0.062,0.0923,0.8305
04325_01335,43.25,13.35,14520,206.2,110.9,442.0,51.3,4.72,0.9552,0.0448,0.0,0.0,0.0,0.0,0.0,0.1465,0.1317,0.1058,0.1479,0.1116,0.1017,0.0775,0.1772,0.0771,0.031,0.6183
04325_01345,43.25,13.45,14520,169.9,85.9,329.4,49.8,4.73,0.9894,0.0106,0.0,0.0,0.0,0.0,0.0,0.1303,0.0568,0.0961,0.2013,0.1715,0.098,0.084,0.1619,-0.0937,0.0154,0.5967
04325_01355,43.25,13.55,14520,116.9,47.6,259.6,44.6,4.9,1.0,0.0,0.0,0.0,0.0,0.0,0.0,0.1801,0.0888,0.0862,0.1555,0.1563,0.1301,0.0886,0.1144,-0.0366,-0.0093,0.6147
04325_01365,43.25,13.65,14520,87.3,12.6,279.6,54.7,4.87,1.0,0.0,0.0,0.0,0.0,0.0,0.0,0.156,0.1019,0.0975,0.1723,0.1442,0.0867,0.0958,0.1456,0.0031,0.0348,0.5695
04325_01375,43.25,13.75,14520,34.2,0.0,210.9,43.1,2.25,1.0,0.0,0.0,0.0,0.0,0.0,0.0,0.1122,0.1206,0.2141,0.2352,0.0839,0.0263,0.0216,0.1861,0.0765,0.3071,0.2775
04335_01045,43.35,10.45,14400,7.4,-0.5,91.0,13.0,0.59,1.0,0.0,0.0,0.0,0.0,0.0,0.0,0.1366,0.0158,0.0535,0.1723,0.2337,0.1347,0.0733,0.1802,-0.186,-0.1362,0.0351
04335_01055,43.35,10.55,14520,105.3,0.0,601.7,107.5,4.64,0.933,0.0668,0.0002,0.0,0.0,0.0,0.0,0.0782,0.0338,0.036,0.1564,0.1714,0.1816,0.1961,0.1465,-0.2057,-0.2654,0.5363
04335_01065,43.35,10.65,14280,171.8,19.9,599.8,118.9,7.55,0.8547,0.1453,0.0,0.0,0.0,0.0,0.0,0.0606,0.0761,0.1671,0.1474,0.1235,0.1761,0.166,0.0834,-0.182,-0.0219,0.8333
04335_01075,43.35,10.75,14400,166.6,38.3,603.8,117.1,6.96,0.8679,0.132,0.0001,0.0,0.0,0.0,0.0,0.0885,0.115,0.1613,0.1286,0.1442,0.1431,0.1235,0.096,-0.1032,0.0425,0.8328
04335_01085,43.35,10.85,14400,177.4,62.2,550.1,78.7,7.03,0.93,0.07,0.0,0.0,0.0,0.0,0.0,0.1259,0.1109,0.0817,0.0979,0.1454,0.1449,0.1771,0.1162,-0.0312,-0.1335,0.8432
04335_01095,43.35,10.95,14400,277.0,99.2,551.2,93.5,8.23,0.604,0.396,0.0,0.0,0.0,0.0,0.0,0.1195,0.0927,0.0866,0.1354,0.1614,0.1471,0.1393,0.118,-0.0944,-0.0806,0.9187
04335_01105,43.35,11.05,14520,274.3,186.3,511.1,47.9,5.39,0.7609,0.2391,0.0,0.0,0.0,0.0,0.0,0.1393,0.133,0.1618,0.1434,0.0998,0.0961,0.0894,0.1372,0.0622,0.1022,0.7173
04335_01115,43.35,11.15,14280,316.4,174.4,670.9,128.1,5.52,0.6284,0.3518,0.0198,0.0,0.0,0.0,0.0,0.1578,0.0919,0.0864,0.0601,0.0656,0.1292,0.2085,0.2004,0.1677,-0.2529,0.6894
04335_01125,43.35,11.25,14400,321.6,190.8,656.3,87.4,5.8,0.4962,0.4931,0.0108,0.0,0.0,0.0,0.0,0.1033,0.1439,0.1902,0.1383,0.1115,0.1026,0.114,0.0963,-0.0111,0.1414,0.7855
04335_01135,43.35,11.35,14400,302.4,183.2,455.2,52.5,5.61,0.4888,0.5112,0.0,0.0,0.0,0.0,0.0,0.0512,0.1449,0.1726,0.098,0.1038,0.2239,0.1649,0.0407,-0.15,-0.008,0.8138
04335_01145,43.35,11.45,14400,282.5,182.6,622.1,71.8,5.14,0.6652,0.3338,0.001,0.0,0.0,0.0,0.0,0.0406,0.0581,0.1416,0.1667,0.1336,0.159,0.2025,0.0981,-0.2151,-0.089,0.7259
04335_01155,43.35,11.55,14520,314.4,193.0,589.9,65.0,5.86,0.4703,0.5297,0.0,0.0,0.0,0.0,0.0,0.0858,0.0976,0.1158,0.162,0.1344,0.1625,0.1571,0.0847,-0.1552,-0.0336,0.8013
04335_01165,43.35,11.65,14280,435.0,252.3,635.3,74.7,8.28,0.0419,0.9536,0.0045,0.0,0.0,0.0,0.0,0.0806,0.116,0.1502,0.1228,0.111,0.1633,0.1629,0.0934,-0.0854,-0.0246,0.9377
04335_01175,43.35,11.75,14400,295.5,248.8,533.0,42.2,3.39,0.7427,0.2573,0.0,0.0,0.0,0.0,0.0,0.0666,0.1604,0.2352,0.1558,0.0915,0.1174,0.11,0.0631,-0.0537,0.2256,0.4533
04335_01185,43.35,11.85,14400,272.7,237.0,758.4,66.7,2.28,0.8901,0.1002,0.0097,0.0,0.0,0.0,0.0,0.0191,0.0513,0.0951,0.0887,0.2117,0.1918,0.2805,0.0617,-0.3154,-0.2746,0.1745
04335_01195,43.35,11.95,14400,464.7,242.5,1005.3,174.5,10.56,0.2677,0.477,0.2496,0.0057,0.0,0.0,0.0,0.1009,0.0775,0.1019,0.0863,0.1627,0.1591,0.1688,0.1428,-0.0841,-0.1659,0.7818
04335_01205,43.35,12.05,14520,649.0,298.8,1076.1,156.8,14.86,0.0004,0.395,0.5403,0.0643,0.0,0.0,0.0,0.1165,0.1034,0.1401,0.1129,0.1135,0.1517,0.1514,0.1104,-0.0338,-0.0435,0.9904
04335_01215,43.35,12.15,14280,423.5,264.5,797.3,113.3,11.7,0.1474,0.7677,0.0849,0.0,0.0,0.0,0.0,0.1548,0.111,0.1031,0.1889,0.1425,0.0856,0.094,0.1201,-0.0223,0.0773,0.9207
04335_01225,43.35,12.25,14400,341.9,241.0,642.4,83.0,7.0,0.4153,0.5812,0.0035,0.0,0.0,0.0,0.0,0.1583,0.1081,0.0898,0.1521,0.1533,0.0841,0.0991,0.1552,0.0257,0.0038,0.7224
04335_01235,43.35,12.35,14400,380.0,234.5,702.8,99.7,8.82,0.2678,0.7127,0.0194,0.0,0.0,0.0,0.0,0.0628,0.0231,0.09,0.1963,0.0989,0.1002,0.2407,0.188,-0.0991,-0.2002,0.8175
04335_01245,43.35,12.45,14400,528.3,286.7,760.9,89.3,11.28,0.0022,0.7552,0.2426,0.0,0.0,0.0,0.0,0.1083,0.1197,0.1147,0.1418,0.1108,0.115,0.1481,0.1416,-0.0018,-0.031,0.948
04335_01255,43.35,12.55,14520,574.0,393.6,976.4,153.8,9.08,0.0,0.6174,0.3614,0.0212,0.0,0.0,0.0,0.1269,0.1582,0.1364,0.1141,0.105,0.1633,0.1124,0.0838,-0.0053,0.0455,0.6322
04335_01265,43.35,12.65,14280,583.8,393.9,929.0,106.4,9.65,0.0,0.5817,0.4174,0.0008,0.0,0.0,0.0,0.0904,0.1162,0.1709,0.1328,0.1289,0.1661,0.1097,0.085,-0.108,0.0623,0.8704
04335_01275,43.35,12.75,14400,723.9,381.0,1552.4,252.4,16.64,0.0,0.4092,0.3317,0.2171,0.042,0.0,0.0,0.0981,0.0938,0.0975,0.1113,0.1291,0.2,0.1415,0.1288,-0.0956,-0.1324,0.8832
04335_01285,43.35,12.85,14400,475.6,299.3,1002.9,117.6,11.91,0.0001,0.8548,0.1414,0.0038,0.0,0.0,0.0,0.1285,0.145,0.1561,0.1689,0.1026,0.0813,0.0967,0.1208,0.0385,0.1375,0.9101
04335_01295,43.35,12.95,14400,396.1,192.8,1011.9,136.1,11.26,0.2269,0.682,0.0865,0.0046,0.0,0.0,0.0,0.0904,0.1171,0.1799,0.1203,0.0922,0.1115,0.1486,0.1401,0.0188,0.0183,0.8474
04335_01305,43.35,13.05,14400,718.3,224.8,1473.3,249.5,17.23,0.0279,0.3182,0.3858,0.2472,0.0209,0.0,0.0,0.1392,0.1471,0.1265,0.0924,0.089,0.1088,0.1669,0.13,0.1066,-0.0395,0.9736
04335_01315,43.35,13.15,14400,481.7,238.9,975.0,125.2,10.27,0.0199,0.8328,0.1417,0.0056,0.0,0.0,0.0,0.1241,0.1393,0.1387,0.1265,0.0804,0.1134,0.1357,0.1418,0.0786,0.0144,0.9324
04335_01325,43.35,13.25,14400,387.0,116.4,819.4,170.1,9.07,0.3981,0.4519,0.1501,0.0,0.0,0.0,0.0,0.1552,0.1931,0.1781,0.1679,0.0939,0.048,0.0569,0.1068,0.1233,0.2763,0.8615
04335_01335,43.35,13.35,14400,184.3,88.1,342.2,41.5,4.29,0.9961,0.0039,0.0,0.0,0.0,0.0,0.0,0.1723,0.1268,0.1082,0.1612,0.1391,0.1047,0.0683,0.1194,0.0183,0.0883,0.6224
04335_01345,43.35,13.45,14400,143.7,58.9,324.8,49.6,5.19,0.9988,0.0012,0.0,0.0,0.0,0.0,0.0,0.1067,0.0926,0.1404,0.1565,0.1059,0.1195,0.1198,0.1585,-0.0174,0.0035,0.6508
04335_01355,43.35,13.55,14400,118.1,21.8,298.9,58.4,5.17,1.0,0.0,0.0,0.0,0.0,0.0,0.0,0.1393,0.0995,0.1133,0.1598,0.1369,0.1247,0.1326,0.0938,-0.0612,0.0109,0.6775
04335_01365,43.35,13.65,14400,84.2,-0.5,258.8,59.0,5.36,1.0,0.0,0.0,0.0,0.0,0.0,0.0,0.2292,0.1335,0.1188,0.1245,0.1804,0.1011,0.0403,0.0721,0.0362,0.1406,0.699
04335_01375,43.35,13.75,14400,2.6,0.0,114.7,10.6,0.3,1.0,0.0,0.0,0.0,0.0,0.0,0.0,0.1193,0.2215,0.3629,0.1499,0.1244,0.0187,0.0,0.0034,0.0414,0.6466,0.0408
04345_01035,43.45,10.35,14280,44.9,0.0,334.0,78.2,3.01,0.993,0.007,0.0,0.0,0.0,0.0,0.0,0.0488,0.0708,0.0649,0.1163,0.1481,0.2097,0.2049,0.1367,-0.1934,-0.2608,0.3216
04345_01045,43.45,10.45,14280,121.3,0.0,371.6,76.2,6.18,0.9846,0.0154,0.0,0.0,0.0,0.0,0.0,0.0654,0.1218,0.1698,0.1389,0.1402,0.1473,0.1341,0.0826,-0.1336,0.0591,0.7595
04345_01055,43.45,10.55,14399,201.9,25.0,666.4,148.5,6.75,0.7444,0.2448,0.0108,0.0,0.0,0.0,0.0,0.1151,0.0351,0.024,0.0646,0.1276,0.1504,0.2278,0.2554,0.041,-0.4294,0.7971
04345_01065,43.45,10.65,14161,330.6,87.9,671.0,141.7,8.97,0.4489,0.5391,0.012,0.0,0.0,0.0,0.0,0.141,0.1484,0.2097,0.1281,0.0787,0.0579,0.0877,0.1485,0.1467,0.1771,0.9215
04345_01075,43.45,10.75,14280,175.1,58.4,614.5,110.0,5.89,0.8676,0.1316,0.0008,0.0,0.0,0.0,0.0,0.1429,0.1826,0.168,0.1331,0.0692,0.0557,0.0967,0.1519,0.183,0.1535,0.781
04345_01085,43.45,10.85,14280,199.4,77.8,551.6,81.7,7.42,0.8946,0.1054,0.0,0.0,0.0,0.0,0.0,0.1183,0.1017,0.0919,0.0961,0.1115,0.13,0.1737,0.1768,0.0468,-0.1634,0.8815
04345_01095,43.45,10.95,14280,399.6,163.6,635.3,90.9,7.87,0.1623,0.8314,0.0064,0.0,0.0,0.0,0.0,0.1094,0.1042,0.0909,0.1087,0.1471,0.1225,0.1543,0.1629,-0.0144,-0.118,0.9148
04345_01105,43.45,11.05,14399,239.6,78.8,614.8,89.8,6.84,0.8047,0.1941,0.0012,0.0,0.0,0.0,0.0,0.1394,0.199,0.1749,0.1376,0.1205,0.0687,0.0593,0.1007,0.0836,0.2375,0.8071
04345_01115,43.45,11.15,14161,171.3,78.5,317.8,47.9,5.39,0.9981,0.0019,0.0,0.0,0.0,0.0,0.0,0.129,0.1322,0.0956,0.1061,0.1186,0.1318,0.1413,0.1454,0.0429,-0.0761,0.6797
04345_01125,43.45,11.25,14280,338.7,153.8,633.7,121.6,6.91,0.5014,0.4823,0.0163,0.0,0.0,0.0,0.0,0.1063,0.0644,0.0542,0.1108,0.1549,0.1738,0.2033,0.1323,-0.1169,-0.2479,0.8553
04345_01135,43.45,11.35,14280,451.0,256.9,667.1,78.8,8.82,0.0202,0.9527,0.0272,0.0,0.0,0.0,0.0,0.094,0.115,0.1479,0.1469,0.119,0.1486,0.1281,0.1006,-0.0851,0.0266,0.9328
04345_01145,43.45,11.45,14280,493.2,253.3,817.1,104.9,10.13,0.0131,0.7992,0.1877,0.0,0.0,0.0,0.0,0.1059,0.081,0.1031,0.118,0.1487,0.1617,0.1528,0.1287,-0.0961,-0.1201,0.9557
04345_01155,43.45,11.55,14399,429.0,161.2,842.7,130.2,9.97,0.208,0.6924,0.0996,0.0,0.0,0.0,0.0,0.1213,0.1805,0.2042,0.1381,0.1048,0.0831,0.0805,0.0875,0.0517,0.233,0.896
04345_01165,43.45,11.65,14161,315.2,153.5,622.7,85.9,6.7,0.5382,0.4582,0.0036,0.0,0.0,0.0,0.0,0.1383,0.1546,0.1232,0.0657,0.0734,0.1028,0.1851,0.1569,0.1706,-0.095,0.7822
04345_01175,43.45,11.75,14280,337.3,168.0,622.3,87.2,6.68,0.4335,0.5644,0.002,0.0,0.0,0.0,0.0,0.1109,0.1792,0.196,0.1052,0.0955,0.0889,0.1161,0.1082,0.0866,0.1442,0.7335
04345_01185,43.45,11.85,14280,290.0,202.0,824.0,97.5,3.79,0.8123,0.1541,0.0337,0.0,0.0,0.0,0.0,0.1527,0.1996,0.0655,0.0397,0.0536,0.1442,0.2144,0.1303,0.2067,-0.1719,0.3316
04345_01195,43.45,11.95,14280,524.1,262.3,973.0,156.0,11.61,0.0739,0.6246,0.2877,0.0138,0.0,0.0,0.0,0.0886,0.1122,0.0993,0.0964,0.0853,0.1603,0.2249,0.1331,-0.0028,-0.1899,0.936
04345_01205,43.45,12.05,14399,588.1,300.6,1074.2,186.2,13.12,0.0,0.5302,0.4162,0.0535,0.0,0.0,0.0,0.1596,0.1194,0.1489,0.1457,0.0834,0.0511,0.1011,0.1907,0.1584,0.0662,0.9518
04345_01215,43.45,12.15,14161,445.7,282.0,771.4,106.9,10.05,0.0888,0.8206,0.0905,0.0,0.0,0.0,0.0,0.1598,0.1036,0.0955,0.1684,0.1042,0.0774,0.102,0.1891,0.0898,-0.0011,0.88
04345_01225,43.45,12.25,14280,371.3,261.7,708.8,85.6,6.86,0.2852,0.7053,0.0095,0.0,0.0,0.0,0.0,0.066,0.1134,0.1143,0.1661,0.1259,0.1042,0.1678,0.1423,-0.0767,-0.0329,0.6855
04345_01235,43.45,12.35,14280,549.4,337.4,803.7,85.9,10.81,0.0,0.7146,0.2854,0.0,0.0,0.0,0.0,0.0687,0.0626,0.1355,0.1765,0.1179,0.1111,0.1703,0.1574,-0.102,-0.0593,0.9679
04345_01245,43.45,12.45,14280,620.8,383.3,842.6,83.0,11.51,0.0,0.41,0.59,0.0,0.0,0.0,0.0,0.0666,0.0622,0.1463,0.1591,0.1053,0.096,0.2185,0.1461,-0.0729,-0.0859,0.9712
04345_01255,43.45,12.55,14399,674.6,382.5,1013.4,111.6,13.38,0.0,0.2677,0.7092,0.0231,0.0,0.0,0.0,0.1066,0.1578,0.156,0.1099,0.0885,0.1371,0.12,0.124,0.0435,0.0415,0.9801
04345_01265,43.45,12.65,14161,725.2,336.9,1648.4,261.5,18.76,0.0,0.3736,0.4027,0.1583,0.0643,0.0012,0.0,0.0924,0.1419,0.1109,0.0861,0.104,0.1856,0.1466,0.1325,-0.0069,-0.1076,0.9746
04345_01275,43.45,12.75,14280,742.3,353.6,1692.8,249.0,22.08,0.0,0.3296,0.4546,0.151,0.0609,0.0039,0.0,0.0989,0.1438,0.2023,0.1277,0.079,0.1162,0.0996,0.1326,0.0402,0.1253,0.9826
04345_01285,43.45,12.85,14280,423.8,253.5,769.2,93.4,9.05,0.0443,0.8942,0.0616,0.0,0.0,0.0,0.0,0.101,0.1358,0.175,0.1625,0.0875,0.1,0.1372,0.101,-0.0046,0.1072,0.8875
04345_01295,43.45,12.95,14280,437.3,176.4,849.2,128.5,15.06,0.1352,0.7396,0.1252,0.0,0.0,0.0,0.0,0.1061,0.0976,0.1353,0.1488,0.0846,0.1042,0.1492,0.174,0.035,-0.0346,0.9647
04345_01305,43.45,13.05,14280,318.8,109.0,864.8,114.8,10.94,0.4686,0.5121,0.0193,0.0,0.0,0.0,0.0,0.1282,0.1606,0.1576,0.1478,0.0734,0.0713,0.1158,0.1454,0.1201,0.11,0.9303
04345_01315,43.45,13.15,14280,278.4,74.0,600.5,123.1,7.72,0.5347,0.4652,0.0001,0.0,0.0,0.0,0.0,0.1871,0.2085,0.1261,0.1068,0.0603,0.0911,0.1043,0.1158,0.221,0.1004,0.8265
04345_01325,43.45,13.25,14280,188.0,67.0,363.0,57.9,5.43,0.9803,0.0197,0.0,0.0,0.0,0.0,0.0,0.1502,0.1441,0.1251,0.1193,0.0964,0.1102,0.1178,0.1369,0.0999,0.012,0.7796
04345_01335,43.45,13.35,14280,151.2,71.8,285.5,40.0,5.8,1.0,0.0,0.0,0.0,0.0,0.0,0.0,0.1228,0.0699,0.1541,0.16,0.1234,0.1372,0.1284,0.1042,-0.0914,0.0202,0.7756
04345_01345,43.45,13.45,14280,110.8,37.0,302.0,48.3,5.21,0.9999,0.0001,0.0,0.0,0.0,0.0,0.0,0.1809,0.0993,0.0784,0.1813,0.1331,0.0949,0.1068,0.1252,0.0121,0.0161,0.6743
04345_01355,43.45,13.55,14280,69.3,5.9,302.2,50.1,4.45,0.9997,0.0003,0.0,0.0,0.0,0.0,0.0,0.1936,0.1327,0.0981,0.1402,0.1334,0.1039,0.0637,0.1344,0.0834,0.0584,0.6018
04345_01365,43.45,13.65,14280,16.2,0.0,187.3,28.5,1.66,1.0,0.0,0.0,0.0,0.0,0.0,0.0,0.1699,0.1338,0.1325,0.2086,0.1594,0.0891,0.0152,0.0916,-0.0352,0.2286,0.2209
04355_01035,43.55,10.35,14400,46.6,-2.1,380.1,65.3,2.99,0.9931,0.0069,0.0,0.0,0.0,0.0,0.0,0.2009,0.1251,0.0172,0.0134,0.0859,0.1846,0.1788,0.1941,0.2058,-0.3451,0.3224
04355_01045,43.55,10.45,14400,102.7,1.0,459.0,100.0,5.94,0.9243,0.0757,0.0,0.0,0.0,0.0,0.0,0.1204,0.1677,0.1902,0.1018,0.0696,0.0768,0.1292,0.1443,0.148,0.0975,0.7297
04355_01055,43.55,10.55,14520,89.4,10.1,421.8,68.7,5.0,0.9726,0.0274,0.0,0.0,0.0,0.0,0.0,0.1353,0.1467,0.1241,0.0477,0.0538,0.1259,0.2089,0.1577,0.1779,-0.1494,0.6862
04355_01065,43.55,10.65,14280,92.2,24.6,403.3,58.0,5.27,0.9874,0.0126,0.0,0.0,0.0,0.0,0.0,0.1233,0.187,0.1977,0.1017,0.0562,0.0813,0.1236,0.1292,0.1658,0.1277,0.7089
04355_01075,43.55,10.75,14400,90.4,31.5,235.6,39.1,5.65,1.0,0.0,0.0,0.0,0.0,0.0,0.0,0.1105,0.1003,0.0998,0.125,0.1146,0.1229,0.1863,0.1407,-0.0109,-0.114,0.6822
04355_01085,43.55,10.85,14400,177.5,65.2,516.4,82.7,7.25,0.9076,0.0924,0.0,0.0,0.0,0.0,0.0,0.1337,0.1122,0.0729,0.0946,0.1019,0.1461,0.1786,0.16,0.055,-0.1821,0.8827
04355_01095,43.55,10.95,14400,216.0,49.0,558.0,122.6,6.98,0.7401,0.2599,0.0,0.0,0.0,0.0,0.0,0.1623,0.1918,0.1992,0.0973,0.0512,0.0599,0.1012,0.1371,0.238,0.1716,0.8499
04355_01105,43.55,11.05,14520,117.1,54.1,285.3,39.4,5.8,1.0,0.0,0.0,0.0,0.0,0.0,0.0,0.1263,0.1084,0.1203,0.1217,0.1096,0.1133,0.1448,0.1556,0.0376,-0.0503,0.7468
04355_01115,43.55,11.15,14280,245.8,78.1,414.1,75.7,8.01,0.7127,0.2873,0.0,0.0,0.0,0.0,0.0,0.0745,0.1066,0.1173,0.1216,0.1182,0.142,0.1705,0.1494,-0.0517,-0.1001,0.8972
04355_01125,43.55,11.25,14400,347.3,157.4,584.2,82.5,8.02,0.2881,0.7119,0.0,0.0,0.0,0.0,0.0,0.1106,0.1235,0.1073,0.0949,0.0969,0.1366,0.1904,0.1398,0.0356,-0.1274,0.9162
04355_01135,43.55,11.35,14400,489.4,214.3,911.5,152.7,10.51,0.0815,0.6806,0.2373,0.0006,0.0,0.0,0.0,0.0932,0.1144,0.1102,0.0955,0.1184,0.1348,0.1954,0.1383,-0.011,-0.1328,0.9683
04355_01145,43.55,11.45,14400,369.6,122.0,815.4,181.2,8.52,0.445,0.3928,0.1622,0.0,0.0,0.0,0.0,0.132,0.2029,0.2182,0.1118,0.0752,0.0722,0.0799,0.1078,0.1547,0.2389,0.8617
04355_01155,43.55,11.55,14520,187.4,119.0,451.0,47.2,4.85,0.9804,0.0196,0.0,0.0,0.0,0.0,0.0,0.1238,0.1275,0.1401,0.1352,0.1075,0.1039,0.1106,0.1514,0.0394,0.037,0.6438
04355_01165,43.55,11.65,14280,315.7,138.0,1014.3,170.5,6.76,0.7107,0.1886,0.0971,0.0036,0.0,0.0,0.0,0.0348,0.0578,0.1007,0.1387,0.1786,0.2159,0.1956,0.0779,-0.3068,-0.1657,0.6817
04355_01175,43.55,11.75,14400,438.2,167.5,1198.8,207.5,8.9,0.3943,0.3717,0.2024,0.0315,0.0,0.0,0.0,0.0568,0.0908,0.1213,0.1787,0.1925,0.1601,0.1242,0.0757,-0.2661,0.0226,0.7595
04355_01185,43.55,11.85,14400,347.0,201.0,716.9,110.6,6.86,0.471,0.5019,0.0272,0.0,0.0,0.0,0.0,0.0623,0.0941,0.1344,0.1756,0.1446,0.1534,0.1462,0.0895,-0.1894,0.0066,0.7014
04355_01195,43.55,11.95,14400,561.5,270.8,1170.4,147.4,12.27,0.0153,0.6409,0.3099,0.0338,0.0,0.0,0.0,0.0805,0.0997,0.1156,0.1303,0.1625,0.1733,0.1443,0.0938,-0.1643,-0.0601,0.9777
04355_01205,43.55,12.05,14520,399.2,302.8,701.8,79.1,6.56,0.0,0.9826,0.0174,0.0,0.0,0.0,0.0,0.1115,0.1766,0.1502,0.1842,0.1319,0.1249,0.0539,0.0668,-0.0713,0.2228,0.6648
04355_01215,43.55,12.15,14280,373.1,285.3,987.1,125.2,4.62,0.271,0.651,0.0763,0.0018,0.0,0.0,0.0,0.0542,0.0435,0.0676,0.0985,0.1636,0.3265,0.1943,0.0519,-0.3511,-0.3019,0.3605
04355_01225,43.55,12.25,14400,611.0,292.1,1194.5,202.4,12.07,0.0042,0.5072,0.3986,0.09,0.0,0.0,0.0,0.0461,0.0332,0.1111,0.1883,0.1288,0.1522,0.2389,0.1014,-0.2327,-0.1528,0.876
04355_01235,43.55,12.35,14400,708.2,442.5,968.9,97.4,11.64,0.0,0.1339,0.8356,0.0305,0.0,0.0,0.0,0.0919,0.0862,0.1617,0.1716,0.1086,0.0953,0.1279,0.1569,-0.0377,0.0376,0.9735
04355_01245,43.55,12.45,14400,657.1,344.1,1198.7,121.2,13.71,0.0,0.3255,0.6533,0.0212,0.0,0.0,0.0,0.1178,0.1354,0.1393,0.0927,0.0778,0.1438,0.1539,0.1393,0.0685,-0.0529,0.9799
04355_01255,43.55,12.55,14520,695.9,270.9,1507.1,271.2,20.99,0.0043,0.4521,0.3389,0.1304,0.0744,0.0,0.0,0.1303,0.1619,0.1128,0.1207,0.1402,0.1339,0.0844,0.1158,0.0033,0.0524,0.9857
04355_01265,43.55,12.65,14280,461.5,205.4,1149.1,208.5,14.42,0.1842,0.6126,0.1394,0.0637,0.0,0.0,0.0,0.1322,0.1451,0.1732,0.1171,0.0642,0.1097,0.1249,0.1335,0.1066,0.0642,0.9242
04355_01275,43.55,12.75,14400,435.1,248.4,766.7,81.7,9.79,0.0265,0.9362,0.0373,0.0,0.0,0.0,0.0,0.1318,0.1156,0.1351,0.1329,0.1062,0.1184,0.1231,0.1369,0.0253,0.0054,0.9322
04355_01285,43.55,12.85,14400,366.4,185.2,789.5,87.3,9.41,0.2181,0.7667,0.0152,0.0,0.0,0.0,0.0,0.0975,0.0992,0.1788,0.1623,0.0957,0.0841,0.1304,0.1522,0.0037,0.0659,0.9055
04355_01295,43.55,12.95,14400,278.4,123.0,744.8,104.6,8.6,0.6899,0.2912,0.019,0.0,0.0,0.0,0.0,0.1111,0.096,0.2006,0.193,0.0663,0.0346,0.0819,0.2165,0.1087,0.1541,0.8678
04355_01305,43.55,13.05,14400,184.2,63.3,458.2,78.2,6.33,0.8866,0.1134,0.0,0.0,0.0,0.0,0.0,0.1368,0.1186,0.1536,0.1257,0.0779,0.0762,0.1521,0.1591,0.1177,0.0076,0.7906
04355_01315,43.55,13.15,14400,150.3,59.7,353.0,38.7,6.03,0.9991,0.0009,0.0,0.0,0.0,0.0,0.0,0.0994,0.1193,0.1358,0.1412,0.1182,0.1091,0.1509,0.1261,-0.0216,0.0038,0.8208
04355_01325,43.55,13.25,14400,99.3,34.9,235.6,42.3,4.05,1.0,0.0,0.0,0.0,0.0,0.0,0.0,0.1099,0.132,0.1125,0.17,0.159,0.1081,0.0941,0.1143,-0.072,0.0743,0.515
04355_01335,43.55,13.35,14400,81.9,13.5,262.0,48.5,5.17,1.0,0.0,0.0,0.0,0.0,0.0,0.0,0.101,0.1001,0.1492,0.103,0.0874,0.0919,0.1741,0.1933,0.0846,-0.0891,0.6667
04355_01345,43.55,13.45,14400,134.5,22.6,354.4,57.5,8.17,0.9947,0.0053,0.0,0.0,0.0,0.0,0.0,0.117,0.1315,0.1218,0.1543,0.1412,0.1126,0.1005,0.1212,-0.0366,0.0572,0.9039
04355_01355,43.55,13.55,14400,85.2,0.0,532.4,70.6,5.7,0.9824,0.0176,0.0,0.0,0.0,0.0,0.0,0.1007,0.092,0.1134,0.0962,0.1269,0.1891,0.171,0.1107,-0.0898,-0.1373,0.6775
04355_01365,43.55,13.65,14400,25.5,0.0,569.9,83.4,1.95,0.9684,0.0316,0.0,0.0,0.0,0.0,0.0,0.0995,0.1158,0.2291,0.2568,0.1737,0.0985,0.0109,0.0158,-0.2351,0.4066,0.1403
04365_01025,43.65,10.25,14400,0.6,-1.5,17.0,2.0,0.11,1.0,0.0,0.0,0.0,0.0,0.0,0.0,0.0,0.4444,0.5556,0.0,0.0,0.0,0.0,0.0,0.3401,0.9003,0.0025
04365_01035,43.65,10.35,14400,4.3,-2.7,24.6,5.5,0.73,1.0,0.0,0.0,0.0,0.0,0.0,0.0,0.0174,0.0262,0.3459,0.0581,0.0116,0.0814,0.3401,0.1192,-0.0112,-0.0683,0.0239
04365_01045,43.65,10.45,14400,2.3,-2.5,15.8,2.5,0.25,1.0,0.0,0.0,0.0,0.0,0.0,0.0,0.0,0.5,0.5,0.0,0.0,0.0,0.0,0.0,0.2922,0.9491,0.0001
04365_01055,43.65,10.55,14520,16.6,1.0,320.4,32.1,1.42,0.9998,0.0002,0.0,0.0,0.0,0.0,0.0,0.044,0.0546,0.1558,0.1729,0.2496,0.2455,0.0498,0.0277,-0.4374,0.0661,0.0844
04365_01065,43.65,10.65,14280,29.0,3.6,141.7,22.7,1.91,1.0,0.0,0.0,0.0,0.0,0.0,0.0,0.1104,0.1337,0.0705,0.0783,0.1198,0.178,0.174,0.1353,0.0006,-0.18,0.2226
04365_01075,43.65,10.75,14400,78.2,9.0,234.5,48.8,6.01,1.0,0.0,0.0,0.0,0.0,0.0,0.0,0.1403,0.1716,0.1157,0.0666,0.0837,0.1397,0.1633,0.1191,0.1208,-0.063,0.6681
04365_01085,43.65,10.85,14400,89.6,19.2,241.5,45.3,6.52,1.0,0.0,0.0,0.0,0.0,0.0,0.0,0.1428,0.1532,0.1034,0.09,0.1037,0.1209,0.152,0.134,0.0956,-0.0566,0.7535
04365_01095,43.65,10.95,14400,79.3,26.1,194.9,32.6,5.12,1.0,0.0,0.0,0.0,0.0,0.0,0.0,0.1211,0.1081,0.1349,0.1113,0.1024,0.1161,0.1556,0.1505,0.041,-0.0551,0.6968
04365_01105,43.65,11.05,14520,150.3,55.0,291.6,45.4,7.14,1.0,0.0,0.0,0.0,0.0,0.0,0.0,0.1017,0.1205,0.1169,0.1143,0.1132,0.1203,0.1662,0.1468,0.0129,-0.0718,0.8775
04365_01115,43.65,11.15,14280,210.5,63.0,414.4,65.9,7.41,0.9246,0.0754,0.0,0.0,0.0,0.0,0.0,0.1078,0.197,0.1173,0.0576,0.0877,0.1652,0.1622,0.1052,0.0771,-0.061,0.8604
04365_01125,43.65,11.25,14400,238.2,84.6,514.7,66.0,7.15,0.8803,0.1197,0.0,0.0,0.0,0.0,0.0,0.1409,0.1461,0.1493,0.0863,0.0887,0.1178,0.135,0.1359,0.1133,-0.0009,0.8922
04365_01135,43.65,11.35,14400,395.8,106.3,795.7,157.3,11.16,0.3285,0.5549,0.1166,0.0,0.0,0.0,0.0,0.1021,0.126,0.0965,0.0779,0.1051,0.1764,0.179,0.137,0.0027,-0.168,0.9561
04365_01145,43.65,11.45,14400,222.8,107.0,716.7,102.6,6.19,0.8342,0.1566,0.0092,0.0,0.0,0.0,0.0,0.1122,0.1811,0.2231,0.1322,0.1153,0.0834,0.0674,0.0854,0.0325,0.2622,0.7281
04365_01155,43.65,11.55,14520,452.8,118.5,1369.0,265.5,10.98,0.4072,0.3081,0.2087,0.0697,0.0063,0.0,0.0,0.0513,0.0085,0.024,0.0768,0.1743,0.2599,0.266,0.1392,-0.2658,-0.4782,0.8894
04365_01165,43.65,11.65,14280,1039.3,356.7,1588.7,271.7,17.69,0.0,0.0698,0.2419,0.3553,0.3331,0.0,0.0,0.098,0.1044,0.1785,0.1355,0.1118,0.1405,0.1283,0.1032,-0.0575,0.0501,0.9951
04365_01175,43.65,11.75,14400,716.2,320.9,1302.8,226.7,13.92,0.0,0.3499,0.4173,0.2212,0.0117,0.0,0.0,0.1331,0.2202,0.1844,0.1653,0.1328,0.0595,0.0301,0.0747,0.0521,0.3415,0.9766
04365_01185,43.65,11.85,14400,473.5,269.0,985.4,138.4,11.79,0.0425,0.7699,0.1844,0.0031,0.0,0.0,0.0,0.098,0.0928,0.1019,0.1094,0.1044,0.1235,0.2007,0.1693,0.0116,-0.1663,0.9268
04365_01195,43.65,11.95,14400,883.5,465.0,1413.0,199.2,13.62,0.0,0.0792,0.4742,0.3819,0.0646,0.0,0.0,0.0903,0.1515,0.1703,0.1204,0.1197,0.1099,0.1508,0.087,-0.0242,0.0755,0.9907
04365_01205,43.65,12.05,14520,565.2,380.5,1048.6,124.3,9.73,0.0,0.6727,0.3108,0.0165,0.0,0.0,0.0,0.0629,0.1085,0.1228,0.1273,0.1516,0.1718,0.1784,0.0768,-0.1722,-0.0688,0.9302
04365_01215,43.65,12.15,14280,846.6,404.4,1449.6,192.9,15.17,0.0,0.1158,0.4824,0.365,0.0368,0.0,0.0,0.0733,0.082,0.1364,0.0999,0.1075,0.1746,0.1957,0.1306,-0.0835,-0.1508,0.9889
04365_01225,43.65,12.25,14400,774.5,451.6,1237.8,138.6,15.38,0.0,0.1065,0.7138,0.1778,0.0019,0.0,0.0,0.116,0.118,0.1667,0.1638,0.1127,0.0764,0.0961,0.1502,0.0243,0.1121,0.9868
04365_01235,43.65,12.35,14400,591.4,358.4,923.7,111.1,12.4,0.0,0.5596,0.4394,0.001,0.0,0.0,0.0,0.1309,0.124,0.1431,0.1576,0.1099,0.0876,0.1007,0.1463,0.0399,0.0762,0.9653
04365_01245,43.65,12.45,14400,461.2,283.5,789.3,89.8,10.35,0.0096,0.922,0.0684,0.0,0.0,0.0,0.0,0.1239,0.1044,0.1455,0.1534,0.1028,0.1048,0.1269,0.1382,0.0092,0.0262,0.9042
04365_01255,43.65,12.55,14520,387.7,220.9,969.1,123.3,11.14,0.2281,0.6979,0.0685,0.0055,0.0,0.0,0.0,0.1217,0.1405,0.162,0.1217,0.1075,0.1194,0.1078,0.1194,0.0293,0.0732,0.9056
04365_01265,43.65,12.65,14280,316.1,148.0,794.5,99.2,10.09,0.5057,0.4822,0.012,0.0,0.0,0.0,0.0,0.1411,0.1285,0.1209,0.1245,0.0937,0.1155,0.1603,0.1155,0.0454,-0.0229,0.8662
04365_01275,43.65,12.75,14400,415.7,91.0,974.6,202.3,14.76,0.3451,0.4642,0.1762,0.0144,0.0,0.0,0.0,0.1305,0.1944,0.0936,0.0885,0.1176,0.1964,0.0832,0.0959,0.0195,0.0029,0.9446
04365_01285,43.65,12.85,14400,279.9,71.7,591.5,111.3,9.07,0.5942,0.4058,0.0,0.0,0.0,0.0,0.0,0.1421,0.1422,0.1521,0.1334,0.0658,0.0564,0.1254,0.1826,0.1736,0.0538,0.9131
04365_01295,43.65,12.95,14400,191.2,95.4,418.0,55.9,6.16,0.9507,0.0493,0.0,0.0,0.0,0.0,0.0,0.1276,0.1829,0.1481,0.1553,0.12,0.0915,0.0813,0.0934,0.0292,0.1786,0.7943
04365_01305,43.65,13.05,14400,132.1,49.2,265.9,44.4,5.58,1.0,0.0,0.0,0.0,0.0,0.0,0.0,0.092,0.1155,0.1619,0.1433,0.1082,0.1133,0.1106,0.1552,-0.0045,0.0471,0.7413
04365_01315,43.65,13.15,14400,86.7,8.0,212.3,44.1,5.65,1.0,0.0,0.0,0.0,0.0,0.0,0.0,0.0803,0.129,0.1528,0.1351,0.1111,0.1183,0.1452,0.1283,-0.03,0.0198,0.7285
04365_01325,43.65,13.25,14400,77.5,0.0,201.9,42.7,5.09,1.0,0.0,0.0,0.0,0.0,0.0,0.0,0.1095,0.1651,0.1443,0.1322,0.0848,0.1071,0.1307,0.1263,0.0623,0.056,0.7428
04365_01335,43.65,13.35,14400,12.1,0.0,148.4,19.3,0.95,1.0,0.0,0.0,0.0,0.0,0.0,0.0,0.1096,0.2315,0.0629,0.1051,0.123,0.0949,0.1596,0.1135,0.1134,-0.0292,0.1236
04365_01345,43.65,13.45,14400,9.8,-1.0,200.0,29.8,0.9,1.0,0.0,0.0,0.0,0.0,0.0,0.0,0.326,0.2656,0.0991,0.0487,0.0421,0.0266,0.0476,0.1444,0.5347,0.1588,0.1255
04365_01355,43.65,13.55,14400,6.4,0.0,194.0,24.5,0.83,1.0,0.0,0.0,0.0,0.0,0.0,0.0,0.17,0.2711,0.0305,0.0345,0.1155,0.1604,0.154,0.0642,0.1539,-0.0781,0.0866
04375_00755,43.75,7.55,14520,28.9,0.0,714.3,91.2,2.77,0.9634,0.0348,0.0018,0.0,0.0,0.0,0.0,0.0051,0.0987,0.1419,0.1612,0.3017,0.2199,0.0643,0.0073,-0.5182,0.1175,0.15
04375_00765,43.75,7.65,14520,13.5,0.0,369.5,45.3,1.9,0.9972,0.0028,0.0,0.0,0.0,0.0,0.0,0.0022,0.0421,0.138,0.2075,0.1884,0.2221,0.1884,0.0112,-0.4522,-0.0197,0.1228
04375_01025,43.75,10.25,14520,1.8,-0.5,21.8,3.8,0.27,1.0,0.0,0.0,0.0,0.0,0.0,0.0,0.0,0.0714,0.4286,0.0,0.0,0.2143,0.2857,0.0,-0.0881,0.0154,0.001
04375_01035,43.75,10.35,14520,7.0,-3.2,198.1,18.2,0.99,1.0,0.0,0.0,0.0,0.0,0.0,0.0,0.0322,0.1085,0.2085,0.1034,0.1136,0.1695,0.2169,0.0475,-0.1833,-0.0195,0.0406
04375_01045,43.75,10.45,14520,92.1,-0.5,827.5,153.6,6.71,0.883,0.1021,0.0149,0.0,0.0,0.0,0.0,0.087,0.0643,0.0888,0.0941,0.0969,0.2049,0.2037,0.1602,-0.0617,-0.2717,0.3908
04375_01055,43.75,10.55,14641,309.1,1.0,920.6,214.7,15.73,0.5192,0.3686,0.1108,0.0014,0.0,0.0,0.0,0.1235,0.1513,0.1462,0.1351,0.122,0.0947,0.1035,0.1236,0.0346,0.0964,0.9098
04375_01065,43.75,10.65,14399,28.4,3.1,361.8,36.6,2.17,0.9985,0.0015,0.0,0.0,0.0,0.0,0.0,0.1045,0.1483,0.1847,0.1492,0.0677,0.0809,0.1532,0.1114,0.0618,0.1039,0.2113
04375_01075,43.75,10.75,14520,38.6,9.6,119.0,24.5,2.06,1.0,0.0,0.0,0.0,0.0,0.0,0.0,0.1067,0.1273,0.1806,0.1688,0.0931,0.1152,0.1171,0.0912,-0.0312,0.1265,0.244
04375_01085,43.75,10.85,14520,35.9,10.5,122.1,21.5,2.72,1.0,0.0,0.0,0.0,0.0,0.0,0.0,0.105,0.0823,0.1512,0.1365,0.0931,0.1079,0.1578,0.1662,0.0198,-0.0434,0.3875
04375_01095,43.75,10.95,14520,99.9,13.5,613.1,114.5,4.61,0.9092,0.0903,0.0006,0.0,0.0,0.0,0.0,0.0451,0.0448,0.1028,0.1462,0.1508,0.2194,0.1887,0.1022,-0.2625,-0.1815,0.5534
04375_01105,43.75,11.05,14641,117.2,19.5,407.2,63.7,6.75,0.985,0.015,0.0,0.0,0.0,0.0,0.0,0.1015,0.1341,0.14,0.1351,0.1092,0.1268,0.1322,0.121,-0.0114,0.0201,0.7789
04375_01115,43.75,11.15,14399,115.2,28.0,396.6,87.1,4.36,0.9663,0.0337,0.0,0.0,0.0,0.0,0.0,0.1395,0.1794,0.1242,0.1062,0.0776,0.0975,0.1487,0.1269,0.1427,0.0194,0.5193
04375_01125,43.75,11.25,14520,103.4,28.0,296.3,53.6,4.64,1.0,0.0,0.0,0.0,0.0,0.0,0.0,0.1222,0.1175,0.155,0.1134,0.082,0.0971,0.1418,0.1709,0.1026,-0.0141,0.5851
04375_01135,43.75,11.35,14520,233.9,44.5,691.4,132.6,8.78,0.699,0.2919,0.0092,0.0,0.0,0.0,0.0,0.1302,0.103,0.0878,0.0743,0.1358,0.1492,0.1863,0.1333,0.0023,-0.175,0.8445
04375_01145,43.75,11.45,14520,230.7,71.0,497.0,89.9,8.63,0.7736,0.2264,0.0,0.0,0.0,0.0,0.0,0.0918,0.0856,0.1155,0.1406,0.1333,0.1534,0.1587,0.121,-0.1057,-0.0784,0.8916
04375_01155,43.75,11.55,14641,807.9,197.0,1484.9,305.4,13.84,0.0255,0.2658,0.2988,0.2955,0.1143,0.0,0.0,0.1358,0.0559,0.0478,0.0554,0.1077,0.1359,0.2495,0.212,0.081,-0.3789,0.9883
04375_01165,43.75,11.65,14399,819.6,388.4,1388.6,183.1,13.47,0.0,0.129,0.5309,0.3125,0.0276,0.0,0.0,0.0831,0.231,0.2444,0.1323,0.0969,0.0656,0.0507,0.096,0.0798,0.3435,0.9882
04375_01175,43.75,11.75,14520,517.4,323.7,1119.3,139.0,8.73,0.0,0.7354,0.2552,0.0094,0.0,0.0,0.0,0.0782,0.1282,0.1503,0.1219,0.1209,0.1935,0.1291,0.078,-0.1219,0.0048,0.8587
04375_01185,43.75,11.85,14520,711.9,327.1,1310.4,246.6,13.15,0.0,0.3893,0.337,0.2592,0.0145,0.0,0.0,0.0457,0.0382,0.121,0.1538,0.1655,0.1979,0.179,0.0988,-0.2773,-0.1349,0.9114
04375_01195,43.75,11.95,14520,899.5,502.7,1296.0,163.5,14.87,0.0,0.0271,0.4713,0.4837,0.0178,0.0,0.0,0.1132,0.1017,0.1147,0.1024,0.1411,0.1497,0.1441,0.1331,-0.0391,-0.0875,0.9917
04375_01205,43.75,12.05,14641,888.5,484.8,1397.4,189.8,13.52,0.0,0.0521,0.513,0.3565,0.0784,0.0,0.0,0.0876,0.1135,0.1084,0.1039,0.1611,0.1961,0.1539,0.0755,-0.158,-0.0874,0.9829
04375_01215,43.75,12.15,14399,811.4,408.1,1354.4,180.8,12.75,0.0,0.1465,0.5234,0.3175,0.0125,0.0,0.0,0.1445,0.1279,0.1968,0.1774,0.1081,0.0802,0.0675,0.0976,0.0146,0.2241,0.9836
04375_01225,43.75,12.25,14520,771.8,377.8,1211.8,168.8,10.68,0.0,0.1738,0.5718,0.2541,0.0004,0.0,0.0,0.1128,0.0781,0.082,0.0776,0.1003,0.1851,0.2038,0.1603,-0.0036,-0.2623,0.9802
04375_01235,43.75,12.35,14520,660.0,314.6,1401.9,210.6,10.53,0.0,0.4605,0.3871,0.1382,0.0143,0.0,0.0,0.0899,0.1348,0.1868,0.2136,0.1798,0.098,0.0508,0.0461,-0.1863,0.2894,0.9732
04375_01245,43.75,12.45,14520,395.2,182.5,738.6,90.6,11.33,0.1472,0.8313,0.0215,0.0,0.0,0.0,0.0,0.1134,0.1635,0.1579,0.111,0.1064,0.1294,0.1147,0.1036,0.0251,0.0723,0.9515
04375_01255,43.75,12.55,14641,323.6,118.1,627.6,88.4,11.87,0.4061,0.5933,0.0005,0.0,0.0,0.0,0.0,0.116,0.1118,0.16,0.1398,0.0777,0.0884,0.1415,0.1648,0.0751,0.016,0.9696
04375_01265,43.75,12.65,14399,282.9,84.8,598.4,103.2,9.85,0.5538,0.4462,0.0,0.0,0.0,0.0,0.0,0.138,0.1184,0.1317,0.1206,0.0924,0.1109,0.1312,0.1568,0.0794,-0.0183,0.9267
04375_01275,43.75,12.75,14520,322.9,92.9,652.4,123.6,10.56,0.4939,0.4834,0.0227,0.0,0.0,0.0,0.0,0.1398,0.1647,0.133,0.0903,0.1014,0.1257,0.1252,0.1201,0.0906,0.0121,0.9607
04375_01285,43.75,12.85,14520,206.4,48.0,551.1,95.8,8.31,0.836,0.164,0.0,0.0,0.0,0.0,0.0,0.1116,0.1383,0.1561,0.1607,0.1379,0.1237,0.0873,0.0844,-0.0732,0.1374,0.842
04375_01295,43.75,12.95,14520,99.0,14.0,241.9,51.5,4.63,1.0,0.0,0.0,0.0,0.0,0.0,0.0,0.1269,0.0989,0.1289,0.1696,0.094,0.1046,0.1163,0.1607,0.028,0.0218,0.5871
04375_01305,43.75,13.05,14520,90.5,0.0,257.9,46.4,5.24,1.0,0.0,0.0,0.0,0.0,0.0,0.0,0.1217,0.1485,0.1409,0.1404,0.0995,0.0956,0.1291,0.1245,0.0503,0.0591,0.7388
04375_01315,43.75,13.15,14520,33.5,0.0,177.1,40.9,2.48,1.0,0.0,0.0,0.0,0.0,0.0,0.0,0.1296,0.1723,0.1673,0.1104,0.0765,0.0996,0.1164,0.1279,0.1213,0.0817,0.3194
04375_01325,43.75,13.25,14520,0.9,0.0,56.8,4.1,0.14,1.0,0.0,0.0,0.0,0.0,0.0,0.0,0.1068,0.5097,0.0777,0.0825,0.0,0.0777,0.0631,0.0825,0.4508,0.2704,0.0142
04385_00755,43.85,7.55,14400,435.4,5.0,1368.1,279.8,22.22,0.3756,0.3733,0.1697,0.0743,0.0071,0.0,0.0,0.0654,0.1489,0.2016,0.1238,0.1183,0.1427,0.1369,0.0624,-0.0986,0.1151,0.9784
04385_00765,43.85,7.65,14400,327.4,5.2,830.6,160.9,17.95,0.4533,0.4917,0.055,0.0,0.0,0.0,0.0,0.0533,0.0695,0.1599,0.1577,0.1145,0.1074,0.2057,0.132,-0.1068,-0.0582,0.9819
04385_00775,43.85,7.75,14400,487.0,0.0,1294.0,308.4,16.63,0.3173,0.2935,0.2919,0.0922,0.0051,0.0,0.0,0.0483,0.1378,0.154,0.1713,0.1886,0.1634,0.0935,0.043,-0.2607,0.1406,0.9267
04385_00785,43.85,7.85,14400,220.8,0.0,991.2,237.9,11.95,0.6815,0.2165,0.1002,0.0017,0.0,0.0,0.0,0.0406,0.119,0.1886,0.1499,0.1608,0.1883,0.1136,0.0393,-0.2549,0.1052,0.6886
04385_00795,43.85,7.95,14400,99.7,0.0,677.9,139.2,6.35,0.8778,0.1206,0.0016,0.0,0.0,0.0,0.0,0.0661,0.2252,0.1512,0.1435,0.1862,0.1681,0.0492,0.0105,-0.1785,0.2412,0.4887
04385_00805,43.85,8.05,14520,12.8,0.0,295.4,41.3,1.46,1.0,0.0,0.0,0.0,0.0,0.0,0.0,0.0266,0.1167,0.1454,0.1628,0.2208,0.1975,0.1145,0.0157,-0.3608,0.0756,0.1269
04385_01025,43.85,10.25,14400,2.3,-3.2,86.9,4.5,0.38,1.0,0.0,0.0,0.0,0.0,0.0,0.0,0.0,0.0,0.1071,0.1696,0.2768,0.3393,0.0804,0.0268,-0.6087,-0.1261,0.0078
04385_01035,43.85,10.35,14400,82.6,-3.9,450.7,112.8,6.66,0.9323,0.0677,0.0,0.0,0.0,0.0,0.0,0.1078,0.09,0.0904,0.1167,0.1703,0.1696,0.1461,0.1091,-0.1276,-0.1133,0.5053
04385_01045,43.85,10.45,14400,99.5,4.0,515.9,110.8,7.63,0.9188,0.0812,0.0,0.0,0.0,0.0,0.0,0.1119,0.1387,0.1607,0.126,0.1576,0.1407,0.0852,0.0791,-0.0787,0.1094,0.5951
04385_01055,43.85,10.55,14520,29.2,6.2,252.9,25.7,1.72,1.0,0.0,0.0,0.0,0.0,0.0,0.0,0.1145,0.1484,0.12,0.0931,0.1531,0.185,0.1138,0.0721,-0.0931,0.0022,0.1768
04385_01065,43.85,10.65,14280,50.6,4.0,314.6,45.2,2.82,0.9998,0.0002,0.0,0.0,0.0,0.0,0.0,0.0203,0.1068,0.1591,0.1287,0.1853,0.2159,0.131,0.0529,-0.3007,0.0031,0.3481
04385_01075,43.85,10.75,14400,36.7,11.5,452.6,50.3,2.06,0.9925,0.0075,0.0,0.0,0.0,0.0,0.0,0.0191,0.0493,0.1899,0.1708,0.1957,0.2521,0.1061,0.017,-0.4439,0.0452,0.1675
04385_01085,43.85,10.85,14400,100.5,11.5,489.4,103.8,5.54,0.9322,0.0678,0.0,0.0,0.0,0.0,0.0,0.0908,0.1186,0.0845,0.125,0.1137,0.19,0.1973,0.0801,-0.1071,-0.1387,0.4882
04385_01095,43.85,10.95,14400,150.6,37.1,636.4,138.1,6.23,0.8308,0.1664,0.0028,0.0,0.0,0.0,0.0,0.139,0.215,0.1334,0.0755,0.0943,0.1116,0.1363,0.0949,0.1383,0.0601,0.553
04385_01105,43.85,11.05,14520,52.7,32.1,279.3,32.0,1.47,1.0,0.0,0.0,0.0,0.0,0.0,0.0,0.1406,0.2338,0.2014,0.0987,0.0693,0.0543,0.0897,0.1122,0.2157,0.2287,0.1382
04385_01115,43.85,11.15,14280,98.2,32.5,552.7,101.5,4.29,0.9324,0.0676,0.0,0.0,0.0,0.0,0.0,0.0339,0.0368,0.1039,0.175,0.1375,0.1849,0.186,0.1422,-0.2371,-0.1726,0.3182
04385_01125,43.85,11.25,14400,332.3,36.5,929.1,196.0,11.31,0.4607,0.4495,0.0886,0.0012,0.0,0.0,0.0,0.0669,0.0561,0.1064,0.1568,0.1402,0.1498,0.1853,0.1386,-0.156,-0.133,0.8506
04385_01135,43.85,11.35,14400,432.0,87.6,911.4,157.0,12.17,0.2117,0.6504,0.1371,0.0008,0.0,0.0,0.0,0.071,0.0896,0.136,0.1122,0.1416,0.1797,0.1767,0.0933,-0.149,-0.0933,0.9815
04385_01145,43.85,11.45,14400,428.7,97.9,986.6,197.1,12.56,0.2997,0.4897,0.2006,0.0101,0.0,0.0,0.0,0.114,0.1152,0.1398,0.1279,0.1339,0.1399,0.1197,0.1097,-0.0511,0.0175,0.9673
04385_01155,43.85,11.55,14520,478.4,123.7,1074.5,203.4,15.06,0.2234,0.4941,0.2612,0.0213,0.0,0.0,0.0,0.1248,0.0932,0.0759,0.0558,0.0721,0.1664,0.255,0.1569,0.0733,-0.3067,0.982
04385_01165,43.85,11.65,14280,911.1,382.8,1648.2,210.9,15.96,0.0,0.0619,0.4289,0.4144,0.0937,0.0011,0.0,0.1134,0.1024,0.0957,0.1103,0.1401,0.153,0.1484,0.1366,-0.0498,-0.1114,0.9906
04385_01175,43.85,11.75,14400,1000.7,441.5,1649.4,253.1,18.18,0.0,0.0375,0.3525,0.3759,0.2301,0.004,0.0,0.0933,0.1127,0.1274,0.1127,0.1463,0.1794,0.1175,0.1106,-0.1113,-0.0337,0.9924
04385_01185,43.85,11.85,14400,874.6,370.1,1450.2,232.2,18.95,0.0,0.1081,0.4886,0.2773,0.126,0.0,0.0,0.1307,0.1545,0.1668,0.1215,0.1076,0.0852,0.1176,0.116,0.0745,0.1044,0.9907
04385_01195,43.85,11.95,14400,716.8,366.8,1283.3,166.1,15.55,0.0,0.2683,0.5998,0.1226,0.0092,0.0,0.0,0.132,0.1145,0.1462,0.1418,0.0905,0.0895,0.153,0.1325,0.0521,0.0162,0.9835
04385_01205,43.85,12.05,14520,766.1,237.8,1374.4,281.2,13.52,0.0054,0.3457,0.2962,0.2904,0.0622,0.0,0.0,0.1834,0.1521,0.1357,0.0962,0.0839,0.0767,0.1141,0.1578,0.2031,0.0329,0.9853
04385_01215,43.85,12.15,14280,610.0,192.4,1148.6,174.2,14.74,0.032,0.4709,0.4478,0.0493,0.0,0.0,0.0,0.1277,0.1293,0.1619,0.0939,0.0927,0.0934,0.1322,0.169,0.1187,0.0003,0.9856
04385_01225,43.85,12.25,14400,516.0,233.9,1097.1,137.5,9.59,0.04,0.6973,0.2547,0.008,0.0,0.0,0.0,0.1016,0.0945,0.1551,0.1377,0.0833,0.0744,0.1781,0.1753,0.0596,-0.0333,0.9615
04385_01235,43.85,12.35,14400,733.6,271.1,1410.3,238.2,11.01,0.0042,0.323,0.4376,0.1879,0.0473,0.0,0.0,0.1556,0.1582,0.1749,0.1151,0.043,0.0523,0.1181,0.1828,0.2404,0.0808,0.9885
04385_01245,43.85,12.45,14400,475.7,179.5,857.0,126.7,9.95,0.0741,0.7518,0.1741,0.0,0.0,0.0,0.0,0.1118,0.1067,0.1423,0.1752,0.1547,0.0791,0.0976,0.1327,-0.0537,0.0975,0.9756
04385_01255,43.85,12.55,14520,293.0,114.7,625.9,100.4,10.02,0.565,0.4337,0.0013,0.0,0.0,0.0,0.0,0.1304,0.141,0.1413,0.1307,0.1432,0.1156,0.0927,0.1051,-0.0152,0.092,0.9357
04385_01265,43.85,12.65,14280,202.3,62.7,474.6,76.9,9.64,0.8756,0.1244,0.0,0.0,0.0,0.0,0.0,0.1086,0.1265,0.1616,0.1224,0.1128,0.1155,0.1142,0.1383,0.013,0.0446,0.913
04385_01275,43.85,12.75,14400,124.7,31.8,406.2,71.8,6.83,0.9715,0.0285,0.0,0.0,0.0,0.0,0.0,0.1343,0.1425,0.1322,0.1217,0.0881,0.1011,0.142,0.1382,0.0907,0.0058,0.7578
04385_01285,43.85,12.85,14400,100.9,5.4,383.8,71.8,5.8,0.9819,0.0181,0.0,0.0,0.0,0.0,0.0,0.1445,0.1426,0.1637,0.1032,0.0908,0.1051,0.1106,0.1395,0.1083,0.0546,0.6817
04385_01295,43.85,12.95,14400,68.1,0.0,226.2,50.3,5.18,1.0,0.0,0.0,0.0,0.0,0.0,0.0,0.1202,0.1392,0.1263,0.1309,0.1122,0.1066,0.1529,0.1118,0.0162,0.0086,0.6569
04385_01305,43.85,13.05,14400,4.0,0.0,73.5,7.4,0.24,1.0,0.0,0.0,0.0,0.0,0.0,0.0,0.1966,0.3932,0.094,0.0,0.0,0.0,0.0256,0.2906,0.7383,0.1275,0.0081
04395_00755,43.95,7.55,14280,864.3,192.1,1591.9,320.2,25.8,0.019,0.2319,0.285,0.2877,0.1764,0.0,0.0,0.1073,0.0907,0.121,0.1642,0.1268,0.1267,0.1459,0.1173,-0.0784,-0.0139,0.9931
04395_00765,43.95,7.65,14280,901.2,144.4,2023.2,417.2,24.54,0.0396,0.2485,0.2571,0.1998,0.189,0.0655,0.0004,0.08,0.0867,0.1356,0.1684,0.203,0.1305,0.1159,0.0798,-0.2249,0.059,0.9948
04395_00775,43.95,7.75,14280,916.4,395.4,1617.8,244.7,22.5,0.0,0.0977,0.406,0.3558,0.1403,0.0002,0.0,0.1328,0.1269,0.1101,0.1315,0.165,0.1198,0.0887,0.1252,-0.0321,0.0339,0.9964
04395_00785,43.95,7.85,14280,747.8,133.5,1444.9,262.4,22.53,0.0435,0.2597,0.399,0.2523,0.0454,0.0,0.0,0.0729,0.1517,0.1841,0.1388,0.1184,0.1326,0.1261,0.0755,-0.0798,0.1158,0.9957
04395_00795,43.95,7.95,14280,417.0,61.0,1008.8,185.1,16.59,0.305,0.5155,0.1721,0.0074,0.0,0.0,0.0,0.1107,0.1788,0.1561,0.1257,0.1723,0.1378,0.0786,0.04,-0.0951,0.169,0.9917
04395_00805,43.95,8.05,14399,313.1,0.0,968.3,218.9,14.79,0.5507,0.3204,0.1261,0.0028,0.0,0.0,0.0,0.0877,0.1721,0.2004,0.1192,0.1164,0.1708,0.1039,0.0294,-0.0937,0.1666,0.9364
04395_00815,43.95,8.15,14161,64.4,0.0,555.3,109.5,5.47,0.9439,0.0561,0.0,0.0,0.0,0.0,0.0,0.0332,0.1677,0.2184,0.105,0.116,0.1915,0.1404,0.0279,-0.1611,0.1186,0.3854
04395_01015,43.95,10.15,14161,3.9,-1.0,230.3,17.8,0.49,1.0,0.0,0.0,0.0,0.0,0.0,0.0,0.006,0.0301,0.1084,0.1506,0.1717,0.512,0.009,0.012,-0.6076,-0.1302,0.0234
04395_01025,43.95,10.25,14280,178.1,-1.0,1095.6,233.1,11.24,0.77,0.1461,0.0751,0.0089,0.0,0.0,0.0,0.1127,0.0836,0.0599,0.0953,0.1613,0.2274,0.1492,0.1106,-0.1408,-0.2093,0.5693
04395_01035,43.95,10.35,14280,544.9,27.5,1293.1,308.6,18.97,0.2903,0.2485,0.3192,0.1386,0.0034,0.0,0.0,0.1076,0.0959,0.0957,0.1285,0.1772,0.1741,0.1229,0.0981,-0.1491,-0.0602,0.9661
04395_01045,43.95,10.45,14280,414.7,53.8,1000.1,223.0,16.77,0.3674,0.4033,0.2143,0.015,0.0,0.0,0.0,0.1021,0.1178,0.1406,0.1656,0.1854,0.1353,0.0674,0.0858,-0.1552,0.1194,0.9794
04395_01055,43.95,10.55,14399,395.1,30.0,1000.9,254.6,16.85,0.4225,0.3362,0.2053,0.036,0.0,0.0,0.0,0.0861,0.103,0.0802,0.1256,0.1573,0.1619,0.169,0.1169,-0.1193,-0.1227,0.9409
04395_01065,43.95,10.65,14161,587.8,58.5,1103.8,228.6,16.59,0.1273,0.3849,0.3955,0.0924,0.0,0.0,0.0,0.0697,0.1043,0.2188,0.1766,0.1159,0.1134,0.1227,0.0787,-0.1289,0.1642,0.9855
04395_01075,43.95,10.75,14280,528.9,68.8,1030.0,213.8,15.01,0.1576,0.4574,0.3485,0.0365,0.0,0.0,0.0,0.0602,0.0536,0.1355,0.1439,0.1422,0.1679,0.1824,0.1143,-0.1876,-0.1076,0.9807
04395_01085,43.95,10.85,14280,353.3,47.3,1079.1,249.7,11.26,0.505,0.319,0.1434,0.0326,0.0,0.0,0.0,0.0449,0.1404,0.2356,0.1803,0.1712,0.1364,0.0645,0.0268,-0.238,0.2915,0.8615
04395_01095,43.95,10.95,14280,215.1,41.0,1031.6,198.3,7.63,0.7029,0.2405,0.0544,0.0021,0.0,0.0,0.0,0.0162,0.0057,0.0634,0.1805,0.2544,0.1747,0.2026,0.1025,-0.4206,-0.2046,0.5202
04395_01105,43.95,11.05,14399,387.6,42.5,1040.8,289.6,11.83,0.4636,0.2503,0.2421,0.044,0.0,0.0,0.0,0.0375,0.0562,0.133,0.1756,0.2136,0.1985,0.127,0.0585,-0.3692,-0.0127,0.7632
04395_01115,43.95,11.15,14161,423.1,71.6,913.4,191.3,14.9,0.298,0.49,0.211,0.001,0.0,0.0,0.0,0.0371,0.0736,0.1953,0.1717,0.1016,0.0975,0.1857,0.1375,-0.1123,0.0138,0.9714
04395_01125,43.95,11.25,14280,361.1,148.0,675.4,98.0,9.65,0.3482,0.6405,0.0112,0.0,0.0,0.0,0.0,0.129,0.1174,0.1582,0.1285,0.0767,0.11,0.138,0.1423,0.0692,0.0165,0.8553
04395_01135,43.95,11.35,14280,297.6,183.2,795.7,107.3,7.4,0.6746,0.3028,0.0225,0.0,0.0,0.0,0.0,0.1059,0.1553,0.1948,0.1241,0.0381,0.0646,0.193,0.1241,0.1357,0.0681,0.698
04395_01145,43.95,11.45,14280,298.7,160.6,930.1,107.9,7.11,0.6005,0.3819,0.0175,0.0001,0.0,0.0,0.0,0.0984,0.1084,0.1087,0.1579,0.097,0.1145,0.2043,0.1109,-0.0343,-0.0652,0.7205
04395_01155,43.95,11.55,14399,568.0,154.6,1170.6,227.0,15.36,0.1067,0.4966,0.2881,0.1085,0.0,0.0,0.0,0.0633,0.05,0.0743,0.1414,0.1505,0.1471,0.2047,0.1686,-0.1384,-0.2242,0.9832
04395_01165,43.95,11.65,14161,800.4,306.8,1232.6,173.3,16.47,0.0,0.1519,0.5137,0.3338,0.0006,0.0,0.0,0.1244,0.1161,0.1325,0.1157,0.1123,0.1532,0.1244,0.1214,-0.0143,-0.0222,0.9892
04395_01175,43.95,11.75,14280,815.8,401.2,1213.5,166.2,18.95,0.0,0.1184,0.5407,0.3406,0.0003,0.0,0.0,0.1126,0.1149,0.1322,0.151,0.1238,0.0766,0.1253,0.1634,0.0215,0.0267,0.9919
04395_01185,43.95,11.85,14280,604.4,266.5,1055.6,155.7,16.47,0.0067,0.5013,0.4471,0.0449,0.0,0.0,0.0,0.1248,0.124,0.1636,0.1782,0.1165,0.0809,0.0936,0.1184,-0.0034,0.146,0.9874
04395_01195,43.95,11.95,14280,550.9,195.0,935.7,162.3,13.5,0.0751,0.5257,0.3974,0.0018,0.0,0.0,0.0,0.0976,0.1258,0.1376,0.0662,0.0809,0.134,0.1979,0.1599,0.0777,-0.1352,0.9811
04395_01205,43.95,12.05,14399,553.6,177.1,946.1,138.6,15.64,0.0313,0.6128,0.3529,0.003,0.0,0.0,0.0,0.1276,0.1281,0.1525,0.1516,0.1082,0.0801,0.1089,0.143,0.0462,0.088,0.9887
04395_01215,43.95,12.15,14161,355.5,97.9,642.3,114.0,12.86,0.3416,0.6546,0.0037,0.0,0.0,0.0,0.0,0.1204,0.1234,0.1681,0.1569,0.1049,0.0847,0.1152,0.1264,0.0204,0.1021,0.975
04395_01225,43.95,12.25,14280,371.2,91.9,867.5,123.0,11.05,0.2807,0.6751,0.0441,0.0,0.0,0.0,0.0,0.132,0.1222,0.1409,0.1149,0.0852,0.1036,0.1527,0.1486,0.0849,-0.0221,0.9643
04395_01235,43.95,12.35,14280,267.6,92.3,640.2,93.6,9.85,0.6745,0.3239,0.0016,0.0,0.0,0.0,0.0,0.1179,0.125,0.1776,0.11,0.0862,0.0751,0.1389,0.1693,0.1147,0.0306,0.9092
04395_01245,43.95,12.45,14280,261.5,57.0,714.4,123.6,8.52,0.6413,0.3525,0.0062,0.0,0.0,0.0,0.0,0.1831,0.1825,0.1514,0.0832,0.0625,0.0879,0.1091,0.1402,0.2352,0.0734,0.9211
04395_01255,43.95,12.55,14399,147.4,20.8,468.0,90.3,6.92,0.914,0.086,0.0,0.0,0.0,0.0,0.0,0.1673,0.149,0.1672,0.1351,0.0898,0.0588,0.087,0.1459,0.1518,0.1378,0.8122
04395_01265,43.95,12.65,14161,63.9,-0.5,228.8,43.2,3.28,1.0,0.0,0.0,0.0,0.0,0.0,0.0,0.1473,0.1794,0.1677,0.1075,0.0777,0.0659,0.1101,0.1443,0.1816,0.1143,0.4616
04395_01275,43.95,12.75,14280,37.1,-0.4,284.5,44.3,3.03,1.0,0.0,0.0,0.0,0.0,0.0,0.0,0.1351,0.1467,0.141,0.0737,0.0957,0.117,0.1509,0.1399,0.1179,-0.0383,0.3819
04395_01285,43.95,12.85,14280,31.3,0.0,215.8,46.5,3.09,1.0,0.0,0.0,0.0,0.0,0.0,0.0,0.0768,0.2169,0.0659,0.0958,0.1937,0.1826,0.1098,0.0586,-0.113,-0.0064,0.3348
04395_01295,43.95,12.95,14280,0.6,0.0,117.8,4.1,0.11,1.0,0.0,0.0,0.0,0.0,0.0,0.0,0.1275,0.451,0.0196,0.0,0.0,0.0,0.3431,0.0588,0.5206,-0.1213,0.0071
04405_00765,44.05,7.65,14400,1345.0,739.3,2305.4,301.5,23.84,0.0,0.0,0.0487,0.305,0.4409,0.1875,0.0179,0.1348,0.0916,0.0995,0.104,0.1276,0.1294,0.1557,0.1575,0.0209,-0.1207,0.9958
04405_00775,44.05,7.75,14400,1367.2,542.6,2253.9,373.9,23.12,0.0,0.0025,0.1117,0.2567,0.3306,0.2495,0.049,0.0738,0.1467,0.1868,0.1382,0.1184,0.1321,0.1246,0.0795,-0.0755,0.1125,0.9973
04405_00785,44.05,7.85,14400,949.3,274.0,1864.5,310.2,20.82,0.0013,0.1414,0.3112,0.333,0.1877,0.0254,0.0,0.1293,0.1907,0.1481,0.1359,0.1658,0.1203,0.0388,0.0712,-0.0347,0.2114,0.9961
04405_00795,44.05,7.95,14400,604.4,133.9,1420.7,244.0,19.66,0.0912,0.4552,0.314,0.1281,0.0115,0.0,0.0,0.0898,0.1266,0.1656,0.137,0.1744,0.1222,0.0956,0.0888,-0.1184,0.1072,0.9942
04405_00805,44.05,8.05,14520,377.4,48.2,1056.0,195.2,17.64,0.3991,0.46,0.1326,0.0083,0.0,0.0,0.0,0.1335,0.0889,0.1316,0.1463,0.2223,0.1287,0.0618,0.0868,-0.1632,0.0862,0.9835
04405_00815,44.05,8.15,14280,162.1,0.0,668.9,140.0,11.91,0.8187,0.1796,0.0018,0.0,0.0,0.0,0.0,0.1246,0.1334,0.0961,0.1537,0.2278,0.1258,0.0617,0.0769,-0.1584,0.0988,0.7697
04405_00825,44.05,8.25,14400,4.6,0.0,222.2,18.2,0.56,1.0,0.0,0.0,0.0,0.0,0.0,0.0,0.0595,0.0384,0.1933,0.4957,0.1784,0.0211,0.0099,0.0037,-0.4644,0.5736,0.056
04405_00975,44.05,9.75,14400,38.7,0.0,669.4,117.6,2.93,0.9282,0.0707,0.0011,0.0,0.0,0.0,0.0,0.0828,0.1153,0.0993,0.0524,0.2009,0.293,0.0944,0.0618,-0.2374,-0.1435,0.1258
04405_00985,44.05,9.85,14400,27.0,-3.2,497.9,74.4,3.46,0.9775,0.0225,0.0,0.0,0.0,0.0,0.0,0.1445,0.166,0.1772,0.1314,0.1166,0.1208,0.0663,0.0772,0.0166,0.1875,0.2167
04405_00995,44.05,9.95,14400,48.0,-0.4,408.8,94.3,4.3,0.958,0.042,0.0,0.0,0.0,0.0,0.0,0.1069,0.1617,0.1661,0.0745,0.1084,0.1837,0.1165,0.0822,-0.0124,0.0299,0.2813
04405_01005,44.05,10.05,14520,60.1,-1.2,571.1,108.4,4.57,0.9389,0.0611,0.0,0.0,0.0,0.0,0.0,0.0386,0.0407,0.121,0.1437,0.1356,0.2467,0.1973,0.0765,-0.2937,-0.1799,0.2981
04405_01015,44.05,10.15,14280,329.7,0.0,1199.1,260.2,17.21,0.499,0.3152,0.1763,0.0095,0.0,0.0,0.0,0.0821,0.0449,0.0771,0.0994,0.1652,0.2166,0.1722,0.1425,-0.1751,-0.254,0.7761
04405_01025,44.05,10.25,14400,862.1,67.5,1746.4,352.4,27.1,0.0519,0.2149,0.2576,0.2876,0.1813,0.0067,0.0,0.0862,0.0805,0.1353,0.1165,0.1467,0.1553,0.1666,0.1127,-0.1208,-0.0852,0.9976
04405_01035,44.05,10.35,14400,828.6,183.0,1814.3,275.8,24.46,0.0062,0.2098,0.4112,0.2768,0.0881,0.0078,0.0,0.1287,0.1338,0.1608,0.1568,0.1257,0.0877,0.0858,0.1206,0.0069,0.1368,0.9964
04405_01045,44.05,10.45,14400,460.8,121.5,1184.3,227.4,16.59,0.2997,0.4391,0.2153,0.0458,0.0,0.0,0.0,0.1115,0.1225,0.13,0.1479,0.12,0.1309,0.1158,0.1214,-0.0325,0.029,0.9295
04405_01055,44.05,10.55,14520,519.4,93.5,1415.6,261.6,18.49,0.2338,0.4081,0.2772,0.0678,0.0132,0.0,0.0,0.0404,0.0444,0.0962,0.2004,0.1431,0.1189,0.2108,0.1459,-0.1961,-0.1307,0.9662
04405_01065,44.05,10.65,14280,770.1,148.1,1705.6,319.5,22.18,0.0549,0.2986,0.2875,0.2611,0.095,0.0029,0.0,0.0691,0.0849,0.1128,0.1513,0.1503,0.1388,0.1739,0.119,-0.1451,-0.0794,0.9936
04405_01075,44.05,10.75,14400,813.1,314.4,1537.4,223.9,19.08,0.0,0.1785,0.4903,0.2761,0.0551,0.0,0.0,0.1182,0.1254,0.1357,0.093,0.1114,0.1535,0.1585,0.1042,-0.0027,-0.0552,0.9921
04405_01085,44.05,10.85,14400,957.8,213.6,1713.9,258.1,17.2,0.006,0.0526,0.4142,0.3371,0.1852,0.0049,0.0,0.0693,0.0937,0.1514,0.1363,0.1796,0.2012,0.0875,0.081,-0.228,0.0339,0.9848
04405_01095,44.05,10.95,14400,879.8,260.2,1394.1,193.4,19.62,0.0015,0.0818,0.4209,0.4656,0.0303,0.0,0.0,0.0915,0.0726,0.113,0.1312,0.1336,0.1341,0.1411,0.1829,-0.0552,-0.1111,0.9923
04405_01105,44.05,11.05,14520,848.2,359.7,1310.3,176.6,19.0,0.0,0.0884,0.512,0.3888,0.0108,0.0,0.0,0.0833,0.1041,0.1823,0.1723,0.1225,0.0693,0.1255,0.1406,-0.0363,0.1064,0.9931
04405_01115,44.05,11.15,14280,592.9,184.5,1278.0,200.2,16.22,0.0529,0.5026,0.3662,0.0767,0.0017,0.0,0.0,0.0814,0.1048,0.1439,0.1647,0.1512,0.1221,0.1323,0.0996,-0.1297,0.046,0.9853
04405_01125,44.05,11.25,14400,532.6,253.3,1105.1,187.4,10.86,0.0623,0.6298,0.2633,0.0447,0.0,0.0,0.0,0.0341,0.0829,0.194,0.1552,0.1386,0.1676,0.1897,0.038,-0.2569,0.0269,0.941
04405_01135,44.05,11.35,14400,597.4,234.2,1123.7,214.8,12.54,0.0832,0.4253,0.3969,0.0946,0.0,0.0,0.0,0.0788,0.1085,0.1362,0.1267,0.1372,0.1683,0.1678,0.0765,-0.1394,-0.0415,0.938
04405_01145,44.05,11.45,14400,764.5,298.6,1180.0,184.1,17.11,0.0001,0.1944,0.5445,0.2609,0.0,0.0,0.0,0.0912,0.0848,0.1059,0.1354,0.1271,0.1374,0.1818,0.1364,-0.0749,-0.1186,0.9857
04405_01155,44.05,11.55,14520,728.0,337.2,1150.5,149.9,17.25,0.0,0.1989,0.6638,0.1373,0.0,0.0,0.0,0.1241,0.1362,0.1618,0.1249,0.1244,0.0903,0.1001,0.1381,0.0418,0.0853,0.9902
04405_01165,44.05,11.65,14280,682.3,264.0,1232.2,205.0,16.06,0.0125,0.3679,0.4469,0.1702,0.0025,0.0,0.0,0.1225,0.1218,0.1447,0.1031,0.0772,0.0915,0.1595,0.1798,0.1231,-0.045,0.9839
04405_01175,44.05,11.75,14400,565.3,260.7,988.8,137.5,14.63,0.0071,0.6115,0.3695,0.0119,0.0,0.0,0.0,0.1177,0.0993,0.1468,0.1814,0.1022,0.0632,0.1284,0.161,0.0287,0.0588,0.9821
04405_01185,44.05,11.85,14400,429.0,160.5,787.6,114.1,14.15,0.1465,0.7816,0.0719,0.0,0.0,0.0,0.0,0.1128,0.1146,0.131,0.1652,0.0946,0.0913,0.1484,0.1422,0.0174,0.0158,0.9783
04405_01195,44.05,11.95,14400,353.2,120.3,688.9,109.8,13.8,0.3336,0.6547,0.0117,0.0,0.0,0.0,0.0,0.1124,0.099,0.147,0.1745,0.1059,0.0713,0.1242,0.1658,0.023,0.0498,0.9724
04405_01205,44.05,12.05,14520,256.6,65.0,678.2,107.6,10.36,0.6719,0.3256,0.0025,0.0,0.0,0.0,0.0,0.1252,0.1091,0.1589,0.1445,0.0615,0.0632,0.1424,0.1952,0.1377,0.0149,0.9395
04405_01215,44.05,12.15,14280,203.4,51.2,469.8,85.4,9.24,0.8662,0.1338,0.0,0.0,0.0,0.0,0.0,0.1143,0.1572,0.1719,0.1308,0.1162,0.0917,0.1081,0.1098,0.0334,0.1285,0.9085
04405_01225,44.05,12.25,14400,213.6,44.2,481.4,86.1,10.86,0.8253,0.1747,0.0,0.0,0.0,0.0,0.0,0.1045,0.1179,0.166,0.1122,0.0775,0.124,0.1605,0.1375,0.0376,-0.0149,0.9406
04405_01235,44.05,12.35,14400,131.3,23.9,431.6,80.2,6.98,0.9542,0.0458,0.0,0.0,0.0,0.0,0.0,0.1487,0.1414,0.1608,0.1493,0.0795,0.066,0.0913,0.163,0.1381,0.1121,0.7499
04405_01245,44.05,12.45,14400,52.0,10.2,199.9,32.7,1.61,1.0,0.0,0.0,0.0,0.0,0.0,0.0,0.1757,0.1008,0.1518,0.1246,0.0314,0.056,0.0828,0.2769,0.2971,-0.004,0.166
04405_01255,44.05,12.55,14520,20.6,-1.5,154.4,23.7,1.59,1.0,0.0,0.0,0.0,0.0,0.0,0.0,0.1294,0.1213,0.2189,0.1129,0.0524,0.0748,0.1395,0.1507,0.1301,0.0847,0.197
04405_01265,44.05,12.65,14280,1.6,-0.1,25.9,4.3,0.12,1.0,0.0,0.0,0.0,0.0,0.0,0.0,0.0,0.0,0.0,0.0,0.0,0.0,0.0,0.0,0.0,0.0,0.0
04415_00725,44.15,7.25,14400,2179.2,1215.4,2832.6,306.2,25.91,0.0,0.0,0.0,0.0,0.0443,0.231,0.7247,0.1104,0.1303,0.1297,0.1003,0.126,0.1582,0.1409,0.1042,-0.0308,-0.0348,0.9958
04415_00735,44.15,7.35,14400,2204.9,1042.6,3207.5,435.4,29.93,0.0,0.0,0.0,0.0088,0.1071,0.192,0.6921,0.0828,0.0908,0.2083,0.119,0.0895,0.109,0.1564,0.1442,0.0005,0.017,0.9943
04415_00745,44.15,7.45,14400,2138.4,1113.0,3003.1,366.9,28.03,0.0,0.0,0.0,0.0037,0.0838,0.258,0.6546,0.1142,0.1795,0.1864,0.0561,0.0709,0.1347,0.157,0.1013,0.109,0.0304,0.9964
04415_00755,44.15,7.55,14400,1659.0,853.4,2716.6,352.8,23.32,0.0,0.0,0.0015,0.1003,0.3505,0.3582,0.1895,0.1083,0.1422,0.1692,0.1523,0.0911,0.0775,0.1331,0.1264,0.0454,0.1058,0.9968
04415_00765,44.15,7.65,14400,1861.9,858.0,2628.8,339.1,23.64,0.0,0.0,0.002,0.0546,0.1548,0.3816,0.407,0.1019,0.1117,0.1193,0.1213,0.1132,0.1694,0.1586,0.1047,-0.0631,-0.0685,0.996
04415_00775,44.15,7.75,14400,1774.8,974.4,2613.2,385.4,23.05,0.0,0.0,0.0,0.0682,0.3049,0.2851,0.3419,0.1033,0.1656,0.123,0.1296,0.2018,0.1336,0.0772,0.0659,-0.1215,0.1139,0.9933
04415_00785,44.15,7.85,14400,1496.2,763.0,2502.5,411.7,23.42,0.0,0.0,0.0443,0.2594,0.2988,0.2535,0.144,0.1062,0.1355,0.1483,0.151,0.2028,0.0991,0.0848,0.0723,-0.1278,0.1508,0.9958
04415_00795,44.15,7.95,14400,1148.7,541.5,2126.1,306.8,22.06,0.0,0.0017,0.2367,0.3576,0.3173,0.0812,0.0055,0.1428,0.1055,0.084,0.1845,0.2073,0.0988,0.0698,0.1073,-0.1187,0.0803,0.9935
04415_00805,44.15,8.05,14520,777.0,117.2,1691.6,278.7,22.11,0.0326,0.2435,0.3998,0.2559,0.0655,0.0027,0.0,0.1083,0.1536,0.1412,0.1252,0.1518,0.1298,0.1096,0.0807,-0.0594,0.0826,0.9939
04415_00815,44.15,8.15,14280,649.7,70.6,1375.1,269.7,19.12,0.1153,0.3156,0.3832,0.1701,0.0158,0.0,0.0,0.1057,0.1227,0.1289,0.1257,0.1622,0.1692,0.1134,0.0722,-0.1326,0.0232,0.9796
04415_00825,44.15,8.25,14400,209.6,0.0,1155.2,234.3,11.96,0.7412,0.1727,0.0693,0.0167,0.0,0.0,0.0,0.0651,0.1864,0.1667,0.2082,0.1868,0.1141,0.0507,0.0221,-0.2109,0.3069,0.7192
04415_00835,44.15,8.35,14400,51.4,0.0,376.3,95.8,4.52,0.9772,0.0228,0.0,0.0,0.0,0.0,0.0,0.0339,0.0948,0.1468,0.135,0.201,0.2167,0.1432,0.0285,-0.3367,-0.004,0.2871
04415_00955,44.15,9.55,14520,16.5,0.0,593.0,69.2,1.46,0.9781,0.0219,0.0,0.0,0.0,0.0,0.0,0.0017,0.0025,0.0225,0.0967,0.2767,0.3108,0.2425,0.0467,-0.5345,-0.412,0.0826
04415_00965,44.15,9.65,14280,189.7,0.0,719.1,214.5,10.51,0.6761,0.2973,0.0267,0.0,0.0,0.0,0.0,0.0982,0.0789,0.106,0.1261,0.1571,0.2013,0.137,0.0953,-0.1677,-0.0971,0.576
04415_00975,44.15,9.75,14400,305.2,0.0,808.9,183.4,14.89,0.5852,0.3251,0.0897,0.0,0.0,0.0,0.0,0.1304,0.1456,0.1647,0.1338,0.0876,0.105,0.1388,0.0942,0.0439,0.0858,0.9231
04415_00985,44.15,9.85,14400,136.1,-3.8,603.1,122.4,9.72,0.8888,0.111,0.0001,0.0,0.0,0.0,0.0,0.1098,0.0993,0.1461,0.1454,0.1441,0.141,0.1202,0.0941,-0.1006,0.0377,0.7654
04415_00995,44.15,9.95,14400,163.1,0.5,659.4,157.4,9.91,0.7985,0.196,0.0055,0.0,0.0,0.0,0.0,0.108,0.0682,0.107,0.1224,0.1311,0.1758,0.1617,0.1259,-0.0988,-0.1361,0.7112
04415_01005,44.15,10.05,14520,360.1,33.7,938.9,163.2,15.29,0.4,0.5181,0.0806,0.0012,0.0,0.0,0.0,0.1214,0.1165,0.1213,0.0827,0.0997,0.136,0.1647,0.1577,0.0664,-0.112,0.9753
04415_01015,44.15,10.15,14280,738.7,148.2,1759.9,373.5,23.62,0.1212,0.3031,0.2291,0.2024,0.1365,0.0078,0.0,0.135,0.149,0.1026,0.0602,0.093,0.1516,0.1801,0.1285,0.0927,-0.1316,0.9882
04415_01025,44.15,10.25,14400,896.5,366.5,1860.5,294.2,19.04,0.0,0.1078,0.512,0.2252,0.1197,0.0353,0.0,0.1467,0.1447,0.1473,0.1184,0.0946,0.1039,0.123,0.1214,0.0862,0.0556,0.9838
04415_01035,44.15,10.35,14400,673.8,280.1,1563.6,228.5,15.07,0.0055,0.4339,0.389,0.1538,0.0179,0.0,0.0,0.0798,0.1535,0.1568,0.1273,0.1371,0.159,0.1135,0.0729,-0.1066,0.083,0.9767
04415_01045,44.15,10.45,14400,782.2,212.5,1678.6,314.4,19.82,0.0398,0.2868,0.2966,0.2869,0.0835,0.0064,0.0,0.0541,0.0286,0.0725,0.1737,0.1459,0.1531,0.2137,0.1584,-0.1939,-0.2274,0.9685
04415_01055,44.15,10.55,14520,1274.3,487.3,1976.4,279.9,20.24,0.0,0.0076,0.1014,0.2725,0.4984,0.12,0.0,0.1097,0.1431,0.1616,0.0979,0.0914,0.1313,0.1585,0.1065,0.0314,0.0039,0.9948
04415_01065,44.15,10.65,14280,1369.1,756.9,2146.9,239.7,18.01,0.0,0.0,0.0281,0.216,0.5686,0.1852,0.0021,0.1183,0.1666,0.1247,0.0678,0.0824,0.1347,0.1614,0.1442,0.1142,-0.0696,0.9953
04415_01075,44.15,10.75,14400,1260.4,576.3,2147.6,302.7,19.71,0.0,0.0012,0.1328,0.2969,0.4206,0.144,0.0045,0.1027,0.173,0.1595,0.1096,0.1115,0.1708,0.0819,0.0909,-0.0218,0.0925,0.9975
04415_01085,44.15,10.85,14400,1126.3,484.4,1933.5,324.3,20.65,0.0,0.0343,0.2538,0.2886,0.3342,0.0891,0.0,0.1473,0.1297,0.1691,0.1075,0.0768,0.0559,0.1357,0.178,0.1815,0.037,0.995
04415_01095,44.15,10.95,14400,688.3,311.6,1476.1,261.8,15.01,0.0,0.4888,0.2819,0.1812,0.048,0.0,0.0,0.1235,0.1223,0.1582,0.1802,0.1024,0.0841,0.0864,0.1428,0.0173,0.1298,0.9825
04415_01105,44.15,11.05,14520,625.6,284.8,1279.5,191.4,12.26,0.0017,0.4953,0.4001,0.0985,0.0044,0.0,0.0,0.107,0.0906,0.1415,0.0809,0.0326,0.122,0.2208,0.2046,0.1415,-0.1919,0.9749
04415_01115,44.15,11.15,14280,754.1,348.0,1263.2,186.0,12.78,0.0,0.2373,0.5268,0.2347,0.0013,0.0,0.0,0.1265,0.1317,0.2234,0.1011,0.0856,0.0643,0.1261,0.1413,0.1175,0.1215,0.9805
04415_01125,44.15,11.25,14400,827.0,363.4,1275.0,178.8,12.43,0.0,0.1144,0.5156,0.3657,0.0043,0.0,0.0,0.083,0.0896,0.1135,0.0748,0.0492,0.1677,0.2775,0.1447,0.0299,-0.2745,0.9878
04415_01135,44.15,11.35,14400,732.2,406.5,1283.7,204.3,10.86,0.0,0.3293,0.4629,0.1908,0.017,0.0,0.0,0.0848,0.1148,0.1973,0.2016,0.1617,0.0858,0.0654,0.0886,-0.1397,0.2398,0.9712
04415_01145,44.15,11.45,14400,600.8,203.9,1083.7,167.7,17.69,0.0279,0.4753,0.4577,0.039,0.0,0.0,0.0,0.1231,0.1099,0.122,0.1366,0.1155,0.1267,0.1453,0.1208,-0.0192,-0.0256,0.9867
04415_01155,44.15,11.55,14520,588.2,186.9,1029.6,149.3,16.34,0.0249,0.4985,0.4562,0.0204,0.0,0.0,0.0,0.1095,0.1145,0.1452,0.1286,0.1232,0.0756,0.1418,0.1616,0.0357,0.009,0.9853
04415_01165,44.15,11.65,14280,472.6,151.7,809.6,140.5,14.95,0.1295,0.659,0.2115,0.0,0.0,0.0,0.0,0.096,0.0993,0.1739,0.1583,0.1026,0.0869,0.1282,0.1549,0.0008,0.0592,0.9772
04415_01175,44.15,11.75,14400,383.0,116.0,685.2,114.9,14.82,0.2496,0.7235,0.0269,0.0,0.0,0.0,0.0,0.104,0.1024,0.175,0.1568,0.0667,0.0661,0.1442,0.1848,0.0824,0.0391,0.9791
04415_01185,44.15,11.85,14400,317.0,86.2,700.2,114.3,12.56,0.4599,0.5349,0.0053,0.0,0.0,0.0,0.0,0.1244,0.1328,0.1582,0.1414,0.0832,0.0761,0.1276,0.1563,0.0945,0.0606,0.9638
04415_01195,44.15,11.95,14400,181.5,35.1,459.9,88.4,8.78,0.8783,0.1217,0.0,0.0,0.0,0.0,0.0,0.1194,0.1278,0.1789,0.1473,0.0783,0.0655,0.1165,0.1662,0.1038,0.0979,0.8338
04415_01205,44.15,12.05,14520,103.1,16.8,387.8,78.1,4.09,0.975,0.025,0.0,0.0,0.0,0.0,0.0,0.1391,0.1361,0.2179,0.1124,0.0479,0.0604,0.0824,0.2039,0.211,0.1339,0.4571
04415_01215,44.15,12.15,14280,86.5,17.5,330.1,68.1,4.87,0.9973,0.0027,0.0,0.0,0.0,0.0,0.0,0.1241,0.1661,0.1989,0.0669,0.0646,0.0936,0.1605,0.1252,0.1589,0.0476,0.5125
04415_01225,44.15,12.25,14400,40.9,8.5,201.0,30.1,1.93,1.0,0.0,0.0,0.0,0.0,0.0,0.0,0.1228,0.0689,0.2151,0.1427,0.0188,0.0253,0.1508,0.2556,0.2229,0.0216,0.1815
04415_01235,44.15,12.35,14400,14.9,-1.1,49.1,9.9,0.31,1.0,0.0,0.0,0.0,0.0,0.0,0.0,0.0,0.0,0.0,0.0,0.0,0.0,0.0,0.0,0.0,0.0,0.0
04415_01245,44.15,12.45,14400,4.8,-1.1,26.7,5.8,0.23,1.0,0.0,0.0,0.0,0.0,0.0,0.0,0.0,0.0,0.0,0.0,0.0,0.0,0.0,0.0,0.0,0.0,0.0
04425_00695,44.25,6.95,14520,1921.2,978.7,2996.0,511.3,25.86,0.0,0.0,0.0,0.0742,0.2349,0.2753,0.4156,0.0924,0.1397,0.085,0.0994,0.1496,0.2109,0.1666,0.0563,-0.1384,-0.1043,0.9909
04425_00705,44.25,7.05,14520,2107.0,997.8,2916.2,365.2,27.29,0.0,0.0,0.0,0.0038,0.1099,0.245,0.6413,0.1121,0.1128,0.1394,0.1853,0.1339,0.0959,0.1097,0.1108,-0.0705,0.0951,0.9978
04425_00715,44.25,7.15,14520,1967.6,895.2,2848.1,396.3,28.68,0.0,0.0,0.0012,0.0457,0.1377,0.2899,0.5255,0.1347,0.1585,0.1649,0.0682,0.0338,0.0944,0.2186,0.1269,0.1932,-0.0457,0.9963
04425_00725,44.25,7.25,14520,1998.8,958.0,3044.0,459.3,28.48,0.0,0.0,0.0,0.0346,0.2016,0.2478,0.516,0.181,0.1535,0.1097,0.1465,0.0916,0.0586,0.1063,0.1528,0.1621,0.0677,0.9972
04425_00735,44.25,7.35,14520,1440.8,728.2,2868.3,447.0,27.63,0.0,0.0,0.1005,0.2463,0.3345,0.1916,0.1271,0.1943,0.156,0.1355,0.1315,0.1117,0.0521,0.0781,0.1407,0.1659,0.1328,0.9767
04425_00745,44.25,7.45,14520,1292.1,674.8,2425.2,365.7,24.73,0.0,0.0,0.1341,0.3269,0.332,0.1578,0.0492,0.1198,0.2245,0.1153,0.0685,0.0687,0.1443,0.1329,0.126,0.154,-0.0052,0.9824
04425_00755,44.25,7.55,14520,1170.4,667.4,2353.2,293.1,22.34,0.0,0.0,0.1847,0.4056,0.3235,0.0747,0.0115,0.1003,0.1468,0.1179,0.0625,0.0727,0.1339,0.2064,0.1594,0.1106,-0.1483,0.9858
04425_00765,44.25,7.65,14520,1354.5,634.3,2385.6,393.8,23.28,0.0,0.0,0.1313,0.2763,0.3098,0.2103,0.0723,0.131,0.1512,0.1932,0.0967,0.0488,0.0725,0.148,0.1586,0.1827,0.0595,0.9955
04425_00775,44.25,7.75,14520,1451.3,628.1,2423.2,426.1,22.43,0.0,0.0,0.132,0.1913,0.2609,0.3106,0.1052,0.1562,0.1673,0.1737,0.0805,0.0244,0.0501,0.1631,0.1845,0.2952,0.0187,0.9918
04425_00785,44.25,7.85,14520,1193.5,598.4,1985.9,278.2,21.57,0.0,0.0001,0.1616,0.366,0.3863,0.086,0.0,0.1386,0.1745,0.1989,0.0853,0.0304,0.1083,0.1361,0.1279,0.1907,0.0792,0.9954
04425_00795,44.25,7.95,14520,1166.0,592.0,1936.9,289.1,18.82,0.0,0.0003,0.201,0.3722,0.3344,0.0921,0.0,0.1199,0.1555,0.1763,0.1177,0.0656,0.0905,0.1516,0.1229,0.1059,0.0713,0.9948
04425_00805,44.25,8.05,14641,816.0,480.2,1348.5,184.3,16.24,0.0,0.1493,0.5139,0.3156,0.0212,0.0,0.0,0.0972,0.1244,0.1701,0.1287,0.091,0.0818,0.1688,0.138,0.045,0.0293,0.9542
04425_00815,44.25,8.15,14399,887.6,428.4,1384.6,166.1,16.88,0.0,0.0088,0.5521,0.4027,0.0363,0.0,0.0,0.1151,0.1222,0.144,0.1016,0.0954,0.124,0.1716,0.1261,0.0338,-0.0476,0.9779
04425_00825,44.25,8.25,14520,669.6,48.8,1346.9,223.2,17.61,0.0676,0.2918,0.493,0.1406,0.007,0.0,0.0,0.0861,0.146,0.1551,0.1474,0.1701,0.1142,0.093,0.0882,-0.1086,0.1334,0.9899
04425_00835,44.25,8.35,14520,386.0,35.9,952.8,182.5,16.03,0.3758,0.4664,0.1561,0.0018,0.0,0.0,0.0,0.0999,0.1161,0.173,0.1573,0.1199,0.1137,0.1196,0.1006,-0.0597,0.0989,0.9822
04425_00845,44.25,8.45,14520,41.4,0.0,427.0,78.5,4.48,0.9802,0.0198,0.0,0.0,0.0,0.0,0.0,0.116,0.1569,0.2132,0.1746,0.1431,0.0798,0.029,0.0874,-0.0293,0.3084,0.3253
04425_00935,44.25,9.35,14520,6.4,0.0,369.7,34.3,0.8,0.9975,0.0025,0.0,0.0,0.0,0.0,0.0,0.0241,0.0169,0.0289,0.0711,0.1651,0.3349,0.2578,0.1012,-0.3701,-0.4833,0.0572
04425_00945,44.25,9.45,14520,97.9,0.0,676.2,128.6,8.48,0.9043,0.0947,0.001,0.0,0.0,0.0,0.0,0.075,0.0628,0.0918,0.1583,0.1546,0.1435,0.2168,0.0972,-0.1919,-0.1421,0.5337
04425_00955,44.25,9.55,14641,398.7,0.0,987.3,206.2,15.02,0.3158,0.5148,0.1673,0.002,0.0,0.0,0.0,0.095,0.0813,0.09,0.1311,0.1463,0.1605,0.1821,0.1136,-0.1217,-0.1375,0.9338
04425_00965,44.25,9.65,14399,364.9,112.5,791.0,116.3,15.1,0.3143,0.6504,0.0353,0.0,0.0,0.0,0.0,0.1368,0.1381,0.1361,0.1385,0.146,0.0871,0.1006,0.1168,0.0107,0.089,0.9754
04425_00975,44.25,9.75,14520,407.2,52.5,1189.3,230.8,14.62,0.3997,0.3927,0.1737,0.0339,0.0,0.0,0.0,0.0775,0.0473,0.1088,0.1477,0.1499,0.1756,0.1815,0.1117,-0.1912,-0.1419,0.9548
04425_00985,44.25,9.85,14520,569.7,43.6,1159.5,243.5,18.36,0.1472,0.4012,0.3467,0.1048,0.0,0.0,0.0,0.0653,0.1205,0.1718,0.1298,0.1601,0.1801,0.1137,0.0587,-0.1912,0.067,0.9919
04425_00995,44.25,9.95,14520,220.0,45.0,655.2,118.1,9.89,0.7592,0.2399,0.0008,0.0,0.0,0.0,0.0,0.0886,0.1308,0.1534,0.1722,0.1491,0.0908,0.0954,0.1198,-0.0701,0.1295,0.8399
04425_01005,44.25,10.05,14641,329.0,68.1,948.2,198.8,12.33,0.5696,0.2996,0.1281,0.0028,0.0,0.0,0.0,0.0558,0.0287,0.0814,0.1623,0.1935,0.1622,0.1762,0.14,-0.257,-0.1853,0.9222
04425_01015,44.25,10.15,14399,617.5,143.3,1377.9,209.6,17.52,0.0419,0.4686,0.385,0.0982,0.0062,0.0,0.0,0.1074,0.0345,0.0553,0.1532,0.1765,0.1508,0.1634,0.159,-0.1493,-0.1987,0.9917
04425_01025,44.25,10.25,14520,1154.5,484.6,1880.2,312.9,18.42,0.0,0.0154,0.2413,0.29,0.3621,0.0912,0.0,0.0725,0.0733,0.1402,0.1659,0.1616,0.1502,0.1326,0.1036,-0.1942,-0.003,0.9944
04425_01035,44.25,10.35,14520,1344.4,547.3,2095.8,286.8,19.82,0.0,0.004,0.0775,0.2087,0.5105,0.1965,0.0028,0.0713,0.0804,0.0987,0.0973,0.1166,0.189,0.206,0.1407,-0.0941,-0.222,0.9941
04425_01045,44.25,10.45,14520,1377.2,725.7,2069.0,285.8,17.47,0.0,0.0,0.0406,0.2608,0.4554,0.2369,0.0063,0.1274,0.2321,0.1667,0.1424,0.1051,0.0944,0.0657,0.0662,0.0723,0.2591,0.9951
04425_01055,44.25,10.55,14641,1118.1,630.8,1637.1,193.0,13.08,0.0,0.0,0.1603,0.4806,0.3584,0.0006,0.0,0.1107,0.0838,0.1854,0.1874,0.0826,0.0518,0.1321,0.1661,0.0322,0.0937,0.9904
04425_01065,44.25,10.65,14399,1088.1,572.7,1832.9,228.9,15.32,0.0,0.0013,0.2272,0.4541,0.2978,0.0197,0.0,0.1505,0.0924,0.1399,0.1395,0.1031,0.068,0.1108,0.1957,0.1056,0.005,0.9915
04425_01075,44.25,10.75,14520,903.6,391.5,1875.1,311.7,14.09,0.0,0.1606,0.4381,0.2031,0.1766,0.0216,0.0,0.1881,0.1126,0.1818,0.2058,0.057,0.0172,0.0726,0.1649,0.1777,0.2156,0.9888
04425_01085,44.25,10.85,14520,576.9,275.1,1131.9,161.3,11.53,0.0075,0.5999,0.3478,0.0448,0.0,0.0,0.0,0.1533,0.1281,0.1036,0.1261,0.1036,0.0926,0.1349,0.1578,0.0959,-0.0299,0.982
04425_01095,44.25,10.95,14520,744.0,361.4,1128.9,145.2,11.4,0.0,0.1817,0.667,0.1512,0.0,0.0,0.0,0.1511,0.1082,0.1131,0.1226,0.1067,0.1284,0.1161,0.1538,0.0555,-0.0386,0.9679
04425_01105,44.25,11.05,14641,520.0,206.5,1086.7,184.4,13.45,0.1083,0.5696,0.3027,0.0194,0.0,0.0,0.0,0.1079,0.093,0.19,0.1803,0.1411,0.0794,0.0916,0.1167,-0.073,0.1567,0.9777
04425_01115,44.25,11.15,14399,439.2,167.2,822.1,135.5,12.48,0.1749,0.688,0.1371,0.0,0.0,0.0,0.0,0.1235,0.0923,0.1907,0.1249,0.066,0.0735,0.1673,0.1618,0.0979,0.0117,0.9695
04425_01125,44.25,11.25,14520,565.7,177.4,968.2,172.3,12.45,0.0688,0.4848,0.4306,0.0158,0.0,0.0,0.0,0.1256,0.1208,0.1527,0.0499,0.0328,0.1274,0.2223,0.1684,0.1777,-0.161,0.9804
04425_01135,44.25,11.35,14520,582.5,233.8,947.2,151.8,11.03,0.0241,0.5196,0.4512,0.005,0.0,0.0,0.0,0.143,0.1188,0.1572,0.1072,0.0469,0.0645,0.1571,0.2054,0.2056,-0.0325,0.9801
04425_01145,44.25,11.45,14520,487.1,208.2,961.7,136.8,11.55,0.0506,0.736,0.2092,0.0043,0.0,0.0,0.0,0.1515,0.1337,0.1824,0.1112,0.063,0.067,0.1288,0.1624,0.1773,0.0655,0.9811
04425_01155,44.25,11.55,14641,335.2,83.7,703.2,125.8,12.21,0.4107,0.5702,0.0191,0.0,0.0,0.0,0.0,0.1516,0.098,0.1529,0.1302,0.0826,0.0914,0.1185,0.1748,0.1129,0.0088,0.9629
04425_01165,44.25,11.65,14399,252.0,51.1,629.3,113.3,10.99,0.653,0.3469,0.0001,0.0,0.0,0.0,0.0,0.1608,0.1354,0.1422,0.1396,0.0818,0.0793,0.0989,0.162,0.1409,0.0722,0.9138
04425_01175,44.25,11.75,14520,162.5,43.5,498.4,80.9,8.58,0.9203,0.0797,0.0,0.0,0.0,0.0,0.0,0.1657,0.1096,0.1249,0.1692,0.1058,0.0602,0.091,0.1736,0.0993,0.07,0.8477
04425_01185,44.25,11.85,14520,90.9,26.5,334.2,51.7,4.39,0.9988,0.0012,0.0,0.0,0.0,0.0,0.0,0.1499,0.1148,0.1756,0.174,0.0617,0.0341,0.0741,0.2158,0.1821,0.1325,0.4769
04425_01195,44.25,11.95,14520,48.8,14.7,233.4,39.1,1.78,1.0,0.0,0.0,0.0,0.0,0.0,0.0,0.1212,0.1897,0.2146,0.1069,0.011,0.031,0.1514,0.1742,0.2766,0.1387,0.1688
04425_01205,44.25,12.05,14641,21.9,10.9,47.6,6.6,0.35,1.0,0.0,0.0,0.0,0.0,0.0,0.0,0.1,0.5,0.2,0.1,0.0,0.0,0.0,0.1,0.4244,0.5565,0.0007
04425_01215,44.25,12.15,14399,15.2,3.4,32.5,5.3,0.2,1.0,0.0,0.0,0.0,0.0,0.0,0.0,0.0,0.0,0.0,0.0,0.0,0.0,0.0,0.0,0.0,0.0,0.0
04425_01225,44.25,12.25,14520,8.4,-1.2,25.6,6.0,0.21,1.0,0.0,0.0,0.0,0.0,0.0,0.0,0.0,0.0,0.0,0.0,0.0,0.0,0.0,0.0,0.0,0.0,0.0
04425_01235,44.25,12.35,14520,1.0,-3.0,13.9,2.4,0.24,1.0,0.0,0.0,0.0,0.0,0.0,0.0,0.0,0.0,0.0,0.0,0.0,0.0,0.0,0.0,0.0,0.0,0.0
04435_00695,44.35,6.95,14400,2198.4,1415.0,2893.9,317.5,24.98,0.0,0.0,0.0,0.0,0.0367,0.2422,0.721,0.1248,0.1585,0.1468,0.1218,0.0966,0.1174,0.0998,0.1343,0.0674,0.0686,0.994
04435_00705,44.35,7.05,14400,1986.2,1028.3,2742.6,416.6,25.59,0.0,0.0,0.0,0.0342,0.2,0.211,0.5549,0.1119,0.1727,0.1124,0.1214,0.1456,0.121,0.1145,0.1005,-0.0156,0.0516,0.9957
04435_00715,44.35,7.15,14400,1857.1,826.7,2616.6,424.4,25.2,0.0,0.0,0.0306,0.0701,0.149,0.3122,0.4381,0.1205,0.1688,0.1008,0.1359,0.2175,0.1562,0.0609,0.0396,-0.1629,0.122,0.9881
04435_00725,44.35,7.25,14400,1431.8,733.3,2335.0,415.1,22.23,0.0,0.0,0.149,0.1612,0.3265,0.2539,0.1094,0.1567,0.1412,0.104,0.1418,0.2113,0.0916,0.0668,0.0865,-0.057,0.1103,0.9534
04435_00735,44.35,7.35,14400,1069.8,657.3,1921.6,253.8,18.91,0.0,0.0,0.2749,0.4473,0.2432,0.0347,0.0,0.1367,0.1727,0.1244,0.12,0.1813,0.0934,0.0687,0.1028,-0.0027,0.121,0.9387
04435_00745,44.35,7.45,14400,746.1,544.5,1444.2,168.5,11.31,0.0,0.1965,0.6178,0.1686,0.017,0.0,0.0,0.2045,0.1542,0.1484,0.1697,0.1029,0.0516,0.0531,0.1155,0.1417,0.2114,0.6955
04435_00755,44.35,7.55,14400,607.8,482.6,1159.0,106.4,4.82,0.0,0.6699,0.2997,0.0303,0.0,0.0,0.0,0.1722,0.1442,0.1354,0.1292,0.0428,0.0535,0.0935,0.2293,0.282,0.0399,0.3247
04435_00765,44.35,7.65,14400,561.5,428.4,1026.6,104.3,4.02,0.0,0.7562,0.2309,0.0128,0.0,0.0,0.0,0.2652,0.1817,0.1357,0.0651,0.0177,0.0397,0.079,0.2159,0.4683,0.0532,0.2988
04435_00775,44.35,7.75,14400,584.2,417.0,1180.5,130.4,7.07,0.0,0.6583,0.3113,0.0304,0.0,0.0,0.0,0.1562,0.137,0.1742,0.103,0.0332,0.0567,0.1439,0.1959,0.2551,0.0225,0.5841
04435_00785,44.35,7.85,14400,594.9,362.3,1065.4,130.5,10.16,0.0,0.6031,0.3612,0.0358,0.0,0.0,0.0,0.1299,0.1229,0.1574,0.0791,0.0456,0.0827,0.1913,0.1911,0.1998,-0.0888,0.8933
04435_00795,44.35,7.95,14400,617.7,360.1,1081.8,158.7,12.27,0.0,0.5442,0.3864,0.0694,0.0,0.0,0.0,0.1453,0.17,0.1601,0.0832,0.0414,0.0921,0.143,0.1648,0.2214,0.015,0.9197
04435_00805,44.35,8.05,14520,599.1,359.7,1004.6,135.3,10.73,0.0,0.5439,0.4461,0.0099,0.0,0.0,0.0,0.1509,0.1238,0.124,0.0994,0.0746,0.1127,0.1534,0.1612,0.129,-0.0681,0.8968
04435_00815,44.35,8.15,14280,673.9,386.8,993.4,120.3,11.55,0.0,0.2702,0.6995,0.0303,0.0,0.0,0.0,0.1488,0.1382,0.1618,0.1214,0.082,0.0828,0.1113,0.1537,0.1311,0.0712,0.9452
04435_00825,44.35,8.25,14400,516.6,321.2,1011.1,117.5,11.16,0.0,0.7845,0.2105,0.005,0.0,0.0,0.0,0.1474,0.1573,0.1483,0.1078,0.0915,0.1012,0.124,0.1225,0.1103,0.0534,0.9183
04435_00835,44.35,8.35,14400,463.4,72.2,861.8,138.4,12.35,0.1072,0.7406,0.1522,0.0,0.0,0.0,0.0,0.1003,0.105,0.1474,0.1222,0.149,0.1273,0.1455,0.1034,-0.0802,-0.0016,0.9534
04435_00845,44.35,8.45,14400,286.6,0.0,843.3,197.7,15.05,0.619,0.277,0.104,0.0,0.0,0.0,0.0,0.0794,0.1321,0.1479,0.1751,0.1684,0.1593,0.0892,0.0486,-0.2024,0.1331,0.9404
04435_00855,44.35,8.55,14520,116.3,0.0,646.1,140.9,7.41,0.8541,0.1455,0.0003,0.0,0.0,0.0,0.0,0.0511,0.0968,0.1454,0.1649,0.2069,0.2003,0.1031,0.0316,-0.332,0.0632,0.5472
04435_00865,44.35,8.65,14280,19.6,0.0,348.0,53.6,1.91,0.9981,0.0019,0.0,0.0,0.0,0.0,0.0,0.0721,0.1429,0.134,0.2357,0.2549,0.1098,0.0228,0.0278,-0.3084,0.2911,0.1563
04435_00895,44.35,8.95,14400,2.0,0.0,121.4,9.0,0.28,1.0,0.0,0.0,0.0,0.0,0.0,0.0,0.0065,0.0016,0.0601,0.2451,0.237,0.2955,0.112,0.0422,-0.6099,-0.1132,0.0428
04435_00905,44.35,9.05,14520,47.0,0.0,640.1,113.9,4.14,0.9342,0.0653,0.0006,0.0,0.0,0.0,0.0,0.0045,0.0166,0.0776,0.1479,0.3184,0.1932,0.1437,0.0981,-0.4904,-0.1739,0.2156
04435_00915,44.35,9.15,14280,157.4,0.0,715.3,169.3,12.84,0.774,0.2193,0.0067,0.0,0.0,0.0,0.0,0.0771,0.0968,0.1337,0.1407,0.1312,0.1487,0.1659,0.1059,-0.1191,-0.0428,0.6295
04435_00925,44.35,9.25,14400,179.0,0.0,778.6,190.9,13.58,0.735,0.2362,0.0288,0.0,0.0,0.0,0.0,0.0842,0.1343,0.1463,0.1242,0.1395,0.1832,0.116,0.0723,-0.1279,0.0332,0.6882
04435_00935,44.35,9.35,14400,220.7,0.0,756.9,177.5,15.48,0.7021,0.2595,0.0384,0.0,0.0,0.0,0.0,0.0959,0.1076,0.0983,0.1098,0.1396,0.1708,0.1681,0.1099,-0.0921,-0.116,0.8742
04435_00945,44.35,9.45,14400,559.4,51.3,1357.7,250.9,18.71,0.1681,0.4088,0.3283,0.085,0.0099,0.0,0.0,0.0744,0.0697,0.1003,0.1174,0.1409,0.1839,0.1866,0.1267,-0.144,-0.1762,0.9934
04435_00955,44.35,9.55,14520,610.5,274.0,1244.1,188.6,14.93,0.0108,0.5444,0.3486,0.0954,0.0008,0.0,0.0,0.1208,0.151,0.1738,0.1492,0.1111,0.1065,0.096,0.0916,-0.0026,0.1533,0.9797
04435_00965,44.35,9.65,14280,746.7,226.5,1625.3,310.1,17.54,0.0312,0.3473,0.3329,0.184,0.1042,0.0004,0.0,0.0461,0.0843,0.1076,0.1283,0.1159,0.1639,0.2582,0.0957,-0.1607,-0.1854,0.9906
04435_00975,44.35,9.75,14400,981.6,371.4,1586.4,270.2,17.43,0.0,0.0565,0.3864,0.3153,0.2418,0.0,0.0,0.0854,0.1026,0.1352,0.1568,0.1391,0.153,0.1211,0.1068,-0.1277,0.0126,0.9922
04435_00985,44.35,9.85,14400,572.2,189.7,1240.4,236.6,17.84,0.1488,0.4078,0.3408,0.1015,0.0011,0.0,0.0,0.1277,0.156,0.1778,0.1684,0.1428,0.0702,0.0513,0.1057,0.0022,0.2377,0.9688
04435_00995,44.35,9.95,14400,474.7,119.9,1834.0,298.8,12.44,0.3717,0.3301,0.1983,0.0794,0.0162,0.0044,0.0,0.0253,0.0448,0.0892,0.1556,0.1683,0.2155,0.2024,0.0989,-0.3141,-0.1987,0.8316
04435_01005,44.35,10.05,14520,1055.5,273.7,1845.3,414.1,22.17,0.0011,0.1778,0.2378,0.1649,0.3134,0.105,0.0,0.0943,0.124,0.0916,0.1449,0.128,0.1514,0.1896,0.0763,-0.1031,-0.068,0.9952
04435_01015,44.35,10.15,14280,1140.7,543.1,1985.0,267.8,18.8,0.0,0.0011,0.1965,0.426,0.31,0.0665,0.0,0.1272,0.104,0.1337,0.1567,0.1137,0.0884,0.1199,0.1565,0.0242,0.0258,0.9929
04435_01025,44.35,10.25,14400,1129.5,563.0,1971.0,243.3,16.06,0.0,0.0019,0.1824,0.4228,0.361,0.0318,0.0,0.1943,0.1361,0.119,0.122,0.0942,0.0666,0.1052,0.1626,0.1822,0.0345,0.9919
04435_01035,44.35,10.35,14400,918.3,442.8,1767.5,272.8,15.49,0.0,0.093,0.4462,0.3073,0.1283,0.0252,0.0,0.1556,0.1434,0.1618,0.1208,0.0807,0.0469,0.1156,0.1751,0.1843,0.0762,0.9857
04435_01045,44.35,10.45,14400,818.5,384.2,1686.9,289.3,13.8,0.0,0.2651,0.3983,0.2215,0.1063,0.0088,0.0,0.1938,0.1155,0.1949,0.1454,0.0529,0.0289,0.1021,0.1666,0.225,0.1469,0.9867
04435_01055,44.35,10.55,14520,762.8,350.3,1404.9,207.3,12.09,0.0,0.2025,0.5911,0.1558,0.0506,0.0,0.0,0.1839,0.121,0.1296,0.1226,0.0924,0.0362,0.1101,0.2043,0.2154,0.0202,0.9913
04435_01065,44.35,10.65,14280,738.0,283.5,1240.4,203.5,13.21,0.0024,0.2682,0.4943,0.2284,0.0067,0.0,0.0,0.1154,0.0968,0.172,0.1093,0.0451,0.0585,0.184,0.2189,0.1793,-0.0638,0.987
04435_01075,44.35,10.75,14400,684.2,342.2,1015.5,121.2,11.12,0.0,0.2539,0.7079,0.0382,0.0,0.0,0.0,0.1087,0.1388,0.1436,0.16,0.1213,0.0943,0.1057,0.1277,-0.0044,0.0925,0.9674
04435_01085,44.35,10.85,14400,625.3,249.8,888.8,123.6,9.65,0.0084,0.3456,0.646,0.0,0.0,0.0,0.0,0.1079,0.1433,0.1881,0.1719,0.1088,0.0691,0.1095,0.1013,0.005,0.1853,0.9168
04435_01095,44.35,10.95,14400,497.2,180.0,896.9,163.2,11.38,0.1359,0.5755,0.2886,0.0,0.0,0.0,0.0,0.1293,0.1001,0.1154,0.0884,0.0927,0.1192,0.1671,0.1879,0.0919,-0.1414,0.9534
04435_01105,44.35,11.05,14520,591.2,232.2,902.4,148.0,10.32,0.0288,0.4566,0.5145,0.0001,0.0,0.0,0.0,0.1716,0.1454,0.1309,0.1413,0.1054,0.0467,0.1014,0.1572,0.1569,0.0941,0.958
04435_01115,44.35,11.15,14280,445.8,128.5,813.7,143.2,13.6,0.1644,0.6733,0.1623,0.0,0.0,0.0,0.0,0.1392,0.1421,0.148,0.1527,0.1454,0.0984,0.0697,0.1046,-0.0082,0.1517,0.9707
04435_01125,44.35,11.25,14400,288.4,83.0,661.4,121.3,12.72,0.5478,0.4491,0.0031,0.0,0.0,0.0,0.0,0.1069,0.1222,0.154,0.1284,0.093,0.1005,0.1526,0.1425,0.0396,0.0099,0.9286
04435_01135,44.35,11.35,14400,310.9,115.4,679.0,99.5,10.92,0.4927,0.5003,0.0069,0.0,0.0,0.0,0.0,0.113,0.1336,0.1702,0.137,0.0624,0.064,0.1472,0.1726,0.1257,0.0475,0.9415
04435_01145,44.35,11.45,14400,303.9,102.4,609.3,103.8,11.65,0.5286,0.471,0.0004,0.0,0.0,0.0,0.0,0.1154,0.1091,0.1654,0.1162,0.0731,0.101,0.1784,0.1414,0.0657,-0.0258,0.9562
04435_01155,44.35,11.55,14520,196.7,58.4,466.6,69.4,8.62,0.9242,0.0758,0.0,0.0,0.0,0.0,0.0,0.1228,0.1625,0.1744,0.1315,0.0906,0.063,0.1003,0.1548,0.1243,0.1308,0.8761
04435_01165,44.35,11.65,14280,108.6,35.7,295.3,54.9,4.55,1.0,0.0,0.0,0.0,0.0,0.0,0.0,0.1761,0.1187,0.1494,0.1912,0.0839,0.0589,0.0476,0.1742,0.1312,0.164,0.4956
04435_01175,44.35,11.75,14400,54.1,16.0,255.9,38.8,1.96,1.0,0.0,0.0,0.0,0.0,0.0,0.0,0.151,0.132,0.1927,0.1492,0.0352,0.0205,0.1136,0.2057,0.242,0.1287,0.1931
04435_01185,44.35,11.85,14400,25.7,13.3,71.6,7.1,0.31,1.0,0.0,0.0,0.0,0.0,0.0,0.0,0.0,0.0,0.0,0.0,0.0,0.0,0.4074,0.5926,0.4767,-0.8577,0.0019
04435_01195,44.35,11.95,14400,17.0,7.9,36.3,3.4,0.21,1.0,0.0,0.0,0.0,0.0,0.0,0.0,0.0,0.0,0.0,0.0,0.0,0.0,0.0,0.0,0.0,0.0,0.0
04435_01205,44.35,12.05,14520,9.7,-3.6,20.3,3.1,0.22,1.0,0.0,0.0,0.0,0.0,0.0,0.0,0.0,0.0,0.0,0.0,0.0,0.0,0.0,0.0,0.0,0.0,0.0
04435_01215,44.35,12.15,14280,4.4,0.1,18.5,2.6,0.19,1.0,0.0,0.0,0.0,0.0,0.0,0.0,0.0,0.0,0.0,0.0,0.0,0.0,0.0,0.0,0.0,0.0,0.0
04435_01225,44.35,12.25,14400,0.6,-4.5,13.9,2.5,0.3,1.0,0.0,0.0,0.0,0.0,0.0,0.0,0.0,0.1429,0.2857,0.0,0.0,0.4286,0.1429,0.0,-0.0758,-0.1251,0.0005
04435_01235,44.35,12.35,14400,0.4,-3.0,13.3,1.4,0.14,1.0,0.0,0.0,0.0,0.0,0.0,0.0,0.0,0.0,0.0,0.0,0.0,0.0,0.0,0.0,0.0,0.0,0.0
04445_00685,44.45,6.85,14280,2254.8,1503.3,3123.0,324.1,24.18,0.0,0.0,0.0,0.0,0.0113,0.2417,0.7469,0.0961,0.172,0.1305,0.061,0.1055,0.2513,0.108,0.0756,-0.0529,-0.0522,0.9936
04445_00695,44.45,6.95,14280,2142.5,1186.7,2984.7,363.6,24.08,0.0,0.0,0.0,0.0011,0.0881,0.2533,0.6575,0.128,0.1778,0.1555,0.0932,0.1109,0.1983,0.0806,0.0557,-0.0228,0.0918,0.9938
04445_00705,44.45,7.05,14280,1824.3,935.3,2737.3,411.0,26.15,0.0,0.0,0.0,0.0842,0.2345,0.2853,0.396,0.1374,0.1201,0.1524,0.144,0.1015,0.0733,0.1334,0.138,0.0682,0.0582,0.995
04445_00715,44.45,7.15,14280,1768.6,773.5,2657.1,414.4,24.13,0.0,0.0,0.0142,0.088,0.2577,0.3026,0.3375,0.1404,0.1329,0.1425,0.0911,0.0596,0.0848,0.1689,0.1798,0.1823,-0.0618,0.9968
04445_00725,44.45,7.25,14280,1206.1,651.7,2208.4,311.1,23.79,0.0,0.0,0.1637,0.384,0.3263,0.1179,0.0081,0.1374,0.1749,0.1704,0.1197,0.1229,0.097,0.0698,0.1078,0.0634,0.1639,0.9922
04445_00735,44.45,7.35,14280,828.9,567.2,1411.7,186.4,14.83,0.0,0.0662,0.6028,0.2905,0.0405,0.0,0.0,0.1291,0.1156,0.1547,0.1525,0.1878,0.0994,0.0903,0.0706,-0.1089,0.1368,0.8319
04445_00745,44.45,7.45,14280,553.4,488.3,1052.4,50.8,2.07,0.0,0.9071,0.0898,0.0031,0.0,0.0,0.0,0.0638,0.1387,0.2155,0.2591,0.1302,0.112,0.0378,0.043,-0.2133,0.3582,0.1076
04445_00755,44.45,7.55,14280,477.4,417.3,551.8,28.5,0.88,0.0,1.0,0.0,0.0,0.0,0.0,0.0,0.0529,0.0138,0.1471,0.5793,0.0,0.0069,0.0368,0.1632,-0.2446,0.4041,0.0305
04445_00765,44.45,7.65,14280,428.4,333.3,497.9,32.0,1.08,0.0,1.0,0.0,0.0,0.0,0.0,0.0,0.0361,0.0009,0.0473,0.4106,0.0028,0.0009,0.0065,0.4949,0.1376,0.0297,0.0756
04445_00775,44.45,7.75,14280,402.8,326.2,466.6,18.8,1.27,0.0,1.0,0.0,0.0,0.0,0.0,0.0,0.1586,0.0254,0.0922,0.2131,0.1095,0.0032,0.0885,0.3096,0.1319,-0.0489,0.1298
04445_00785,44.45,7.85,14280,375.7,247.5,565.7,45.8,3.38,0.0877,0.9123,0.0,0.0,0.0,0.0,0.0,0.1301,0.0838,0.1251,0.265,0.0871,0.0163,0.0711,0.2216,0.0604,0.1323,0.3745
04445_00795,44.45,7.95,14280,461.3,241.0,709.3,97.9,9.62,0.0438,0.8741,0.0821,0.0,0.0,0.0,0.0,0.1159,0.0969,0.1117,0.0846,0.0949,0.1501,0.1798,0.1661,0.0431,-0.1716,0.8662
04445_00805,44.45,8.05,14399,638.8,354.5,895.0,89.7,11.75,0.0,0.3289,0.6711,0.0,0.0,0.0,0.0,0.1089,0.0862,0.1119,0.1107,0.1126,0.1503,0.1659,0.1534,-0.023,-0.1335,0.9679
04445_00815,44.45,8.15,14161,559.5,325.9,868.5,117.9,12.33,0.0,0.5803,0.4197,0.0,0.0,0.0,0.0,0.098,0.1527,0.1396,0.0887,0.0967,0.1151,0.153,0.1561,0.0761,-0.037,0.9461
04445_00825,44.45,8.25,14280,473.9,264.6,790.3,118.6,10.79,0.0193,0.7889,0.1918,0.0,0.0,0.0,0.0,0.1295,0.1509,0.1497,0.131,0.1334,0.1231,0.0946,0.0879,-0.0175,0.1104,0.9245
04445_00835,44.45,8.35,14280,482.9,256.3,847.9,121.2,8.63,0.0397,0.8096,0.1507,0.0,0.0,0.0,0.0,0.1532,0.1256,0.0881,0.0753,0.0883,0.1104,0.1721,0.187,0.1561,-0.1584,0.9099
04445_00845,44.45,8.45,14280,515.9,240.4,890.8,112.0,10.67,0.0022,0.7737,0.2241,0.0,0.0,0.0,0.0,0.1354,0.1396,0.1383,0.0935,0.0864,0.1155,0.1569,0.1345,0.0999,-0.0338,0.9322
04445_00855,44.45,8.55,14399,790.0,264.5,1284.0,213.6,13.28,0.001,0.2007,0.4874,0.2833,0.0276,0.0,0.0,0.1292,0.1039,0.1006,0.1003,0.1203,0.1481,0.1402,0.1574,0.0158,-0.1158,0.9785
04445_00865,44.45,8.65,14161,678.5,0.0,1186.1,291.0,17.78,0.1436,0.1843,0.4239,0.2482,0.0,0.0,0.0,0.0997,0.1101,0.1166,0.1758,0.1582,0.1018,0.1282,0.1096,-0.0983,0.0463,0.9792
04445_00875,44.45,8.75,14280,298.9,0.0,990.5,251.1,12.99,0.5286,0.3335,0.1307,0.0073,0.0,0.0,0.0,0.0581,0.0888,0.1426,0.1665,0.1738,0.1625,0.1308,0.0769,-0.2355,0.0259,0.7658
04445_00885,44.45,8.85,14280,250.2,0.0,986.3,247.0,12.48,0.6345,0.262,0.0853,0.0182,0.0,0.0,0.0,0.0259,0.0943,0.2141,0.1981,0.1498,0.1376,0.1243,0.0559,-0.2643,0.1702,0.7575
04445_00895,44.45,8.95,14280,208.5,0.0,795.8,138.9,14.27,0.7489,0.2455,0.0056,0.0,0.0,0.0,0.0,0.0848,0.0533,0.0943,0.1402,0.1641,0.1445,0.1645,0.1543,-0.1383,-0.1504,0.9188
04445_00905,44.45,9.05,14399,523.6,69.8,1027.8,205.4,21.02,0.1667,0.4382,0.3743,0.0208,0.0,0.0,0.0,0.12,0.086,0.0816,0.1298,0.129,0.1544,0.1642,0.135,-0.0549,-0.1346,0.9912
04445_00915,44.45,9.15,14161,544.8,124.9,1124.9,208.5,18.28,0.1224,0.486,0.3339,0.0577,0.0,0.0,0.0,0.0922,0.1051,0.1583,0.1361,0.1405,0.1303,0.1286,0.1088,-0.0888,0.0273,0.9892
04445_00925,44.45,9.25,14280,671.9,71.0,1232.5,310.4,20.37,0.1618,0.2527,0.2644,0.3184,0.0027,0.0,0.0,0.0738,0.0778,0.1254,0.1551,0.1212,0.1631,0.1806,0.1029,-0.1458,-0.0814,0.9877
04445_00935,44.45,9.35,14280,772.0,109.7,1461.1,281.0,17.81,0.0609,0.2319,0.3221,0.3417,0.0436,0.0,0.0,0.0575,0.1227,0.1623,0.1232,0.1336,0.1769,0.1524,0.0714,-0.1592,0.0106,0.9858
04445_00945,44.45,9.45,14280,1038.2,214.6,1704.6,324.6,17.89,0.0047,0.1039,0.2422,0.3131,0.311,0.0251,0.0,0.1252,0.0799,0.0944,0.1338,0.1477,0.155,0.1218,0.1422,-0.0757,-0.0861,0.9904
04445_00955,44.45,9.55,14399,929.0,477.9,1650.7,223.8,17.0,0.0,0.0358,0.4842,0.3315,0.1468,0.0017,0.0,0.0842,0.1146,0.1507,0.1485,0.1526,0.162,0.0978,0.0896,-0.1465,0.0638,0.9909
04445_00965,44.45,9.65,14161,745.4,432.0,1418.6,210.2,12.17,0.0,0.3118,0.4366,0.2272,0.0243,0.0,0.0,0.1577,0.1609,0.1997,0.1228,0.074,0.0641,0.0819,0.1389,0.1682,0.1761,0.9528
04445_00975,44.45,9.75,14280,780.0,370.5,1507.6,279.3,11.83,0.0,0.3585,0.2862,0.2685,0.0868,0.0,0.0,0.1815,0.0974,0.1175,0.0996,0.0313,0.0367,0.1545,0.2816,0.3339,-0.1217,0.9567
04445_00985,44.45,9.85,14280,845.4,295.8,1544.3,259.2,15.91,0.0002,0.1986,0.3966,0.296,0.1085,0.0,0.0,0.1444,0.0954,0.1057,0.1642,0.1175,0.0997,0.1067,0.1664,0.0289,-0.0054,0.9943
04445_00995,44.45,9.95,14280,932.1,318.0,1816.7,266.7,17.22,0.0,0.1152,0.3291,0.4151,0.1237,0.0169,0.0,0.1529,0.0789,0.1014,0.0882,0.0941,0.1201,0.1675,0.1969,0.1105,-0.1744,0.9938
04445_01005,44.45,10.05,14399,1043.8,530.1,1680.0,237.6,14.84,0.0,0.0192,0.2861,0.4102,0.2825,0.002,0.0,0.1095,0.1653,0.2059,0.158,0.0627,0.0421,0.1064,0.1502,0.1341,0.1981,0.991
04445_01015,44.45,10.15,14161,981.2,501.3,1566.9,222.6,15.32,0.0,0.0419,0.3259,0.4611,0.171,0.0,0.0,0.1576,0.0785,0.1386,0.1769,0.0746,0.0453,0.1381,0.1903,0.1179,0.0151,0.9925
04445_01025,44.45,10.25,14280,723.9,364.5,1141.5,164.8,13.06,0.0,0.2665,0.5613,0.1722,0.0,0.0,0.0,0.1438,0.1455,0.1932,0.1521,0.1025,0.0592,0.0791,0.1245,0.0831,0.2022,0.9868
04445_01035,44.45,10.35,14280,631.7,299.7,1068.1,142.5,11.78,0.0001,0.4116,0.5397,0.0486,0.0,0.0,0.0,0.1571,0.1516,0.1448,0.1058,0.0609,0.0878,0.1455,0.1465,0.1759,0.0173,0.9693
04445_01045,44.45,10.45,14280,627.2,345.9,982.3,110.9,11.08,0.0,0.3846,0.6074,0.0081,0.0,0.0,0.0,0.1299,0.1136,0.1409,0.1312,0.1023,0.1246,0.142,0.1156,0.0053,0.0012,0.956
04445_01055,44.45,10.55,14399,524.3,299.7,929.7,118.1,10.83,0.0001,0.7423,0.257,0.0006,0.0,0.0,0.0,0.1755,0.1169,0.1052,0.1316,0.1418,0.1209,0.0929,0.1151,0.0168,0.0206,0.9603
04445_01065,44.45,10.65,14161,399.9,170.8,850.1,140.5,10.45,0.2661,0.6237,0.1102,0.0,0.0,0.0,0.0,0.1481,0.1437,0.1582,0.1391,0.1092,0.0807,0.0915,0.1296,0.0809,0.1172,0.9251
04445_01075,44.45,10.75,14280,479.9,151.5,907.6,171.0,10.52,0.1616,0.5826,0.2553,0.0006,0.0,0.0,0.0,0.1684,0.1488,0.0974,0.072,0.0847,0.1079,0.1366,0.1842,0.1957,-0.0902,0.9693
04445_01085,44.45,10.85,14280,434.0,167.3,874.2,145.9,10.59,0.1975,0.6686,0.1339,0.0,0.0,0.0,0.0,0.1419,0.1475,0.1757,0.1409,0.0746,0.0521,0.0919,0.1755,0.1635,0.1295,0.9591
04445_01095,44.45,10.95,14280,270.4,105.4,605.3,109.4,8.58,0.629,0.3709,0.0001,0.0,0.0,0.0,0.0,0.1559,0.1168,0.1431,0.16,0.0747,0.0395,0.1113,0.1987,0.1721,0.0597,0.8113
04445_01105,44.45,11.05,14399,218.1,77.5,621.2,95.1,7.27,0.8228,0.1752,0.0019,0.0,0.0,0.0,0.0,0.1724,0.1359,0.1365,0.161,0.0733,0.0407,0.093,0.1873,0.1903,0.0991,0.7374
04445_01115,44.45,11.15,14161,208.5,61.7,452.8,73.9,8.86,0.8814,0.1186,0.0,0.0,0.0,0.0,0.0,0.1373,0.1135,0.1763,0.1119,0.0562,0.0557,0.1569,0.1923,0.1858,-0.0014,0.873
04445_01125,44.45,11.25,14280,171.7,38.5,465.3,98.5,7.21,0.8669,0.1331,0.0,0.0,0.0,0.0,0.0,0.1337,0.1172,0.1666,0.1339,0.0811,0.0685,0.1486,0.1504,0.1009,0.0404,0.6737
04445_01135,44.45,11.35,14280,164.8,45.3,392.7,76.4,7.68,0.9561,0.0439,0.0,0.0,0.0,0.0,0.0,0.1304,0.1276,0.1876,0.1328,0.0706,0.0685,0.1286,0.1538,0.1211,0.0895,0.7266
04445_01145,44.45,11.45,14280,96.6,33.0,358.2,66.4,3.42,0.989,0.011,0.0,0.0,0.0,0.0,0.0,0.1623,0.1457,0.2016,0.0989,0.0501,0.0461,0.1129,0.1825,0.2472,0.107,0.3158
04445_01155,44.45,11.55,14399,48.2,19.3,214.7,24.1,0.79,1.0,0.0,0.0,0.0,0.0,0.0,0.0,0.1921,0.2138,0.2766,0.0474,0.0,0.0051,0.0666,0.1985,0.4593,0.2482,0.0542
04445_01165,44.45,11.65,14161,30.8,10.0,64.3,11.3,0.33,1.0,0.0,0.0,0.0,0.0,0.0,0.0,0.0,0.0,1.0,0.0,0.0,0.0,0.0,0.0,-0.1333,0.9911,0.0001
04445_01175,44.45,11.75,14280,15.5,-2.0,34.9,6.1,0.25,1.0,0.0,0.0,0.0,0.0,0.0,0.0,0.2,0.2,0.0,0.0,0.0,0.2,0.4,0.0,0.1875,-0.3795,0.0004
04445_01185,44.45,11.85,14280,10.2,3.0,20.8,3.8,0.22,1.0,0.0,0.0,0.0,0.0,0.0,0.0,0.0,0.0,0.0,0.0,0.0,0.0,0.0,0.0,0.0,0.0,0.0
04445_01195,44.45,11.95,14280,7.9,1.7,24.5,3.3,0.22,1.0,0.0,0.0,0.0,0.0,0.0,0.0,0.0,0.0,0.0,0.0,0.0,0.0,0.0,0.0,0.0,0.0,0.0
04445_01205,44.45,12.05,14399,4.3,0.9,15.3,1.9,0.21,1.0,0.0,0.0,0.0,0.0,0.0,0.0,0.0,0.0,0.0,0.0,0.0,0.0,0.0,0.0,0.0,0.0,0.0
04445_01215,44.45,12.15,14161,1.2,-3.0,12.9,1.6,0.2,1.0,0.0,0.0,0.0,0.0,0.0,0.0,0.0,0.0,0.0,0.0,0.0,0.0,0.0,0.0,0.0,0.0,0.0
04445_01225,44.45,12.25,14280,1.3,-5.5,23.6,2.5,0.39,1.0,0.0,0.0,0.0,0.0,0.0,0.0,0.1042,0.0625,0.4583,0.0,0.0625,0.0625,0.1875,0.0625,0.0772,0.1939,0.0034
04455_00685,44.55,6.85,14400,2503.2,1638.7,3288.7,317.3,25.08,0.0,0.0,0.0,0.0,0.0,0.0862,0.9138,0.1014,0.1242,0.0977,0.0899,0.1055,0.1642,0.1807,0.1363,0.0014,-0.147,0.9906
04455_00695,44.55,6.95,14400,2492.8,1635.1,3192.0,317.8,23.7,0.0,0.0,0.0,0.0,0.0,0.0878,0.9122,0.0725,0.1153,0.1352,0.1422,0.152,0.181,0.1366,0.0654,-0.1842,0.0072,0.9966
04455_00705,44.55,7.05,14400,1965.4,1019.6,3008.3,408.5,25.18,0.0,0.0,0.0,0.0086,0.2011,0.3408,0.4495,0.1333,0.1349,0.1216,0.1687,0.1582,0.1557,0.0607,0.0668,-0.1115,0.113,0.9963
04455_00715,44.55,7.15,14400,1601.0,786.6,2491.9,388.0,23.35,0.0,0.0,0.0122,0.1754,0.323,0.3078,0.1816,0.1571,0.1164,0.0838,0.1229,0.2377,0.1469,0.0716,0.0636,-0.1443,0.0363,0.9949
04455_00725,44.55,7.25,14400,1327.7,704.7,2195.2,288.6,22.84,0.0,0.0,0.0649,0.2947,0.4501,0.1832,0.0072,0.1184,0.1608,0.1089,0.1089,0.1866,0.1724,0.0797,0.0645,-0.1092,0.0601,0.9964
04455_00735,44.55,7.35,14400,1027.2,515.6,1808.8,266.0,18.82,0.0,0.0257,0.334,0.3744,0.2439,0.022,0.0,0.1441,0.1605,0.1678,0.1293,0.1358,0.1108,0.0696,0.0822,0.0094,0.1692,0.9876
04455_00745,44.55,7.45,14400,627.7,406.2,1160.8,161.3,10.45,0.0,0.504,0.4288,0.0672,0.0,0.0,0.0,0.1151,0.1087,0.2432,0.198,0.1061,0.0474,0.0751,0.1063,-0.0143,0.281,0.6903
04455_00755,44.55,7.55,14400,414.7,353.6,487.6,28.0,0.65,0.0,1.0,0.0,0.0,0.0,0.0,0.0,0.0,0.0,0.0,0.0,0.0,0.0,0.0,0.0,0.0,0.0,0.0
04455_00765,44.55,7.65,14400,369.8,329.4,416.9,19.1,0.48,0.0,1.0,0.0,0.0,0.0,0.0,0.0,0.0,0.0,0.1397,0.8436,0.0112,0.0,0.0056,0.0,-0.56,0.781,0.0124
04455_00775,44.55,7.75,14400,353.2,249.2,410.5,32.7,2.18,0.0874,0.9126,0.0,0.0,0.0,0.0,0.0,0.0423,0.0152,0.1637,0.2547,0.0143,0.01,0.2377,0.262,0.0433,-0.0761,0.2282
04455_00785,44.55,7.85,14400,341.1,201.5,416.3,46.1,2.82,0.1594,0.8406,0.0,0.0,0.0,0.0,0.0,0.0859,0.1289,0.2838,0.2003,0.0184,0.015,0.0773,0.1904,0.1425,0.2976,0.3242
04455_00795,44.55,7.95,14400,370.0,208.0,633.2,88.5,8.22,0.2398,0.7577,0.0025,0.0,0.0,0.0,0.0,0.0923,0.0857,0.098,0.0851,0.0704,0.1215,0.2418,0.205,0.0796,-0.2622,0.8296
04455_00805,44.55,8.05,14520,602.3,291.4,870.0,100.6,11.21,0.0008,0.4709,0.5283,0.0,0.0,0.0,0.0,0.134,0.0888,0.0789,0.0946,0.0923,0.1262,0.1455,0.2397,0.1154,-0.2013,0.9744
04455_00815,44.55,8.15,14280,502.5,237.0,868.1,135.6,13.96,0.0698,0.6773,0.2529,0.0,0.0,0.0,0.0,0.0884,0.0979,0.1832,0.1441,0.0978,0.0688,0.1389,0.1809,0.0333,0.0374,0.9629
04455_00825,44.55,8.25,14400,520.0,244.9,839.9,121.0,14.4,0.0306,0.6936,0.2758,0.0,0.0,0.0,0.0,0.1192,0.1577,0.1124,0.0823,0.1256,0.1623,0.119,0.1214,0.0163,-0.0392,0.9812
04455_00835,44.55,8.35,14400,350.0,185.0,684.9,90.2,9.34,0.316,0.6762,0.0077,0.0,0.0,0.0,0.0,0.0803,0.1304,0.1396,0.11,0.1258,0.1095,0.1652,0.1393,-0.0134,-0.0316,0.8532
04455_00845,44.55,8.45,14400,418.1,190.4,700.7,101.7,10.62,0.1085,0.8269,0.0647,0.0,0.0,0.0,0.0,0.1024,0.0934,0.1479,0.1089,0.107,0.1193,0.1623,0.1588,0.0141,-0.0678,0.9422
04455_00855,44.55,8.55,14520,539.4,232.2,823.2,114.3,12.27,0.0094,0.668,0.3226,0.0,0.0,0.0,0.0,0.1392,0.1331,0.1392,0.1111,0.124,0.1012,0.1135,0.1386,0.0593,0.0283,0.9679
04455_00865,44.55,8.65,14280,511.5,206.3,893.7,137.7,14.56,0.046,0.7109,0.2431,0.0,0.0,0.0,0.0,0.1248,0.1304,0.1316,0.0897,0.0908,0.1147,0.1724,0.1455,0.0874,-0.0678,0.9784
04455_00875,44.55,8.75,14400,655.4,304.7,1068.5,142.2,15.12,0.0,0.3665,0.5895,0.044,0.0,0.0,0.0,0.124,0.1161,0.0905,0.1036,0.1144,0.129,0.1603,0.162,0.0445,-0.1252,0.981
04455_00885,44.55,8.85,14400,641.5,97.5,1162.6,212.5,16.22,0.0917,0.2706,0.5635,0.0741,0.0,0.0,0.0,0.1028,0.1513,0.1707,0.1426,0.1052,0.1094,0.1089,0.1092,0.0038,0.1174,0.9833
04455_00895,44.55,8.95,14400,444.3,94.7,794.4,131.9,14.26,0.1506,0.7359,0.1135,0.0,0.0,0.0,0.0,0.0961,0.1001,0.1237,0.1678,0.115,0.1264,0.1481,0.1228,-0.0731,-0.0101,0.9685
04455_00905,44.55,9.05,14520,709.1,397.1,1313.4,161.5,19.55,0.0,0.2791,0.5895,0.1287,0.0028,0.0,0.0,0.1405,0.1078,0.0895,0.1081,0.1226,0.1428,0.1472,0.1415,0.0164,-0.1087,0.9861
04455_00915,44.55,9.15,14280,1020.6,524.6,1584.5,211.7,19.93,0.0,0.0053,0.323,0.4431,0.2286,0.0,0.0,0.0927,0.1169,0.0952,0.1583,0.1395,0.1376,0.1496,0.1101,-0.0995,-0.0379,0.9907
04455_00925,44.55,9.25,14400,884.7,527.2,1456.1,173.5,17.03,0.0,0.0257,0.558,0.3585,0.0578,0.0,0.0,0.1312,0.1665,0.1398,0.1032,0.0826,0.1408,0.1274,0.1085,0.0713,0.0267,0.9857
04455_00935,44.55,9.35,14400,1056.0,626.6,1512.2,174.6,14.96,0.0,0.0,0.2118,0.5603,0.2278,0.0,0.0,0.1187,0.1117,0.1129,0.109,0.1349,0.1145,0.1419,0.1565,0.0119,-0.0668,0.9884
04455_00945,44.55,9.45,14400,1099.5,552.7,1789.8,255.7,16.65,0.0,0.002,0.2512,0.4016,0.3108,0.0344,0.0,0.122,0.102,0.0942,0.06,0.1134,0.1682,0.1862,0.154,0.028,-0.2112,0.9913
04455_00955,44.55,9.55,14520,1114.5,569.8,1732.4,230.8,14.91,0.0,0.001,0.1899,0.4664,0.3173,0.0253,0.0,0.1061,0.1281,0.1771,0.2149,0.1412,0.0488,0.0816,0.1021,-0.0601,0.2392,0.9922
04455_00965,44.55,9.65,14280,822.5,479.1,1469.8,202.9,13.02,0.0,0.1541,0.5076,0.2896,0.0487,0.0,0.0,0.0958,0.0926,0.2071,0.161,0.1293,0.1046,0.1066,0.1029,-0.0859,0.1333,0.9757
04455_00975,44.55,9.75,14400,757.4,425.5,1167.1,161.7,12.72,0.0,0.1953,0.5726,0.232,0.0,0.0,0.0,0.0875,0.075,0.1486,0.1214,0.1151,0.1476,0.1815,0.1234,-0.0772,-0.0865,0.9812
04455_00985,44.55,9.85,14400,698.0,292.0,1274.8,219.5,14.11,0.0003,0.3697,0.4355,0.1893,0.0051,0.0,0.0,0.1242,0.0996,0.1368,0.1985,0.1423,0.1225,0.0802,0.0959,-0.1098,0.1167,0.9857
04455_00995,44.55,9.95,14400,564.9,230.0,1121.4,186.1,12.45,0.0617,0.534,0.3583,0.046,0.0,0.0,0.0,0.1387,0.1259,0.1178,0.1,0.0677,0.097,0.1524,0.2005,0.1672,-0.0872,0.982
04455_01005,44.55,10.05,14520,899.9,366.7,1486.1,229.7,14.21,0.0,0.0935,0.4343,0.3444,0.1278,0.0,0.0,0.149,0.0821,0.1094,0.108,0.0863,0.0677,0.1957,0.2018,0.1392,-0.144,0.9904
04455_01015,44.55,10.15,14280,709.8,367.7,1272.8,170.8,12.53,0.0,0.2899,0.5779,0.1263,0.006,0.0,0.0,0.1535,0.1079,0.1417,0.2072,0.1039,0.0639,0.0753,0.1465,0.0392,0.146,0.983
04455_01025,44.55,10.25,14400,567.0,274.5,1132.4,148.7,10.88,0.0138,0.6299,0.3195,0.0368,0.0,0.0,0.0,0.1584,0.115,0.1728,0.1721,0.063,0.0424,0.1019,0.1744,0.1514,0.1237,0.964
04455_01035,44.55,10.35,14400,403.2,178.4,733.8,99.5,9.98,0.1479,0.798,0.0541,0.0,0.0,0.0,0.0,0.1123,0.1197,0.1834,0.1471,0.0813,0.0822,0.1294,0.1448,0.0603,0.0853,0.9459
04455_01045,44.55,10.45,14400,468.4,178.5,740.1,113.3,10.43,0.083,0.7903,0.1267,0.0,0.0,0.0,0.0,0.144,0.1358,0.1119,0.1021,0.0954,0.1116,0.1406,0.1585,0.1137,-0.0527,0.9495
04455_01055,44.55,10.55,14520,417.3,165.7,728.8,113.5,10.47,0.1735,0.7615,0.065,0.0,0.0,0.0,0.0,0.1409,0.1502,0.1544,0.119,0.0762,0.0752,0.1208,0.1635,0.15,0.0576,0.953
04455_01065,44.55,10.65,14280,280.2,92.5,645.5,100.2,9.23,0.6057,0.3925,0.0018,0.0,0.0,0.0,0.0,0.1412,0.1677,0.151,0.1146,0.1115,0.0826,0.0891,0.1423,0.1171,0.1036,0.8861
04455_01075,44.55,10.75,14400,173.2,65.5,429.2,78.1,5.05,0.9175,0.0825,0.0,0.0,0.0,0.0,0.0,0.1445,0.1497,0.1886,0.1466,0.0687,0.0559,0.0777,0.1681,0.1656,0.1679,0.494
04455_01085,44.55,10.85,14400,121.2,46.7,352.0,54.0,2.47,0.9967,0.0033,0.0,0.0,0.0,0.0,0.0,0.1747,0.1399,0.1687,0.1563,0.0499,0.0144,0.0844,0.2118,0.2625,0.1368,0.2115
04455_01095,44.55,10.95,14400,80.9,30.5,205.3,36.5,1.5,1.0,0.0,0.0,0.0,0.0,0.0,0.0,0.0976,0.1059,0.2939,0.109,0.0177,0.026,0.1173,0.2326,0.2225,0.1389,0.1338
04455_01105,44.55,11.05,14520,58.4,31.5,127.1,16.3,0.57,1.0,0.0,0.0,0.0,0.0,0.0,0.0,0.1209,0.1923,0.1538,0.0659,0.0,0.0,0.0824,0.3846,0.4985,-0.0042,0.0125
04455_01115,44.55,11.15,14280,47.6,23.0,138.4,16.0,0.62,1.0,0.0,0.0,0.0,0.0,0.0,0.0,0.2803,0.125,0.1212,0.1288,0.0398,0.0,0.0379,0.267,0.4497,0.0859,0.037
04455_01125,44.55,11.25,14400,35.4,16.1,75.2,10.9,0.41,1.0,0.0,0.0,0.0,0.0,0.0,0.0,0.0294,0.1765,0.4412,0.0882,0.0294,0.0588,0.1176,0.0588,0.0695,0.4045,0.0024
04455_01135,44.55,11.35,14400,32.5,15.5,66.2,8.0,0.5,1.0,0.0,0.0,0.0,0.0,0.0,0.0,0.1613,0.1613,0.1613,0.0,0.0968,0.0,0.2581,0.1613,0.314,-0.1331,0.0022
04455_01145,44.55,11.45,14400,28.7,11.9,64.2,8.7,0.33,1.0,0.0,0.0,0.0,0.0,0.0,0.0,0.0,0.25,0.1667,0.0833,0.0,0.4167,0.0833,0.0,-0.0948,-0.0634,0.0008
04455_01155,44.55,11.55,14520,18.3,8.2,37.4,5.9,0.27,1.0,0.0,0.0,0.0,0.0,0.0,0.0,0.0,0.0,0.0,0.0,0.0,0.0,0.0,0.0,0.0,0.0,0.0
04455_01165,44.55,11.65,14280,9.7,4.8,29.0,2.8,0.26,1.0,0.0,0.0,0.0,0.0,0.0,0.0,0.0,0.25,0.5,0.0,0.0,0.0,0.25,0.0,0.3158,0.4213,0.0003
04455_01175,44.55,11.75,14400,6.7,2.0,17.1,1.7,0.2,1.0,0.0,0.0,0.0,0.0,0.0,0.0,0.0,0.0,0.0,0.0,0.0,0.0,0.0,0.0,0.0,0.0,0.0
04455_01185,44.55,11.85,14400,4.0,-2.9,18.8,2.1,0.26,1.0,0.0,0.0,0.0,0.0,0.0,0.0,0.0,0.0,0.0,0.0,0.0,0.0,0.0,0.0,0.0,0.0,0.0
04455_01195,44.55,11.95,14400,2.0,-3.6,15.5,1.9,0.24,1.0,0.0,0.0,0.0,0.0,0.0,0.0,0.0,0.0,0.0,0.0,0.0,0.0,0.0,0.0,0.0,0.0,0.0
04455_01205,44.55,12.05,14520,1.1,-4.5,10.3,2.5,0.2,1.0,0.0,0.0,0.0,0.0,0.0,0.0,0.0,0.0,0.0,0.0,0.0,0.0,0.0,0.0,0.0,0.0,0.0
04455_01215,44.55,12.15,14280,-0.6,-3.0,7.8,1.9,0.13,1.0,0.0,0.0,0.0,0.0,0.0,0.0,0.0,0.0,0.0,0.0,0.0,0.0,0.0,0.0,0.0,0.0,0.0
04455_01225,44.55,12.25,14400,0.4,-3.0,12.6,2.6,0.29,1.0,0.0,0.0,0.0,0.0,0.0,0.0,0.0,0.0556,0.8333,0.1111,0.0,0.0,0.0,0.0,-0.034,0.9637,0.0012
04465_00695,44.65,6.95,14400,2646.4,1786.6,3305.8,267.2,21.88,0.0,0.0,0.0,0.0,0.0,0.0236,0.9764,0.1402,0.1137,0.0897,0.1111,0.1516,0.1477,0.1233,0.1227,-0.0279,-0.0692,0.9946
04465_00705,44.65,7.05,14400,2413.4,1431.4,3736.7,417.3,25.75,0.0,0.0,0.0,0.0,0.0215,0.1628,0.8157,0.093,0.113,0.0873,0.0958,0.158,0.2331,0.1277,0.092,-0.1605,-0.1254,0.9959
04465_00715,44.65,7.15,14400,2039.9,956.7,3123.6,437.5,21.28,0.0,0.0,0.0,0.0303,0.1516,0.2617,0.5564,0.1338,0.2007,0.1784,0.1464,0.1289,0.0786,0.0535,0.0797,0.0472,0.2635,0.9964
04465_00725,44.65,7.25,14400,1270.9,530.7,2366.2,446.2,19.81,0.0,0.0497,0.1999,0.2036,0.3129,0.1638,0.0701,0.1201,0.1844,0.2035,0.1389,0.1225,0.0654,0.0544,0.1108,0.0606,0.2647,0.9594
04465_00735,44.65,7.35,14400,639.5,276.0,1544.2,269.6,13.94,0.056,0.4631,0.2985,0.1448,0.0376,0.0,0.0,0.1529,0.2281,0.2038,0.0775,0.0956,0.0488,0.0803,0.113,0.2164,0.2257,0.7826
04465_00745,44.65,7.45,14400,360.4,268.2,850.8,97.2,4.2,0.3396,0.6269,0.0335,0.0,0.0,0.0,0.0,0.2142,0.1005,0.1971,0.1303,0.0601,0.0193,0.0352,0.2433,0.2923,0.1395,0.3097
04465_00755,44.65,7.55,14400,327.5,271.4,404.7,30.7,0.62,0.2367,0.7633,0.0,0.0,0.0,0.0,0.0,0.0714,0.1429,0.25,0.0714,0.0357,0.0714,0.2143,0.1429,0.1376,-0.0102,0.0019
04465_00765,44.65,7.65,14400,311.9,280.0,356.6,16.9,0.4,0.301,0.699,0.0,0.0,0.0,0.0,0.0,0.0,0.0,0.3333,0.0952,0.0,0.0,0.0952,0.4762,0.2114,-0.0504,0.0015
04465_00775,44.65,7.75,14400,307.9,232.4,374.5,22.4,1.2,0.3624,0.6376,0.0,0.0,0.0,0.0,0.0,0.0172,0.0343,0.4032,0.1916,0.0014,0.0027,0.2246,0.125,-0.0182,0.2534,0.1011
04465_00785,44.65,7.85,14400,263.7,182.0,414.7,44.2,2.83,0.7835,0.2165,0.0,0.0,0.0,0.0,0.0,0.055,0.1182,0.1645,0.1694,0.0283,0.073,0.1889,0.2027,0.0736,-0.0235,0.2967
04465_00795,44.65,7.95,14400,274.4,160.0,544.1,84.9,6.01,0.6612,0.3388,0.0,0.0,0.0,0.0,0.0,0.1371,0.1035,0.1445,0.0999,0.0568,0.081,0.1806,0.1965,0.171,-0.0921,0.7158
04465_00805,44.65,8.05,14520,368.9,163.6,743.7,129.2,10.1,0.3439,0.5928,0.0633,0.0,0.0,0.0,0.0,0.1437,0.1189,0.092,0.0538,0.0639,0.1175,0.2173,0.193,0.1815,-0.2267,0.9097
04465_00815,44.65,8.15,14280,465.0,201.9,705.6,106.7,12.69,0.0707,0.8099,0.1194,0.0,0.0,0.0,0.0,0.1529,0.1641,0.1204,0.0929,0.1022,0.1044,0.1122,0.1509,0.1342,0.0081,0.977
04465_00825,44.65,8.25,14400,381.8,179.4,686.3,108.6,11.57,0.2626,0.7269,0.0104,0.0,0.0,0.0,0.0,0.168,0.1181,0.1259,0.118,0.0795,0.0822,0.1433,0.1649,0.1546,-0.0274,0.9423
04465_00835,44.65,8.35,14400,322.6,153.0,693.6,106.3,11.04,0.4401,0.5469,0.0131,0.0,0.0,0.0,0.0,0.1194,0.1401,0.1686,0.1045,0.0785,0.1469,0.1384,0.1036,0.0396,0.0237,0.8841
04465_00845,44.65,8.45,14400,269.2,132.5,535.8,90.6,9.24,0.6453,0.3547,0.0,0.0,0.0,0.0,0.0,0.1015,0.1086,0.2119,0.1141,0.085,0.0887,0.1601,0.1301,0.0399,0.0546,0.8096
04465_00855,44.65,8.55,14520,264.1,121.0,567.1,78.0,7.85,0.6736,0.3264,0.0,0.0,0.0,0.0,0.0,0.1135,0.1402,0.1699,0.1009,0.0621,0.093,0.185,0.1355,0.1161,-0.0079,0.8142
04465_00865,44.65,8.65,14280,252.3,137.5,548.7,70.4,6.87,0.7929,0.2071,0.0,0.0,0.0,0.0,0.0,0.1257,0.152,0.1634,0.1214,0.06,0.089,0.13,0.1584,0.1398,0.0488,0.7384
04465_00875,44.65,8.75,14400,326.0,157.8,798.1,109.5,9.8,0.5149,0.4488,0.0362,0.0,0.0,0.0,0.0,0.1442,0.143,0.118,0.0559,0.0784,0.1449,0.1789,0.1367,0.1253,-0.1232,0.9065
04465_00885,44.65,8.85,14400,411.2,209.2,811.3,133.3,10.94,0.2617,0.6334,0.1049,0.0,0.0,0.0,0.0,0.1464,0.1529,0.1137,0.0781,0.0857,0.1224,0.133,0.1679,0.1478,-0.0603,0.9091
04465_00895,44.65,8.95,14400,495.3,218.5,895.4,140.9,16.38,0.0931,0.6569,0.2499,0.0,0.0,0.0,0.0,0.1402,0.1407,0.0874,0.0928,0.1237,0.1159,0.1424,0.1568,0.0801,-0.0878,0.9668
04465_00905,44.65,9.05,14520,699.0,368.0,1130.2,153.3,16.24,0.0,0.2893,0.5893,0.1213,0.0,0.0,0.0,0.1197,0.1363,0.1172,0.0753,0.1133,0.134,0.1868,0.1175,0.0434,-0.1012,0.9856
04465_00915,44.65,9.15,14280,1037.6,483.3,1685.1,268.8,21.79,0.0,0.0326,0.3137,0.3721,0.2678,0.0139,0.0,0.1064,0.0675,0.0763,0.0713,0.1215,0.1992,0.1857,0.1721,-0.033,-0.282,0.9944
04465_00925,44.65,9.25,14400,1093.6,392.2,1706.4,272.5,23.82,0.0,0.0435,0.2132,0.361,0.3701,0.0122,0.0,0.0854,0.1509,0.2275,0.1364,0.1331,0.1164,0.0716,0.0787,-0.0657,0.2273,0.9957
04465_00935,44.65,9.35,14400,739.4,316.0,1221.8,217.1,17.55,0.0,0.3112,0.4153,0.2713,0.0022,0.0,0.0,0.1431,0.1206,0.121,0.0834,0.0939,0.138,0.1597,0.1404,0.083,-0.0936,0.9878
04465_00945,44.65,9.45,14400,968.6,380.1,1572.0,216.3,14.9,0.0,0.0502,0.3206,0.4902,0.139,0.0,0.0,0.0916,0.1146,0.1569,0.0988,0.1101,0.162,0.1638,0.1023,-0.0485,-0.0447,0.9887
04465_00955,44.65,9.55,14520,882.5,442.8,1562.9,258.4,12.2,0.0,0.1446,0.4302,0.284,0.1412,0.0,0.0,0.1997,0.1349,0.1259,0.1298,0.0873,0.0495,0.1061,0.1668,0.2007,0.0548,0.9824
04465_00965,44.65,9.65,14280,847.3,431.2,1341.1,191.1,12.18,0.0,0.1057,0.4943,0.3562,0.0438,0.0,0.0,0.0983,0.0989,0.1139,0.1238,0.1669,0.1625,0.1224,0.1133,-0.1259,-0.0459,0.9912
04465_00975,44.65,9.75,14400,746.0,336.9,1308.0,230.7,12.06,0.0,0.3275,0.376,0.2789,0.0176,0.0,0.0,0.142,0.1324,0.1076,0.1824,0.1676,0.0917,0.0636,0.1127,-0.0455,0.1253,0.9801
04465_00985,44.65,9.85,14400,635.5,250.5,1261.5,208.6,12.08,0.0283,0.4249,0.4378,0.1045,0.0044,0.0,0.0,0.238,0.1173,0.0937,0.1888,0.0983,0.0516,0.0732,0.1392,0.1568,0.1068,0.9846
04465_00995,44.65,9.95,14400,445.0,188.2,894.4,156.1,11.92,0.197,0.6253,0.1776,0.0,0.0,0.0,0.0,0.1599,0.1059,0.1537,0.1513,0.1373,0.0933,0.0682,0.1304,0.0171,0.1118,0.9678
04465_01005,44.65,10.05,14520,366.6,129.5,894.2,176.0,10.14,0.4497,0.4287,0.1216,0.0,0.0,0.0,0.0,0.1995,0.1208,0.1303,0.1016,0.0756,0.0681,0.1102,0.194,0.2313,-0.0046,0.8673
04465_01015,44.65,10.15,14280,375.4,129.9,1055.8,152.1,10.43,0.3823,0.5254,0.0844,0.008,0.0,0.0,0.0,0.1542,0.1253,0.1294,0.0955,0.0521,0.0629,0.1623,0.2183,0.2352,-0.0767,0.9303
04465_01025,44.65,10.25,14400,316.7,148.6,854.3,128.3,6.32,0.5372,0.4094,0.0534,0.0,0.0,0.0,0.0,0.1303,0.162,0.2062,0.1619,0.0461,0.0253,0.0931,0.1752,0.2006,0.2092,0.6998
04465_01035,44.65,10.35,14400,211.9,115.1,485.5,74.5,4.72,0.852,0.148,0.0,0.0,0.0,0.0,0.0,0.189,0.1159,0.1401,0.168,0.0756,0.04,0.0765,0.195,0.1919,0.0944,0.4531
04465_01045,44.65,10.45,14400,170.6,83.3,437.2,79.3,3.45,0.8889,0.1111,0.0,0.0,0.0,0.0,0.0,0.2135,0.1211,0.1372,0.094,0.0561,0.0585,0.1358,0.1837,0.2726,-0.0205,0.2895
04465_01055,44.65,10.55,14520,132.8,52.7,376.1,54.4,3.09,0.9908,0.0092,0.0,0.0,0.0,0.0,0.0,0.1867,0.109,0.1393,0.1737,0.0488,0.0192,0.0815,0.2417,0.2561,0.0781,0.2906
04465_01065,44.65,10.65,14280,84.5,42.5,275.8,36.5,1.14,1.0,0.0,0.0,0.0,0.0,0.0,0.0,0.1355,0.1702,0.28,0.0952,0.0,0.0,0.0549,0.2643,0.3712,0.2266,0.0625
04465_01075,44.65,10.75,14400,56.9,38.5,94.9,11.4,0.44,1.0,0.0,0.0,0.0,0.0,0.0,0.0,0.0952,0.1429,0.5238,0.0,0.0,0.0,0.0952,0.1429,0.2744,0.4407,0.0015
04465_01085,44.65,10.85,14400,45.0,29.8,77.3,8.0,0.46,1.0,0.0,0.0,0.0,0.0,0.0,0.0,0.0,0.0,0.75,0.0,0.0,0.0,0.25,0.0,0.0257,0.4857,0.0006
04465_01095,44.65,10.95,14400,33.9,23.2,55.1,5.2,0.42,1.0,0.0,0.0,0.0,0.0,0.0,0.0,0.0656,0.0656,0.1148,0.1967,0.0492,0.1803,0.1148,0.2131,-0.0554,-0.0708,0.0042
04465_01105,44.65,11.05,14520,28.2,18.5,58.0,5.3,0.3,1.0,0.0,0.0,0.0,0.0,0.0,0.0,0.0435,0.1304,0.1304,0.0,0.1304,0.1304,0.3478,0.087,-0.0464,-0.2827,0.0016
04465_01115,44.65,11.15,14280,21.5,12.6,39.4,4.5,0.23,1.0,0.0,0.0,0.0,0.0,0.0,0.0,0.1111,0.2778,0.0556,0.1667,0.0556,0.1667,0.1667,0.0,-0.0363,0.1329,0.0013
04465_01125,44.65,11.25,14400,19.9,13.1,36.6,3.0,0.3,1.0,0.0,0.0,0.0,0.0,0.0,0.0,0.0769,0.2308,0.3077,0.0769,0.0,0.0769,0.2308,0.0,0.1547,0.2537,0.0009
04465_01135,44.65,11.35,14400,19.0,12.4,35.6,3.1,0.3,1.0,0.0,0.0,0.0,0.0,0.0,0.0,0.0,0.0,0.0,0.0,0.0,0.0,0.0,0.0,0.0,0.0,0.0
04465_01145,44.65,11.45,14400,12.0,6.5,29.5,2.8,0.28,1.0,0.0,0.0,0.0,0.0,0.0,0.0,0.0,0.0,0.3125,0.3125,0.0,0.0,0.1875,0.1875,-0.1189,0.2161,0.0011
04465_01155,44.65,11.55,14520,8.0,3.9,21.5,2.0,0.25,1.0,0.0,0.0,0.0,0.0,0.0,0.0,0.0,0.5714,0.2857,0.0,0.0,0.1429,0.0,0.0,0.3352,0.5914,0.0005
04465_01165,44.65,11.65,14280,7.0,0.6,19.5,2.2,0.28,1.0,0.0,0.0,0.0,0.0,0.0,0.0,0.0,0.0,0.0,0.0,0.0,0.0,0.0,0.0,0.0,0.0,0.0
04465_01175,44.65,11.75,14400,3.5,-1.5,14.1,2.8,0.25,1.0,0.0,0.0,0.0,0.0,0.0,0.0,0.0,0.0,0.0,0.0,0.0,0.0,0.0,0.0,0.0,0.0,0.0
04465_01185,44.65,11.85,14400,-0.0,-4.5,13.4,2.4,0.22,1.0,0.0,0.0,0.0,0.0,0.0,0.0,0.0,0.0,0.0,0.0,0.0,0.0,0.0,0.0,0.0,0.0,0.0
04465_01195,44.65,11.95,14400,-2.6,-4.8,5.5,1.1,0.13,1.0,0.0,0.0,0.0,0.0,0.0,0.0,0.0,0.0,0.0,0.0,0.0,0.0,0.0,0.0,0.0,0.0,0.0
04465_01205,44.65,12.05,14520,-3.4,-5.0,7.9,1.0,0.11,1.0,0.0,0.0,0.0,0.0,0.0,0.0,0.0,0.0,0.0,0.0,0.0,0.0,0.0,0.0,0.0,0.0,0.0
04465_01215,44.65,12.15,14280,-2.1,-4.9,6.0,0.9,0.09,1.0,0.0,0.0,0.0,0.0,0.0,0.0,0.0,0.0,0.0,0.0,0.0,0.0,0.0,0.0,0.0,0.0,0.0
04465_01225,44.65,12.25,14400,-0.2,-4.0,16.5,2.2,0.22,1.0,0.0,0.0,0.0,0.0,0.0,0.0,0.0,0.1951,0.1951,0.0,0.0,0.2683,0.3415,0.0,-0.0627,-0.211,0.0028
04475_00705,44.75,7.05,14520,2180.7,883.6,3094.3,413.5,27.04,0.0,0.0,0.0002,0.02,0.0769,0.2052,0.6977,0.1346,0.1761,0.1538,0.0778,0.0557,0.1162,0.1703,0.1156,0.154,0.0013,0.995
04475_00715,44.75,7.15,14520,1712.7,692.9,2716.1,459.9,24.8,0.0,0.0,0.0249,0.1326,0.275,0.27,0.2975,0.1447,0.1337,0.1416,0.1201,0.1031,0.0866,0.1087,0.1616,0.0997,0.0454,0.9992
04475_00725,44.75,7.25,14520,995.1,378.1,2342.0,428.4,18.43,0.0,0.2062,0.2749,0.232,0.1798,0.0833,0.0238,0.1221,0.2405,0.243,0.1667,0.0739,0.0244,0.0613,0.0681,0.1353,0.4174,0.9784
04475_00735,44.75,7.35,14520,358.8,267.7,996.5,109.5,3.86,0.3421,0.6137,0.039,0.0052,0.0,0.0,0.0,0.1322,0.2212,0.2572,0.1213,0.0234,0.0155,0.0757,0.1536,0.2883,0.3099,0.2448
04475_00745,44.75,7.45,14520,264.7,247.0,293.0,6.4,0.39,1.0,0.0,0.0,0.0,0.0,0.0,0.0,0.0851,0.0638,0.3085,0.117,0.0426,0.0745,0.2447,0.0638,-0.0034,0.0734,0.0065
04475_00755,44.75,7.55,14520,258.4,240.0,292.5,9.2,0.35,1.0,0.0,0.0,0.0,0.0,0.0,0.0,0.1471,0.0294,0.2647,0.0,0.0882,0.0588,0.1471,0.2647,0.2163,-0.1059,0.0023
04475_00765,44.75,7.65,14520,263.2,240.7,291.6,11.4,0.34,1.0,0.0,0.0,0.0,0.0,0.0,0.0,0.0,0.3077,0.1538,0.0,0.0,0.0,0.4615,0.0769,0.1316,-0.1014,0.0009
04475_00775,44.75,7.75,14520,266.8,246.4,311.5,11.4,0.54,0.9934,0.0066,0.0,0.0,0.0,0.0,0.0,0.0199,0.0532,0.0731,0.0864,0.0565,0.3322,0.3289,0.0498,-0.3187,-0.4406,0.0207
04475_00785,44.75,7.85,14520,326.4,215.6,437.0,40.6,3.7,0.2787,0.7213,0.0,0.0,0.0,0.0,0.0,0.1133,0.1385,0.1177,0.0671,0.1236,0.2629,0.1229,0.0541,-0.1039,-0.0877,0.4815
04475_00795,44.75,7.95,14520,271.4,158.5,420.3,55.1,6.97,0.7229,0.2771,0.0,0.0,0.0,0.0,0.0,0.1327,0.1419,0.1461,0.1363,0.1405,0.1192,0.0828,0.1006,-0.0153,0.108,0.8177
04475_00805,44.75,8.05,14641,208.5,134.5,405.4,52.1,5.57,0.942,0.058,0.0,0.0,0.0,0.0,0.0,0.1158,0.1073,0.1514,0.1387,0.0576,0.1039,0.1635,0.1619,0.0807,-0.0276,0.6201
04475_00815,44.75,8.15,14399,243.3,124.0,500.7,73.9,6.75,0.7893,0.2107,0.0,0.0,0.0,0.0,0.0,0.1446,0.1681,0.1228,0.0691,0.0562,0.1065,0.1757,0.1569,0.1936,-0.0769,0.7596
04475_00825,44.75,8.25,14520,219.9,144.1,445.1,51.4,7.51,0.9128,0.0872,0.0,0.0,0.0,0.0,0.0,0.1547,0.166,0.1535,0.1021,0.0888,0.1035,0.1001,0.1313,0.1359,0.0824,0.8427
04475_00835,44.75,8.35,14520,217.8,127.7,498.4,75.3,6.86,0.8393,0.1607,0.0,0.0,0.0,0.0,0.0,0.1486,0.1503,0.1367,0.0979,0.0757,0.085,0.1489,0.1568,0.1698,-0.006,0.7491
04475_00845,44.75,8.45,14520,241.9,115.9,419.0,60.2,6.86,0.8129,0.1871,0.0,0.0,0.0,0.0,0.0,0.1429,0.1468,0.142,0.1463,0.0774,0.0784,0.0991,0.1671,0.1355,0.0776,0.826
04475_00855,44.75,8.55,14641,154.7,102.5,318.4,42.0,2.73,0.9986,0.0014,0.0,0.0,0.0,0.0,0.0,0.1559,0.1356,0.127,0.1888,0.0718,0.0626,0.1415,0.1167,0.0844,0.0903,0.3119
04475_00865,44.75,8.65,14399,160.9,106.5,306.0,40.7,1.72,0.9997,0.0003,0.0,0.0,0.0,0.0,0.0,0.0333,0.1684,0.2999,0.0613,0.0018,0.062,0.2591,0.1141,0.1568,0.0821,0.1959
04475_00875,44.75,8.75,14520,198.2,130.5,438.1,43.1,2.62,0.9793,0.0207,0.0,0.0,0.0,0.0,0.0,0.1371,0.2579,0.0383,0.0097,0.079,0.2484,0.1595,0.07,0.1056,-0.1625,0.3199
04475_00885,44.75,8.85,14520,240.6,154.8,450.2,57.8,4.52,0.8269,0.1731,0.0,0.0,0.0,0.0,0.0,0.1388,0.1736,0.0848,0.063,0.0857,0.133,0.1772,0.144,0.1384,-0.1233,0.524
04475_00895,44.75,8.95,14520,388.1,225.8,761.9,90.4,10.36,0.1636,0.8154,0.0209,0.0,0.0,0.0,0.0,0.1336,0.0737,0.0746,0.1244,0.1294,0.124,0.157,0.1833,0.0133,-0.1665,0.9085
04475_00905,44.75,9.05,14641,520.6,254.1,1011.0,127.5,13.19,0.0124,0.7398,0.242,0.0057,0.0,0.0,0.0,0.1169,0.0891,0.1068,0.0826,0.1002,0.1481,0.1739,0.1824,0.0473,-0.1889,0.9648
04475_00915,44.75,9.15,14399,863.9,381.1,1581.6,280.5,15.13,0.0,0.2258,0.3372,0.2895,0.1476,0.0,0.0,0.1739,0.1695,0.0844,0.0271,0.0603,0.1188,0.1889,0.177,0.262,-0.1749,0.9866
04475_00925,44.75,9.25,14520,946.4,467.4,1556.8,251.2,16.36,0.0,0.0767,0.377,0.3711,0.1752,0.0,0.0,0.1145,0.1355,0.1929,0.083,0.0446,0.1048,0.2098,0.1147,0.1154,-0.0162,0.9919
04475_00935,44.75,9.35,14520,707.5,240.5,1451.4,267.1,15.45,0.0466,0.3305,0.3747,0.2098,0.0384,0.0,0.0,0.0849,0.107,0.1565,0.2103,0.166,0.09,0.1018,0.0834,-0.1642,0.1591,0.9846
04475_00945,44.75,9.45,14520,834.0,222.5,1433.9,254.9,14.07,0.0264,0.1633,0.3787,0.3727,0.059,0.0,0.0,0.173,0.1263,0.1324,0.0625,0.0373,0.1022,0.1514,0.2147,0.2638,-0.1156,0.9888
04475_00955,44.75,9.55,14641,717.0,260.4,1293.0,212.4,13.05,0.0034,0.3315,0.4357,0.2218,0.0076,0.0,0.0,0.0911,0.117,0.1998,0.1548,0.0943,0.0475,0.1338,0.1617,0.0554,0.1112,0.99
04475_00965,44.75,9.65,14399,761.6,294.6,1332.6,228.8,11.81,0.0008,0.2685,0.4399,0.259,0.0318,0.0,0.0,0.1791,0.1155,0.1373,0.0784,0.067,0.1066,0.1393,0.1767,0.191,-0.0633,0.984
04475_00975,44.75,9.75,14520,622.2,298.3,1073.2,172.3,11.05,0.0001,0.4797,0.4523,0.0679,0.0,0.0,0.0,0.2018,0.0947,0.1335,0.2015,0.0908,0.0215,0.069,0.1872,0.1572,0.134,0.9814
04475_00985,44.75,9.85,14520,519.2,228.6,957.6,145.6,12.57,0.0494,0.6514,0.2959,0.0034,0.0,0.0,0.0,0.1439,0.1002,0.1282,0.1435,0.1209,0.0708,0.123,0.1695,0.0627,0.0119,0.9749
04475_00995,44.75,9.95,14520,438.7,180.3,915.7,132.2,10.65,0.1416,0.7375,0.1205,0.0003,0.0,0.0,0.0,0.1389,0.1696,0.1559,0.142,0.1166,0.0875,0.0896,0.1,0.0509,0.1572,0.9712
04475_01005,44.75,10.05,14641,282.4,120.9,591.6,84.4,9.81,0.6023,0.3977,0.0,0.0,0.0,0.0,0.0,0.1606,0.1201,0.1439,0.1701,0.1359,0.0626,0.0608,0.1459,0.0468,0.1437,0.9307
04475_01015,44.75,10.15,14399,131.7,67.0,318.4,43.0,2.84,0.9973,0.0027,0.0,0.0,0.0,0.0,0.0,0.1477,0.0716,0.1903,0.2047,0.0718,0.0219,0.0551,0.2367,0.1395,0.1603,0.2948
04475_01025,44.75,10.25,14520,116.5,57.2,302.7,39.5,1.0,0.9999,0.0001,0.0,0.0,0.0,0.0,0.0,0.0914,0.272,0.3703,0.0469,0.0,0.0046,0.0914,0.1234,0.3436,0.4359,0.0603
04475_01035,44.75,10.35,14520,85.9,41.1,148.8,25.9,0.63,1.0,0.0,0.0,0.0,0.0,0.0,0.0,0.0455,0.0,0.1591,0.0,0.0,0.0,0.2045,0.5909,0.5071,-0.4549,0.003
04475_01045,44.75,10.45,14520,62.2,34.5,120.3,19.2,0.55,1.0,0.0,0.0,0.0,0.0,0.0,0.0,0.0,0.1026,0.7179,0.0513,0.0,0.0,0.0513,0.0769,0.0117,0.7266,0.0054
04475_01055,44.75,10.55,14641,39.4,24.0,81.9,10.9,0.36,1.0,0.0,0.0,0.0,0.0,0.0,0.0,0.0,0.0,0.0,0.0,0.0,0.0,0.0,0.0,0.0,0.0,0.0
04475_01065,44.75,10.65,14399,34.2,22.9,67.0,7.6,0.34,1.0,0.0,0.0,0.0,0.0,0.0,0.0,0.0,0.0,0.0,0.0,0.0,0.0,0.0,0.0,0.0,0.0,0.0
04475_01075,44.75,10.75,14520,33.8,20.0,53.1,4.2,0.26,1.0,0.0,0.0,0.0,0.0,0.0,0.0,0.0,0.0,0.4,0.0,0.0,0.0,0.4,0.2,0.2344,-0.1431,0.0003
04475_01085,44.75,10.85,14520,29.9,21.5,42.9,3.4,0.28,1.0,0.0,0.0,0.0,0.0,0.0,0.0,0.0,0.0,0.0,0.0,0.0,0.0,0.0,0.0,0.0,0.0,0.0
04475_01095,44.75,10.95,14520,25.2,19.1,51.4,3.5,0.33,1.0,0.0,0.0,0.0,0.0,0.0,0.0,0.0536,0.1429,0.0179,0.2143,0.0714,0.0536,0.2857,0.1607,0.0157,-0.1645,0.0039
04475_01105,44.75,11.05,14641,21.4,15.3,40.1,2.7,0.25,1.0,0.0,0.0,0.0,0.0,0.0,0.0,0.0,0.0,0.0,0.0,0.0,0.0,0.0,0.0,0.0,0.0,0.0
04475_01115,44.75,11.15,14399,17.3,11.8,29.3,2.4,0.26,1.0,0.0,0.0,0.0,0.0,0.0,0.0,0.0,0.0,0.0,0.0,0.0,0.0,0.0,0.0,0.0,0.0,0.0
04475_01125,44.75,11.25,14520,15.2,10.3,25.9,2.3,0.26,1.0,0.0,0.0,0.0,0.0,0.0,0.0,0.0,0.0,0.0,0.0,0.0,0.0,0.0,0.0,0.0,0.0,0.0
04475_01135,44.75,11.35,14520,13.1,8.0,49.5,3.5,0.35,1.0,0.0,0.0,0.0,0.0,0.0,0.0,0.1892,0.2095,0.0811,0.0203,0.1689,0.0878,0.027,0.2162,0.2191,0.0326,0.0102
04475_01145,44.75,11.45,14520,11.0,5.0,31.8,2.5,0.23,1.0,0.0,0.0,0.0,0.0,0.0,0.0,0.0476,0.2381,0.1905,0.0,0.0476,0.2857,0.1905,0.0,-0.0496,-0.0231,0.0014
04475_01155,44.75,11.55,14641,8.2,4.4,24.3,1.9,0.25,1.0,0.0,0.0,0.0,0.0,0.0,0.0,0.0,1.0,0.0,0.0,0.0,0.0,0.0,0.0,0.6551,0.7505,0.0003
04475_01165,44.75,11.65,14399,4.9,0.3,15.7,2.0,0.2,1.0,0.0,0.0,0.0,0.0,0.0,0.0,0.0,0.0,0.0,0.0,0.0,0.0,0.0,0.0,0.0,0.0,0.0
04475_01175,44.75,11.75,14520,2.1,-1.5,20.7,1.4,0.21,1.0,0.0,0.0,0.0,0.0,0.0,0.0,0.0,0.0,0.0,0.0,0.0,0.0,0.0,0.0,0.0,0.0,0.0
04475_01185,44.75,11.85,14520,0.3,-2.8,14.3,1.2,0.17,1.0,0.0,0.0,0.0,0.0,0.0,0.0,0.0,0.0,0.0,0.0,0.0,0.0,0.0,0.0,0.0,0.0,0.0
04475_01195,44.75,11.95,14520,-0.9,-5.0,9.7,1.8,0.19,1.0,0.0,0.0,0.0,0.0,0.0,0.0,0.0,0.0,0.0,0.0,0.0,0.0,0.0,0.0,0.0,0.0,0.0
04475_01205,44.75,12.05,14641,-2.5,-5.0,6.3,1.3,0.15,1.0,0.0,0.0,0.0,0.0,0.0,0.0,0.0,0.0,0.0,0.0,0.0,0.0,0.0,0.0,0.0,0.0,0.0
04475_01215,44.75,12.15,14399,-2.3,-5.8,14.1,1.2,0.17,1.0,0.0,0.0,0.0,0.0,0.0,0.0,0.0,0.2778,0.2778,0.0,0.0,0.2778,0.1667,0.0,0.0447,0.1146,0.0013
04475_01225,44.75,12.25,14520,-0.4,-4.0,14.5,1.8,0.15,1.0,0.0,0.0,0.0,0.0,0.0,0.0,0.0,0.0,0.1,0.3,0.0,0.0,0.4333,0.1667,0.0159,-0.2015,0.0021
04475_01235,44.75,12.35,14520,-0.0,-3.2,1.4,0.2,0.01,1.0,0.0,0.0,0.0,0.0,0.0,0.0,0.0,0.0,0.0,0.0,0.0,0.0,0.0,0.0,0.0,0.0,0.0
04485_00685,44.85,6.85,14400,2514.7,1700.6,3265.6,297.2,23.51,0.0,0.0,0.0,0.0,0.0,0.0401,0.9599,0.1199,0.1276,0.0791,0.0883,0.1256,0.2258,0.1407,0.0929,-0.0714,-0.1367,0.9967
04485_00695,44.85,6.95,14400,2415.3,1579.5,3283.1,326.1,24.23,0.0,0.0,0.0,0.0,0.0003,0.1235,0.8762,0.1631,0.111,0.0941,0.073,0.1709,0.2027,0.1225,0.0627,-0.0772,-0.0912,0.9967
04485_00705,44.85,7.05,14400,2161.7,816.3,3035.3,422.7,25.85,0.0,0.0,0.0051,0.0188,0.0901,0.2094,0.6767,0.1066,0.0793,0.1639,0.1457,0.0994,0.1162,0.1527,0.1362,-0.0257,-0.0079,0.9962
04485_00715,44.85,7.15,14400,1510.0,548.6,2829.9,522.2,26.57,0.0,0.0108,0.1369,0.1623,0.2537,0.229,0.2074,0.1227,0.1402,0.175,0.1646,0.1735,0.1166,0.0462,0.0611,-0.112,0.2241,0.9836
04485_00725,44.85,7.25,14400,703.9,373.9,1513.5,244.0,14.69,0.0,0.4243,0.3826,0.1427,0.0504,0.0,0.0,0.1121,0.1548,0.2106,0.1323,0.1625,0.1339,0.0312,0.0626,-0.0858,0.2533,0.9021
04485_00735,44.85,7.35,14400,344.4,286.8,610.7,35.1,1.33,0.0511,0.9487,0.0002,0.0,0.0,0.0,0.0,0.0177,0.0551,0.3196,0.3432,0.1288,0.0875,0.0324,0.0157,-0.3815,0.4979,0.0706
04485_00745,44.85,7.45,14400,275.0,249.0,310.2,13.5,0.44,0.9491,0.0509,0.0,0.0,0.0,0.0,0.0,0.0769,0.1538,0.0769,0.0769,0.2308,0.0,0.1538,0.2308,0.1075,-0.0487,0.0009
04485_00755,44.85,7.55,14400,248.1,233.5,270.4,4.6,0.35,1.0,0.0,0.0,0.0,0.0,0.0,0.0,0.037,0.1481,0.3333,0.1111,0.037,0.0,0.2593,0.0741,0.044,0.2214,0.0019
04485_00765,44.85,7.65,14400,238.2,221.5,255.4,4.3,0.35,1.0,0.0,0.0,0.0,0.0,0.0,0.0,0.0,0.2941,0.0588,0.1176,0.0,0.0588,0.4118,0.0588,0.065,-0.0922,0.0012
04485_00775,44.85,7.75,14400,245.7,224.0,288.3,11.6,0.5,1.0,0.0,0.0,0.0,0.0,0.0,0.0,0.0,0.0,0.093,0.0233,0.3372,0.1628,0.3023,0.0814,-0.4292,-0.3812,0.006
04485_00785,44.85,7.85,14400,280.0,239.4,376.3,25.3,1.52,0.7963,0.2037,0.0,0.0,0.0,0.0,0.0,0.1031,0.1932,0.105,0.0081,0.0509,0.2211,0.2391,0.0795,0.101,-0.2154,0.1118
04485_00795,44.85,7.95,14400,293.4,189.8,394.6,34.8,4.4,0.5622,0.4378,0.0,0.0,0.0,0.0,0.0,0.0863,0.1313,0.1819,0.1191,0.0725,0.1159,0.1696,0.1234,0.0288,0.0233,0.5357
04485_00805,44.85,8.05,14520,208.4,140.0,350.4,39.4,5.45,0.9817,0.0183,0.0,0.0,0.0,0.0,0.0,0.1216,0.1354,0.1821,0.1495,0.0895,0.0854,0.1109,0.1257,0.0532,0.1303,0.7194
04485_00815,44.85,8.15,14280,165.1,108.5,314.5,38.8,4.42,0.9994,0.0006,0.0,0.0,0.0,0.0,0.0,0.1623,0.1301,0.1269,0.1518,0.1004,0.0836,0.1083,0.1367,0.0798,0.0618,0.542
04485_00825,44.85,8.25,14400,167.1,100.0,287.9,41.8,5.6,1.0,0.0,0.0,0.0,0.0,0.0,0.0,0.1331,0.1007,0.1308,0.1787,0.0912,0.0563,0.1146,0.1944,0.0866,0.0355,0.6508
04485_00835,44.85,8.35,14400,156.0,96.5,275.6,37.9,4.89,1.0,0.0,0.0,0.0,0.0,0.0,0.0,0.145,0.1068,0.142,0.1477,0.1232,0.0826,0.1064,0.1462,0.0383,0.0557,0.6035
04485_00845,44.85,8.45,14400,129.2,90.0,215.7,29.2,1.98,1.0,0.0,0.0,0.0,0.0,0.0,0.0,0.0999,0.0401,0.1743,0.2125,0.0624,0.0517,0.1093,0.2497,0.0504,0.0313,0.2147
04485_00855,44.85,8.55,14520,107.8,87.0,176.7,14.4,0.63,1.0,0.0,0.0,0.0,0.0,0.0,0.0,0.0466,0.2222,0.3405,0.1362,0.0753,0.0323,0.0108,0.1362,0.0842,0.4546,0.0192
04485_00865,44.85,8.65,14280,104.2,82.5,139.6,9.7,0.44,1.0,0.0,0.0,0.0,0.0,0.0,0.0,0.0,0.0,0.0,0.0,0.0,0.2414,0.3448,0.4138,0.0655,-0.8666,0.0041
04485_00875,44.85,8.75,14400,126.9,97.0,169.0,15.4,0.37,1.0,0.0,0.0,0.0,0.0,0.0,0.0,0.0,0.0,0.0,0.0,0.0,0.0,0.0,0.0,0.0,0.0,0.0
04485_00885,44.85,8.85,14400,159.5,105.8,318.6,36.5,2.27,0.9981,0.0019,0.0,0.0,0.0,0.0,0.0,0.1347,0.1308,0.0517,0.0392,0.075,0.1764,0.257,0.1352,0.098,-0.313,0.2712
04485_00895,44.85,8.95,14400,253.6,121.6,465.4,67.7,7.28,0.7395,0.2605,0.0,0.0,0.0,0.0,0.0,0.1359,0.1892,0.1156,0.0651,0.0798,0.1223,0.1649,0.1272,0.1482,-0.0493,0.8378
04485_00905,44.85,9.05,14520,353.1,181.7,745.7,98.7,9.61,0.3408,0.6252,0.034,0.0,0.0,0.0,0.0,0.126,0.1555,0.0987,0.0845,0.0952,0.1287,0.1657,0.1456,0.0973,-0.0945,0.9042
04485_00915,44.85,9.15,14280,497.1,246.0,818.1,117.9,11.41,0.0254,0.7564,0.2181,0.0,0.0,0.0,0.0,0.1595,0.0844,0.0956,0.1261,0.1155,0.1171,0.1349,0.1668,0.0514,-0.0966,0.9445
04485_00925,44.85,9.25,14400,651.1,355.0,1193.9,184.1,11.34,0.0,0.4817,0.3996,0.1188,0.0,0.0,0.0,0.1515,0.1277,0.0874,0.0635,0.1017,0.164,0.157,0.1472,0.0858,-0.1599,0.9678
04485_00935,44.85,9.35,14400,697.4,287.0,1256.0,191.4,12.17,0.0015,0.3287,0.5047,0.1594,0.0057,0.0,0.0,0.1779,0.2101,0.1515,0.0847,0.0622,0.0994,0.1019,0.1123,0.2149,0.1127,0.9866
04485_00945,44.85,9.45,14400,503.4,188.5,990.5,156.3,11.87,0.1028,0.6365,0.2506,0.0101,0.0,0.0,0.0,0.1524,0.1363,0.1417,0.1554,0.1449,0.0821,0.0671,0.1201,0.0219,0.1416,0.9806
04485_00955,44.85,9.55,14520,408.1,134.5,863.6,155.6,11.43,0.2793,0.5961,0.1246,0.0,0.0,0.0,0.0,0.1173,0.1128,0.1241,0.1238,0.1143,0.101,0.1366,0.1701,0.0483,-0.0385,0.9562
04485_00965,44.85,9.65,14280,351.5,158.2,776.1,112.8,8.53,0.3759,0.6017,0.0224,0.0,0.0,0.0,0.0,0.1302,0.1025,0.1918,0.1352,0.045,0.0373,0.1195,0.2384,0.2092,0.0503,0.8271
04485_00975,44.85,9.75,14400,294.4,129.1,673.7,113.1,6.89,0.5646,0.4247,0.0108,0.0,0.0,0.0,0.0,0.1539,0.1074,0.1966,0.1754,0.0218,0.0147,0.0824,0.2479,0.2527,0.1314,0.7433
04485_00985,44.85,9.85,14400,214.9,96.6,471.6,74.8,6.07,0.8568,0.1432,0.0,0.0,0.0,0.0,0.0,0.1403,0.0939,0.1652,0.1856,0.0433,0.0153,0.0961,0.2602,0.2071,0.0735,0.6256
04485_00995,44.85,9.95,14400,164.7,65.8,432.7,63.5,4.27,0.9578,0.0422,0.0,0.0,0.0,0.0,0.0,0.1757,0.0799,0.1465,0.2017,0.0497,0.0102,0.0623,0.2739,0.2311,0.0848,0.483
04485_01005,44.85,10.05,14520,102.2,51.8,264.2,40.9,2.26,1.0,0.0,0.0,0.0,0.0,0.0,0.0,0.1521,0.1312,0.1995,0.1647,0.0309,0.0137,0.1023,0.2057,0.2423,0.1609,0.2672
04485_01015,44.85,10.15,14280,64.2,38.0,139.1,17.7,0.54,1.0,0.0,0.0,0.0,0.0,0.0,0.0,0.0667,0.0,0.3879,0.2606,0.0121,0.0,0.0061,0.2667,0.0128,0.3654,0.0116
04485_01025,44.85,10.25,14400,46.9,30.0,72.3,9.6,0.36,1.0,0.0,0.0,0.0,0.0,0.0,0.0,0.0,0.0,1.0,0.0,0.0,0.0,0.0,0.0,0.163,0.9866,0.0001
04485_01035,44.85,10.35,14400,37.9,24.0,70.8,7.6,0.34,1.0,0.0,0.0,0.0,0.0,0.0,0.0,0.1071,0.1071,0.25,0.0,0.0,0.1429,0.3571,0.0357,0.1364,-0.1148,0.0019
04485_01045,44.85,10.45,14400,30.3,22.6,51.1,4.5,0.29,1.0,0.0,0.0,0.0,0.0,0.0,0.0,0.1071,0.0714,0.1964,0.1786,0.0536,0.1429,0.0893,0.1607,-0.0216,0.0383,0.0039
04485_01055,44.85,10.55,14520,24.5,17.5,40.4,3.8,0.21,1.0,0.0,0.0,0.0,0.0,0.0,0.0,0.0,0.0,0.0,0.0,0.0,0.0,0.0,0.0,0.0,0.0,0.0
04485_01065,44.85,10.65,14280,20.7,15.3,38.6,2.3,0.26,1.0,0.0,0.0,0.0,0.0,0.0,0.0,0.0,0.3333,0.25,0.0,0.0,0.25,0.1667,0.0,0.1398,0.0697,0.0008
04485_01075,44.85,10.75,14400,21.8,14.5,38.0,3.7,0.23,1.0,0.0,0.0,0.0,0.0,0.0,0.0,0.0,0.0,0.0,0.0,0.0,0.0,0.0,0.0,0.0,0.0,0.0
04485_01085,44.85,10.85,14400,20.5,16.0,33.5,2.3,0.22,1.0,0.0,0.0,0.0,0.0,0.0,0.0,0.0,0.0,0.0,0.0,0.0,0.0,0.0,0.0,0.0,0.0,0.0
04485_01095,44.85,10.95,14400,20.6,16.0,51.5,3.0,0.35,1.0,0.0,0.0,0.0,0.0,0.0,0.0,0.068,0.233,0.1456,0.1456,0.1068,0.1068,0.1456,0.0485,-0.0202,0.1342,0.0072
04485_01105,44.85,11.05,14520,19.2,12.6,45.3,3.0,0.31,1.0,0.0,0.0,0.0,0.0,0.0,0.0,0.0,0.7,0.3,0.0,0.0,0.0,0.0,0.0,0.4762,0.8154,0.0007
04485_01115,44.85,11.15,14280,14.2,8.5,33.9,2.8,0.23,1.0,0.0,0.0,0.0,0.0,0.0,0.0,0.0,0.0,0.25,0.125,0.0,0.0,0.25,0.375,0.138,-0.2189,0.0006
04485_01125,44.85,11.25,14400,11.2,6.4,32.0,2.9,0.23,1.0,0.0,0.0,0.0,0.0,0.0,0.0,0.1,0.0,0.4,0.0,0.0,0.0,0.3,0.2,0.2379,-0.067,0.0007
04485_01135,44.85,11.35,14400,9.9,5.6,21.9,2.1,0.22,1.0,0.0,0.0,0.0,0.0,0.0,0.0,0.0,0.0,0.0,0.0,0.0,0.0,0.0,0.0,0.0,0.0,0.0
04485_01145,44.85,11.45,14400,9.0,3.4,30.1,2.6,0.28,1.0,0.0,0.0,0.0,0.0,0.0,0.0,0.0,0.0,0.3077,0.0769,0.0,0.1538,0.1538,0.3077,0.0554,-0.132,0.0009
04485_01155,44.85,11.55,14520,8.0,1.0,21.1,2.7,0.29,1.0,0.0,0.0,0.0,0.0,0.0,0.0,0.0,0.3333,0.6667,0.0,0.0,0.0,0.0,0.0,0.2252,0.8536,0.0006
04485_01165,44.85,11.65,14280,5.2,0.9,22.4,2.8,0.35,1.0,0.0,0.0,0.0,0.0,0.0,0.0,0.0,0.6667,0.3333,0.0,0.0,0.0,0.0,0.0,0.3885,0.8952,0.0004
04485_01175,44.85,11.75,14400,3.3,0.0,17.0,1.4,0.2,1.0,0.0,0.0,0.0,0.0,0.0,0.0,0.0,0.0,0.0,0.0,0.0,0.0,0.0,0.0,0.0,0.0,0.0
04485_01185,44.85,11.85,14400,1.2,-2.9,13.8,1.7,0.19,1.0,0.0,0.0,0.0,0.0,0.0,0.0,0.0,0.0,0.0,0.0,0.0,0.0,0.0,0.0,0.0,0.0,0.0
04485_01195,44.85,11.95,14400,-2.1,-4.5,14.9,1.6,0.15,1.0,0.0,0.0,0.0,0.0,0.0,0.0,0.0,0.0,0.5,0.0,0.0,0.0,0.5,0.0,-0.0447,0.0011,0.0003
04485_01205,44.85,12.05,14520,-3.2,-7.0,7.5,1.5,0.18,1.0,0.0,0.0,0.0,0.0,0.0,0.0,0.0,0.0,0.0,0.0,0.0,0.0,0.0,0.0,0.0,0.0,0.0
04485_01215,44.85,12.15,14280,-2.3,-5.0,11.6,1.7,0.23,1.0,0.0,0.0,0.0,0.0,0.0,0.0,0.0,0.0,0.3333,0.0,0.0,0.0,0.6667,0.0,-0.1231,-0.3244,0.0004
04485_01225,44.85,12.25,14400,-0.8,-6.5,14.0,3.1,0.34,1.0,0.0,0.0,0.0,0.0,0.0,0.0,0.0,0.0,0.1351,0.1622,0.0,0.027,0.5676,0.1081,-0.0224,-0.3866,0.0026
04485_01235,44.85,12.35,14400,-2.2,-6.5,5.2,1.5,0.15,1.0,0.0,0.0,0.0,0.0,0.0,0.0,0.0,0.0,0.0,0.0,0.0,0.0,0.0,0.0,0.0,0.0,0.0
04485_01245,44.85,12.45,14400,-0.5,-4.3,4.4,1.3,0.09,1.0,0.0,0.0,0.0,0.0,0.0,0.0,0.0,0.0,0.0,0.0,0.0,0.0,0.0,0.0,0.0,0.0,0.0
04495_00675,44.95,6.75,14280,2140.3,1250.5,3118.8,361.5,22.14,0.0,0.0,0.0,0.0,0.0956,0.2293,0.6751,0.1031,0.1423,0.2082,0.1535,0.0864,0.0732,0.1195,0.1137,0.0382,0.1687,0.9921
04495_00685,44.95,6.85,14280,1969.5,1180.9,3054.3,334.6,20.32,0.0,0.0,0.0,0.0007,0.1508,0.3805,0.4681,0.1171,0.1207,0.0633,0.0804,0.0985,0.1437,0.2459,0.1304,0.037,-0.2438,0.9944
04495_00695,44.95,6.95,14280,2370.0,1552.7,3245.8,333.1,24.18,0.0,0.0,0.0,0.0,0.0081,0.1577,0.8342,0.0969,0.1451,0.1184,0.0471,0.0604,0.2009,0.2173,0.1138,0.0392,-0.1911,0.994
04495_00705,44.95,7.05,14280,1862.8,886.3,2998.4,417.7,27.92,0.0,0.0,0.0001,0.0507,0.2312,0.3606,0.3573,0.176,0.1393,0.1093,0.1693,0.1639,0.09,0.0655,0.0868,-0.0144,0.1422,0.9973
04495_00715,44.95,7.15,14280,1246.7,575.6,2218.9,343.4,24.63,0.0,0.0027,0.1903,0.2644,0.3796,0.1472,0.0159,0.1517,0.1399,0.1154,0.1337,0.1638,0.1041,0.0694,0.1219,0.0042,0.0774,0.9933
04495_00725,44.95,7.25,14280,997.6,462.1,2044.3,317.6,20.14,0.0,0.1071,0.3039,0.346,0.195,0.0477,0.0004,0.034,0.1179,0.1566,0.1446,0.1471,0.1909,0.1444,0.0644,-0.2277,0.0223,0.9653
04495_00735,44.95,7.35,14280,535.8,290.2,1444.6,244.2,10.17,0.0279,0.6671,0.205,0.0815,0.0185,0.0,0.0,0.0748,0.1555,0.2749,0.2165,0.1354,0.0889,0.0266,0.0273,-0.152,0.4389,0.6837
04495_00745,44.95,7.45,14280,290.5,250.7,827.7,65.8,1.93,0.8747,0.1093,0.016,0.0,0.0,0.0,0.0,0.0168,0.0635,0.0601,0.2779,0.2214,0.3408,0.0168,0.0028,-0.5884,0.0273,0.1003
04495_00755,44.95,7.55,14280,249.6,231.0,297.3,9.8,0.56,1.0,0.0,0.0,0.0,0.0,0.0,0.0,0.0679,0.2036,0.1946,0.0633,0.1222,0.1493,0.1131,0.086,-0.015,0.1206,0.0155
04495_00765,44.95,7.65,14280,230.1,215.0,262.5,6.2,0.51,1.0,0.0,0.0,0.0,0.0,0.0,0.0,0.065,0.0976,0.3252,0.3415,0.0569,0.0488,0.0488,0.0163,-0.1413,0.5713,0.0086
04495_00775,44.95,7.75,14280,237.7,215.0,314.9,15.9,0.9,0.9967,0.0033,0.0,0.0,0.0,0.0,0.0,0.0012,0.0184,0.1423,0.162,0.1571,0.2675,0.2037,0.0479,-0.4196,-0.1664,0.0571
04495_00785,44.95,7.85,14280,249.8,232.6,286.0,8.3,0.54,1.0,0.0,0.0,0.0,0.0,0.0,0.0,0.28,0.0,0.0,0.0,0.0,0.04,0.4,0.28,0.4506,-0.599,0.0018
04495_00795,44.95,7.95,14280,247.8,169.1,280.2,22.5,2.07,1.0,0.0,0.0,0.0,0.0,0.0,0.0,0.0788,0.1529,0.249,0.1548,0.0856,0.0766,0.1114,0.0909,0.0071,0.2456,0.2551
04495_00805,44.95,8.05,14399,208.4,141.8,317.5,32.6,5.17,0.9989,0.0011,0.0,0.0,0.0,0.0,0.0,0.0592,0.1374,0.1813,0.1063,0.095,0.1676,0.1786,0.0745,-0.0815,0.0047,0.7334
04495_00815,44.95,8.15,14161,196.3,116.9,304.3,33.0,5.58,0.9998,0.0002,0.0,0.0,0.0,0.0,0.0,0.0942,0.1833,0.1557,0.0942,0.1192,0.1814,0.125,0.0471,-0.0599,0.0699,0.7522
04495_00825,44.95,8.25,14280,169.9,109.8,297.2,34.8,4.91,1.0,0.0,0.0,0.0,0.0,0.0,0.0,0.0581,0.101,0.2001,0.1152,0.1033,0.151,0.1714,0.1,-0.0931,0.0013,0.6693
04495_00835,44.95,8.35,14280,179.1,115.6,279.3,28.0,4.35,1.0,0.0,0.0,0.0,0.0,0.0,0.0,0.0752,0.1639,0.1648,0.1061,0.0957,0.1972,0.1355,0.0616,-0.0719,0.0386,0.6306
04495_00845,44.95,8.45,14280,146.2,90.0,283.3,34.7,2.75,1.0,0.0,0.0,0.0,0.0,0.0,0.0,0.0503,0.1271,0.1836,0.108,0.1376,0.1955,0.1425,0.0554,-0.1803,0.0329,0.3273
04495_00855,44.95,8.55,14399,120.2,83.0,266.6,34.9,1.92,1.0,0.0,0.0,0.0,0.0,0.0,0.0,0.0513,0.1283,0.158,0.1133,0.1638,0.2166,0.1165,0.0522,-0.2274,0.0152,0.2409
04495_00865,44.95,8.65,14161,127.7,76.5,263.1,44.5,3.22,1.0,0.0,0.0,0.0,0.0,0.0,0.0,0.079,0.0822,0.1803,0.1711,0.1042,0.1117,0.1422,0.1294,-0.0739,0.0497,0.4202
04495_00875,44.95,8.75,14280,90.8,72.5,153.1,9.7,0.48,1.0,0.0,0.0,0.0,0.0,0.0,0.0,0.0529,0.15,0.2235,0.3647,0.1529,0.0029,0.0088,0.0441,-0.2296,0.5579,0.0238
04495_00885,44.95,8.85,14280,93.6,71.0,157.2,11.6,0.43,1.0,0.0,0.0,0.0,0.0,0.0,0.0,0.1129,0.2581,0.0,0.0,0.0,0.0161,0.2097,0.4032,0.6331,-0.3112,0.0043
04495_00895,44.95,8.95,14280,112.9,77.0,218.4,23.9,0.61,1.0,0.0,0.0,0.0,0.0,0.0,0.0,0.0993,0.234,0.0709,0.0,0.0,0.0213,0.4823,0.0922,0.3262,-0.3361,0.0099
04495_00905,44.95,9.05,14399,208.8,84.6,599.6,118.1,5.47,0.7833,0.2167,0.0,0.0,0.0,0.0,0.0,0.1273,0.1762,0.0697,0.0586,0.0507,0.1086,0.2227,0.1862,0.2218,-0.2016,0.4725
04495_00915,44.95,9.15,14161,282.7,99.1,564.3,97.3,9.76,0.579,0.421,0.0,0.0,0.0,0.0,0.0,0.1613,0.1667,0.0891,0.0623,0.114,0.1535,0.1255,0.1275,0.1046,-0.0731,0.9191
04495_00925,44.95,9.25,14280,364.7,155.6,641.1,95.7,8.98,0.2792,0.7155,0.0053,0.0,0.0,0.0,0.0,0.1269,0.1573,0.1524,0.0782,0.0585,0.1199,0.1771,0.1296,0.1319,-0.0333,0.9604
04495_00935,44.95,9.35,14280,368.5,159.2,791.1,117.3,8.41,0.3363,0.6204,0.0433,0.0,0.0,0.0,0.0,0.1416,0.1233,0.1653,0.1317,0.0869,0.0872,0.1091,0.1549,0.099,0.0653,0.9495
04495_00945,44.95,9.45,14280,260.7,98.3,579.7,103.7,6.55,0.6512,0.3488,0.0,0.0,0.0,0.0,0.0,0.1481,0.1425,0.1876,0.1088,0.0519,0.0679,0.1196,0.1737,0.197,0.0793,0.7436
04495_00955,44.95,9.55,14399,187.5,80.0,573.4,108.8,3.49,0.8551,0.1449,0.0,0.0,0.0,0.0,0.0,0.1614,0.2081,0.2446,0.0731,0.0231,0.0153,0.0719,0.2025,0.3778,0.2254,0.4088
04495_00965,44.95,9.65,14161,126.6,73.6,280.3,37.2,1.07,1.0,0.0,0.0,0.0,0.0,0.0,0.0,0.1536,0.1483,0.2392,0.0071,0.0,0.0,0.1218,0.3301,0.5066,-0.0037,0.08
04495_00975,44.95,9.75,14280,100.0,60.3,169.8,22.0,0.54,1.0,0.0,0.0,0.0,0.0,0.0,0.0,0.5357,0.25,0.0714,0.0,0.0,0.0,0.0,0.1429,0.8254,0.1104,0.002
04495_00985,44.95,9.85,14280,75.8,50.5,130.4,16.1,0.4,1.0,0.0,0.0,0.0,0.0,0.0,0.0,0.0,0.0,0.0,0.0,0.0,0.0,0.0,0.0,0.0,0.0,0.0
04495_00995,44.95,9.95,14280,59.0,40.4,105.2,13.2,0.38,1.0,0.0,0.0,0.0,0.0,0.0,0.0,0.0,0.0,0.0,0.0,0.0,0.0,0.0,0.0,0.0,0.0,0.0
04495_01005,44.95,10.05,14399,44.0,32.1,67.5,6.9,0.2,1.0,0.0,0.0,0.0,0.0,0.0,0.0,0.0,0.0,0.0,0.0,0.0,0.0,0.0,0.0,0.0,0.0,0.0
04495_01015,44.95,10.15,14161,37.0,26.5,55.8,5.4,0.19,1.0,0.0,0.0,0.0,0.0,0.0,0.0,0.0,0.0,0.0,0.0,0.0,0.0,0.0,0.0,0.0,0.0,0.0
04495_01025,44.95,10.25,14280,32.0,21.5,46.8,3.1,0.25,1.0,0.0,0.0,0.0,0.0,0.0,0.0,0.0,0.0,0.0,0.0,0.0,0.0,0.0,0.0,0.0,0.0,0.0
04495_01035,44.95,10.35,14280,28.2,19.0,54.1,2.8,0.39,1.0,0.0,0.0,0.0,0.0,0.0,0.0,0.0426,0.0426,0.1277,0.4681,0.0213,0.0851,0.0851,0.1277,-0.1712,0.3176,0.0033
04495_01045,44.95,10.45,14280,24.6,17.5,41.9,2.9,0.47,1.0,0.0,0.0,0.0,0.0,0.0,0.0,0.0746,0.3433,0.0896,0.0299,0.0746,0.209,0.1194,0.0597,0.1123,0.0643,0.0047
04495_01055,44.95,10.55,14399,21.5,16.5,42.1,2.8,0.35,1.0,0.0,0.0,0.0,0.0,0.0,0.0,0.0,0.3696,0.1304,0.0217,0.0,0.1522,0.1522,0.1739,0.238,0.0317,0.0032
04495_01065,44.95,10.65,14161,21.5,15.5,41.4,3.6,0.64,1.0,0.0,0.0,0.0,0.0,0.0,0.0,0.0283,0.1085,0.1462,0.2406,0.0283,0.0613,0.1792,0.2075,0.0017,0.026,0.015
04495_01075,44.95,10.75,14280,18.1,14.0,33.7,1.7,0.26,1.0,0.0,0.0,0.0,0.0,0.0,0.0,0.0741,0.0741,0.2593,0.0741,0.0741,0.0,0.2222,0.2222,0.1195,-0.0135,0.0019
04495_01085,44.95,10.85,14280,16.9,12.5,32.7,1.7,0.24,1.0,0.0,0.0,0.0,0.0,0.0,0.0,0.0,0.0,0.3333,0.0,0.0,0.0,0.6667,0.0,-0.0739,-0.3213,0.0002
04495_01095,44.95,10.95,14280,16.5,12.0,29.3,2.2,0.29,1.0,0.0,0.0,0.0,0.0,0.0,0.0,0.0,0.0,0.0,0.0,0.0,0.0,0.0,0.0,0.0,0.0,0.0
04495_01105,44.95,11.05,14399,13.2,9.5,33.6,1.9,0.23,1.0,0.0,0.0,0.0,0.0,0.0,0.0,0.027,0.0405,0.1081,0.3243,0.0541,0.0135,0.1892,0.2432,-0.0216,0.0227,0.0051
04495_01115,44.95,11.15,14161,10.1,7.5,27.4,1.7,0.16,1.0,0.0,0.0,0.0,0.0,0.0,0.0,0.0,0.0,0.0,0.0,0.0,0.0,0.0,0.0,0.0,0.0,0.0
04495_01125,44.95,11.25,14280,8.2,1.0,20.5,1.2,0.18,1.0,0.0,0.0,0.0,0.0,0.0,0.0,0.0,0.0,0.0,0.0,0.0,0.0,0.0,0.0,0.0,0.0,0.0
04495_01135,44.95,11.35,14280,7.5,3.5,32.5,2.2,0.28,1.0,0.0,0.0,0.0,0.0,0.0,0.0,0.0423,0.3803,0.0986,0.0563,0.0423,0.2394,0.0845,0.0563,0.0955,0.1406,0.005
04495_01145,44.95,11.45,14280,7.2,2.7,30.0,2.6,0.41,1.0,0.0,0.0,0.0,0.0,0.0,0.0,0.1176,0.1176,0.3193,0.1092,0.084,0.1092,0.1092,0.0336,-0.0219,0.2831,0.0083
04495_01155,44.95,11.55,14399,5.9,2.7,29.3,2.2,0.33,1.0,0.0,0.0,0.0,0.0,0.0,0.0,0.068,0.3981,0.2136,0.0097,0.0291,0.1359,0.1068,0.0388,0.2245,0.2941,0.0072
04495_01165,44.95,11.65,14161,4.2,0.5,13.8,1.4,0.22,1.0,0.0,0.0,0.0,0.0,0.0,0.0,0.0,0.0,0.0,0.0,0.0,0.0,0.0,0.0,0.0,0.0,0.0
04495_01175,44.95,11.75,14280,2.8,-0.5,21.7,1.7,0.25,1.0,0.0,0.0,0.0,0.0,0.0,0.0,0.0,0.0,0.0,0.0,0.0,0.0,0.0,1.0,0.4875,-0.8731,0.0001
04495_01185,44.95,11.85,14280,0.9,-2.1,20.5,1.9,0.22,1.0,0.0,0.0,0.0,0.0,0.0,0.0,0.1111,0.3333,0.0,0.0556,0.3333,0.1667,0.0,0.0,-0.1292,0.0521,0.0013
04495_01195,44.95,11.95,14280,-0.9,-5.0,17.4,2.1,0.19,1.0,0.0,0.0,0.0,0.0,0.0,0.0,0.0,0.0,0.0,0.0,0.0,0.0,0.0,0.0,0.0,0.0,0.0
04495_01205,44.95,12.05,14399,-1.9,-5.5,21.7,3.0,0.25,1.0,0.0,0.0,0.0,0.0,0.0,0.0,0.2,0.0333,0.1333,0.0667,0.2333,0.2,0.1333,0.0,-0.2463,-0.1576,0.0021
04495_01215,44.95,12.15,14161,-2.0,-4.6,10.8,1.8,0.26,1.0,0.0,0.0,0.0,0.0,0.0,0.0,0.0,0.0,0.0,0.0,0.0,0.0,1.0,0.0,0.2059,-0.9784,0.0002
04495_01225,44.95,12.25,14280,-2.3,-6.0,10.2,2.0,0.31,1.0,0.0,0.0,0.0,0.0,0.0,0.0,0.0,0.0,0.3333,0.3333,0.0,0.0,0.3333,0.0,-0.1676,0.2962,0.0002
04495_01235,44.95,12.35,14280,-2.8,-5.5,8.3,1.6,0.21,1.0,0.0,0.0,0.0,0.0,0.0,0.0,0.0,0.0,0.0,0.0,0.0,0.0,0.0,0.0,0.0,0.0,0.0
04495_01245,44.95,12.45,14280,-2.2,-5.5,16.6,1.9,0.21,1.0,0.0,0.0,0.0,0.0,0.0,0.0,0.0,0.0,0.5,0.0,0.0,0.0,0.5,0.0,-0.0228,-0.0011,0.0001
04495_01255,44.95,12.55,14399,-0.0,-2.5,1.6,0.2,0.01,1.0,0.0,0.0,0.0,0.0,0.0,0.0,0.0,0.0,0.0,0.0,0.0,0.0,0.0,0.0,0.0,0.0,0.0
04505_00665,45.05,6.65,14400,1985.8,1271.2,3097.7,340.4,25.03,0.0,0.0,0.0,0.0,0.1408,0.3846,0.4747,0.0893,0.1657,0.1802,0.1066,0.1303,0.1284,0.1056,0.0939,-0.0318,0.1114,0.9873
04505_00675,45.05,6.75,14400,1890.9,1093.8,2841.8,424.8,22.72,0.0,0.0,0.0,0.0424,0.2486,0.2948,0.4142,0.1635,0.1477,0.067,0.0997,0.1471,0.1648,0.0885,0.1218,0.0186,-0.0462,0.9883
04505_00685,45.05,6.85,14400,1729.9,993.8,2956.5,489.3,21.93,0.0,0.0,0.0,0.1699,0.2804,0.2467,0.3029,0.1004,0.0463,0.0932,0.205,0.1213,0.0882,0.1454,0.2003,-0.0545,-0.0757,0.9535
04505_00695,45.05,6.95,14400,1947.6,780.2,3015.4,427.6,23.59,0.0,0.0,0.0111,0.0524,0.154,0.2945,0.4881,0.1585,0.0522,0.0749,0.2132,0.0796,0.0417,0.0952,0.2847,0.1465,-0.0627,0.9917
04505_00705,45.05,7.05,14400,1864.0,983.8,2831.9,407.4,25.79,0.0,0.0,0.0,0.0557,0.2238,0.3444,0.3761,0.1944,0.1393,0.1087,0.072,0.1726,0.0923,0.0771,0.1435,0.1107,0.0189,0.9958
04505_00715,45.05,7.15,14400,1889.9,850.5,2824.7,432.5,25.12,0.0,0.0,0.004,0.0667,0.2024,0.2891,0.4378,0.147,0.121,0.1219,0.1138,0.1269,0.1248,0.1056,0.1389,0.036,-0.0073,0.9985
04505_00725,45.05,7.25,14400,1278.1,429.7,2294.4,356.0,22.88,0.0,0.0186,0.1354,0.2919,0.3494,0.184,0.0207,0.2294,0.2049,0.1409,0.1518,0.128,0.0299,0.0172,0.0978,0.1928,0.2963,0.9979
04505_00735,45.05,7.35,14400,627.5,334.9,1305.2,215.6,11.31,0.0,0.5163,0.3553,0.1165,0.0118,0.0,0.0,0.1204,0.1887,0.2018,0.1778,0.099,0.0685,0.051,0.0928,0.0435,0.2999,0.7822
04505_00745,45.05,7.45,14400,408.9,283.6,911.4,108.1,6.09,0.0302,0.9027,0.067,0.0001,0.0,0.0,0.0,0.2505,0.1473,0.1023,0.1224,0.1216,0.1056,0.0671,0.0833,0.1296,0.0941,0.5229
04505_00755,45.05,7.55,14400,298.3,240.1,456.9,32.5,1.38,0.6108,0.3892,0.0,0.0,0.0,0.0,0.0,0.1588,0.105,0.1452,0.2652,0.1234,0.0688,0.032,0.1016,-0.0529,0.2537,0.1019
04505_00765,45.05,7.65,14400,256.1,210.0,463.5,30.0,1.85,0.9465,0.0535,0.0,0.0,0.0,0.0,0.0,0.0714,0.0476,0.0415,0.0803,0.0947,0.1573,0.3212,0.186,-0.0281,-0.4428,0.1254
04505_00775,45.05,7.75,14400,383.9,201.5,711.9,112.7,8.55,0.2398,0.7264,0.0338,0.0,0.0,0.0,0.0,0.0999,0.1081,0.1442,0.0876,0.116,0.1659,0.1458,0.1327,-0.0261,-0.0757,0.8169
04505_00785,45.05,7.85,14400,334.2,256.4,586.0,57.2,5.58,0.3484,0.6516,0.0,0.0,0.0,0.0,0.0,0.0423,0.1224,0.2456,0.1037,0.0974,0.1838,0.1443,0.0605,-0.1293,0.0915,0.6462
04505_00795,45.05,7.95,14400,316.8,203.2,548.8,62.0,5.94,0.4799,0.5201,0.0,0.0,0.0,0.0,0.0,0.0412,0.1409,0.2172,0.1007,0.0959,0.1826,0.1652,0.0562,-0.1233,0.0555,0.6915
04505_00805,45.05,8.05,14520,262.5,178.0,480.9,47.3,6.99,0.8157,0.1843,0.0,0.0,0.0,0.0,0.0,0.0608,0.1495,0.204,0.0892,0.1093,0.1772,0.1532,0.0569,-0.0925,0.0529,0.8497
04505_00815,45.05,8.15,14280,226.7,145.1,462.5,51.7,6.47,0.9074,0.0926,0.0,0.0,0.0,0.0,0.0,0.0733,0.1334,0.1541,0.1126,0.113,0.1565,0.1661,0.0909,-0.0736,-0.0175,0.7831
04505_00825,45.05,8.25,14400,237.5,141.6,433.5,52.5,7.08,0.8703,0.1297,0.0,0.0,0.0,0.0,0.0,0.0909,0.1374,0.1489,0.1213,0.1093,0.1705,0.1428,0.0789,-0.0745,0.0181,0.8392
04505_00835,45.05,8.35,14400,217.1,141.8,391.7,41.1,6.59,0.9638,0.0362,0.0,0.0,0.0,0.0,0.0,0.1028,0.1627,0.1589,0.0963,0.114,0.1494,0.129,0.0868,-0.0112,0.0473,0.8449
04505_00845,45.05,8.45,14400,157.7,106.5,302.2,37.5,3.89,0.9999,0.0001,0.0,0.0,0.0,0.0,0.0,0.1269,0.1676,0.1536,0.1139,0.0931,0.1102,0.1069,0.1277,0.0845,0.0845,0.5249
04505_00855,45.05,8.55,14520,117.9,89.1,246.8,26.1,1.48,1.0,0.0,0.0,0.0,0.0,0.0,0.0,0.1712,0.2009,0.1708,0.0903,0.0258,0.0477,0.1024,0.191,0.33,0.1041,0.1601
04505_00865,45.05,8.65,14280,98.8,77.5,189.6,17.4,1.31,1.0,0.0,0.0,0.0,0.0,0.0,0.0,0.1897,0.2062,0.1897,0.0711,0.0362,0.0571,0.1174,0.1326,0.307,0.1436,0.1104
04505_00875,45.05,8.75,14400,84.3,70.0,117.6,6.3,0.62,1.0,0.0,0.0,0.0,0.0,0.0,0.0,0.2041,0.3143,0.1551,0.0408,0.0163,0.1306,0.0531,0.0857,0.3672,0.2021,0.017
04505_00885,45.05,8.85,14400,76.3,63.0,105.2,5.5,0.58,1.0,0.0,0.0,0.0,0.0,0.0,0.0,0.05,0.0786,0.3,0.3071,0.0857,0.0429,0.05,0.0857,-0.1779,0.4353,0.0097
04505_00895,45.05,8.95,14400,71.2,56.5,91.1,5.0,0.43,1.0,0.0,0.0,0.0,0.0,0.0,0.0,0.075,0.025,0.1,0.45,0.075,0.025,0.125,0.125,-0.2075,0.23,0.0028
04505_00905,45.05,9.05,14520,72.0,55.5,104.2,7.8,0.43,1.0,0.0,0.0,0.0,0.0,0.0,0.0,0.0,0.0,0.2143,0.0,0.0,0.0,0.3571,0.4286,0.2616,-0.5044,0.001
04505_00915,45.05,9.15,14280,89.0,58.5,303.7,42.6,2.0,0.9996,0.0004,0.0,0.0,0.0,0.0,0.0,0.2033,0.1856,0.058,0.0085,0.0619,0.1372,0.1877,0.158,0.2863,-0.2091,0.1981
04505_00925,45.05,9.25,14400,142.5,59.8,350.2,79.2,4.96,0.9684,0.0316,0.0,0.0,0.0,0.0,0.0,0.1339,0.1566,0.201,0.0953,0.053,0.0784,0.1675,0.1144,0.1489,0.075,0.5256
04505_00935,45.05,9.35,14400,134.4,47.5,306.1,59.3,3.98,0.9995,0.0005,0.0,0.0,0.0,0.0,0.0,0.1509,0.0977,0.1688,0.1779,0.0309,0.0178,0.138,0.218,0.2064,0.0589,0.5153
04505_00945,45.05,9.45,14400,84.5,46.5,217.7,26.0,1.02,1.0,0.0,0.0,0.0,0.0,0.0,0.0,0.1625,0.1499,0.2346,0.1178,0.0263,0.0057,0.1373,0.1659,0.2841,0.1743,0.0607
04505_00955,45.05,9.55,14520,67.5,43.5,100.5,12.0,0.48,1.0,0.0,0.0,0.0,0.0,0.0,0.0,0.0345,0.1793,0.2069,0.1034,0.0414,0.3172,0.0897,0.0276,-0.1371,0.0889,0.01
04505_00965,45.05,9.65,14280,61.3,40.0,92.6,11.8,0.47,1.0,0.0,0.0,0.0,0.0,0.0,0.0,0.0,0.2667,0.1333,0.0,0.0,0.2667,0.2,0.1333,0.0751,-0.1026,0.0011
04505_00975,45.05,9.75,14400,51.9,38.5,78.2,8.5,0.59,1.0,0.0,0.0,0.0,0.0,0.0,0.0,0.0133,0.0752,0.1947,0.1903,0.0221,0.0752,0.208,0.2212,0.0387,-0.0414,0.0157
04505_00985,45.05,9.85,14400,45.7,31.5,65.3,5.0,0.44,1.0,0.0,0.0,0.0,0.0,0.0,0.0,0.0,0.0789,0.2895,0.1754,0.1228,0.1579,0.1404,0.0351,-0.235,0.2174,0.0079
04505_00995,45.05,9.95,14400,40.3,31.5,52.8,3.6,0.22,1.0,0.0,0.0,0.0,0.0,0.0,0.0,0.0,0.0385,0.3077,0.0769,0.0,0.0769,0.3077,0.1923,-0.0239,-0.1188,0.0018
04505_01005,45.05,10.05,14520,34.7,25.5,47.5,2.5,0.33,1.0,0.0,0.0,0.0,0.0,0.0,0.0,0.0,0.0,0.0,0.0,0.0,0.0,0.0,0.0,0.0,0.0,0.0
04505_01015,45.05,10.15,14280,32.2,23.5,43.8,2.1,0.3,1.0,0.0,0.0,0.0,0.0,0.0,0.0,0.0,0.0,0.0,1.0,0.0,0.0,0.0,0.0,-0.8016,0.5856,0.0001
04505_01025,45.05,10.25,14400,29.9,22.0,42.6,2.0,0.29,1.0,0.0,0.0,0.0,0.0,0.0,0.0,0.0,0.0,1.0,0.0,0.0,0.0,0.0,0.0,0.2741,0.9617,0.0001
04505_01035,45.05,10.35,14400,27.1,21.8,43.3,2.1,0.2,1.0,0.0,0.0,0.0,0.0,0.0,0.0,0.0,0.0,1.0,0.0,0.0,0.0,0.0,0.0,-0.0689,0.9976,0.0001
04505_01045,45.05,10.45,14400,23.7,19.7,35.2,2.5,0.17,1.0,0.0,0.0,0.0,0.0,0.0,0.0,1.0,0.0,0.0,0.0,0.0,0.0,0.0,0.0,0.9828,0.1848,0.0001
04505_01055,45.05,10.55,14520,21.2,16.5,42.1,2.2,0.25,1.0,0.0,0.0,0.0,0.0,0.0,0.0,0.0667,0.2,0.2,0.1333,0.0,0.0333,0.3333,0.0333,0.083,0.0635,0.0021
04505_01065,45.05,10.65,14280,20.6,15.5,41.3,3.2,0.5,1.0,0.0,0.0,0.0,0.0,0.0,0.0,0.0276,0.2486,0.1989,0.0552,0.0166,0.1657,0.2431,0.0442,0.0728,0.0202,0.0127
04505_01075,45.05,10.75,14400,18.7,13.5,39.6,2.3,0.35,1.0,0.0,0.0,0.0,0.0,0.0,0.0,0.1667,0.3194,0.0833,0.0417,0.0417,0.1528,0.1111,0.0833,0.2905,0.0436,0.005
04505_01085,45.05,10.85,14400,17.2,11.0,39.8,2.5,0.38,1.0,0.0,0.0,0.0,0.0,0.0,0.0,0.0625,0.0312,0.0417,0.3646,0.25,0.0521,0.1354,0.0625,-0.4047,0.1334,0.0067
04505_01095,45.05,10.95,14400,15.5,10.5,36.3,2.6,0.46,1.0,0.0,0.0,0.0,0.0,0.0,0.0,0.2264,0.0849,0.1321,0.217,0.0472,0.0755,0.1415,0.0755,0.0857,0.1343,0.0074
04505_01105,45.05,11.05,14520,13.2,7.4,37.6,3.1,0.44,1.0,0.0,0.0,0.0,0.0,0.0,0.0,0.0935,0.1626,0.1748,0.1138,0.0813,0.1463,0.1585,0.0691,0.0067,0.0691,0.0169
04505_01115,45.05,11.15,14280,12.1,6.5,38.2,3.5,0.54,1.0,0.0,0.0,0.0,0.0,0.0,0.0,0.1233,0.1187,0.1256,0.1416,0.0685,0.1438,0.1347,0.1438,0.026,-0.0397,0.0307
04505_01125,45.05,11.25,14400,9.7,4.5,32.4,3.0,0.43,1.0,0.0,0.0,0.0,0.0,0.0,0.0,0.0203,0.0946,0.2365,0.2568,0.0473,0.1081,0.2095,0.027,-0.2059,0.1728,0.0103
04505_01135,45.05,11.35,14400,7.6,2.6,32.5,1.9,0.26,1.0,0.0,0.0,0.0,0.0,0.0,0.0,0.0244,0.1951,0.2439,0.122,0.0244,0.122,0.2439,0.0244,0.0273,0.1181,0.0057
04505_01145,45.05,11.45,14400,7.9,1.0,27.9,2.2,0.32,1.0,0.0,0.0,0.0,0.0,0.0,0.0,0.0625,0.125,0.0938,0.0625,0.0938,0.1875,0.2188,0.1562,-0.0056,-0.259,0.0022
04505_01155,45.05,11.55,14520,5.8,2.0,29.0,1.8,0.27,1.0,0.0,0.0,0.0,0.0,0.0,0.0,0.0769,0.1923,0.2692,0.0769,0.0,0.1154,0.2308,0.0385,0.0898,0.093,0.0018
04505_01165,45.05,11.65,14280,4.5,0.6,19.4,1.5,0.25,1.0,0.0,0.0,0.0,0.0,0.0,0.0,0.0,0.0,0.0,0.0,0.0,0.0,0.0,0.0,0.0,0.0,0.0
04505_01175,45.05,11.75,14400,3.1,-0.9,15.3,1.7,0.3,1.0,0.0,0.0,0.0,0.0,0.0,0.0,0.0,0.0,0.0,0.0,0.0,0.0,0.0,0.0,0.0,0.0,0.0
04505_01185,45.05,11.85,14400,1.2,-1.7,14.1,1.5,0.23,1.0,0.0,0.0,0.0,0.0,0.0,0.0,0.0,0.0,0.0,0.0,0.0,0.0,0.0,0.0,0.0,0.0,0.0
04505_01195,45.05,11.95,14400,-0.3,-2.5,10.0,1.2,0.21,1.0,0.0,0.0,0.0,0.0,0.0,0.0,0.0,0.0,0.0,0.0,0.0,0.0,0.0,0.0,0.0,0.0,0.0
04505_01205,45.05,12.05,14520,-0.6,-3.5,13.9,1.4,0.21,1.0,0.0,0.0,0.0,0.0,0.0,0.0,0.0,0.0,0.0,0.0,0.0,0.0,0.0,0.0,0.0,0.0,0.0
04505_01215,45.05,12.15,14280,-2.0,-7.0,8.3,1.6,0.24,1.0,0.0,0.0,0.0,0.0,0.0,0.0,0.0,0.0,0.0,0.0,0.0,0.0,0.0,0.0,0.0,0.0,0.0
04505_01225,45.05,12.25,14400,-1.9,-5.0,10.0,2.0,0.22,1.0,0.0,0.0,0.0,0.0,0.0,0.0,0.0,0.0,0.0,0.0,0.0,0.0,0.0,0.0,0.0,0.0,0.0
04505_01235,45.05,12.35,14400,-1.0,-5.0,12.1,1.8,0.13,1.0,0.0,0.0,0.0,0.0,0.0,0.0,0.0,0.0,0.0,0.0,0.0,0.0,1.0,0.0,-0.1591,-0.9873,0.0001
04505_01245,45.05,12.45,14400,-0.2,-4.0,2.2,0.7,0.03,1.0,0.0,0.0,0.0,0.0,0.0,0.0,0.0,0.0,0.0,0.0,0.0,0.0,0.0,0.0,0.0,0.0,0.0
04515_00665,45.15,6.65,14400,2166.5,967.2,3199.2,464.5,24.87,0.0,0.0,0.0,0.0476,0.0904,0.171,0.691,0.1529,0.135,0.1424,0.1033,0.084,0.0895,0.1191,0.1738,0.1536,0.0067,0.9947
04515_00675,45.15,6.75,14400,2461.8,1431.5,3420.0,368.8,26.85,0.0,0.0,0.0,0.0,0.0103,0.1093,0.8803,0.1515,0.0993,0.063,0.0905,0.1009,0.1649,0.185,0.1449,0.0524,-0.2192,0.9976
04515_00685,45.15,6.85,14400,2646.1,1745.7,3360.9,326.8,26.29,0.0,0.0,0.0,0.0,0.0,0.0401,0.9599,0.0914,0.1112,0.1853,0.1058,0.0773,0.077,0.1938,0.1581,0.0764,-0.0255,0.9957
04515_00695,45.15,6.95,14400,1871.4,633.2,3298.6,665.5,26.71,0.0,0.0,0.0717,0.1143,0.214,0.1653,0.4347,0.1076,0.1365,0.2121,0.2546,0.1252,0.0771,0.0182,0.0686,-0.1016,0.3779,0.9951
04515_00705,45.15,7.05,14400,1176.9,458.1,3282.0,576.6,21.56,0.0,0.134,0.2819,0.1736,0.201,0.1119,0.0976,0.1814,0.1075,0.087,0.0962,0.1906,0.1431,0.0973,0.0968,-0.0354,-0.0383,0.9453
04515_00715,45.15,7.15,14400,1196.0,405.6,3032.2,690.0,21.6,0.0,0.2503,0.1801,0.1647,0.1467,0.0741,0.1841,0.2133,0.1074,0.0694,0.1446,0.2208,0.1238,0.0548,0.0658,-0.0775,0.062,0.9061
04515_00725,45.15,7.25,14400,1235.7,369.0,2711.9,644.5,19.81,0.0,0.2556,0.1072,0.1272,0.1713,0.1926,0.1462,0.0759,0.1115,0.122,0.1359,0.2109,0.242,0.0857,0.0162,-0.3181,0.029,0.8649
04515_00735,45.15,7.35,14400,1006.9,343.0,2275.0,484.6,18.22,0.0,0.2653,0.1577,0.2174,0.2378,0.0969,0.0249,0.0685,0.0883,0.1948,0.1732,0.1856,0.1592,0.0807,0.0498,-0.2639,0.1521,0.8581
04515_00745,45.15,7.45,14400,726.9,318.1,1642.8,313.6,16.82,0.0,0.4221,0.2853,0.1983,0.0931,0.0012,0.0,0.0613,0.1543,0.1913,0.1259,0.1997,0.1594,0.0695,0.0386,-0.2128,0.1819,0.8535
04515_00755,45.15,7.55,14400,325.1,258.1,722.6,44.5,2.18,0.2576,0.7385,0.0039,0.0,0.0,0.0,0.0,0.04,0.1733,0.3011,0.1484,0.0776,0.1789,0.0685,0.0123,-0.1363,0.3349,0.1755
04515_00765,45.15,7.65,14400,262.7,214.5,321.3,19.6,0.82,0.9601,0.0399,0.0,0.0,0.0,0.0,0.0,0.1063,0.308,0.1258,0.0868,0.2213,0.0976,0.0282,0.026,-0.0358,0.2984,0.032
04515_00775,45.15,7.75,14400,222.3,187.5,421.4,21.2,1.03,0.986,0.014,0.0,0.0,0.0,0.0,0.0,0.2028,0.1352,0.0772,0.0097,0.0014,0.0428,0.3021,0.229,0.4263,-0.3171,0.0503
04515_00785,45.15,7.85,14400,258.9,170.0,578.2,87.7,5.72,0.7074,0.2926,0.0,0.0,0.0,0.0,0.0,0.165,0.1064,0.1016,0.1065,0.0797,0.0926,0.1759,0.1722,0.1455,-0.119,0.4844
04515_00795,45.15,7.95,14400,256.9,157.0,550.4,83.6,7.15,0.6935,0.3065,0.0,0.0,0.0,0.0,0.0,0.1391,0.1605,0.1539,0.0956,0.0781,0.1229,0.1127,0.1371,0.1207,0.0363,0.6311
04515_00805,45.15,8.05,14520,241.7,145.0,483.1,84.1,5.66,0.7005,0.2995,0.0,0.0,0.0,0.0,0.0,0.1447,0.1389,0.143,0.0928,0.0839,0.0924,0.136,0.1683,0.146,-0.0148,0.5597
04515_00815,45.15,8.15,14280,214.9,133.5,430.6,67.3,6.07,0.8669,0.1331,0.0,0.0,0.0,0.0,0.0,0.1393,0.1542,0.1508,0.1395,0.1025,0.0822,0.103,0.1285,0.0777,0.1148,0.6032
04515_00825,45.15,8.25,14400,191.4,120.0,376.9,55.2,5.38,0.9492,0.0508,0.0,0.0,0.0,0.0,0.0,0.1705,0.1466,0.1364,0.118,0.1094,0.1293,0.1004,0.0895,0.053,0.0672,0.5709
04515_00835,45.15,8.35,14400,150.6,112.0,300.5,39.6,2.68,0.9999,0.0001,0.0,0.0,0.0,0.0,0.0,0.1622,0.1666,0.1062,0.0844,0.1215,0.1114,0.1374,0.1104,0.1016,-0.0089,0.3447
04515_00845,45.15,8.45,14400,123.0,96.5,293.9,31.8,1.32,1.0,0.0,0.0,0.0,0.0,0.0,0.0,0.1992,0.1559,0.1926,0.1335,0.122,0.0682,0.03,0.0987,0.1099,0.247,0.1457
04515_00855,45.15,8.55,14520,101.4,88.5,128.0,3.9,0.5,1.0,0.0,0.0,0.0,0.0,0.0,0.0,0.0,0.0625,0.2375,0.025,0.0,0.1125,0.4125,0.15,0.0337,-0.3254,0.0055
04515_00865,45.15,8.65,14280,99.7,87.0,125.4,3.5,0.35,1.0,0.0,0.0,0.0,0.0,0.0,0.0,0.0333,0.1111,0.2667,0.0889,0.1,0.1222,0.1889,0.0889,-0.0619,0.057,0.0063
04515_00875,45.15,8.75,14400,96.1,82.0,125.3,4.8,0.5,1.0,0.0,0.0,0.0,0.0,0.0,0.0,0.0336,0.1345,0.2185,0.1218,0.1303,0.1092,0.0672,0.1849,-0.0448,0.1193,0.0165
04515_00885,45.15,8.85,14400,92.6,74.2,123.9,5.3,0.61,1.0,0.0,0.0,0.0,0.0,0.0,0.0,0.0125,0.0627,0.3308,0.0576,0.0201,0.1078,0.3333,0.0752,-0.0159,-0.0543,0.0277
04515_00895,45.15,8.95,14400,85.6,65.0,109.8,7.0,0.63,1.0,0.0,0.0,0.0,0.0,0.0,0.0,0.055,0.2104,0.1845,0.2265,0.123,0.0841,0.0971,0.0194,-0.136,0.3229,0.0215
04515_00905,45.15,9.05,14520,71.4,52.5,100.8,9.9,0.75,1.0,0.0,0.0,0.0,0.0,0.0,0.0,0.1315,0.1562,0.1667,0.1979,0.1029,0.0612,0.0898,0.0938,0.0138,0.2115,0.0529
04515_00915,45.15,9.15,14280,63.5,51.0,94.0,7.2,0.75,1.0,0.0,0.0,0.0,0.0,0.0,0.0,0.0712,0.1055,0.1082,0.1794,0.1847,0.2586,0.066,0.0264,-0.3234,0.0515,0.0265
04515_00925,45.15,9.25,14400,66.3,49.0,91.8,8.7,0.57,1.0,0.0,0.0,0.0,0.0,0.0,0.0,0.0801,0.0871,0.0836,0.0627,0.1951,0.3345,0.0801,0.0767,-0.2771,-0.167,0.0199
04515_00935,45.15,9.35,14400,65.3,48.0,90.0,8.3,0.69,1.0,0.0,0.0,0.0,0.0,0.0,0.0,0.0032,0.1364,0.1396,0.1071,0.2045,0.2857,0.1136,0.0097,-0.388,-0.0212,0.0214
04515_00945,45.15,9.45,14400,67.4,46.5,148.7,19.7,1.1,1.0,0.0,0.0,0.0,0.0,0.0,0.0,0.1247,0.1981,0.0662,0.0851,0.1805,0.2455,0.0662,0.0338,-0.1259,0.0061,0.1069
04515_00955,45.15,9.55,14520,56.6,43.0,126.9,8.0,0.62,1.0,0.0,0.0,0.0,0.0,0.0,0.0,0.0194,0.1856,0.277,0.1828,0.0997,0.1219,0.0997,0.0139,-0.1367,0.3528,0.0249
04515_00965,45.15,9.65,14280,56.0,42.0,79.5,7.3,0.46,1.0,0.0,0.0,0.0,0.0,0.0,0.0,0.0,0.0,0.193,0.6667,0.0175,0.0,0.1228,0.0,-0.4667,0.5715,0.004
04515_00975,45.15,9.75,14400,50.9,34.5,67.3,6.8,0.47,1.0,0.0,0.0,0.0,0.0,0.0,0.0,0.0432,0.2778,0.4074,0.0617,0.0,0.0309,0.1049,0.0741,0.2353,0.4828,0.0112
04515_00985,45.15,9.85,14400,43.6,31.5,64.2,5.2,0.56,1.0,0.0,0.0,0.0,0.0,0.0,0.0,0.0,0.2419,0.2097,0.0,0.0161,0.2903,0.1935,0.0484,-0.0153,-0.0764,0.0043
04515_00995,45.15,9.95,14400,43.7,30.9,65.5,6.7,0.45,1.0,0.0,0.0,0.0,0.0,0.0,0.0,0.0385,0.0,0.1923,0.0769,0.3846,0.2308,0.0385,0.0385,-0.5328,0.0744,0.0018
04515_01005,45.15,10.05,14520,43.8,29.5,59.2,4.9,0.33,1.0,0.0,0.0,0.0,0.0,0.0,0.0,0.0,0.3333,0.1111,0.0,0.0,0.2222,0.3333,0.0,-0.0335,-0.1158,0.0006
04515_01015,45.15,10.15,14280,41.0,32.5,59.1,3.5,0.21,1.0,0.0,0.0,0.0,0.0,0.0,0.0,0.2727,0.0909,0.2727,0.0,0.0,0.1818,0.1818,0.0,0.1536,0.1223,0.0008
04515_01025,45.15,10.25,14400,37.1,26.0,50.2,3.3,0.18,1.0,0.0,0.0,0.0,0.0,0.0,0.0,0.0909,0.6364,0.2727,0.0,0.0,0.0,0.0,0.0,0.5934,0.7217,0.0008
04515_01035,45.15,10.35,14400,32.6,22.5,47.3,3.8,0.35,1.0,0.0,0.0,0.0,0.0,0.0,0.0,0.0,0.0,0.0,0.0,0.0,0.0,0.75,0.25,0.2846,-0.9544,0.0003
04515_01045,45.15,10.45,14400,29.2,20.0,46.4,4.2,0.31,1.0,0.0,0.0,0.0,0.0,0.0,0.0,0.1333,0.0667,0.3333,0.1333,0.0667,0.0667,0.1333,0.0667,0.0194,0.2298,0.001
04515_01055,45.15,10.55,14520,28.5,17.5,42.7,4.0,0.23,1.0,0.0,0.0,0.0,0.0,0.0,0.0,0.0968,0.0645,0.0968,0.2581,0.0968,0.1613,0.2258,0.0,-0.2004,-0.0374,0.0021
04515_01065,45.15,10.65,14280,25.3,15.0,43.4,3.8,0.26,1.0,0.0,0.0,0.0,0.0,0.0,0.0,0.0,0.25,0.75,0.0,0.0,0.0,0.0,0.0,0.2865,0.9498,0.0003
04515_01075,45.15,10.75,14400,22.0,12.7,43.5,4.0,0.42,1.0,0.0,0.0,0.0,0.0,0.0,0.0,0.0,0.046,0.2529,0.1149,0.1264,0.3448,0.046,0.069,-0.443,0.0365,0.006
04515_01085,45.15,10.85,14400,21.5,11.5,35.8,4.6,0.43,1.0,0.0,0.0,0.0,0.0,0.0,0.0,0.0556,0.3704,0.2407,0.037,0.0,0.0556,0.1667,0.0741,0.3239,0.2233,0.0038
04515_01095,45.15,10.95,14400,19.1,11.0,40.4,3.0,0.21,1.0,0.0,0.0,0.0,0.0,0.0,0.0,0.2273,0.2273,0.0455,0.0,0.0909,0.3182,0.0455,0.0455,0.0363,-0.0729,0.0015
04515_01105,45.15,11.05,14520,15.6,9.1,32.8,2.9,0.32,1.0,0.0,0.0,0.0,0.0,0.0,0.0,0.0,0.2222,0.0833,0.0833,0.0278,0.3056,0.2222,0.0556,-0.1451,-0.1597,0.0025
04515_01115,45.15,11.15,14280,13.0,8.0,30.7,2.6,0.22,1.0,0.0,0.0,0.0,0.0,0.0,0.0,0.0,0.1429,0.2857,0.0,0.0,0.0,0.1429,0.4286,0.3423,-0.0254,0.0005
04515_01125,45.15,11.25,14400,11.1,6.1,28.5,2.9,0.24,1.0,0.0,0.0,0.0,0.0,0.0,0.0,0.0,0.4138,0.1034,0.0345,0.0345,0.2759,0.1034,0.0345,0.0899,0.057,0.002
04515_01135,45.15,11.35,14400,10.9,6.4,35.5,2.7,0.27,1.0,0.0,0.0,0.0,0.0,0.0,0.0,0.0,0.0,0.1818,0.0909,0.1818,0.3636,0.1818,0.0,-0.5408,-0.1726,0.0008
04515_01145,45.15,11.45,14400,9.5,4.5,28.3,2.1,0.24,1.0,0.0,0.0,0.0,0.0,0.0,0.0,0.0,0.0,0.0,0.0,0.0,0.0,0.0,0.0,0.0,0.0,0.0
04515_01155,45.15,11.55,14520,7.0,3.2,35.8,2.3,0.28,1.0,0.0,0.0,0.0,0.0,0.0,0.0,0.0256,0.0128,0.1923,0.2564,0.0769,0.0128,0.0513,0.3718,-0.0289,0.05,0.0054
04515_01165,45.15,11.65,14280,6.1,2.2,22.1,1.6,0.25,1.0,0.0,0.0,0.0,0.0,0.0,0.0,0.0,0.0,0.0,0.0,0.0,0.0,1.0,0.0,0.1128,-0.9936,0.0001
04515_01175,45.15,11.75,14400,3.7,0.1,18.9,1.6,0.26,1.0,0.0,0.0,0.0,0.0,0.0,0.0,0.0,0.0,0.0,0.0,0.0,0.0,0.0,0.0,0.0,0.0,0.0
04515_01185,45.15,11.85,14400,2.0,-2.2,18.5,1.7,0.28,1.0,0.0,0.0,0.0,0.0,0.0,0.0,0.0,0.0,0.0,0.0,0.0,0.0,0.5,0.5,0.3994,-0.8818,0.0003
04515_01195,45.15,11.95,14400,0.4,-3.0,27.2,2.0,0.29,1.0,0.0,0.0,0.0,0.0,0.0,0.0,0.0517,0.069,0.2414,0.1034,0.069,0.1034,0.1552,0.2069,0.0255,-0.0088,0.004
04515_01205,45.15,12.05,14520,-0.6,-3.5,15.9,1.7,0.25,1.0,0.0,0.0,0.0,0.0,0.0,0.0,0.0,0.0455,0.4091,0.0,0.0,0.0455,0.5,0.0,-0.0117,-0.0819,0.0015
04515_01215,45.15,12.15,14280,-2.5,-4.5,6.0,1.4,0.21,1.0,0.0,0.0,0.0,0.0,0.0,0.0,0.0,0.0,0.0,0.0,0.0,0.0,0.0,0.0,0.0,0.0,0.0
04515_01225,45.15,12.25,14400,-1.0,-4.4,14.3,2.3,0.23,1.0,0.0,0.0,0.0,0.0,0.0,0.0,0.0,0.0,0.6364,0.0,0.0,0.0,0.1364,0.2273,0.0498,0.2929,0.0015
04515_01235,45.15,12.35,14400,0.4,-1.5,16.4,1.7,0.14,1.0,0.0,0.0,0.0,0.0,0.0,0.0,0.0,0.0,0.1343,0.0,0.0,0.0896,0.7612,0.0149,-0.2581,-0.6566,0.0047
04525_00705,45.25,7.05,14520,2692.0,937.0,3721.3,460.2,29.39,0.0,0.0,0.0,0.0079,0.0169,0.0333,0.9418,0.1074,0.1651,0.1047,0.0493,0.0978,0.2625,0.1473,0.066,-0.0443,-0.1288,0.9955
04525_00715,45.25,7.15,14520,2503.4,1341.1,3543.7,483.9,26.83,0.0,0.0,0.0,0.0,0.04,0.145,0.8149,0.141,0.1791,0.1157,0.1181,0.153,0.1326,0.0676,0.093,0.0033,0.1,0.9927
04525_00725,45.25,7.25,14520,1930.8,890.5,3065.1,440.6,26.17,0.0,0.0,0.0004,0.047,0.1981,0.2966,0.458,0.1734,0.1832,0.123,0.1068,0.1425,0.0708,0.0638,0.1366,0.1346,0.1282,0.9926
04525_00735,45.25,7.35,14520,1297.3,584.0,2235.0,361.7,22.4,0.0,0.0007,0.157,0.279,0.3365,0.1983,0.0284,0.1472,0.1537,0.1998,0.1691,0.1312,0.0618,0.0405,0.0966,0.0345,0.28,0.9959
04525_00745,45.25,7.45,14520,815.8,423.9,1644.8,248.4,18.8,0.0,0.2197,0.4445,0.2499,0.0853,0.0006,0.0,0.1067,0.1445,0.1971,0.1362,0.0999,0.1091,0.081,0.1255,0.0227,0.1578,0.9713
04525_00755,45.25,7.55,14520,427.2,311.7,883.2,87.4,3.86,0.0,0.9458,0.0542,0.0,0.0,0.0,0.0,0.0599,0.1877,0.2394,0.1244,0.1854,0.1626,0.0302,0.0104,-0.2034,0.3145,0.324
04525_00765,45.25,7.65,14520,321.0,245.9,421.6,36.2,1.93,0.3033,0.6967,0.0,0.0,0.0,0.0,0.0,0.3389,0.1752,0.0313,0.0995,0.2908,0.0619,0.0,0.0024,0.0507,0.1879,0.1758
04525_00775,45.25,7.75,14520,243.8,200.0,303.5,21.7,1.07,0.9991,0.0009,0.0,0.0,0.0,0.0,0.0,0.214,0.357,0.0613,0.04,0.3153,0.0115,0.0,0.0009,0.1231,0.3439,0.0775
04525_00785,45.25,7.85,14520,224.6,183.5,278.3,22.1,0.72,1.0,0.0,0.0,0.0,0.0,0.0,0.0,0.0043,0.0085,0.0855,0.0128,0.0128,0.3932,0.4487,0.0342,-0.2632,-0.6866,0.0161
04525_00795,45.25,7.95,14520,211.6,172.0,282.0,23.3,0.88,1.0,0.0,0.0,0.0,0.0,0.0,0.0,0.0,0.1481,0.3547,0.0698,0.0142,0.2051,0.2066,0.0014,-0.077,0.1611,0.0483
04525_00805,45.25,8.05,14641,185.8,155.7,244.8,18.3,0.5,1.0,0.0,0.0,0.0,0.0,0.0,0.0,0.0097,0.0874,0.1262,0.0291,0.1359,0.466,0.1068,0.0388,-0.3982,-0.2505,0.007
04525_00815,45.25,8.15,14399,160.1,141.4,184.8,9.0,0.25,1.0,0.0,0.0,0.0,0.0,0.0,0.0,0.0,0.0,0.0,0.0,0.0,0.0,0.0,0.0,0.0,0.0,0.0
04525_00825,45.25,8.25,14520,148.9,129.9,194.6,7.5,0.45,1.0,0.0,0.0,0.0,0.0,0.0,0.0,0.3305,0.0678,0.0678,0.0339,0.2119,0.0636,0.1568,0.0678,0.1404,-0.1071,0.0163
04525_00835,45.25,8.35,14520,132.0,117.4,143.8,5.2,0.31,1.0,0.0,0.0,0.0,0.0,0.0,0.0,0.0,0.0,0.0,1.0,0.0,0.0,0.0,0.0,-0.8843,0.4637,0.0001
04525_00845,45.25,8.45,14520,118.5,105.5,136.5,4.4,0.27,1.0,0.0,0.0,0.0,0.0,0.0,0.0,0.0,0.0,0.0,0.2222,0.4444,0.3333,0.0,0.0,-0.7786,-0.1051,0.0006
04525_00855,45.25,8.55,14641,110.7,97.5,134.8,4.8,0.43,1.0,0.0,0.0,0.0,0.0,0.0,0.0,0.0465,0.1938,0.186,0.0155,0.1008,0.3256,0.124,0.0078,-0.0991,-0.0463,0.0088
04525_00865,45.25,8.65,14399,109.7,97.5,128.8,4.3,0.35,1.0,0.0,0.0,0.0,0.0,0.0,0.0,0.0308,0.1538,0.1538,0.1231,0.0308,0.1231,0.3231,0.0615,-0.0449,-0.1029,0.0045
04525_00875,45.25,8.75,14520,107.3,97.0,134.4,4.6,0.49,1.0,0.0,0.0,0.0,0.0,0.0,0.0,0.0417,0.1167,0.275,0.0583,0.0083,0.0917,0.375,0.0333,0.0288,-0.0768,0.0083
04525_00885,45.25,8.85,14520,101.8,82.3,125.8,4.6,0.55,1.0,0.0,0.0,0.0,0.0,0.0,0.0,0.0,0.0645,0.5081,0.1048,0.0242,0.0242,0.1935,0.0806,-0.0175,0.3629,0.0085
04525_00895,45.25,8.95,14520,82.9,63.5,123.0,11.7,1.16,1.0,0.0,0.0,0.0,0.0,0.0,0.0,0.0468,0.2231,0.2206,0.0735,0.0693,0.1295,0.1855,0.0518,0.0216,0.1203,0.0824
04525_00905,45.25,9.05,14641,85.4,52.5,116.2,12.2,0.67,1.0,0.0,0.0,0.0,0.0,0.0,0.0,0.0402,0.0707,0.088,0.0612,0.1319,0.3423,0.2294,0.0363,-0.3004,-0.3134,0.0357
04525_00915,45.25,9.15,14399,86.8,52.5,109.5,3.9,0.35,1.0,0.0,0.0,0.0,0.0,0.0,0.0,0.0508,0.0678,0.1695,0.2203,0.0678,0.2203,0.1356,0.0678,-0.2469,-0.0139,0.0041
04525_00925,45.25,9.25,14520,81.1,68.1,98.6,3.4,0.33,1.0,0.0,0.0,0.0,0.0,0.0,0.0,0.0,0.1429,0.4286,0.0,0.0,0.0,0.4286,0.0,0.1111,0.1152,0.0005
04525_00935,45.25,9.35,14520,76.6,59.0,98.1,3.7,0.39,1.0,0.0,0.0,0.0,0.0,0.0,0.0,0.0282,0.2394,0.3944,0.169,0.0141,0.0141,0.0845,0.0563,0.1182,0.5748,0.0049
04525_00945,45.25,9.45,14520,72.5,51.0,95.1,5.6,0.5,1.0,0.0,0.0,0.0,0.0,0.0,0.0,0.073,0.2482,0.3431,0.0438,0.0073,0.1533,0.0511,0.0803,0.188,0.3438,0.0094
04525_00955,45.25,9.55,14641,68.9,55.0,92.0,3.7,0.28,1.0,0.0,0.0,0.0,0.0,0.0,0.0,0.1667,0.2273,0.197,0.0606,0.0,0.0303,0.1818,0.1364,0.3799,0.1081,0.0045
04525_00965,45.25,9.65,14399,60.1,43.0,85.7,5.9,0.52,1.0,0.0,0.0,0.0,0.0,0.0,0.0,0.0457,0.1416,0.1826,0.1233,0.0502,0.1689,0.1963,0.0913,-0.0573,0.0048,0.0152
04525_00975,45.25,9.75,14520,55.3,38.5,76.6,7.9,0.59,1.0,0.0,0.0,0.0,0.0,0.0,0.0,0.0199,0.1235,0.1434,0.0478,0.0598,0.2191,0.3028,0.0837,-0.1043,-0.2791,0.0173
04525_00985,45.25,9.85,14520,58.7,40.0,79.8,5.9,0.35,1.0,0.0,0.0,0.0,0.0,0.0,0.0,0.0,0.0,0.1667,0.0833,0.0,0.2083,0.3333,0.2083,-0.0947,-0.38,0.0017
04525_00995,45.25,9.95,14520,57.8,39.0,71.3,4.4,0.27,1.0,0.0,0.0,0.0,0.0,0.0,0.0,0.1605,0.3827,0.2099,0.0,0.0,0.0,0.0741,0.1728,0.5333,0.2892,0.0056
04525_01005,45.25,10.05,14641,50.7,34.0,63.4,4.7,0.45,1.0,0.0,0.0,0.0,0.0,0.0,0.0,0.089,0.1986,0.274,0.0616,0.0205,0.0616,0.1644,0.1301,0.2245,0.1646,0.01
04525_01015,45.25,10.15,14399,47.6,30.5,62.9,5.7,0.38,1.0,0.0,0.0,0.0,0.0,0.0,0.0,0.0,0.3077,0.1923,0.1538,0.0,0.1154,0.1538,0.0769,0.1008,0.2656,0.0018
04525_01025,45.25,10.25,14520,44.3,27.0,57.6,6.1,0.42,1.0,0.0,0.0,0.0,0.0,0.0,0.0,0.0,0.0,0.5,0.0,0.0,0.5,0.0,0.0,-0.186,0.0455,0.0001
04525_01035,45.25,10.35,14520,43.6,28.0,58.1,4.8,0.31,1.0,0.0,0.0,0.0,0.0,0.0,0.0,0.0,0.0,0.6667,0.3333,0.0,0.0,0.0,0.0,-0.2299,0.9405,0.0002
04525_01045,45.25,10.45,14520,43.7,28.5,60.0,4.9,0.23,1.0,0.0,0.0,0.0,0.0,0.0,0.0,0.0,0.0,0.0,0.0,0.0,0.0,0.0,0.0,0.0,0.0,0.0
04525_01055,45.25,10.55,14641,42.2,32.4,56.9,4.8,0.17,1.0,0.0,0.0,0.0,0.0,0.0,0.0,0.0,0.0,0.0,0.0,0.0,0.0,0.0,0.0,0.0,0.0,0.0
04525_01065,45.25,10.65,14399,37.9,15.5,64.6,8.5,0.32,1.0,0.0,0.0,0.0,0.0,0.0,0.0,0.0,0.0,0.0909,0.7273,0.0,0.0,0.1818,0.0,-0.4663,0.4702,0.0008
04525_01075,45.25,10.75,14520,37.1,18.5,62.9,8.1,0.44,1.0,0.0,0.0,0.0,0.0,0.0,0.0,0.0823,0.1203,0.1013,0.1203,0.0,0.0823,0.3861,0.1076,0.1107,-0.2463,0.0109
04525_01085,45.25,10.85,14520,32.9,24.5,49.7,4.1,0.2,1.0,0.0,0.0,0.0,0.0,0.0,0.0,0.0,0.0,0.0,0.0,0.0,0.0,0.0,0.0,0.0,0.0,0.0
04525_01095,45.25,10.95,14520,28.2,19.2,55.4,3.6,0.28,1.0,0.0,0.0,0.0,0.0,0.0,0.0,0.0341,0.1364,0.2159,0.1136,0.0682,0.0909,0.2386,0.1023,-0.0525,0.0066,0.0061
04525_01105,45.25,11.05,14641,24.4,14.4,41.9,3.3,0.35,1.0,0.0,0.0,0.0,0.0,0.0,0.0,0.0,0.1316,0.3421,0.0526,0.0789,0.1053,0.1316,0.1579,0.0514,0.1649,0.0026
04525_01115,45.25,11.15,14399,21.2,11.8,36.7,3.4,0.32,1.0,0.0,0.0,0.0,0.0,0.0,0.0,0.0,0.0,0.0,0.0,0.0,0.0,0.0,0.0,0.0,0.0,0.0
04525_01125,45.25,11.25,14520,17.7,10.9,40.1,2.8,0.41,1.0,0.0,0.0,0.0,0.0,0.0,0.0,0.0138,0.0897,0.2828,0.1517,0.0345,0.0621,0.2483,0.1172,-0.0285,0.0835,0.01
04525_01135,45.25,11.35,14520,16.0,10.4,33.5,2.4,0.25,1.0,0.0,0.0,0.0,0.0,0.0,0.0,0.12,0.08,0.16,0.08,0.0,0.08,0.36,0.12,0.1199,-0.194,0.0017
04525_01145,45.25,11.45,14520,14.0,8.9,26.0,2.0,0.22,1.0,0.0,0.0,0.0,0.0,0.0,0.0,0.0,0.0,0.0,0.0,0.0,0.0,0.0,0.0,0.0,0.0,0.0
04525_01155,45.25,11.55,14641,11.5,6.9,24.3,1.7,0.23,1.0,0.0,0.0,0.0,0.0,0.0,0.0,0.0,0.0,0.0,0.0,0.0,0.0,0.0,0.0,0.0,0.0,0.0
04525_01165,45.25,11.65,14399,45.6,4.5,393.6,63.5,4.38,0.996,0.004,0.0,0.0,0.0,0.0,0.0,0.0792,0.0425,0.0968,0.1685,0.1339,0.1626,0.1898,0.1267,-0.175,-0.1532,0.3673
04525_01175,45.25,11.75,14520,30.0,1.0,401.0,62.4,3.43,0.9905,0.0095,0.0,0.0,0.0,0.0,0.0,0.0734,0.1224,0.1862,0.1797,0.1448,0.1417,0.0961,0.0556,-0.1735,0.1708,0.243
04525_01185,45.25,11.85,14520,4.2,0.1,13.7,1.6,0.24,1.0,0.0,0.0,0.0,0.0,0.0,0.0,0.0,0.0,0.0,0.0,0.0,0.0,0.0,0.0,0.0,0.0,0.0
04525_01195,45.25,11.95,14520,1.7,-3.2,21.0,1.8,0.28,1.0,0.0,0.0,0.0,0.0,0.0,0.0,0.0,0.0,0.5,0.0,0.0,0.0,0.5,0.0,-0.1671,0.0056,0.0003
04525_01205,45.25,12.05,14641,1.3,-3.0,10.6,1.8,0.25,1.0,0.0,0.0,0.0,0.0,0.0,0.0,0.0,0.0,0.0,0.0,0.0,0.0,0.0,0.0,0.0,0.0,0.0
04525_01215,45.25,12.15,14399,-0.2,-3.4,14.1,1.2,0.2,1.0,0.0,0.0,0.0,0.0,0.0,0.0,0.0,0.0,0.2,0.3333,0.0,0.2,0.1333,0.1333,-0.1875,0.0746,0.001
04525_01225,45.25,12.25,14520,0.2,-10.0,10.4,1.1,0.08,1.0,0.0,0.0,0.0,0.0,0.0,0.0,0.0,0.0,0.0,0.0,0.0,0.0,0.0,0.0,0.0,0.0,0.0
04535_00715,45.35,7.15,14400,2689.0,1586.4,3646.7,403.2,26.15,0.0,0.0,0.0,0.0,0.0001,0.0626,0.9374,0.0979,0.1324,0.0991,0.1552,0.1679,0.1065,0.1371,0.104,-0.0883,0.0136,0.9905
04535_00725,45.35,7.25,14400,1869.6,979.1,2959.0,434.5,28.28,0.0,0.0,0.0,0.0572,0.2549,0.285,0.403,0.1478,0.0792,0.0933,0.2228,0.2516,0.0812,0.0206,0.1035,-0.1956,0.1635,0.9963
04535_00735,45.35,7.35,14400,1451.6,611.7,2703.9,472.8,26.16,0.0,0.0,0.1313,0.2274,0.2648,0.2171,0.1594,0.1223,0.1589,0.1063,0.127,0.2172,0.1679,0.068,0.0324,-0.1728,0.1052,0.9923
04535_00745,45.35,7.45,14400,1405.9,623.4,2293.5,365.7,24.39,0.0,0.0,0.0922,0.2176,0.3804,0.2483,0.0616,0.0772,0.1199,0.1821,0.1367,0.1004,0.1522,0.1435,0.0881,-0.0833,0.0497,0.9989
04535_00755,45.35,7.55,14400,972.0,361.8,2029.0,362.0,17.98,0.0,0.184,0.2792,0.2701,0.211,0.0553,0.0003,0.0723,0.1597,0.1949,0.2289,0.1658,0.0967,0.0394,0.0423,-0.1865,0.3367,0.9686
04535_00765,45.35,7.65,14400,400.6,281.1,1053.3,117.9,4.67,0.0789,0.8538,0.0593,0.008,0.0,0.0,0.0,0.0634,0.1774,0.1854,0.2769,0.153,0.0738,0.0352,0.0349,-0.1979,0.4048,0.3922
04535_00775,45.35,7.75,14400,317.7,246.5,524.8,51.8,1.75,0.4569,0.5431,0.0,0.0,0.0,0.0,0.0,0.106,0.1184,0.0949,0.0453,0.1103,0.3574,0.1398,0.0278,-0.1972,-0.1991,0.1624
04535_00785,45.35,7.85,14400,304.1,220.7,501.0,61.8,3.23,0.5874,0.4126,0.0,0.0,0.0,0.0,0.0,0.1102,0.2552,0.2247,0.049,0.103,0.1555,0.0663,0.0361,0.0743,0.2407,0.3824
04535_00795,45.35,7.95,14400,248.0,205.0,452.5,44.7,2.83,0.8913,0.1087,0.0,0.0,0.0,0.0,0.0,0.188,0.1066,0.0754,0.0817,0.0791,0.1883,0.1141,0.1669,0.1096,-0.155,0.2958
04535_00805,45.35,8.05,14520,257.5,185.5,442.4,46.5,2.13,0.8327,0.1673,0.0,0.0,0.0,0.0,0.0,0.1123,0.1151,0.1603,0.1764,0.1113,0.1062,0.1298,0.0887,-0.0527,0.1018,0.2011
04535_00815,45.35,8.15,14280,189.4,162.5,255.9,17.5,0.53,1.0,0.0,0.0,0.0,0.0,0.0,0.0,0.0485,0.1117,0.1165,0.2864,0.2961,0.0777,0.0437,0.0194,-0.4114,0.3195,0.0144
04535_00825,45.35,8.25,14400,159.8,143.2,178.3,7.3,0.21,1.0,0.0,0.0,0.0,0.0,0.0,0.0,0.0,0.0,0.0,0.0,1.0,0.0,0.0,0.0,-0.9846,0.0628,0.0006
04535_00835,45.35,8.35,14400,139.3,127.0,160.4,5.7,0.24,1.0,0.0,0.0,0.0,0.0,0.0,0.0,0.0,0.0,0.0,0.0,0.0,0.0,0.0,0.0,0.0,0.0,0.0
04535_00845,45.35,8.45,14400,127.4,111.0,148.3,6.0,0.39,1.0,0.0,0.0,0.0,0.0,0.0,0.0,0.2632,0.3158,0.1053,0.0526,0.0789,0.0,0.1316,0.0526,0.4015,0.1734,0.0026
04535_00855,45.35,8.55,14520,127.1,112.6,143.3,5.8,0.3,1.0,0.0,0.0,0.0,0.0,0.0,0.0,0.0,0.0,0.3333,0.0,0.0,0.0,0.6667,0.0,-0.0359,-0.3298,0.0002
04535_00865,45.35,8.65,14280,124.0,110.5,143.8,5.8,0.38,1.0,0.0,0.0,0.0,0.0,0.0,0.0,0.0882,0.2059,0.1765,0.0294,0.0294,0.2647,0.1471,0.0588,0.0601,-0.0151,0.0024
04535_00875,45.35,8.75,14400,118.6,106.3,139.3,4.6,0.36,1.0,0.0,0.0,0.0,0.0,0.0,0.0,0.0317,0.127,0.2698,0.0635,0.1111,0.1587,0.2063,0.0317,-0.0914,0.0442,0.0044
04535_00885,45.35,8.85,14400,104.9,77.0,128.7,9.3,0.83,1.0,0.0,0.0,0.0,0.0,0.0,0.0,0.0595,0.3527,0.262,0.0552,0.0085,0.1048,0.1445,0.0127,0.2071,0.3324,0.049
04535_00895,45.35,8.95,14400,102.0,71.0,137.0,11.5,0.75,1.0,0.0,0.0,0.0,0.0,0.0,0.0,0.0308,0.1265,0.1214,0.0479,0.0752,0.2427,0.2752,0.0803,-0.1082,-0.2591,0.0406
04535_00905,45.35,9.05,14520,104.3,93.3,126.6,4.5,0.3,1.0,0.0,0.0,0.0,0.0,0.0,0.0,0.0392,0.1373,0.2745,0.0196,0.0,0.2941,0.2157,0.0196,-0.0045,-0.0748,0.0035
04535_00915,45.35,9.15,14280,98.4,86.9,118.6,4.8,0.43,1.0,0.0,0.0,0.0,0.0,0.0,0.0,0.125,0.1125,0.175,0.1375,0.1125,0.0625,0.1875,0.0875,0.0409,0.067,0.0056
04535_00925,45.35,9.25,14400,93.1,75.0,108.8,4.7,0.37,1.0,0.0,0.0,0.0,0.0,0.0,0.0,0.0,0.0,0.5,0.0,0.0,0.125,0.375,0.0,-0.0734,0.0039,0.0006
04535_00935,45.35,9.35,14400,86.4,61.0,106.4,5.3,0.49,1.0,0.0,0.0,0.0,0.0,0.0,0.0,0.0484,0.2742,0.121,0.0161,0.2016,0.121,0.2097,0.0081,-0.0748,0.0077,0.0086
04535_00945,45.35,9.45,14400,79.9,60.0,102.2,6.2,0.52,1.0,0.0,0.0,0.0,0.0,0.0,0.0,0.0,0.056,0.472,0.184,0.0,0.032,0.136,0.12,-0.0411,0.3959,0.0087
04535_00955,45.35,9.55,14520,73.3,54.0,99.3,7.0,0.37,1.0,0.0,0.0,0.0,0.0,0.0,0.0,0.0606,0.3182,0.2121,0.1818,0.0303,0.0758,0.0606,0.0606,0.0963,0.3964,0.0045
04535_00965,45.35,9.65,14280,75.8,53.0,94.5,5.8,0.38,1.0,0.0,0.0,0.0,0.0,0.0,0.0,0.0,0.2558,0.1628,0.1163,0.0,0.2791,0.186,0.0,-0.0799,0.0314,0.003
04535_00975,45.35,9.75,14400,73.9,53.0,98.4,6.8,0.43,1.0,0.0,0.0,0.0,0.0,0.0,0.0,0.0,0.1587,0.3651,0.1032,0.0079,0.119,0.2302,0.0159,-0.0243,0.2293,0.0088
04535_00985,45.35,9.85,14400,71.7,48.5,102.5,7.7,0.41,1.0,0.0,0.0,0.0,0.0,0.0,0.0,0.0,0.1967,0.3934,0.2459,0.0,0.082,0.082,0.0,-0.0959,0.566,0.0042
04535_00995,45.35,9.95,14400,67.9,39.0,87.0,10.4,0.46,1.0,0.0,0.0,0.0,0.0,0.0,0.0,0.0109,0.1585,0.0546,0.0437,0.1585,0.5301,0.0437,0.0,-0.4634,-0.1792,0.0127
04535_01005,45.35,10.05,14520,68.4,46.1,85.3,6.1,0.35,1.0,0.0,0.0,0.0,0.0,0.0,0.0,0.0,0.2222,0.2222,0.0,0.0,0.5556,0.0,0.0,-0.1928,-0.0209,0.0006
04535_01015,45.35,10.15,14280,64.1,42.2,78.4,6.3,0.4,1.0,0.0,0.0,0.0,0.0,0.0,0.0,0.0,0.2143,0.5,0.2143,0.0,0.0,0.0714,0.0,0.0571,0.7763,0.001
04535_01025,45.35,10.25,14400,63.9,42.0,87.3,7.7,0.25,1.0,0.0,0.0,0.0,0.0,0.0,0.0,0.0,0.0,0.0,0.0,0.0,0.0,0.0,0.0,0.0,0.0,0.0
04535_01035,45.35,10.35,14400,68.9,45.0,124.2,11.1,0.32,1.0,0.0,0.0,0.0,0.0,0.0,0.0,0.0196,0.049,0.2451,0.0392,0.098,0.1078,0.4118,0.0294,-0.1483,-0.1993,0.0071
04535_01045,45.35,10.45,14400,71.5,51.1,182.8,16.3,0.56,1.0,0.0,0.0,0.0,0.0,0.0,0.0,0.0409,0.1849,0.0774,0.071,0.0903,0.3398,0.1355,0.0602,-0.1728,-0.161,0.0323
04535_01055,45.35,10.55,14520,93.0,46.5,198.1,31.3,1.53,1.0,0.0,0.0,0.0,0.0,0.0,0.0,0.1341,0.1871,0.0711,0.0526,0.1573,0.2738,0.0635,0.0606,-0.0849,-0.0571,0.1638
04535_01065,45.35,10.65,14280,97.4,49.0,199.2,28.0,2.1,1.0,0.0,0.0,0.0,0.0,0.0,0.0,0.1021,0.1583,0.1399,0.1171,0.1739,0.1341,0.0695,0.1052,-0.0725,0.0891,0.2429
04535_01075,45.35,10.75,14400,81.6,37.5,182.3,25.4,1.88,1.0,0.0,0.0,0.0,0.0,0.0,0.0,0.0929,0.08,0.1243,0.1567,0.1243,0.1131,0.1915,0.1171,-0.0873,-0.0552,0.21
04535_01085,45.35,10.85,14400,58.0,34.5,158.3,20.0,0.67,1.0,0.0,0.0,0.0,0.0,0.0,0.0,0.0446,0.0536,0.0923,0.4836,0.0848,0.0789,0.0863,0.0759,-0.3045,0.3088,0.0467
04535_01095,45.35,10.95,14400,44.3,27.7,72.5,8.7,0.35,1.0,0.0,0.0,0.0,0.0,0.0,0.0,0.0,0.0,1.0,0.0,0.0,0.0,0.0,0.0,0.3368,0.9416,0.0001
04535_01105,45.35,11.05,14520,35.5,21.7,59.1,6.3,0.41,1.0,0.0,0.0,0.0,0.0,0.0,0.0,0.0,0.1,0.7,0.05,0.05,0.1,0.0,0.0,0.0037,0.7284,0.0014
04535_01115,45.35,11.15,14280,25.6,16.5,39.1,3.2,0.26,1.0,0.0,0.0,0.0,0.0,0.0,0.0,0.0,0.0,0.0,0.0,0.0,0.0,0.0,0.0,0.0,0.0,0.0
04535_01125,45.35,11.25,14400,22.3,11.5,39.0,3.3,0.39,1.0,0.0,0.0,0.0,0.0,0.0,0.0,0.0,0.0,0.0,0.0,0.0,0.0,0.0,1.0,0.5668,-0.8238,0.0001
04535_01135,45.35,11.35,14400,24.7,15.0,114.0,4.6,0.32,1.0,0.0,0.0,0.0,0.0,0.0,0.0,0.0833,0.0185,0.0,0.0093,0.2778,0.1667,0.1111,0.3333,-0.0919,-0.4905,0.0075
04535_01145,45.35,11.45,14400,55.7,12.4,298.1,64.1,2.86,1.0,0.0,0.0,0.0,0.0,0.0,0.0,0.0224,0.0755,0.1346,0.0873,0.1205,0.2952,0.2194,0.045,-0.2922,-0.2205,0.2823
04535_01155,45.35,11.55,14520,24.2,9.2,275.6,36.4,1.52,1.0,0.0,0.0,0.0,0.0,0.0,0.0,0.0544,0.1111,0.2738,0.1888,0.1474,0.1077,0.0731,0.0437,-0.1954,0.3101,0.1215
04535_01165,45.35,11.65,14280,85.0,8.6,596.7,111.9,5.99,0.9308,0.0692,0.0,0.0,0.0,0.0,0.0,0.1355,0.0888,0.0881,0.0908,0.09,0.1187,0.1857,0.2024,0.106,-0.2032,0.473
04535_01175,45.35,11.75,14400,43.0,0.0,409.7,62.7,4.63,0.9893,0.0107,0.0,0.0,0.0,0.0,0.0,0.1263,0.1799,0.1932,0.1259,0.1157,0.0743,0.0783,0.1063,0.0741,0.213,0.354
04535_01185,45.35,11.85,14400,10.3,4.4,26.2,3.0,0.29,1.0,0.0,0.0,0.0,0.0,0.0,0.0,0.0,0.2857,0.4286,0.1429,0.0,0.0,0.1429,0.0,0.0358,0.5814,0.0005
04535_01195,45.35,11.95,14400,7.7,1.8,29.2,2.5,0.28,1.0,0.0,0.0,0.0,0.0,0.0,0.0,0.0,0.0,0.5,0.0,0.0,0.0,0.5,0.0,-0.0448,0.012,0.0003
04535_01205,45.35,12.05,14520,3.8,-1.0,14.9,2.1,0.22,1.0,0.0,0.0,0.0,0.0,0.0,0.0,0.0,0.0,0.0,0.0,0.0,0.0,0.0,0.0,0.0,0.0,0.0
04535_01215,45.35,12.15,14280,-0.1,-2.5,9.1,1.1,0.17,1.0,0.0,0.0,0.0,0.0,0.0,0.0,0.0,0.0,0.0,0.0,0.0,0.0,0.0,0.0,0.0,0.0,0.0
04535_01225,45.35,12.25,14400,0.1,-2.0,8.7,0.6,0.04,1.0,0.0,0.0,0.0,0.0,0.0,0.0,0.0,0.0,0.0,0.0,0.0,0.0,0.0,0.0,0.0,0.0,0.0
04535_01235,45.35,12.35,14400,0.2,-1.5,11.0,0.9,0.06,1.0,0.0,0.0,0.0,0.0,0.0,0.0,0.0,0.0,0.0,0.0,0.0,0.0,0.0,0.0,0.0,0.0,0.0
04545_00705,45.45,7.05,14280,2780.7,1883.1,3561.2,282.2,21.82,0.0,0.0,0.0,0.0,0.0,0.0102,0.9898,0.1579,0.1009,0.0689,0.0658,0.1577,0.124,0.1431,0.1817,0.0701,-0.1699,0.9905
04545_00715,45.45,7.15,14280,2645.5,1608.4,3564.6,367.0,22.65,0.0,0.0,0.0,0.0,0.0,0.0616,0.9384,0.1256,0.1517,0.1135,0.0923,0.1544,0.1185,0.122,0.1222,0.0166,-0.0103,0.9866
04545_00725,45.45,7.25,14280,2348.0,1167.5,3619.7,482.2,26.89,0.0,0.0,0.0,0.0018,0.0782,0.1743,0.7457,0.1109,0.1564,0.115,0.1357,0.1772,0.1134,0.0841,0.1073,-0.0581,0.0776,0.9863
04545_00735,45.45,7.35,14280,1963.3,733.1,3196.8,551.0,30.94,0.0,0.0,0.0284,0.0828,0.1619,0.2266,0.5002,0.1225,0.1871,0.1364,0.1212,0.1851,0.1385,0.0614,0.0478,-0.0835,0.156,0.9942
04545_00745,45.45,7.45,14280,1716.5,550.3,3113.2,647.4,27.03,0.0,0.0197,0.1179,0.1136,0.1938,0.1926,0.3623,0.0918,0.1428,0.1361,0.1791,0.1801,0.1802,0.0642,0.0257,-0.2326,0.1539,0.987
04545_00755,45.45,7.55,14280,1177.5,440.5,2399.3,405.8,27.79,0.0,0.0856,0.1779,0.2892,0.2747,0.1471,0.0254,0.1395,0.1207,0.1545,0.1297,0.158,0.1255,0.0956,0.0766,-0.0608,0.0959,0.9877
04545_00765,45.45,7.65,14280,1213.0,386.4,2438.7,529.9,20.59,0.0,0.1627,0.1731,0.167,0.2349,0.1723,0.09,0.0325,0.0685,0.1255,0.2259,0.2171,0.1701,0.1055,0.055,-0.3868,0.0738,0.9672
04545_00775,45.45,7.75,14280,665.2,248.6,1850.2,254.1,12.34,0.0259,0.419,0.3953,0.1168,0.0395,0.0034,0.0,0.0758,0.118,0.1417,0.2502,0.1778,0.116,0.067,0.0536,-0.2477,0.2253,0.9081
04545_00785,45.45,7.85,14280,267.9,218.5,836.8,79.2,3.64,0.8606,0.123,0.0164,0.0,0.0,0.0,0.0,0.0612,0.0998,0.2538,0.2796,0.0678,0.0477,0.098,0.0921,-0.0996,0.3396,0.285
04545_00795,45.45,7.95,14280,298.3,215.0,697.5,123.6,3.66,0.7687,0.1941,0.0372,0.0,0.0,0.0,0.0,0.0572,0.2095,0.067,0.0411,0.1407,0.4233,0.0397,0.0216,-0.2675,-0.0924,0.3085
04545_00805,45.45,8.05,14399,318.9,228.2,568.7,77.4,4.38,0.5203,0.4797,0.0,0.0,0.0,0.0,0.0,0.1093,0.2581,0.1316,0.0723,0.1298,0.2122,0.0336,0.053,-0.008,0.1488,0.5266
04545_00815,45.45,8.15,14161,227.0,180.8,332.5,24.0,1.21,0.9967,0.0033,0.0,0.0,0.0,0.0,0.0,0.0663,0.3321,0.2156,0.0925,0.1042,0.1588,0.0248,0.0058,0.0398,0.3707,0.097
04545_00825,45.45,8.25,14280,178.6,152.1,250.0,13.8,0.64,1.0,0.0,0.0,0.0,0.0,0.0,0.0,0.0311,0.2321,0.1675,0.1053,0.1292,0.2177,0.1148,0.0024,-0.1586,0.1308,0.0293
04545_00835,45.45,8.35,14280,164.7,135.5,199.8,15.6,0.57,1.0,0.0,0.0,0.0,0.0,0.0,0.0,0.0,0.0,0.4222,0.0222,0.0,0.4667,0.0889,0.0,-0.287,-0.0259,0.0032
04545_00845,45.45,8.45,14280,157.7,136.4,195.5,12.4,0.41,1.0,0.0,0.0,0.0,0.0,0.0,0.0,0.0,0.0,0.3,0.05,0.0,0.05,0.6,0.0,-0.1351,-0.2844,0.0014
04545_00855,45.45,8.55,14399,151.6,132.3,182.5,9.9,0.28,1.0,0.0,0.0,0.0,0.0,0.0,0.0,0.0,0.0,1.0,0.0,0.0,0.0,0.0,0.0,0.035,0.9994,0.0001
04545_00865,45.45,8.65,14161,148.4,128.6,173.6,8.8,0.52,1.0,0.0,0.0,0.0,0.0,0.0,0.0,0.0182,0.4364,0.2273,0.0,0.0,0.0182,0.2182,0.0818,0.3821,0.2773,0.0078
04545_00875,45.45,8.75,14280,135.1,108.0,172.9,10.4,0.76,1.0,0.0,0.0,0.0,0.0,0.0,0.0,0.0847,0.3914,0.1821,0.0591,0.0272,0.0958,0.1134,0.0463,0.2533,0.3091,0.0438
04545_00885,45.45,8.85,14280,127.1,93.5,168.4,15.6,0.84,1.0,0.0,0.0,0.0,0.0,0.0,0.0,0.0191,0.1386,0.2097,0.0676,0.0901,0.2669,0.1594,0.0485,-0.1751,-0.0287,0.0404
04545_00895,45.45,8.95,14280,132.5,112.4,160.0,10.2,0.46,1.0,0.0,0.0,0.0,0.0,0.0,0.0,0.0267,0.1733,0.2267,0.0533,0.0667,0.1867,0.2267,0.04,-0.0293,-0.004,0.0053
04545_00905,45.45,9.05,14399,125.4,107.3,151.1,9.1,0.45,1.0,0.0,0.0,0.0,0.0,0.0,0.0,0.0833,0.2222,0.1389,0.1111,0.1389,0.0833,0.1944,0.0278,-0.0311,0.0847,0.0025
04545_00915,45.45,9.15,14161,120.3,99.9,173.2,9.8,0.73,1.0,0.0,0.0,0.0,0.0,0.0,0.0,0.0504,0.0756,0.1933,0.1429,0.0504,0.2017,0.2269,0.0588,-0.1495,-0.0592,0.0084
04545_00925,45.45,9.25,14280,111.9,90.5,150.6,9.4,0.69,1.0,0.0,0.0,0.0,0.0,0.0,0.0,0.0253,0.038,0.2658,0.1013,0.038,0.0253,0.3924,0.1139,-0.0238,-0.1309,0.0055
04545_00935,45.45,9.35,14280,105.4,87.1,129.7,8.2,0.41,1.0,0.0,0.0,0.0,0.0,0.0,0.0,0.0,0.0,0.0,0.0,0.0,0.0,0.0,0.0,0.0,0.0,0.0
04545_00945,45.45,9.45,14280,99.0,72.5,127.5,9.5,0.49,1.0,0.0,0.0,0.0,0.0,0.0,0.0,0.0,0.1605,0.4321,0.1975,0.0,0.037,0.1481,0.0247,-0.0222,0.5082,0.0057
04545_00955,45.45,9.55,14399,96.6,81.1,121.3,8.4,0.32,1.0,0.0,0.0,0.0,0.0,0.0,0.0,0.0,0.0,0.0,0.0,0.0,0.0,1.0,0.0,-0.2494,-0.9631,0.0001
04545_00965,45.45,9.65,14161,96.4,81.6,118.4,8.2,0.28,1.0,0.0,0.0,0.0,0.0,0.0,0.0,0.0,0.2143,0.3571,0.0,0.0,0.4286,0.0,0.0,-0.0961,0.2061,0.001
04545_00975,45.45,9.75,14280,96.3,75.5,117.5,8.2,0.3,1.0,0.0,0.0,0.0,0.0,0.0,0.0,0.0588,0.1471,0.3235,0.1176,0.0294,0.0882,0.2059,0.0294,-0.0155,0.2282,0.0024
04545_00985,45.45,9.85,14280,97.1,65.0,127.3,11.4,0.43,1.0,0.0,0.0,0.0,0.0,0.0,0.0,0.0,0.0,0.2222,0.0159,0.0,0.3492,0.4127,0.0,-0.3248,-0.4549,0.0044
04545_00995,45.45,9.95,14280,98.2,73.8,126.4,11.2,0.32,1.0,0.0,0.0,0.0,0.0,0.0,0.0,0.0,0.0,0.0,0.0,0.0,0.0,0.0,0.0,0.0,0.0,0.0
04545_01005,45.45,10.05,14399,96.3,75.7,121.8,11.1,0.31,1.0,0.0,0.0,0.0,0.0,0.0,0.0,0.0,0.0,0.0,0.0,0.0,0.0,0.0,0.0,0.0,0.0,0.0
04545_01015,45.45,10.15,14161,93.2,69.0,128.6,12.2,0.48,1.0,0.0,0.0,0.0,0.0,0.0,0.0,0.0984,0.0622,0.057,0.057,0.0777,0.3575,0.228,0.0622,-0.2045,-0.3693,0.0136
04545_01025,45.45,10.25,14280,103.3,74.4,154.8,15.3,0.52,1.0,0.0,0.0,0.0,0.0,0.0,0.0,0.0952,0.019,0.0286,0.181,0.1619,0.0095,0.1238,0.381,0.1201,-0.1687,0.0074
04545_01035,45.45,10.35,14280,119.2,81.5,162.3,18.8,0.72,1.0,0.0,0.0,0.0,0.0,0.0,0.0,0.0149,0.0832,0.1855,0.2026,0.0576,0.1343,0.2047,0.1173,-0.1578,0.0182,0.0328
04545_01045,45.45,10.45,14280,139.2,92.0,281.0,30.9,1.58,1.0,0.0,0.0,0.0,0.0,0.0,0.0,0.0159,0.0601,0.2228,0.128,0.0333,0.1472,0.2938,0.0989,-0.0942,-0.1133,0.1537
04545_01055,45.45,10.55,14399,99.2,64.5,214.0,28.9,1.59,1.0,0.0,0.0,0.0,0.0,0.0,0.0,0.1053,0.2319,0.3179,0.0729,0.0309,0.1034,0.0791,0.0586,0.1497,0.3427,0.18
04545_01065,45.45,10.65,14161,78.8,63.7,147.4,17.6,1.0,1.0,0.0,0.0,0.0,0.0,0.0,0.0,0.1836,0.1887,0.1197,0.1168,0.0878,0.103,0.0726,0.1277,0.1641,0.0925,0.0973
04545_01075,45.45,10.75,14280,108.5,64.0,198.5,24.1,1.81,1.0,0.0,0.0,0.0,0.0,0.0,0.0,0.0408,0.0351,0.1162,0.0984,0.0186,0.0962,0.4185,0.1763,0.0338,-0.4061,0.1958
04545_01085,45.45,10.85,14280,115.5,64.2,256.0,33.1,1.97,1.0,0.0,0.0,0.0,0.0,0.0,0.0,0.0676,0.2105,0.2112,0.088,0.0631,0.1429,0.167,0.0497,0.0228,0.137,0.2029
04545_01095,45.45,10.95,14280,100.3,46.0,377.3,61.6,2.93,0.973,0.027,0.0,0.0,0.0,0.0,0.0,0.0239,0.0333,0.1603,0.1417,0.1061,0.2266,0.2543,0.0539,-0.2824,-0.1774,0.2377
04545_01105,45.45,11.05,14399,111.9,32.3,560.3,90.9,4.74,0.9342,0.0658,0.0,0.0,0.0,0.0,0.0,0.0047,0.0281,0.2444,0.1021,0.1154,0.1933,0.2725,0.0395,-0.2907,-0.1116,0.3973
04545_01115,45.45,11.15,14161,137.4,23.5,551.3,97.7,5.35,0.9287,0.0713,0.0,0.0,0.0,0.0,0.0,0.0108,0.0547,0.259,0.1387,0.1014,0.2079,0.1763,0.0512,-0.2697,0.0321,0.4303
04545_01125,45.45,11.25,14280,125.0,21.7,533.1,106.9,7.17,0.9123,0.0877,0.0,0.0,0.0,0.0,0.0,0.0473,0.1206,0.2014,0.1203,0.1434,0.2088,0.1208,0.0374,-0.2181,0.0805,0.6192
04545_01135,45.45,11.35,14280,84.8,27.2,504.4,90.5,3.44,0.9405,0.0595,0.0,0.0,0.0,0.0,0.0,0.0624,0.123,0.1839,0.149,0.1509,0.2241,0.0916,0.0152,-0.263,0.1184,0.2807
04545_01145,45.45,11.45,14280,118.8,17.0,402.3,91.1,7.13,0.9536,0.0464,0.0,0.0,0.0,0.0,0.0,0.1134,0.1029,0.1019,0.0867,0.1,0.1122,0.1994,0.1835,0.076,-0.1787,0.5662
04545_01155,45.45,11.55,14399,161.1,14.8,443.5,131.1,9.75,0.783,0.217,0.0,0.0,0.0,0.0,0.0,0.113,0.1406,0.187,0.1291,0.0932,0.0949,0.1288,0.1135,0.0426,0.1049,0.7474
04545_01165,45.45,11.65,14161,22.4,13.0,152.4,5.8,0.45,1.0,0.0,0.0,0.0,0.0,0.0,0.0,0.0663,0.1671,0.2785,0.1353,0.0875,0.0796,0.13,0.0557,-0.0108,0.261,0.0266
04545_01175,45.45,11.75,14280,18.6,10.0,36.2,2.5,0.27,1.0,0.0,0.0,0.0,0.0,0.0,0.0,0.0,0.0,0.0,0.0,0.0,0.0,0.0,0.0,0.0,0.0,0.0
04545_01185,45.45,11.85,14280,15.9,7.0,30.1,2.4,0.36,1.0,0.0,0.0,0.0,0.0,0.0,0.0,0.0,0.0,0.0,0.0,0.0,0.0,0.0,0.0,0.0,0.0,0.0
04545_01195,45.45,11.95,14280,11.8,4.7,31.1,2.3,0.3,1.0,0.0,0.0,0.0,0.0,0.0,0.0,0.0,0.0,0.3846,0.0769,0.0,0.0,0.5385,0.0,-0.0982,-0.0992,0.0009
04545_01205,45.45,12.05,14399,7.3,2.0,21.7,2.3,0.25,1.0,0.0,0.0,0.0,0.0,0.0,0.0,0.0,0.0,0.0,0.0,0.0,0.0,0.0,0.0,0.0,0.0,0.0
04545_01215,45.45,12.15,14161,3.5,-1.4,16.9,2.5,0.29,1.0,0.0,0.0,0.0,0.0,0.0,0.0,0.0,0.0,0.0,0.0,0.0,0.0,0.0,0.0,0.0,0.0,0.0
04545_01225,45.45,12.25,14280,2.0,-2.3,25.5,2.4,0.32,1.0,0.0,0.0,0.0,0.0,0.0,0.0,0.0,0.0,0.5,0.0,0.0,0.25,0.25,0.0,-0.1103,0.0556,0.0003
04545_01235,45.45,12.35,14280,0.8,-3.6,17.4,2.3,0.22,1.0,0.0,0.0,0.0,0.0,0.0,0.0,0.0,0.0,0.0,0.0,0.0,0.0,0.0,0.0,0.0,0.0,0.0
04545_01245,45.45,12.45,14280,0.3,-2.0,11.4,1.1,0.11,1.0,0.0,0.0,0.0,0.0,0.0,0.0,0.0,0.0,0.0,0.0,0.0,0.0,0.0,0.0,0.0,0.0,0.0
04545_01255,45.45,12.55,14399,0.2,-1.5,12.6,0.8,0.07,1.0,0.0,0.0,0.0,0.0,0.0,0.0,0.0,0.0,0.0,0.0,0.0,0.0,0.0,0.0,0.0,0.0,0.0
04555_00695,45.55,6.95,14400,2467.4,1307.4,3659.3,487.8,25.28,0.0,0.0,0.0,0.0,0.0413,0.1553,0.8033,0.1162,0.1058,0.0588,0.0317,0.0929,0.2222,0.2111,0.1613,0.033,-0.3378,0.9938
04555_00705,45.55,7.05,14400,2663.8,1702.4,3683.2,372.8,25.61,0.0,0.0,0.0,0.0,0.0,0.0409,0.9591,0.1121,0.1227,0.175,0.1114,0.056,0.0617,0.1766,0.1845,0.1536,-0.0064,0.9958
04555_00715,45.55,7.15,14400,2545.5,1597.0,3420.1,382.1,25.89,0.0,0.0,0.0,0.0,0.0001,0.1097,0.8903,0.0833,0.096,0.1888,0.1554,0.0534,0.0611,0.1611,0.201,0.0912,0.0218,0.99
04555_00725,45.55,7.25,14400,2811.5,1509.6,3996.6,540.9,25.48,0.0,0.0,0.0,0.0,0.0126,0.0958,0.8915,0.0736,0.1286,0.1321,0.0611,0.0592,0.1264,0.2501,0.169,0.0937,-0.1956,0.9965
04555_00735,45.55,7.35,14400,2598.3,1576.0,3619.3,464.5,29.29,0.0,0.0,0.0,0.0,0.0013,0.1335,0.8651,0.0856,0.1353,0.2126,0.1253,0.0647,0.06,0.1272,0.1891,0.118,0.0933,0.9954
04555_00745,45.55,7.45,14400,2419.9,1069.0,3301.2,419.3,25.64,0.0,0.0,0.0,0.0084,0.0448,0.1085,0.8383,0.1369,0.1507,0.175,0.1097,0.137,0.0829,0.0984,0.1095,0.0548,0.1277,0.9947
04555_00755,45.55,7.55,14400,2023.3,939.5,3117.5,481.3,28.2,0.0,0.0,0.0,0.0434,0.1753,0.2617,0.5195,0.0828,0.1065,0.1545,0.1285,0.1467,0.186,0.0917,0.1033,-0.1421,0.0236,0.9952
04555_00765,45.55,7.65,14400,2011.3,897.8,2786.7,381.8,27.29,0.0,0.0,0.0001,0.0244,0.1428,0.2778,0.5549,0.1542,0.1876,0.1641,0.1236,0.0965,0.0808,0.0722,0.1211,0.1331,0.1692,0.9977
04555_00775,45.55,7.75,14400,1391.4,291.6,2516.2,485.6,26.44,0.0018,0.0606,0.0981,0.1847,0.3004,0.2437,0.1106,0.1398,0.2152,0.1585,0.1533,0.0957,0.1135,0.0538,0.0702,0.0576,0.2439,0.9712
04555_00785,45.55,7.85,14400,895.1,244.5,2346.0,573.4,18.66,0.1919,0.2222,0.1536,0.1297,0.1471,0.1111,0.0444,0.0246,0.0736,0.1064,0.1098,0.1496,0.2942,0.1886,0.0532,-0.3271,-0.1971,0.8619
04555_00795,45.55,7.95,14400,812.5,313.4,2154.2,384.7,13.54,0.0,0.3862,0.3024,0.1472,0.1059,0.0513,0.0069,0.0693,0.1741,0.1632,0.2732,0.1828,0.1191,0.0129,0.0055,-0.2742,0.3938,0.9393
04555_00805,45.55,8.05,14520,406.3,278.1,847.7,100.2,3.97,0.0638,0.8875,0.0487,0.0,0.0,0.0,0.0,0.0237,0.1242,0.1998,0.2062,0.193,0.1623,0.073,0.0177,-0.3461,0.2406,0.3771
04555_00815,45.55,8.15,14280,296.9,207.0,578.3,53.6,3.15,0.6174,0.3826,0.0,0.0,0.0,0.0,0.0,0.0472,0.1783,0.1785,0.1496,0.166,0.1642,0.1003,0.016,-0.2175,0.1843,0.3637
04555_00825,45.55,8.25,14400,241.6,177.0,436.9,35.8,1.84,0.9331,0.0669,0.0,0.0,0.0,0.0,0.0,0.0025,0.1355,0.2174,0.1175,0.1013,0.263,0.1535,0.0092,-0.2816,0.0571,0.1967
04555_00835,45.55,8.35,14400,226.9,180.5,286.5,23.4,0.86,1.0,0.0,0.0,0.0,0.0,0.0,0.0,0.0,0.0,0.487,0.3766,0.0974,0.013,0.026,0.0,-0.4059,0.7521,0.0107
04555_00845,45.55,8.45,14400,218.4,173.1,294.6,29.9,1.39,1.0,0.0,0.0,0.0,0.0,0.0,0.0,0.0019,0.1377,0.2235,0.0216,0.0173,0.4315,0.166,0.0006,-0.2134,-0.1546,0.1125
04555_00855,45.55,8.55,14520,198.8,167.3,274.6,19.2,0.78,1.0,0.0,0.0,0.0,0.0,0.0,0.0,0.0,0.1356,0.5167,0.053,0.0314,0.1513,0.112,0.0,-0.0817,0.4366,0.0351
04555_00865,45.55,8.65,14280,184.2,135.5,243.2,21.1,1.1,1.0,0.0,0.0,0.0,0.0,0.0,0.0,0.0056,0.162,0.5847,0.0819,0.0196,0.0466,0.0866,0.013,0.025,0.633,0.0752
04555_00875,45.55,8.75,14400,170.8,121.0,222.9,24.7,1.39,1.0,0.0,0.0,0.0,0.0,0.0,0.0,0.0223,0.0972,0.1565,0.0631,0.0682,0.2671,0.2493,0.0764,-0.1498,-0.2318,0.0936
04555_00885,45.55,8.85,14400,183.9,149.9,228.6,18.5,0.6,1.0,0.0,0.0,0.0,0.0,0.0,0.0,0.082,0.0328,0.0492,0.2459,0.1639,0.0492,0.2131,0.1639,-0.134,-0.0802,0.0042
04555_00895,45.55,8.95,14400,178.5,144.5,224.9,16.5,0.68,1.0,0.0,0.0,0.0,0.0,0.0,0.0,0.046,0.159,0.1088,0.1339,0.1088,0.1674,0.1967,0.0795,-0.1098,-0.0706,0.0166
04555_00905,45.55,9.05,14520,167.1,134.5,212.1,16.5,0.58,1.0,0.0,0.0,0.0,0.0,0.0,0.0,0.0,0.3889,0.0556,0.1667,0.0556,0.0556,0.2778,0.0,0.0902,0.1834,0.0012
04555_00915,45.55,9.15,14280,156.5,128.6,209.3,15.7,0.61,1.0,0.0,0.0,0.0,0.0,0.0,0.0,0.0504,0.1513,0.3025,0.1597,0.1681,0.0504,0.0672,0.0504,-0.1558,0.3666,0.0083
04555_00925,45.55,9.25,14400,150.1,117.0,197.8,16.6,0.65,1.0,0.0,0.0,0.0,0.0,0.0,0.0,0.0,0.041,0.3689,0.1885,0.0656,0.0984,0.1885,0.0492,-0.2467,0.2501,0.0085
04555_00935,45.55,9.35,14400,148.5,118.3,191.4,17.0,0.54,1.0,0.0,0.0,0.0,0.0,0.0,0.0,0.0,0.0,0.0,0.2045,0.2045,0.2045,0.3409,0.0455,-0.4646,-0.409,0.0031
04555_00945,45.55,9.45,14400,145.9,104.5,202.6,21.7,0.58,1.0,0.0,0.0,0.0,0.0,0.0,0.0,0.0,0.0,0.4583,0.0833,0.3333,0.125,0.0,0.0,-0.423,0.4725,0.0017
04555_00955,45.55,9.55,14520,137.7,100.5,186.6,18.0,0.88,1.0,0.0,0.0,0.0,0.0,0.0,0.0,0.0105,0.0722,0.3283,0.2386,0.0733,0.0838,0.1502,0.0431,-0.2263,0.3193,0.0592
04555_00965,45.55,9.65,14280,136.7,107.3,178.6,16.9,0.41,1.0,0.0,0.0,0.0,0.0,0.0,0.0,0.4,0.0,0.0,0.0,0.0,0.0667,0.3333,0.2,0.5019,-0.6068,0.0011
04555_00975,45.55,9.75,14400,138.6,106.7,175.4,17.5,0.45,1.0,0.0,0.0,0.0,0.0,0.0,0.0,0.0,0.0,0.2,0.2,0.0,0.0,0.6,0.0,-0.0791,-0.2275,0.0003
04555_00985,45.55,9.85,14400,143.5,104.5,184.6,16.0,0.66,1.0,0.0,0.0,0.0,0.0,0.0,0.0,0.0,0.0109,0.1038,0.1967,0.082,0.1858,0.1585,0.2623,-0.1635,-0.2371,0.0254
04555_00995,45.55,9.95,14400,162.4,117.1,446.6,39.3,1.62,0.986,0.014,0.0,0.0,0.0,0.0,0.0,0.0525,0.2265,0.0674,0.047,0.1473,0.355,0.0792,0.0251,-0.2169,-0.0863,0.0886
04555_01005,45.55,10.05,14520,156.3,108.9,297.8,29.3,0.88,1.0,0.0,0.0,0.0,0.0,0.0,0.0,0.0296,0.0477,0.1743,0.176,0.2911,0.1365,0.1053,0.0395,-0.4398,0.1038,0.0419
04555_01015,45.55,10.15,14280,147.0,105.3,482.7,47.9,2.06,0.9693,0.0307,0.0,0.0,0.0,0.0,0.0,0.0763,0.0366,0.0539,0.1185,0.2013,0.1876,0.2059,0.12,-0.2484,-0.2727,0.1377
04555_01025,45.55,10.25,14400,242.7,111.3,871.7,155.8,7.93,0.7692,0.1768,0.054,0.0,0.0,0.0,0.0,0.0972,0.0531,0.0731,0.158,0.1401,0.2082,0.1194,0.1509,-0.16,-0.1496,0.4352
04555_01035,45.55,10.35,14400,401.1,137.1,1146.6,262.8,10.74,0.4815,0.2644,0.2019,0.0522,0.0,0.0,0.0,0.0491,0.0567,0.1222,0.2111,0.245,0.1239,0.1093,0.0827,-0.343,0.0555,0.6659
04555_01045,45.55,10.45,14400,253.9,130.5,874.3,100.2,5.08,0.8091,0.1667,0.0242,0.0,0.0,0.0,0.0,0.0609,0.0791,0.1738,0.2129,0.0928,0.0972,0.195,0.0883,-0.1329,0.0542,0.4732
04555_01055,45.55,10.55,14520,106.1,64.5,309.8,51.8,2.25,0.9997,0.0003,0.0,0.0,0.0,0.0,0.0,0.0926,0.1405,0.3156,0.3172,0.0349,0.0342,0.0206,0.0445,-0.056,0.5776,0.3079
04555_01065,45.55,10.65,14280,73.4,64.5,412.2,44.6,0.97,0.983,0.017,0.0,0.0,0.0,0.0,0.0,0.0072,0.0072,0.0888,0.1681,0.1489,0.042,0.2161,0.3217,-0.0942,-0.3056,0.0583
04555_01075,45.55,10.75,14400,165.9,64.5,473.5,72.9,4.04,0.9694,0.0306,0.0,0.0,0.0,0.0,0.0,0.0504,0.0587,0.1295,0.0937,0.1409,0.2387,0.2141,0.0741,-0.2341,-0.208,0.4367
04555_01085,45.55,10.85,14400,303.7,80.5,1117.5,223.9,10.52,0.6486,0.2174,0.1124,0.0217,0.0,0.0,0.0,0.0283,0.0431,0.1316,0.2078,0.153,0.1253,0.2021,0.1089,-0.25,-0.0551,0.6855
04555_01095,45.55,10.95,14400,426.9,101.4,909.8,185.3,11.83,0.2772,0.517,0.2045,0.0013,0.0,0.0,0.0,0.0252,0.0451,0.1423,0.1803,0.1067,0.1884,0.2402,0.0718,-0.2666,-0.1273,0.8999
04555_01105,45.55,11.05,14520,538.4,125.7,1096.4,200.1,12.22,0.1526,0.4446,0.3705,0.0322,0.0,0.0,0.0,0.0254,0.0437,0.146,0.1309,0.1267,0.2199,0.2366,0.0709,-0.275,-0.1775,0.9531
04555_01115,45.55,11.15,14280,584.2,152.6,1068.6,191.0,12.87,0.0511,0.5001,0.3961,0.0527,0.0,0.0,0.0,0.0449,0.0815,0.2004,0.1378,0.1288,0.1732,0.1728,0.0606,-0.2151,0.0161,0.9321
04555_01125,45.55,11.25,14400,443.3,112.6,920.8,160.0,13.31,0.2153,0.6131,0.1715,0.0001,0.0,0.0,0.0,0.0416,0.1531,0.2141,0.1146,0.113,0.1843,0.1476,0.0318,-0.1498,0.103,0.9688
04555_01135,45.55,11.35,14400,222.9,57.5,696.5,131.7,6.83,0.7572,0.2321,0.0107,0.0,0.0,0.0,0.0,0.0653,0.201,0.2607,0.1372,0.1398,0.0944,0.0642,0.0374,-0.0647,0.3498,0.6392
04555_01145,45.55,11.45,14400,91.7,30.5,320.6,62.4,6.63,0.9969,0.0031,0.0,0.0,0.0,0.0,0.0,0.0793,0.145,0.2303,0.1456,0.1045,0.1176,0.121,0.0567,-0.0696,0.2009,0.5715
04555_01155,45.55,11.55,14520,41.1,18.4,167.9,19.0,1.82,1.0,0.0,0.0,0.0,0.0,0.0,0.0,0.1633,0.1545,0.1462,0.0843,0.0994,0.1199,0.1282,0.1043,0.1043,0.0248,0.1413
04555_01165,45.55,11.65,14280,31.7,22.0,47.8,4.3,0.28,1.0,0.0,0.0,0.0,0.0,0.0,0.0,0.0,0.0,0.0,0.0,0.0,0.0,0.0,0.0,0.0,0.0,0.0
04555_01175,45.55,11.75,14400,27.4,17.0,44.6,4.1,0.32,1.0,0.0,0.0,0.0,0.0,0.0,0.0,0.0,0.0,0.3333,0.1667,0.0,0.0,0.5,0.0,-0.1907,-0.0334,0.0004
04555_01185,45.55,11.85,14400,24.2,13.5,43.2,4.0,0.29,1.0,0.0,0.0,0.0,0.0,0.0,0.0,0.0,0.2308,0.3846,0.0,0.0,0.1538,0.2308,0.0,0.0526,0.2153,0.0009
04555_01195,45.55,11.95,14400,20.6,12.6,36.6,3.5,0.24,1.0,0.0,0.0,0.0,0.0,0.0,0.0,0.0,0.0,0.0,0.0,0.0,0.0,0.0,0.0,0.0,0.0,0.0
04555_01205,45.55,12.05,14520,15.8,8.0,27.5,3.4,0.24,1.0,0.0,0.0,0.0,0.0,0.0,0.0,0.0,0.0,0.0,0.0,0.0,0.0,0.0,0.0,0.0,0.0,0.0
04555_01215,45.55,12.15,14280,10.8,3.3,27.3,3.1,0.26,1.0,0.0,0.0,0.0,0.0,0.0,0.0,0.0,0.0,0.0,1.0,0.0,0.0,0.0,0.0,-0.5269,0.8499,0.0001
04555_01225,45.55,12.25,14400,6.1,-1.5,21.7,2.6,0.31,1.0,0.0,0.0,0.0,0.0,0.0,0.0,0.0,0.0,0.0,0.0,0.0,0.0,0.0,0.0,0.0,0.0,0.0
04555_01235,45.55,12.35,14400,1.3,-2.5,12.2,2.0,0.24,1.0,0.0,0.0,0.0,0.0,0.0,0.0,0.0,0.0,0.0,0.0,0.0,0.0,0.0,0.0,0.0,0.0,0.0
04555_01245,45.55,12.45,14400,-0.4,-3.0,8.5,1.0,0.12,1.0,0.0,0.0,0.0,0.0,0.0,0.0,0.0,0.0,0.0,0.0,0.0,0.0,0.0,0.0,0.0,0.0,0.0
04555_01255,45.55,12.55,14520,-0.2,-2.7,9.2,1.0,0.1,1.0,0.0,0.0,0.0,0.0,0.0,0.0,0.0,0.0,0.0,0.0,0.0,0.0,0.0,0.0,0.0,0.0,0.0
04555_01265,45.55,12.65,14280,0.1,-3.0,10.4,1.6,0.24,1.0,0.0,0.0,0.0,0.0,0.0,0.0,0.0,0.0,0.0,0.0,0.0,0.0,0.0,0.0,0.0,0.0,0.0
04555_01275,45.55,12.75,14400,-0.6,-3.2,15.4,1.6,0.16,1.0,0.0,0.0,0.0,0.0,0.0,0.0,0.0,0.0,0.0,0.0,0.0,0.0,0.0,0.0,0.0,0.0,0.0
04555_01285,45.55,12.85,14400,-0.0,-3.2,9.8,0.8,0.06,1.0,0.0,0.0,0.0,0.0,0.0,0.0,0.0,0.0,0.0,0.0,0.0,0.0,0.0,0.0,0.0,0.0,0.0
04555_01375,45.55,13.75,14400,66.3,-2.5,406.8,75.5,5.73,0.9901,0.0099,0.0,0.0,0.0,0.0,0.0,0.2102,0.1214,0.0979,0.0736,0.1456,0.121,0.0783,0.152,0.1227,-0.033,0.6194
04555_01385,45.55,13.85,14400,216.0,2.1,463.1,123.4,9.49,0.7192,0.2808,0.0,0.0,0.0,0.0,0.0,0.1566,0.144,0.0557,0.0483,0.1244,0.1958,0.1365,0.1386,0.0596,-0.1875,0.8656
04565_00685,45.65,6.85,14400,1917.6,834.3,2924.6,491.5,22.7,0.0,0.0,0.0259,0.0889,0.1459,0.2281,0.5112,0.0646,0.0477,0.0596,0.1591,0.219,0.1888,0.1439,0.1173,-0.2893,-0.1572,0.9908
04565_00695,45.65,6.95,14400,2392.5,1385.2,3379.9,343.3,22.18,0.0,0.0,0.0,0.0,0.0168,0.1153,0.8679,0.1173,0.075,0.1152,0.1319,0.1367,0.1021,0.1409,0.181,-0.0017,-0.079,0.9915
04565_00705,45.65,7.05,14400,2447.8,1327.8,3452.9,440.1,25.2,0.0,0.0,0.0,0.0,0.0287,0.151,0.8203,0.1101,0.1003,0.1755,0.1681,0.0673,0.0587,0.1395,0.1806,0.0806,0.0559,0.9909
04565_00715,45.65,7.15,14400,1887.4,679.5,3368.9,603.2,30.72,0.0,0.0,0.0322,0.0965,0.2311,0.2403,0.3999,0.1475,0.12,0.2658,0.1172,0.0105,0.014,0.093,0.232,0.2947,0.1617,0.9969
04565_00725,45.65,7.25,14400,1930.2,661.0,3572.7,634.5,29.9,0.0,0.0,0.0374,0.0973,0.2214,0.1924,0.4515,0.2094,0.1755,0.0859,0.0261,0.0396,0.0761,0.1977,0.1896,0.3664,-0.1612,0.9981
04565_00735,45.65,7.35,14400,2313.1,1315.6,3490.2,474.4,26.74,0.0,0.0,0.0,0.0,0.0764,0.209,0.7147,0.1223,0.1524,0.0673,0.0779,0.1051,0.1689,0.1506,0.1554,0.0626,-0.1523,0.9934
04565_00745,45.65,7.45,14400,2520.2,1246.1,3475.0,396.6,26.39,0.0,0.0,0.0,0.0,0.0276,0.0938,0.8785,0.1093,0.1715,0.1805,0.0578,0.1048,0.1118,0.1488,0.1155,0.0936,0.0303,0.993
04565_00755,45.65,7.55,14400,2336.5,1308.2,3154.3,323.9,23.9,0.0,0.0,0.0,0.0,0.0176,0.1462,0.8362,0.1537,0.1465,0.1255,0.158,0.0865,0.0767,0.128,0.1252,0.0952,0.0723,0.9919
04565_00765,45.65,7.65,14400,1313.7,349.5,2499.2,527.8,26.12,0.0,0.1376,0.1095,0.1365,0.2708,0.2647,0.0809,0.1815,0.1846,0.157,0.1711,0.1332,0.0561,0.0508,0.0659,0.067,0.2759,0.9575
04565_00775,45.65,7.75,14400,1285.1,309.0,2974.1,666.0,28.98,0.0,0.1725,0.1805,0.1498,0.1764,0.1327,0.1881,0.1232,0.0789,0.0485,0.1109,0.174,0.2169,0.13,0.1175,-0.1494,-0.1891,0.959
04565_00785,45.65,7.85,14400,1530.9,369.5,2884.7,474.2,27.8,0.0,0.0203,0.086,0.1649,0.2572,0.3008,0.1709,0.0981,0.0768,0.1256,0.124,0.1073,0.0956,0.197,0.1756,0.0093,-0.125,0.9956
04565_00795,45.65,7.95,14400,1619.6,728.0,2569.9,398.0,26.37,0.0,0.0,0.0215,0.1483,0.3267,0.2897,0.2138,0.0979,0.1611,0.1731,0.1727,0.1171,0.1391,0.0693,0.0697,-0.0835,0.1983,0.999
04565_00805,45.65,8.05,14520,1063.5,479.0,2218.9,353.1,19.09,0.0,0.0564,0.3386,0.2468,0.2815,0.072,0.0047,0.045,0.1193,0.1521,0.1874,0.1587,0.1911,0.096,0.0504,-0.2685,0.1019,0.9818
04565_00815,45.65,8.15,14280,687.0,311.9,1582.8,251.6,14.55,0.0,0.4738,0.3332,0.1354,0.0576,0.0,0.0,0.0602,0.1091,0.1723,0.2401,0.1596,0.1223,0.0674,0.0689,-0.2358,0.224,0.9497
04565_00825,45.65,8.25,14400,441.8,264.6,780.0,99.7,9.6,0.0395,0.8812,0.0792,0.0,0.0,0.0,0.0,0.067,0.1074,0.1917,0.1501,0.1288,0.1421,0.139,0.0739,-0.1426,0.0833,0.8849
04565_00835,45.65,8.35,14400,351.3,237.5,729.3,78.6,5.82,0.3162,0.6728,0.011,0.0,0.0,0.0,0.0,0.0559,0.0992,0.1664,0.1653,0.1595,0.1866,0.1104,0.0567,-0.251,0.0733,0.5403
04565_00845,45.65,8.45,14400,309.2,233.0,481.9,38.2,2.11,0.4223,0.5777,0.0,0.0,0.0,0.0,0.0,0.0173,0.1994,0.3324,0.0854,0.0469,0.208,0.1042,0.0065,-0.0831,0.282,0.1926
04565_00855,45.65,8.55,14520,290.0,220.2,388.3,39.4,2.06,0.5523,0.4477,0.0,0.0,0.0,0.0,0.0,0.0171,0.0974,0.2247,0.1079,0.0684,0.1941,0.2721,0.0181,-0.1815,-0.0529,0.2093
04565_00865,45.65,8.65,14280,235.1,148.5,356.7,47.5,3.07,0.923,0.077,0.0,0.0,0.0,0.0,0.0,0.071,0.1441,0.2015,0.1636,0.1001,0.1278,0.1175,0.0744,-0.0783,0.1607,0.3343
04565_00875,45.65,8.75,14400,246.2,146.5,330.8,30.4,1.56,0.9559,0.0441,0.0,0.0,0.0,0.0,0.0,0.0348,0.0408,0.137,0.1565,0.1408,0.2136,0.2016,0.075,-0.3001,-0.1296,0.1278
04565_00885,45.65,8.85,14400,248.6,207.8,327.0,22.3,1.24,0.9799,0.0201,0.0,0.0,0.0,0.0,0.0,0.0185,0.0385,0.2592,0.1605,0.0441,0.11,0.3266,0.0425,-0.1528,-0.0346,0.0865
04565_00895,45.65,8.95,14400,244.4,187.6,310.7,24.0,1.13,0.9951,0.0049,0.0,0.0,0.0,0.0,0.0,0.0391,0.0918,0.2146,0.1377,0.1309,0.2024,0.1363,0.0472,-0.2482,0.0536,0.0515
04565_00905,45.65,9.05,14520,237.9,192.3,307.4,26.2,0.87,0.9982,0.0018,0.0,0.0,0.0,0.0,0.0,0.0,0.0335,0.2636,0.1381,0.1297,0.113,0.2887,0.0335,-0.2901,0.0002,0.0165
04565_00915,45.65,9.15,14280,227.6,167.7,302.0,26.6,1.11,0.9998,0.0002,0.0,0.0,0.0,0.0,0.0,0.015,0.1212,0.344,0.1382,0.0348,0.2378,0.1015,0.0075,-0.1942,0.2671,0.0745
04565_00925,45.65,9.25,14400,229.0,164.5,381.0,35.4,1.56,0.97,0.03,0.0,0.0,0.0,0.0,0.0,0.0253,0.0672,0.1882,0.1291,0.1382,0.1891,0.1958,0.0672,-0.2429,-0.0467,0.1458
04565_00935,45.65,9.35,14400,234.0,170.3,385.2,40.3,1.63,0.9398,0.0602,0.0,0.0,0.0,0.0,0.0,0.01,0.075,0.1909,0.2376,0.1443,0.1364,0.1543,0.0514,-0.3192,0.1351,0.1593
04565_00945,45.65,9.45,14400,232.3,144.0,362.8,29.7,1.86,0.9854,0.0146,0.0,0.0,0.0,0.0,0.0,0.0371,0.1567,0.1886,0.0754,0.13,0.1909,0.1805,0.0406,-0.1469,0.0054,0.1197
04565_00955,45.65,9.55,14520,206.8,135.0,278.6,24.5,1.35,1.0,0.0,0.0,0.0,0.0,0.0,0.0,0.0119,0.1144,0.2671,0.149,0.0132,0.1942,0.1747,0.0754,-0.1,0.101,0.1096
04565_00965,45.65,9.65,14280,210.2,165.9,321.3,25.1,0.71,0.9995,0.0005,0.0,0.0,0.0,0.0,0.0,0.0,0.0,0.1102,0.3008,0.1568,0.161,0.2542,0.0169,-0.4694,-0.0462,0.0165
04565_00975,45.65,9.75,14400,218.8,164.8,474.0,34.3,1.43,0.9791,0.0209,0.0,0.0,0.0,0.0,0.0,0.1162,0.0835,0.0508,0.1368,0.2272,0.136,0.142,0.1076,-0.1766,-0.1095,0.0807
04565_00985,45.65,9.85,14400,257.8,151.0,720.8,98.4,4.98,0.7928,0.2008,0.0064,0.0,0.0,0.0,0.0,0.1083,0.0896,0.074,0.1235,0.2009,0.155,0.1175,0.1313,-0.1386,-0.0995,0.3257
04565_00995,45.65,9.95,14400,293.6,156.0,960.1,130.2,8.89,0.6833,0.2785,0.036,0.0022,0.0,0.0,0.0,0.0756,0.098,0.1358,0.1734,0.1685,0.0963,0.1435,0.1089,-0.1435,0.0453,0.5983
04565_01005,45.65,10.05,14520,292.3,185.0,961.2,159.5,8.06,0.7424,0.1828,0.072,0.0028,0.0,0.0,0.0,0.0836,0.0671,0.0886,0.117,0.2008,0.1401,0.1042,0.1986,-0.1115,-0.1218,0.4587
04565_01015,45.65,10.15,14280,521.6,179.0,1137.4,209.9,18.54,0.1872,0.4492,0.3207,0.0429,0.0,0.0,0.0,0.0919,0.083,0.1385,0.145,0.1412,0.1295,0.1535,0.1175,-0.105,-0.0308,0.9277
04565_01025,45.65,10.25,14400,714.5,200.5,1335.8,256.8,21.75,0.066,0.2817,0.384,0.249,0.0192,0.0,0.0,0.1085,0.1025,0.0807,0.0854,0.1522,0.1998,0.1554,0.1155,-0.0947,-0.1699,0.968
04565_01035,45.65,10.35,14400,589.2,283.7,1225.5,186.0,16.5,0.0029,0.5704,0.3559,0.0706,0.0001,0.0,0.0,0.141,0.1741,0.1595,0.1247,0.1243,0.1029,0.0648,0.1087,0.0578,0.1565,0.9643
04565_01045,45.65,10.45,14400,509.7,124.1,1119.6,208.8,17.28,0.1802,0.492,0.282,0.0458,0.0,0.0,0.0,0.0965,0.1082,0.1279,0.1426,0.1832,0.1312,0.0902,0.1202,-0.1233,0.0417,0.9399
04565_01055,45.65,10.55,14520,559.1,64.3,1557.5,372.0,18.74,0.3023,0.2479,0.2404,0.1609,0.0485,0.0,0.0,0.0664,0.0488,0.1041,0.2245,0.2043,0.1174,0.1452,0.0892,-0.2873,0.0044,0.8365
04565_01065,45.65,10.65,14280,166.2,64.5,1022.5,196.4,6.34,0.8197,0.1179,0.0599,0.0025,0.0,0.0,0.0,0.0156,0.0469,0.1605,0.4264,0.089,0.0464,0.1404,0.0748,-0.3135,0.2777,0.3107
04565_01075,45.65,10.75,14400,547.7,64.5,1450.0,392.4,12.06,0.3299,0.2333,0.2046,0.1684,0.0638,0.0,0.0,0.0126,0.0107,0.0321,0.0739,0.1287,0.1161,0.3171,0.3087,-0.0421,-0.5556,0.7743
04565_01085,45.65,10.85,14400,790.1,96.5,2142.7,484.4,19.89,0.194,0.2013,0.2151,0.1799,0.1431,0.0614,0.0053,0.0193,0.0353,0.1992,0.2872,0.091,0.097,0.1896,0.0815,-0.268,0.1113,0.9225
04565_01095,45.65,10.95,14400,872.6,113.0,1556.8,352.4,15.73,0.079,0.1079,0.364,0.2404,0.2087,0.0,0.0,0.0559,0.0575,0.1016,0.1147,0.1169,0.1872,0.2378,0.1283,-0.1424,-0.2436,0.9574
04565_01105,45.65,11.05,14520,1250.9,504.5,1790.1,243.7,12.44,0.0,0.0023,0.0778,0.3451,0.5101,0.0646,0.0,0.0265,0.0371,0.1231,0.1697,0.1515,0.2095,0.2133,0.0693,-0.3257,-0.1438,0.9698
04565_01115,45.65,11.15,14280,1108.3,435.5,1959.9,297.4,22.23,0.0,0.0258,0.2397,0.3805,0.291,0.0631,0.0,0.0649,0.1263,0.2066,0.1529,0.1201,0.1389,0.1308,0.0595,-0.1368,0.1357,0.989
04565_01125,45.65,11.25,14400,662.3,247.0,1644.3,252.0,17.89,0.024,0.4177,0.4028,0.115,0.0397,0.0008,0.0,0.1031,0.2241,0.1668,0.1299,0.1135,0.136,0.0802,0.0464,-0.0087,0.2138,0.9824
04565_01135,45.65,11.35,14400,353.7,111.6,885.5,169.8,11.16,0.4708,0.4119,0.1173,0.0,0.0,0.0,0.0,0.0971,0.1977,0.2109,0.1216,0.0821,0.1325,0.1007,0.0573,0.0161,0.201,0.8092
04565_01145,45.65,11.45,14400,120.5,47.4,423.1,67.0,3.29,0.9542,0.0458,0.0,0.0,0.0,0.0,0.0,0.1605,0.2402,0.2369,0.0992,0.064,0.0891,0.0405,0.0697,0.1861,0.336,0.2073
04565_01155,45.65,11.55,14520,68.3,36.7,157.9,20.2,0.73,1.0,0.0,0.0,0.0,0.0,0.0,0.0,0.0661,0.0789,0.1633,0.1229,0.1248,0.1413,0.2275,0.0752,-0.1312,-0.0631,0.0375
04565_01165,45.65,11.65,14280,55.5,37.5,84.1,10.0,0.35,1.0,0.0,0.0,0.0,0.0,0.0,0.0,0.0,0.0,0.1667,0.0,0.0,0.0,0.6667,0.1667,-0.0446,-0.6256,0.0004
04565_01175,45.65,11.75,14400,51.9,26.5,85.3,13.2,0.49,1.0,0.0,0.0,0.0,0.0,0.0,0.0,0.0093,0.1019,0.2222,0.1204,0.037,0.287,0.1667,0.0556,-0.1641,-0.0526,0.0075
04565_01185,45.65,11.85,14400,43.9,26.9,74.6,9.9,0.34,1.0,0.0,0.0,0.0,0.0,0.0,0.0,0.0,0.0,0.3333,0.6667,0.0,0.0,0.0,0.0,-0.3682,0.9108,0.0002
04565_01195,45.65,11.95,14400,35.8,22.9,56.4,7.3,0.31,1.0,0.0,0.0,0.0,0.0,0.0,0.0,0.0,0.0,0.4,0.0,0.0,0.2,0.4,0.0,-0.2612,-0.1443,0.0003
04565_01205,45.65,12.05,14520,30.3,16.5,56.0,8.8,0.36,1.0,0.0,0.0,0.0,0.0,0.0,0.0,0.0,0.0,0.1607,0.3393,0.1429,0.0893,0.1607,0.1071,-0.3638,0.0868,0.0039
04565_01215,45.65,12.15,14280,23.9,10.0,60.9,8.7,0.36,1.0,0.0,0.0,0.0,0.0,0.0,0.0,0.0,0.1053,0.2105,0.2632,0.0,0.0263,0.2105,0.1842,-0.0314,0.1042,0.0027
04565_01225,45.65,12.25,14400,13.9,0.5,32.4,4.8,0.4,1.0,0.0,0.0,0.0,0.0,0.0,0.0,0.0,0.0,0.0,0.0,0.0,0.0,0.0,0.0,0.0,0.0,0.0
04565_01235,45.65,12.35,14400,8.7,-2.5,24.8,3.7,0.32,1.0,0.0,0.0,0.0,0.0,0.0,0.0,0.0,0.0,1.0,0.0,0.0,0.0,0.0,0.0,0.0188,0.9895,0.0001
04565_01245,45.65,12.45,14400,4.5,-2.0,25.3,2.7,0.23,1.0,0.0,0.0,0.0,0.0,0.0,0.0,0.0,0.0,0.0,0.0,0.0,0.0,0.0,0.0,0.0,0.0,0.0
04565_01255,45.65,12.55,14520,2.4,-1.9,19.5,2.3,0.28,1.0,0.0,0.0,0.0,0.0,0.0,0.0,0.0,0.0,0.5,0.0,0.0,0.0,0.5,0.0,0.0817,0.0049,0.0001
04565_01265,45.65,12.65,14280,-0.6,-3.3,16.4,1.6,0.21,1.0,0.0,0.0,0.0,0.0,0.0,0.0,0.0,0.4,0.0,0.0,0.0,0.6,0.0,0.0,-0.2209,-0.0675,0.0004
04565_01275,45.65,12.75,14400,-1.4,-3.7,11.5,1.4,0.2,1.0,0.0,0.0,0.0,0.0,0.0,0.0,0.0,0.25,0.5,0.0,0.0,0.0,0.25,0.0,0.1288,0.4775,0.0003
04565_01285,45.65,12.85,14400,-1.3,-3.6,14.2,1.3,0.23,1.0,0.0,0.0,0.0,0.0,0.0,0.0,0.0,0.0,0.0,0.0,0.0,0.0,1.0,0.0,-0.0015,-1.0,0.0001
04565_01295,45.65,12.95,14400,-0.3,-3.0,11.9,1.2,0.17,1.0,0.0,0.0,0.0,0.0,0.0,0.0,0.0,0.0,0.0,0.0,0.0,0.0,0.0,0.0,0.0,0.0,0.0
04565_01305,45.65,13.05,14400,0.4,-3.5,15.4,2.1,0.23,1.0,0.0,0.0,0.0,0.0,0.0,0.0,0.0,0.2727,0.0909,0.0,0.0,0.0,0.3636,0.2727,0.3626,-0.296,0.0008
04565_01315,45.65,13.15,14400,0.5,-1.3,18.8,1.8,0.09,1.0,0.0,0.0,0.0,0.0,0.0,0.0,0.0,0.1429,0.1786,0.1786,0.0357,0.0714,0.2857,0.1071,-0.0412,-0.0124,0.0019
04565_01335,45.65,13.35,14400,0.1,-0.7,11.2,0.5,0.02,1.0,0.0,0.0,0.0,0.0,0.0,0.0,0.0,0.0,0.0,0.0,0.0,0.0,0.0,0.0,0.0,0.0,0.0
04565_01345,45.65,13.45,14400,0.1,-3.5,13.2,0.7,0.04,1.0,0.0,0.0,0.0,0.0,0.0,0.0,0.0,0.0,0.0,0.0,0.0,0.0,0.0,0.0,0.0,0.0,0.0
04565_01375,45.65,13.75,14400,54.4,-0.6,443.9,104.0,3.17,0.9183,0.0817,0.0,0.0,0.0,0.0,0.0,0.1514,0.0782,0.0257,0.0523,0.1429,0.2886,0.1508,0.1103,-0.1104,-0.3187,0.3003
04565_01385,45.65,13.85,14400,303.0,0.0,679.5,142.1,6.28,0.3165,0.6754,0.0081,0.0,0.0,0.0,0.0,0.0974,0.1118,0.0506,0.0517,0.1452,0.2545,0.1868,0.1022,-0.1107,-0.2778,0.5674
04575_00685,45.75,6.85,14520,2539.1,1652.8,3881.3,383.7,24.77,0.0,0.0,0.0,0.0,0.0,0.0813,0.9187,0.0996,0.1323,0.1589,0.1619,0.1703,0.1382,0.0595,0.0793,-0.1354,0.1604,0.9889
04575_00695,45.75,6.95,14520,1943.4,994.1,3149.6,446.4,26.39,0.0,0.0,0.0,0.0417,0.2076,0.3101,0.4405,0.1166,0.1414,0.1628,0.1377,0.0832,0.0962,0.1313,0.131,0.0569,0.0735,0.9895
04575_00705,45.75,7.05,14520,1752.9,795.6,2907.0,513.3,25.55,0.0,0.0,0.027,0.1658,0.1884,0.2606,0.3583,0.0952,0.2072,0.1043,0.1007,0.1515,0.1832,0.0808,0.077,-0.0551,0.0557,0.9863
04575_00715,45.75,7.15,14520,1953.0,663.1,3018.9,565.7,23.5,0.0,0.0,0.0721,0.0762,0.1018,0.1969,0.553,0.0631,0.0755,0.1216,0.2036,0.2167,0.1364,0.1115,0.0715,-0.3029,0.0656,0.9946
04575_00725,45.75,7.25,14520,1474.9,570.6,2891.5,603.5,20.59,0.0,0.03,0.1995,0.1525,0.195,0.1718,0.2512,0.1086,0.1211,0.2252,0.2023,0.1926,0.0728,0.0078,0.0698,-0.1434,0.3558,0.9684
04575_00735,45.75,7.35,14520,1184.9,528.0,2863.9,586.1,20.45,0.0,0.1732,0.2548,0.1708,0.1674,0.111,0.1228,0.1807,0.0533,0.0797,0.1041,0.2101,0.1587,0.1072,0.1062,-0.1037,-0.1069,0.8902
04575_00745,45.75,7.45,14520,1303.6,491.0,2891.2,527.2,23.6,0.0,0.1177,0.1514,0.1734,0.2542,0.1977,0.1056,0.1862,0.0878,0.1027,0.1243,0.2292,0.0996,0.0705,0.0998,-0.062,0.0394,0.9647
04575_00755,45.75,7.55,14520,1276.2,447.0,2653.7,504.6,22.69,0.0,0.1168,0.1495,0.198,0.2497,0.1974,0.0886,0.1949,0.1072,0.0748,0.0991,0.239,0.0921,0.0634,0.1296,-0.0156,0.0004,0.9842
04575_00765,45.75,7.65,14520,1249.5,369.5,2693.3,544.1,23.25,0.0,0.1452,0.1717,0.1759,0.2256,0.1813,0.1003,0.1253,0.0916,0.1052,0.0654,0.1641,0.2037,0.1798,0.0648,-0.1186,-0.1591,0.9826
04575_00775,45.75,7.75,14520,1825.1,771.3,2980.2,491.8,24.87,0.0,0.0,0.0074,0.1045,0.2434,0.2852,0.3595,0.0609,0.0765,0.061,0.1269,0.1691,0.2272,0.1854,0.0929,-0.2449,-0.2128,0.9907
04575_00785,45.75,7.85,14520,2010.6,993.3,3026.4,423.2,29.11,0.0,0.0,0.0,0.0335,0.1692,0.2393,0.5581,0.0893,0.1716,0.1634,0.1042,0.1038,0.1694,0.1237,0.0746,-0.0328,0.0642,0.9898
04575_00795,45.75,7.95,14520,2003.6,1051.7,2774.5,339.3,27.56,0.0,0.0,0.0,0.0046,0.138,0.3324,0.525,0.1217,0.108,0.1292,0.1705,0.0904,0.0964,0.1298,0.1541,0.029,0.0252,0.9955
04575_00805,45.75,8.05,14641,1404.7,641.1,2483.1,355.6,25.49,0.0,0.0,0.0921,0.1996,0.4086,0.2522,0.0475,0.1442,0.1336,0.178,0.1217,0.1166,0.083,0.0915,0.1314,0.0724,0.121,0.9936
04575_00815,45.75,8.15,14399,1229.4,531.0,2018.4,314.8,27.42,0.0,0.0035,0.1695,0.2968,0.3913,0.1387,0.0003,0.0857,0.1175,0.165,0.1395,0.1105,0.1191,0.1665,0.0962,-0.0579,0.0326,0.989
04575_00825,45.75,8.25,14520,693.3,321.1,1591.4,273.8,17.11,0.0,0.4595,0.3202,0.1592,0.061,0.0,0.0,0.0628,0.1066,0.2289,0.1719,0.1243,0.1121,0.1332,0.0601,-0.1479,0.1772,0.9236
04575_00835,45.75,8.35,14520,643.1,289.0,1171.6,181.9,12.81,0.0237,0.4191,0.4647,0.0925,0.0,0.0,0.0,0.0859,0.1066,0.2066,0.15,0.1108,0.1159,0.1331,0.0912,-0.0687,0.1129,0.9346
04575_00845,45.75,8.45,14520,413.1,289.0,830.3,95.6,6.49,0.0613,0.8756,0.0631,0.0,0.0,0.0,0.0,0.0574,0.12,0.1704,0.154,0.107,0.1683,0.168,0.0549,-0.155,0.0428,0.6319
04575_00855,45.75,8.55,14641,284.8,193.0,687.3,81.6,4.42,0.5657,0.4316,0.0027,0.0,0.0,0.0,0.0,0.0951,0.2468,0.1967,0.1773,0.0603,0.0852,0.0781,0.0607,0.0738,0.3192,0.5021
04575_00865,45.75,8.65,14399,270.3,192.5,479.9,52.2,4.48,0.7731,0.2269,0.0,0.0,0.0,0.0,0.0,0.0595,0.0974,0.1369,0.1015,0.0817,0.1252,0.2428,0.1551,0.0038,-0.167,0.5043
04575_00875,45.75,8.75,14520,303.9,236.0,436.6,43.7,3.69,0.508,0.492,0.0,0.0,0.0,0.0,0.0,0.1082,0.0825,0.1609,0.126,0.0483,0.0774,0.2105,0.1862,0.1103,-0.0874,0.4476
04575_00885,45.75,8.85,14520,335.0,233.4,441.9,38.0,3.38,0.2031,0.7969,0.0,0.0,0.0,0.0,0.0,0.0569,0.0928,0.1893,0.1231,0.0524,0.1344,0.2262,0.125,-0.0265,-0.0751,0.3972
04575_00895,45.75,8.95,14520,365.8,281.0,462.5,40.0,2.64,0.053,0.947,0.0,0.0,0.0,0.0,0.0,0.0454,0.1055,0.224,0.1269,0.0668,0.1466,0.2112,0.0738,-0.0964,0.0223,0.3219
04575_00905,45.75,9.05,14641,319.2,216.0,477.7,29.8,3.17,0.1994,0.8006,0.0,0.0,0.0,0.0,0.0,0.066,0.1232,0.1802,0.1476,0.1091,0.1401,0.139,0.0947,-0.0896,0.0706,0.3475
04575_00915,45.75,9.15,14399,349.9,236.0,548.8,47.1,4.0,0.1447,0.8553,0.0,0.0,0.0,0.0,0.0,0.0595,0.0984,0.1747,0.1414,0.1097,0.1589,0.1721,0.0853,-0.1296,-0.0009,0.5073
04575_00925,45.75,9.25,14520,291.4,193.9,396.5,29.1,3.11,0.6058,0.3942,0.0,0.0,0.0,0.0,0.0,0.107,0.0877,0.1797,0.1411,0.0601,0.0992,0.1498,0.1753,0.0627,-0.0008,0.4081
04575_00935,45.75,9.35,14520,397.9,222.5,897.5,134.3,7.8,0.2236,0.6631,0.1134,0.0,0.0,0.0,0.0,0.0881,0.1378,0.0994,0.0955,0.12,0.1418,0.1734,0.1441,-0.0034,-0.1152,0.7117
04575_00945,45.75,9.45,14520,376.8,192.0,1422.2,191.8,10.8,0.4428,0.4434,0.0862,0.0211,0.0065,0.0,0.0,0.0826,0.1232,0.1436,0.0846,0.1044,0.2064,0.1692,0.0859,-0.0787,-0.0875,0.7327
04575_00955,45.75,9.55,14641,513.2,201.5,1411.3,287.5,12.43,0.2881,0.4316,0.151,0.0896,0.0397,0.0,0.0,0.0717,0.206,0.1149,0.1424,0.2182,0.1342,0.0827,0.0298,-0.1815,0.1665,0.7564
04575_00965,45.75,9.65,14399,449.0,231.6,1130.3,179.7,13.88,0.2426,0.5605,0.172,0.0249,0.0,0.0,0.0,0.1199,0.1002,0.0887,0.1107,0.1812,0.1566,0.1306,0.1121,-0.1028,-0.0879,0.8112
04575_00975,45.75,9.75,14520,556.8,250.0,1348.6,264.9,14.68,0.1866,0.428,0.2345,0.144,0.0069,0.0,0.0,0.0716,0.0706,0.1241,0.1533,0.1735,0.1744,0.1239,0.1087,-0.2113,-0.0386,0.8074
04575_00985,45.75,9.85,14520,568.6,257.6,1148.8,192.7,17.4,0.0417,0.5552,0.3417,0.0614,0.0,0.0,0.0,0.1305,0.1359,0.0818,0.145,0.1606,0.118,0.1217,0.1066,-0.0479,-0.0029,0.9435
04575_00995,45.75,9.95,14520,725.0,302.9,1372.5,275.4,20.76,0.0,0.3857,0.3073,0.2655,0.0415,0.0,0.0,0.1004,0.0716,0.101,0.1479,0.178,0.097,0.1372,0.1669,-0.0808,-0.0662,0.9404
04575_01005,45.75,10.05,14641,450.0,185.0,1229.6,276.9,14.61,0.4328,0.2647,0.2136,0.0882,0.0007,0.0,0.0,0.1176,0.1478,0.1646,0.153,0.1094,0.0974,0.1032,0.1071,0.0133,0.1315,0.656
04575_01015,45.75,10.15,14399,1008.2,185.0,1946.2,394.7,22.97,0.0495,0.116,0.2196,0.2763,0.2737,0.0648,0.0,0.0985,0.0928,0.0771,0.0943,0.0973,0.2268,0.2061,0.1071,-0.0841,-0.236,0.9764
04575_01025,45.75,10.25,14520,853.0,349.7,1683.6,242.6,22.51,0.0,0.1445,0.458,0.3118,0.0815,0.0042,0.0,0.1015,0.0777,0.1432,0.1656,0.1673,0.1169,0.095,0.1328,-0.1199,0.0489,0.9918
04575_01035,45.75,10.35,14520,997.0,304.5,1975.8,357.2,22.29,0.0,0.1501,0.2868,0.266,0.2444,0.0527,0.0,0.0878,0.1199,0.1369,0.1266,0.1818,0.1747,0.0973,0.075,-0.1765,0.0379,0.9929
04575_01045,45.75,10.45,14520,834.1,311.1,1808.7,334.5,23.51,0.0,0.268,0.362,0.2089,0.1451,0.016,0.0,0.0897,0.1114,0.1374,0.1829,0.1376,0.1148,0.1011,0.125,-0.0941,0.0758,0.9652
04575_01055,45.75,10.55,14641,917.2,366.5,1748.4,288.1,23.14,0.0,0.1509,0.2949,0.3883,0.1626,0.0033,0.0,0.1351,0.1198,0.1181,0.1057,0.1462,0.121,0.1149,0.1392,0.0114,-0.0183,0.9299
04575_01065,45.75,10.65,14399,941.7,64.5,1819.7,277.2,23.74,0.0194,0.0749,0.334,0.4067,0.1519,0.0131,0.0,0.087,0.0772,0.1238,0.1956,0.1493,0.1248,0.1222,0.1201,-0.1505,0.0202,0.9844
04575_01075,45.75,10.75,14520,348.1,64.5,1267.7,327.4,13.21,0.5406,0.1939,0.192,0.0718,0.0018,0.0,0.0,0.0348,0.1276,0.1666,0.1862,0.1196,0.1204,0.0727,0.1721,-0.1068,0.1023,0.5475
04575_01085,45.75,10.85,14520,1133.2,64.5,2191.6,572.0,23.26,0.1415,0.074,0.076,0.1565,0.3485,0.1718,0.0318,0.0744,0.0577,0.1385,0.113,0.0445,0.0705,0.2417,0.2596,0.1261,-0.2228,0.9197
04575_01095,45.75,10.95,14520,821.6,119.0,1718.7,434.5,23.26,0.1809,0.1468,0.2061,0.2091,0.2561,0.0011,0.0,0.1186,0.1091,0.1572,0.1578,0.0917,0.0741,0.1306,0.161,0.0582,0.0532,0.9346
04575_01105,45.75,11.05,14641,989.7,137.0,1990.7,473.2,25.18,0.0988,0.1349,0.2062,0.1996,0.2322,0.1283,0.0,0.1171,0.1818,0.0811,0.0395,0.0722,0.17,0.2099,0.1283,0.116,-0.185,0.9732
04575_01115,45.75,11.15,14399,1319.1,521.2,2231.1,402.6,25.05,0.0,0.0085,0.162,0.2576,0.3104,0.2054,0.056,0.0923,0.1453,0.1547,0.1295,0.103,0.1513,0.1328,0.0912,-0.0414,0.0419,0.9964
04575_01125,45.75,11.25,14520,760.8,264.3,1983.6,314.4,19.7,0.0054,0.3376,0.4225,0.1321,0.073,0.0294,0.0,0.1354,0.1332,0.1512,0.1319,0.1446,0.1546,0.0664,0.0826,-0.0525,0.1003,0.9908
04575_01135,45.75,11.35,14520,579.9,157.1,1671.0,377.7,14.89,0.3186,0.2795,0.2123,0.0975,0.0882,0.0039,0.0,0.108,0.2001,0.1508,0.1541,0.1915,0.1138,0.041,0.0408,-0.1025,0.2534,0.7888
04575_01145,45.75,11.45,14520,369.3,101.6,1503.4,306.9,9.21,0.6316,0.2049,0.0746,0.0429,0.046,0.0,0.0,0.0626,0.0902,0.0776,0.1357,0.2974,0.2528,0.0567,0.027,-0.4357,-0.0152,0.5092
04575_01155,45.75,11.55,14641,363.2,79.9,1289.4,278.6,10.37,0.5892,0.2054,0.1399,0.0572,0.0084,0.0,0.0,0.0202,0.0569,0.1546,0.177,0.2231,0.1871,0.1391,0.0421,-0.403,0.0203,0.7952
04575_01165,45.75,11.65,14399,254.9,66.6,1032.5,239.8,7.91,0.7262,0.1322,0.1299,0.0117,0.0,0.0,0.0,0.0446,0.0625,0.1119,0.2667,0.2431,0.1378,0.0891,0.0442,-0.4197,0.132,0.5386
04575_01175,45.75,11.75,14520,119.2,63.9,692.2,50.7,2.01,0.9816,0.0175,0.0009,0.0,0.0,0.0,0.0,0.0524,0.1277,0.1646,0.2227,0.1323,0.1766,0.0955,0.0282,-0.268,0.1711,0.1197
04575_01185,45.75,11.85,14520,90.6,49.6,243.6,28.0,1.07,1.0,0.0,0.0,0.0,0.0,0.0,0.0,0.028,0.0509,0.2229,0.1692,0.1412,0.1921,0.1462,0.0495,-0.3017,0.066,0.0961
04575_01195,45.75,11.95,14520,85.4,45.1,207.4,23.0,0.62,1.0,0.0,0.0,0.0,0.0,0.0,0.0,0.0,0.002,0.018,0.2064,0.6032,0.1062,0.0641,0.0,-0.8384,0.0669,0.0344
04575_01205,45.75,12.05,14641,97.3,35.0,340.1,47.2,1.3,0.994,0.006,0.0,0.0,0.0,0.0,0.0,0.0251,0.0846,0.0298,0.0239,0.519,0.2464,0.0321,0.0391,-0.613,-0.1296,0.117
04575_01215,45.75,12.15,14399,72.7,20.0,335.6,41.4,1.12,0.995,0.005,0.0,0.0,0.0,0.0,0.0,0.0235,0.059,0.0926,0.3272,0.3462,0.0818,0.0399,0.0298,-0.5623,0.256,0.1095
04575_01225,45.75,12.25,14520,41.7,18.6,67.8,12.0,0.46,1.0,0.0,0.0,0.0,0.0,0.0,0.0,0.1122,0.1582,0.3061,0.0255,0.0357,0.199,0.1173,0.0459,0.0851,0.1294,0.0135
04575_01235,45.75,12.35,14520,26.6,10.5,52.3,8.2,0.38,1.0,0.0,0.0,0.0,0.0,0.0,0.0,0.1,0.1,0.2,0.0,0.0,0.0,0.6,0.0,0.1316,-0.3195,0.0007
04575_01245,45.75,12.45,14520,12.7,0.0,34.2,3.8,0.29,1.0,0.0,0.0,0.0,0.0,0.0,0.0,0.0,0.0,0.0,0.0,0.0,0.0,0.0,0.0,0.0,0.0,0.0
04575_01255,45.75,12.55,14641,6.3,1.6,26.5,2.3,0.26,1.0,0.0,0.0,0.0,0.0,0.0,0.0,0.0714,0.0714,0.1429,0.2857,0.0714,0.0,0.1429,0.2143,-0.0092,0.1175,0.001
04575_01265,45.75,12.65,14399,3.7,-1.8,15.5,2.2,0.27,1.0,0.0,0.0,0.0,0.0,0.0,0.0,0.0,0.0,1.0,0.0,0.0,0.0,0.0,0.0,0.3263,0.9453,0.0001
04575_01275,45.75,12.75,14520,1.5,-3.6,14.6,2.8,0.2,1.0,0.0,0.0,0.0,0.0,0.0,0.0,0.0,0.0,0.0,0.0,0.0,0.0,0.0,0.0,0.0,0.0,0.0
04575_01285,45.75,12.85,14520,1.0,-3.7,16.1,2.9,0.25,1.0,0.0,0.0,0.0,0.0,0.0,0.0,0.0,0.0,0.0,0.0,0.0,0.0,0.0,0.0,0.0,0.0,0.0
04575_01295,45.75,12.95,14520,2.1,-2.7,26.9,2.8,0.24,1.0,0.0,0.0,0.0,0.0,0.0,0.0,0.0256,0.1026,0.1026,0.1282,0.0769,0.1538,0.2821,0.1282,-0.0898,-0.2384,0.0027
04575_01305,45.75,13.05,14520,1.8,-2.3,25.1,2.5,0.28,1.0,0.0,0.0,0.0,0.0,0.0,0.0,0.0,0.0494,0.2346,0.0494,0.0,0.0617,0.5185,0.0864,-0.0523,-0.3106,0.0056
04575_01315,45.75,13.15,14520,0.8,-3.5,22.3,2.8,0.21,1.0,0.0,0.0,0.0,0.0,0.0,0.0,0.0,0.1466,0.1121,0.1983,0.1293,0.1293,0.1638,0.1207,-0.186,0.0155,0.008
04575_01325,45.75,13.25,14520,-0.1,-3.0,21.3,1.3,0.16,1.0,0.0,0.0,0.0,0.0,0.0,0.0,0.0,0.0769,0.2308,0.2308,0.0769,0.0,0.3077,0.0769,-0.1663,0.1095,0.0009
04575_01335,45.75,13.35,14520,0.4,-3.2,14.2,1.7,0.17,1.0,0.0,0.0,0.0,0.0,0.0,0.0,0.0,0.0,0.0,0.0,0.0,0.0,0.5,0.5,0.3611,-0.9111,0.0001
04575_01345,45.75,13.45,14520,1.2,-2.5,24.8,2.9,0.33,1.0,0.0,0.0,0.0,0.0,0.0,0.0,0.0198,0.2673,0.1584,0.0396,0.0792,0.0594,0.2574,0.1188,0.1451,0.0147,0.007
04575_01355,45.75,13.55,14520,2.1,-2.1,148.3,10.7,0.41,1.0,0.0,0.0,0.0,0.0,0.0,0.0,0.0189,0.0168,0.0526,0.0084,0.1032,0.4337,0.3158,0.0505,-0.3638,-0.6087,0.0327
04575_01365,45.75,13.65,14520,78.8,0.0,315.7,90.3,2.9,0.9995,0.0005,0.0,0.0,0.0,0.0,0.0,0.0765,0.1079,0.0402,0.0718,0.157,0.3348,0.1401,0.0718,-0.2415,-0.2682,0.3224
04575_01375,45.75,13.75,14520,262.5,0.0,533.1,82.4,4.9,0.7979,0.2021,0.0,0.0,0.0,0.0,0.0,0.1555,0.1075,0.0347,0.0772,0.1337,0.2643,0.1453,0.0819,-0.0906,-0.2225,0.5165
04575_01385,45.75,13.85,14520,323.7,190.0,568.1,48.1,4.23,0.3323,0.6677,0.0,0.0,0.0,0.0,0.0,0.1592,0.1755,0.0565,0.0586,0.137,0.1944,0.1287,0.09,0.031,-0.1174,0.4714
04585_00685,45.85,6.85,14400,2945.1,975.0,4792.7,872.4,32.17,0.0,0.0,0.0,0.055,0.0535,0.0528,0.8387,0.2036,0.0876,0.0785,0.1038,0.0851,0.0945,0.1319,0.2151,0.2005,-0.1452,0.9968
04585_00695,45.85,6.95,14400,2552.7,1220.9,4151.6,658.0,28.99,0.0,0.0,0.0,0.0,0.0987,0.1552,0.7461,0.1017,0.1106,0.1228,0.2138,0.1787,0.0564,0.0873,0.1286,-0.1023,0.1442,0.9918
04585_00705,45.85,7.05,14400,2457.6,1615.2,3665.9,390.0,27.17,0.0,0.0,0.0,0.0,0.0,0.1366,0.8634,0.0861,0.0978,0.1225,0.1458,0.1109,0.1362,0.1332,0.1675,-0.0384,-0.0561,0.9879
04585_00715,45.85,7.15,14400,2273.6,1352.0,3188.3,337.6,24.6,0.0,0.0,0.0,0.0,0.0357,0.176,0.7883,0.123,0.1702,0.1501,0.1539,0.151,0.0923,0.0815,0.078,-0.0281,0.1792,0.9965
04585_00725,45.85,7.25,14400,2170.4,998.5,3717.5,559.3,25.88,0.0,0.0,0.0,0.0229,0.1562,0.2112,0.6097,0.0474,0.1047,0.2279,0.1842,0.1598,0.1405,0.1007,0.0348,-0.2438,0.2102,0.998
04585_00735,45.85,7.35,14400,2002.5,801.5,3438.1,582.5,27.84,0.0,0.0,0.0059,0.0895,0.1984,0.1924,0.5138,0.0813,0.0442,0.081,0.1974,0.1556,0.1256,0.1535,0.1615,-0.1638,-0.1055,0.9937
04585_00745,45.85,7.45,14400,2363.3,1389.4,3396.3,375.2,28.26,0.0,0.0,0.0,0.0,0.0294,0.1524,0.8181,0.0901,0.0958,0.1101,0.1685,0.1424,0.1161,0.1352,0.1418,-0.0846,-0.0214,0.9974
04585_00755,45.85,7.55,14400,2258.3,980.1,3322.2,465.6,24.74,0.0,0.0,0.0,0.0324,0.049,0.1944,0.7242,0.0378,0.0945,0.2191,0.2238,0.105,0.121,0.1358,0.063,-0.2067,0.1808,0.9919
04585_00765,45.85,7.65,14400,2167.3,1107.1,3311.6,445.0,23.17,0.0,0.0,0.0,0.0092,0.1053,0.2506,0.635,0.048,0.039,0.1174,0.1644,0.1134,0.1433,0.2208,0.1537,-0.1553,-0.1726,0.9931
04585_00775,45.85,7.75,14400,2383.2,1516.2,3536.4,381.6,24.31,0.0,0.0,0.0,0.0,0.0234,0.1501,0.8265,0.0688,0.0686,0.1128,0.1451,0.115,0.1705,0.1945,0.1247,-0.133,-0.1417,0.9946
04585_00785,45.85,7.85,14400,2489.0,1418.0,3659.4,410.0,26.95,0.0,0.0,0.0,0.0,0.0122,0.1191,0.8688,0.0438,0.0984,0.1717,0.1734,0.1387,0.1452,0.1572,0.0715,-0.2129,0.0542,0.9946
04585_00795,45.85,7.95,14400,1879.4,972.0,2912.5,388.3,30.94,0.0,0.0,0.0,0.055,0.1923,0.3441,0.4086,0.0968,0.1331,0.1301,0.1892,0.1329,0.1489,0.0744,0.0946,-0.1193,0.1121,0.9942
04585_00805,45.85,8.05,14520,1509.7,690.3,2550.3,367.9,30.5,0.0,0.0,0.0385,0.1795,0.3874,0.2907,0.1039,0.1053,0.1504,0.1448,0.1125,0.1323,0.1597,0.1034,0.0917,-0.0508,0.047,0.9968
04585_00815,45.85,8.15,14280,1151.8,487.4,2394.3,366.1,27.85,0.0,0.0388,0.2322,0.3212,0.2859,0.099,0.0228,0.1065,0.1215,0.1573,0.193,0.1219,0.0893,0.109,0.1014,-0.0525,0.1421,0.9947
04585_00825,45.85,8.25,14400,985.8,417.0,1963.3,339.7,24.94,0.0,0.1276,0.3242,0.2964,0.1908,0.061,0.0,0.0725,0.0723,0.1249,0.1762,0.1433,0.1416,0.1461,0.1231,-0.1624,-0.0282,0.9844
04585_00835,45.85,8.35,14400,820.4,289.0,1629.7,312.5,18.38,0.0881,0.1892,0.2842,0.3272,0.1101,0.0012,0.0,0.0943,0.1394,0.2192,0.1691,0.1138,0.1044,0.0699,0.0899,-0.0577,0.2359,0.9113
04585_00845,45.85,8.45,14400,723.6,253.3,1484.1,271.9,15.28,0.074,0.2614,0.4043,0.2068,0.0535,0.0,0.0,0.0566,0.0999,0.1461,0.1288,0.0975,0.1367,0.2263,0.1081,-0.0788,-0.1006,0.9219
04585_00855,45.85,8.55,14520,374.2,193.0,910.4,206.3,7.75,0.5227,0.2834,0.1937,0.0002,0.0,0.0,0.0,0.0796,0.2155,0.2899,0.1939,0.0486,0.0625,0.0763,0.0336,0.0295,0.4504,0.5467
04585_00865,45.85,8.65,14280,254.0,193.0,525.0,50.3,4.68,0.8619,0.1381,0.0,0.0,0.0,0.0,0.0,0.1297,0.0915,0.0828,0.1049,0.1382,0.1645,0.1439,0.1445,-0.0329,-0.1425,0.5194
04585_00875,45.85,8.75,14400,475.9,236.0,1213.8,228.5,9.56,0.3192,0.4022,0.2158,0.0622,0.0006,0.0,0.0,0.1276,0.0785,0.0394,0.0786,0.2394,0.2433,0.0696,0.1235,-0.2014,-0.182,0.7303
04585_00885,45.85,8.85,14400,468.3,240.8,1024.2,151.1,10.11,0.0232,0.7907,0.1703,0.0158,0.0,0.0,0.0,0.0567,0.1096,0.1704,0.1572,0.1191,0.1315,0.1663,0.0893,-0.1339,0.0377,0.7612
04585_00895,45.85,8.95,14400,446.1,246.6,1112.3,138.3,8.45,0.0564,0.812,0.1178,0.0138,0.0,0.0,0.0,0.0689,0.086,0.1495,0.1881,0.1453,0.107,0.1368,0.1184,-0.1452,0.0447,0.733
04585_00905,45.85,9.05,14520,560.1,197.0,1312.5,290.4,16.04,0.236,0.3658,0.2255,0.1643,0.0085,0.0,0.0,0.0986,0.0743,0.0897,0.1544,0.1711,0.1699,0.142,0.1,-0.1823,-0.0765,0.8504
04585_00915,45.85,9.15,14280,704.5,197.0,1406.0,310.6,20.51,0.1557,0.1975,0.3583,0.24,0.0486,0.0,0.0,0.1012,0.0771,0.1135,0.1464,0.1262,0.1536,0.1621,0.1198,-0.1064,-0.0861,0.9023
04585_00925,45.85,9.25,14400,660.7,258.5,1420.7,288.3,17.01,0.1161,0.3485,0.2914,0.214,0.0299,0.0,0.0,0.0717,0.0566,0.1635,0.2232,0.1444,0.1048,0.1257,0.11,-0.19,0.0846,0.8659
04585_00935,45.85,9.35,14400,498.8,197.0,1460.3,320.9,16.5,0.4292,0.2528,0.1585,0.1303,0.0291,0.0,0.0,0.0743,0.1347,0.1479,0.1388,0.13,0.1212,0.1177,0.1354,-0.0472,0.0448,0.7501
04585_00945,45.85,9.45,14400,834.2,195.0,1847.3,390.1,21.25,0.1417,0.1526,0.2269,0.2922,0.1682,0.0184,0.0,0.0549,0.0732,0.1373,0.115,0.0959,0.1856,0.2287,0.1095,-0.1274,-0.1695,0.9047
04585_00955,45.85,9.55,14520,819.1,370.3,1551.6,257.2,19.39,0.0,0.2213,0.443,0.2331,0.1025,0.0,0.0,0.1092,0.1444,0.1455,0.0987,0.1786,0.1609,0.1006,0.062,-0.1087,0.0649,0.989
04585_00965,45.85,9.65,14280,790.4,307.0,1574.5,269.4,22.11,0.0,0.2859,0.3755,0.2587,0.0799,0.0,0.0,0.0721,0.1065,0.1414,0.1215,0.119,0.1728,0.172,0.0947,-0.1147,-0.0579,0.9911
04585_00975,45.85,9.75,14400,1041.6,378.3,1979.0,305.6,22.17,0.0,0.0576,0.2909,0.3768,0.214,0.0607,0.0,0.1078,0.092,0.1313,0.1366,0.0971,0.1382,0.1693,0.1277,-0.0292,-0.0685,0.9932
04585_00985,45.85,9.85,14400,854.0,377.0,1856.3,298.5,21.05,0.0,0.236,0.36,0.2728,0.1108,0.0203,0.0,0.0736,0.0704,0.1411,0.198,0.1935,0.1479,0.099,0.0766,-0.2705,0.0779,0.9731
04585_00995,45.85,9.95,14400,918.4,430.5,1615.6,291.1,17.87,0.0,0.1724,0.3283,0.2813,0.2178,0.0001,0.0,0.13,0.1392,0.0699,0.1126,0.1973,0.1089,0.0869,0.1551,-0.013,-0.0185,0.9312
04585_01005,45.85,10.05,14520,845.8,184.7,1713.1,393.1,18.15,0.1085,0.1878,0.2259,0.2784,0.1825,0.0169,0.0,0.0839,0.102,0.0982,0.1605,0.1112,0.1938,0.1347,0.1157,-0.126,-0.0753,0.9158
04585_01015,45.85,10.15,14280,645.9,185.0,1868.0,433.9,17.74,0.3365,0.2045,0.1681,0.152,0.1174,0.0216,0.0,0.1321,0.1031,0.0755,0.1443,0.0813,0.0852,0.1354,0.243,0.1327,-0.1158,0.7846
04585_01025,45.85,10.25,14400,1370.7,220.4,2144.7,412.9,24.18,0.0294,0.0269,0.0752,0.1692,0.3521,0.3303,0.017,0.1283,0.0967,0.0998,0.0824,0.095,0.1509,0.1596,0.1872,0.0706,-0.1797,0.9836
04585_01035,45.85,10.35,14400,1626.5,718.9,2222.7,355.6,20.94,0.0,0.0,0.0295,0.1359,0.2328,0.4663,0.1354,0.1268,0.1134,0.1008,0.1205,0.1257,0.1455,0.1372,0.1301,-0.0157,-0.07,0.9954
04585_01045,45.85,10.45,14400,1494.1,593.8,2238.7,384.3,25.36,0.0,0.0003,0.0809,0.1681,0.3047,0.3615,0.0844,0.1039,0.115,0.1892,0.1688,0.1133,0.1087,0.1318,0.0693,-0.0798,0.135,0.9956
04585_01055,45.85,10.55,14520,1047.9,366.5,2117.8,509.6,22.28,0.0,0.2819,0.1572,0.134,0.2427,0.1779,0.0063,0.066,0.062,0.1374,0.2982,0.117,0.104,0.1029,0.1126,-0.2143,0.1414,0.872
04585_01065,45.85,10.65,14280,1205.3,427.3,1950.8,315.6,25.77,0.0,0.0186,0.1765,0.2922,0.3937,0.119,0.0,0.1505,0.1153,0.1011,0.1363,0.1236,0.0744,0.1361,0.1625,0.0752,-0.0289,0.9896
04585_01075,45.85,10.75,14400,1010.7,64.5,1944.4,337.9,24.86,0.0347,0.0362,0.3045,0.3272,0.2551,0.0422,0.0,0.0881,0.138,0.1671,0.1533,0.1245,0.1223,0.112,0.0947,-0.0683,0.1065,0.9585
04585_01085,45.85,10.85,14400,482.4,60.5,2073.4,514.9,17.92,0.5359,0.1314,0.1139,0.1002,0.0683,0.0467,0.0036,0.0798,0.0648,0.1589,0.1145,0.0736,0.0462,0.2046,0.2575,0.1238,-0.1428,0.6234
04585_01095,45.85,10.95,14400,752.6,155.0,1908.3,388.3,19.53,0.1376,0.2749,0.2477,0.1932,0.1246,0.022,0.0,0.1248,0.1552,0.1917,0.1535,0.116,0.0852,0.0602,0.1133,0.0308,0.2122,0.9499
04585_01105,45.85,11.05,14520,603.8,144.0,1822.4,382.0,18.96,0.282,0.2739,0.2294,0.1261,0.0781,0.0105,0.0,0.0595,0.1163,0.1245,0.0333,0.0205,0.1454,0.3186,0.1818,0.1272,-0.3293,0.8488
04585_01115,45.85,11.15,14280,1381.2,373.4,2131.4,384.9,23.87,0.0,0.0214,0.1183,0.1705,0.3769,0.288,0.0249,0.1779,0.1687,0.0768,0.0489,0.1156,0.1444,0.1441,0.1236,0.1352,-0.1093,0.9915
04585_01125,45.85,11.25,14400,1300.0,432.7,1893.0,361.0,21.88,0.0,0.0377,0.156,0.1512,0.4109,0.2442,0.0,0.1011,0.1863,0.173,0.1155,0.1004,0.1681,0.0852,0.0704,-0.0168,0.1365,0.9901
04585_01135,45.85,11.35,14400,833.8,256.6,1710.8,330.3,24.67,0.0195,0.271,0.2714,0.3142,0.1117,0.0122,0.0,0.0884,0.1057,0.197,0.0883,0.1313,0.1359,0.1716,0.0818,-0.0763,0.0092,0.9687
04585_01145,45.85,11.45,14400,1134.4,437.8,1679.6,196.4,12.81,0.0,0.0047,0.0647,0.5874,0.3306,0.0127,0.0,0.1228,0.104,0.1088,0.1758,0.1248,0.0941,0.1062,0.1635,-0.0055,0.0214,0.9319
04585_01155,45.85,11.55,14520,1151.7,637.2,1496.3,127.8,11.08,0.0,0.0,0.0261,0.607,0.3669,0.0,0.0,0.1094,0.1116,0.1292,0.1509,0.1361,0.1037,0.1205,0.1385,-0.0308,0.0245,0.8924
04585_01165,45.85,11.65,14280,831.4,130.0,1356.5,312.4,21.41,0.0852,0.1716,0.1901,0.4986,0.0546,0.0,0.0,0.0882,0.1572,0.1707,0.1175,0.1222,0.1354,0.1185,0.0904,-0.0359,0.0852,0.9819
04585_01175,45.85,11.75,14400,946.9,116.0,1771.0,434.3,19.02,0.1402,0.1167,0.1181,0.2424,0.3705,0.0121,0.0,0.0822,0.0734,0.1011,0.1455,0.1412,0.1944,0.1648,0.0975,-0.182,-0.1227,0.9474
04585_01185,45.85,11.85,14400,606.9,101.5,1767.5,444.3,13.47,0.3728,0.2301,0.1453,0.0855,0.156,0.0104,0.0,0.0466,0.0786,0.1984,0.2812,0.2478,0.0587,0.0323,0.0564,-0.3616,0.3488,0.7766
04585_01195,45.85,11.95,14400,245.5,107.6,855.9,127.6,7.94,0.8056,0.1583,0.036,0.0,0.0,0.0,0.0,0.1069,0.0799,0.1156,0.2233,0.214,0.0967,0.0613,0.1023,-0.2118,0.1283,0.6626
04585_01205,45.85,12.05,14520,171.7,111.5,411.1,56.5,2.67,0.946,0.054,0.0,0.0,0.0,0.0,0.0,0.1853,0.0636,0.0782,0.1295,0.1162,0.1353,0.1197,0.1722,0.0375,-0.1367,0.2739
04585_01215,45.85,12.15,14280,151.5,64.8,365.2,58.3,2.47,0.9506,0.0494,0.0,0.0,0.0,0.0,0.0,0.2104,0.1257,0.1322,0.2009,0.0624,0.0726,0.0827,0.113,0.1344,0.1481,0.3098
04585_01225,45.85,12.25,14400,92.5,37.8,260.1,42.7,2.9,1.0,0.0,0.0,0.0,0.0,0.0,0.0,0.0593,0.1634,0.1744,0.148,0.1392,0.1707,0.1091,0.036,-0.1709,0.1463,0.3528
04585_01235,45.85,12.35,14400,40.5,23.5,125.3,10.3,0.43,1.0,0.0,0.0,0.0,0.0,0.0,0.0,0.0977,0.0884,0.0837,0.293,0.1395,0.0884,0.1209,0.0884,-0.2152,0.0887,0.0149
04585_01245,45.85,12.45,14400,20.2,9.5,38.5,5.3,0.25,1.0,0.0,0.0,0.0,0.0,0.0,0.0,0.0,0.0,0.0,0.0,0.0,0.0,0.0,0.0,0.0,0.0,0.0
04585_01255,45.85,12.55,14520,11.9,2.5,30.3,3.0,0.41,1.0,0.0,0.0,0.0,0.0,0.0,0.0,0.2222,0.0,0.1111,0.1667,0.1667,0.1111,0.1667,0.0556,-0.1869,-0.0512,0.0012
04585_01265,45.85,12.65,14280,11.2,2.0,28.6,3.3,0.44,1.0,0.0,0.0,0.0,0.0,0.0,0.0,0.12,0.16,0.2,0.0,0.0,0.24,0.24,0.04,0.0292,-0.1388,0.0018
04585_01275,45.85,12.75,14400,12.3,1.1,34.3,3.7,0.34,1.0,0.0,0.0,0.0,0.0,0.0,0.0,0.0323,0.1613,0.129,0.0,0.0,0.3548,0.1935,0.129,-0.1071,-0.2185,0.0022
04585_01285,45.85,12.85,14400,13.7,0.7,36.3,6.0,0.38,1.0,0.0,0.0,0.0,0.0,0.0,0.0,0.0469,0.1094,0.2031,0.0938,0.0469,0.1562,0.2031,0.1406,-0.0084,-0.0568,0.0044
04585_01295,45.85,12.95,14400,13.5,0.0,36.0,5.7,0.45,1.0,0.0,0.0,0.0,0.0,0.0,0.0,0.0,0.0988,0.321,0.1049,0.0185,0.142,0.179,0.1358,-0.029,0.0766,0.0112
04585_01305,45.85,13.05,14400,10.3,-2.7,37.3,5.2,0.43,1.0,0.0,0.0,0.0,0.0,0.0,0.0,0.029,0.0725,0.2319,0.1884,0.0435,0.1739,0.2609,0.0,-0.2505,0.042,0.0048
04585_01315,45.85,13.15,14400,10.4,-0.5,37.3,5.5,0.51,1.0,0.0,0.0,0.0,0.0,0.0,0.0,0.0178,0.0756,0.2622,0.2,0.0133,0.0578,0.2578,0.1156,-0.0436,0.0871,0.0156
04585_01325,45.85,13.25,14400,9.5,-2.5,30.6,6.7,0.49,1.0,0.0,0.0,0.0,0.0,0.0,0.0,0.0142,0.1064,0.3262,0.0922,0.0213,0.1702,0.227,0.0426,-0.0728,0.0728,0.0098
04585_01335,45.85,13.35,14400,11.1,-0.8,34.5,6.9,0.36,1.0,0.0,0.0,0.0,0.0,0.0,0.0,0.0182,0.0182,0.2909,0.1636,0.0364,0.0182,0.3091,0.1455,-0.034,-0.0073,0.0038
04585_01345,45.85,13.45,14400,18.1,0.5,124.1,13.1,0.78,1.0,0.0,0.0,0.0,0.0,0.0,0.0,0.1161,0.0348,0.0261,0.0029,0.0639,0.2685,0.3019,0.1858,-0.0017,-0.5771,0.0478
04585_01355,45.85,13.55,14400,97.3,-1.4,271.9,66.5,4.73,1.0,0.0,0.0,0.0,0.0,0.0,0.0,0.1644,0.107,0.0594,0.0619,0.1743,0.1931,0.1288,0.1111,-0.0338,-0.1722,0.5175
04595_00705,45.95,7.05,14280,2797.6,1441.0,3871.3,514.7,27.53,0.0,0.0,0.0,0.0,0.012,0.0908,0.8972,0.1209,0.15,0.2064,0.158,0.1164,0.0873,0.0725,0.0884,-0.0011,0.2371,0.9965
04595_00735,45.95,7.35,14280,2804.2,1832.1,4247.0,428.7,26.75,0.0,0.0,0.0,0.0,0.0,0.0339,0.9661,0.1035,0.1434,0.194,0.0939,0.0869,0.1046,0.1593,0.1145,0.0591,0.0461,0.9924
04595_00745,45.95,7.45,14280,3024.3,1901.0,3810.9,333.9,26.44,0.0,0.0,0.0,0.0,0.0,0.0011,0.9989,0.1007,0.0724,0.0974,0.2202,0.1357,0.0913,0.1142,0.168,-0.0879,0.0061,0.9931
04595_00755,45.95,7.55,14280,2916.1,1901.0,3832.6,421.3,28.03,0.0,0.0,0.0,0.0,0.0,0.0204,0.9796,0.0741,0.0742,0.1433,0.1262,0.0868,0.1448,0.208,0.1425,-0.0602,-0.1256,0.9943
04595_00765,45.95,7.65,14280,2740.8,1754.1,4316.6,420.5,22.71,0.0,0.0,0.0,0.0,0.0,0.0312,0.9688,0.1643,0.0707,0.0988,0.1305,0.1255,0.1323,0.1557,0.1221,-0.0129,-0.0966,0.9868
04595_00775,45.95,7.75,14280,3030.4,1831.9,4175.3,476.5,22.12,0.0,0.0,0.0,0.0,0.0,0.0083,0.9917,0.2275,0.1427,0.0535,0.0574,0.1135,0.1406,0.1216,0.143,0.1764,-0.1283,0.9769
04595_00785,45.95,7.85,14280,3408.4,2309.6,4534.2,471.8,24.59,0.0,0.0,0.0,0.0,0.0,0.0,1.0,0.1768,0.0763,0.0913,0.0845,0.1148,0.1119,0.1481,0.1964,0.1183,-0.1667,0.9914
04595_00795,45.95,7.95,14280,2294.5,1144.6,3606.6,530.5,28.35,0.0,0.0,0.0,0.0041,0.1133,0.1732,0.7095,0.1279,0.1329,0.1265,0.1357,0.1995,0.1122,0.0573,0.108,-0.0837,0.1135,0.9946
04595_00805,45.95,8.05,14399,1843.8,655.1,2865.7,461.6,29.5,0.0,0.0,0.038,0.0771,0.1659,0.2941,0.4249,0.1695,0.0948,0.1339,0.1461,0.2119,0.0925,0.0449,0.1063,-0.0692,0.1198,0.9982
04595_00815,45.95,8.15,14161,1413.2,467.2,2310.4,406.3,29.94,0.0,0.0243,0.1081,0.165,0.3429,0.2914,0.0683,0.1474,0.1145,0.1234,0.1399,0.1116,0.104,0.0963,0.163,0.0601,0.0175,0.9977
04595_00825,45.95,8.25,14280,1458.8,207.5,2390.0,421.5,28.93,0.0165,0.0244,0.057,0.1491,0.3456,0.3296,0.0778,0.1477,0.1684,0.1519,0.1187,0.0906,0.1006,0.0882,0.1339,0.1229,0.1058,0.9896
04595_00835,45.95,8.35,14280,1006.4,197.5,2141.7,497.7,25.5,0.1484,0.076,0.1889,0.2082,0.248,0.1228,0.0076,0.1827,0.133,0.1533,0.13,0.1066,0.1152,0.0874,0.0918,0.061,0.1105,0.8966
04595_00845,45.95,8.45,14280,478.1,193.0,1476.0,285.0,18.45,0.3926,0.2973,0.2078,0.0852,0.0171,0.0,0.0,0.0896,0.1598,0.2212,0.0839,0.1126,0.1552,0.1057,0.072,-0.0327,0.1309,0.7705
04595_00855,45.95,8.55,14399,437.4,193.0,1468.3,285.1,11.23,0.4782,0.2621,0.1654,0.0807,0.0137,0.0,0.0,0.0458,0.0708,0.0901,0.1575,0.3115,0.1798,0.0787,0.0658,-0.413,0.0044,0.632
04595_00865,45.95,8.65,14161,405.1,193.0,1234.4,268.7,11.51,0.5567,0.187,0.1866,0.0692,0.0006,0.0,0.0,0.133,0.0536,0.0632,0.2156,0.1707,0.0905,0.0869,0.1864,-0.0787,-0.0226,0.5687
04595_00875,45.95,8.75,14280,450.0,193.0,1185.3,208.9,13.45,0.2857,0.4987,0.1746,0.0409,0.0,0.0,0.0,0.1237,0.1142,0.1119,0.101,0.1068,0.1306,0.1487,0.1632,0.0436,-0.0936,0.8511
04595_00885,45.95,8.85,14280,530.3,247.2,1116.1,196.4,14.18,0.1793,0.477,0.3014,0.0423,0.0,0.0,0.0,0.1225,0.1192,0.1914,0.1552,0.092,0.1079,0.1274,0.0845,-0.0111,0.1317,0.8567
04595_00895,45.95,8.95,14280,467.1,270.0,1316.1,223.2,15.89,0.3692,0.3723,0.2064,0.0463,0.0058,0.0,0.0,0.0662,0.0381,0.1396,0.1283,0.0532,0.0771,0.2487,0.2488,0.0777,-0.2248,0.7096
04595_00905,45.95,9.05,14399,946.3,270.0,1661.1,239.9,19.93,0.0085,0.0585,0.3717,0.4141,0.1454,0.0018,0.0,0.1241,0.156,0.1661,0.1339,0.0881,0.1031,0.1039,0.1248,0.0707,0.1111,0.9858
04595_00915,45.95,9.15,14161,707.5,197.0,1590.3,398.9,20.43,0.2735,0.1494,0.1878,0.2699,0.1194,0.0,0.0,0.1251,0.0571,0.1297,0.1798,0.1394,0.1247,0.1419,0.1023,-0.1298,-0.0096,0.8088
04595_00925,45.95,9.25,14280,554.8,197.0,1663.1,387.1,14.16,0.4398,0.137,0.2197,0.1172,0.0851,0.0013,0.0,0.1224,0.1933,0.2195,0.1046,0.0705,0.0565,0.0971,0.1361,0.1782,0.1988,0.6682
04595_00935,45.95,9.35,14280,1011.4,197.0,2388.3,533.9,23.61,0.1368,0.1245,0.1587,0.2041,0.2223,0.1194,0.0342,0.0989,0.0951,0.0488,0.0644,0.09,0.2156,0.2633,0.1239,-0.0298,-0.3513,0.9165
04595_00945,45.95,9.45,14280,1068.4,475.9,2195.6,343.1,22.41,0.0,0.081,0.2723,0.3076,0.2541,0.0798,0.0053,0.0936,0.1396,0.1409,0.1058,0.0959,0.1749,0.1564,0.0929,-0.0361,-0.032,0.9629
04595_00955,45.95,9.55,14399,1377.7,639.5,2138.6,295.6,24.0,0.0,0.0,0.0529,0.2386,0.466,0.2337,0.0088,0.0903,0.1091,0.1589,0.161,0.1532,0.1384,0.1054,0.0836,-0.1446,0.0915,0.9953
04595_00965,45.95,9.65,14161,1007.4,420.0,1977.6,325.5,25.73,0.0,0.0936,0.3319,0.31,0.2048,0.0597,0.0,0.099,0.1102,0.1455,0.1355,0.1259,0.1414,0.1439,0.0986,-0.0766,0.0055,0.9929
04595_00975,45.95,9.75,14280,1407.6,516.2,2389.9,406.5,27.86,0.0,0.0118,0.1155,0.2048,0.3151,0.2788,0.074,0.1037,0.0423,0.0845,0.1373,0.1513,0.1529,0.1511,0.1769,-0.1047,-0.1784,0.9954
04595_00985,45.95,9.85,14280,1710.3,800.8,2548.9,353.8,26.01,0.0,0.0,0.0087,0.0821,0.2838,0.4067,0.2188,0.1113,0.1311,0.1218,0.1272,0.2379,0.1285,0.08,0.0622,-0.1751,0.0951,0.9955
04595_00995,45.95,9.95,14280,1178.6,502.5,2203.5,354.9,25.66,0.0,0.0389,0.2063,0.2901,0.3342,0.1203,0.0102,0.0787,0.0434,0.1484,0.1607,0.17,0.1176,0.1561,0.1251,-0.1723,-0.0344,0.9917
04595_01005,45.95,10.05,14399,1466.9,727.8,2468.1,399.1,23.09,0.0,0.0,0.0646,0.2417,0.3164,0.2648,0.1125,0.0802,0.1282,0.1072,0.1769,0.2093,0.1197,0.0968,0.0817,-0.1945,0.0852,0.9947
04595_01015,45.95,10.15,14161,1292.9,224.5,2451.7,400.8,26.02,0.0042,0.0249,0.1294,0.2854,0.3371,0.1683,0.0505,0.1061,0.0985,0.09,0.1525,0.1667,0.1112,0.1525,0.1225,-0.0936,-0.0529,0.9953
04595_01025,45.95,10.25,14280,834.1,224.5,2053.1,422.9,20.76,0.1383,0.2062,0.2092,0.2301,0.1793,0.0363,0.0005,0.1116,0.0868,0.1109,0.218,0.1487,0.1039,0.0811,0.139,-0.1072,0.0741,0.9027
04595_01035,45.95,10.35,14280,1213.8,284.0,2412.4,553.4,24.48,0.0146,0.1582,0.1596,0.1588,0.2286,0.1902,0.09,0.1695,0.0792,0.0427,0.0726,0.0798,0.162,0.1932,0.2011,0.1307,-0.3117,0.9806
04595_01045,45.95,10.45,14280,2058.9,1166.0,2799.8,308.9,24.19,0.0,0.0,0.0,0.0018,0.0814,0.3445,0.5724,0.0843,0.0733,0.1569,0.139,0.0966,0.1206,0.2087,0.1205,-0.0522,-0.0714,0.9915
04595_01055,45.95,10.55,14399,1659.9,576.8,2506.5,384.2,26.44,0.0,0.0001,0.0273,0.1233,0.2528,0.3886,0.2079,0.1239,0.1604,0.1987,0.1347,0.1214,0.127,0.0642,0.0697,-0.0186,0.2155,0.9969
04595_01065,45.95,10.65,14161,1212.4,449.4,2283.7,400.8,25.19,0.0,0.0546,0.2018,0.2486,0.3141,0.1537,0.0273,0.0787,0.0641,0.1301,0.1917,0.1478,0.0769,0.1368,0.1739,-0.093,-0.0082,0.9906
04595_01075,45.95,10.75,14280,1448.8,723.1,2148.6,318.8,27.99,0.0,0.0,0.044,0.2058,0.3873,0.3427,0.0202,0.0915,0.1303,0.1606,0.1291,0.1041,0.1119,0.155,0.1174,-0.0088,0.0324,0.9946
04595_01085,45.95,10.85,14280,748.7,76.5,1791.8,411.3,21.86,0.1875,0.1467,0.2947,0.2331,0.1253,0.0127,0.0,0.0439,0.0748,0.2176,0.2342,0.0612,0.089,0.1559,0.1235,-0.0975,0.1354,0.8739
04595_01095,45.95,10.95,14280,816.2,95.5,2044.2,474.8,20.49,0.1845,0.1903,0.2192,0.1555,0.1866,0.063,0.0009,0.0768,0.0558,0.1016,0.1339,0.0349,0.0882,0.2159,0.2929,0.1249,-0.2655,0.9364
04595_01105,45.95,11.05,14399,769.2,168.5,2143.3,492.7,20.22,0.2432,0.1854,0.1794,0.2004,0.12,0.0629,0.0088,0.0644,0.0483,0.1617,0.3125,0.1319,0.0509,0.0908,0.1395,-0.1901,0.1988,0.8719
04595_01115,45.95,11.15,14161,1054.8,174.0,2120.3,518.6,22.01,0.1241,0.0959,0.1498,0.2143,0.2374,0.1687,0.0099,0.1433,0.1036,0.0265,0.0529,0.0934,0.1644,0.2422,0.1738,0.092,-0.3556,0.9199
04595_01125,45.95,11.25,14280,1032.9,441.9,1880.7,300.3,17.73,0.0,0.1129,0.2147,0.334,0.3291,0.0094,0.0,0.1516,0.1986,0.1721,0.0996,0.0867,0.0829,0.0765,0.1318,0.1741,0.1554,0.9223
04595_01135,45.95,11.35,14280,1305.8,415.7,2032.4,348.8,18.3,0.0,0.0648,0.0931,0.1307,0.5651,0.1459,0.0004,0.1275,0.1143,0.0646,0.0748,0.1323,0.2076,0.1621,0.1168,-0.0436,-0.1981,0.9676
04595_01145,45.95,11.45,14280,1641.6,963.5,2324.3,286.6,18.64,0.0,0.0,0.0,0.0655,0.387,0.4231,0.1244,0.0854,0.0702,0.1786,0.1776,0.1107,0.17,0.1395,0.068,-0.1789,0.0448,0.9852
04595_01155,45.95,11.55,14399,1572.2,1123.3,2058.3,168.2,11.46,0.0,0.0,0.0,0.0178,0.5193,0.4594,0.0035,0.0673,0.1213,0.2263,0.1894,0.1382,0.1282,0.0912,0.0381,-0.1887,0.2442,0.9451
04595_01165,45.95,11.65,14161,1164.7,173.9,1811.0,365.3,19.2,0.0556,0.0477,0.0818,0.2328,0.5326,0.0496,0.0,0.098,0.2091,0.1921,0.1268,0.0991,0.1132,0.1089,0.0529,0.0174,0.2071,0.9309
04595_01175,45.95,11.75,14280,692.7,175.8,1476.2,329.8,22.16,0.1326,0.3083,0.2868,0.1741,0.0982,0.0,0.0,0.1032,0.1188,0.1275,0.1448,0.0955,0.0988,0.1579,0.1535,0.0314,-0.0217,0.9494
04595_01185,45.95,11.85,14280,857.6,290.0,1667.2,325.8,24.15,0.0008,0.2626,0.295,0.2756,0.1613,0.0046,0.0,0.1492,0.1114,0.1535,0.1354,0.0809,0.0542,0.1295,0.1859,0.1484,0.0279,0.977
04595_01195,45.95,11.95,14280,602.2,170.5,1577.0,343.6,23.01,0.2644,0.2966,0.2178,0.1511,0.0702,0.0,0.0,0.1314,0.1005,0.1165,0.1357,0.1156,0.1517,0.1445,0.1041,-0.046,-0.0444,0.9333
04595_01205,45.95,12.05,14399,837.9,170.1,1562.6,371.2,20.44,0.1142,0.181,0.2149,0.3023,0.1876,0.0,0.0,0.0839,0.1169,0.1359,0.1784,0.1403,0.1296,0.1264,0.0885,-0.128,0.0645,0.9862
04595_01215,45.95,12.15,14161,351.5,129.0,1268.6,227.8,13.91,0.5971,0.2549,0.1052,0.0374,0.0054,0.0,0.0,0.0794,0.064,0.1391,0.2289,0.1855,0.1145,0.0965,0.0921,-0.2425,0.1128,0.7855
04595_01225,45.95,12.25,14280,221.0,66.1,980.1,116.4,8.93,0.8166,0.1682,0.0141,0.0011,0.0,0.0,0.0,0.0646,0.0979,0.1683,0.1816,0.1398,0.139,0.108,0.1007,-0.163,0.0911,0.7788
04595_01235,45.95,12.35,14280,104.5,37.4,566.7,56.0,2.67,0.9878,0.0122,0.0,0.0,0.0,0.0,0.0,0.0198,0.0881,0.1629,0.1399,0.1674,0.2756,0.1145,0.0317,-0.3652,-0.0089,0.2648
04595_01245,45.95,12.45,14280,94.0,17.0,859.3,147.3,3.29,0.9099,0.064,0.0261,0.0,0.0,0.0,0.0,0.0201,0.0288,0.1387,0.2839,0.2715,0.2043,0.0353,0.0173,-0.5742,0.1788,0.2262
04595_01255,45.95,12.55,14399,29.2,9.5,77.2,12.5,0.5,1.0,0.0,0.0,0.0,0.0,0.0,0.0,0.1212,0.0,0.1818,0.1515,0.0606,0.1515,0.1818,0.1515,-0.0535,-0.1014,0.0023
04595_01265,45.95,12.65,14161,31.9,7.5,84.2,18.1,0.66,1.0,0.0,0.0,0.0,0.0,0.0,0.0,0.0778,0.0111,0.2111,0.2,0.0444,0.1,0.3111,0.0444,-0.1786,-0.0579,0.0064
04595_01275,45.95,12.75,14280,28.8,13.0,58.7,9.1,0.44,1.0,0.0,0.0,0.0,0.0,0.0,0.0,0.0833,0.25,0.1944,0.0833,0.1111,0.1111,0.1389,0.0278,0.0368,0.1618,0.0025
04595_01285,45.95,12.85,14280,40.0,20.7,64.1,9.6,0.33,1.0,0.0,0.0,0.0,0.0,0.0,0.0,0.037,0.1852,0.4444,0.1111,0.0741,0.0,0.1481,0.0,0.0916,0.4849,0.0019
04595_01295,45.95,12.95,14280,40.4,19.3,67.2,10.8,0.43,1.0,0.0,0.0,0.0,0.0,0.0,0.0,0.0,0.1333,0.1667,0.0833,0.0667,0.2667,0.2167,0.0667,-0.1962,-0.1533,0.0042
04595_01305,45.95,13.05,14280,38.3,13.7,69.6,13.5,0.53,1.0,0.0,0.0,0.0,0.0,0.0,0.0,0.015,0.0977,0.2707,0.0602,0.1203,0.0752,0.2406,0.1203,-0.0471,-0.0161,0.0093
04595_01315,45.95,13.15,14280,40.1,17.5,83.5,13.6,0.41,1.0,0.0,0.0,0.0,0.0,0.0,0.0,0.0175,0.0351,0.2281,0.2105,0.0175,0.1228,0.2281,0.1404,-0.123,-0.0023,0.004
04595_01325,45.95,13.25,14280,45.2,17.0,80.0,14.6,0.39,1.0,0.0,0.0,0.0,0.0,0.0,0.0,0.0,0.0,0.0,0.0,0.0,0.8333,0.1667,0.0,-0.4423,-0.8835,0.0004
04595_01335,45.95,13.35,14280,45.5,19.5,143.0,13.6,0.55,1.0,0.0,0.0,0.0,0.0,0.0,0.0,0.0061,0.0485,0.2303,0.0667,0.2303,0.2424,0.1333,0.0424,-0.3766,-0.0279,0.0116
04595_01345,45.95,13.45,14280,58.3,19.0,264.7,32.0,2.07,1.0,0.0,0.0,0.0,0.0,0.0,0.0,0.0884,0.1084,0.1627,0.1036,0.1394,0.1646,0.1165,0.1165,-0.0744,0.0014,0.1894
04595_01355,45.95,13.55,14280,84.5,28.0,276.3,47.1,3.81,1.0,0.0,0.0,0.0,0.0,0.0,0.0,0.0752,0.0815,0.1267,0.1551,0.1322,0.1362,0.1745,0.1186,-0.1234,-0.0593,0.4451
04595_01365,45.95,13.65,14280,161.3,43.3,680.1,127.7,7.46,0.8379,0.1582,0.0039,0.0,0.0,0.0,0.0,0.0612,0.1284,0.0962,0.1111,0.1318,0.2226,0.1562,0.0925,-0.161,-0.115,0.6226
04605_00805,46.05,8.05,14520,2375.3,1030.1,3534.5,496.8,27.87,0.0,0.0,0.0,0.0149,0.0624,0.1523,0.7703,0.1441,0.1141,0.1582,0.1668,0.0955,0.0915,0.1092,0.1206,0.0331,0.1013,0.9959
04605_00815,46.05,8.15,14280,1483.9,443.0,2680.3,484.0,30.4,0.0,0.027,0.1162,0.1555,0.2719,0.2664,0.163,0.1354,0.13,0.1034,0.1912,0.1789,0.1264,0.0584,0.0764,-0.1252,0.1321,0.9953
04605_00825,46.05,8.25,14400,685.0,208.0,1880.3,422.4,22.23,0.2933,0.2024,0.2002,0.1584,0.119,0.0267,0.0,0.1429,0.1142,0.1669,0.1814,0.1197,0.0898,0.0931,0.092,-0.0245,0.1628,0.7713
04605_00835,46.05,8.35,14400,1248.3,209.3,2275.1,495.0,29.76,0.0523,0.0782,0.129,0.1626,0.2838,0.2682,0.0259,0.108,0.0953,0.0579,0.1056,0.1647,0.1615,0.1857,0.1211,-0.0981,-0.1926,0.9676
04605_00845,46.05,8.45,14400,1391.4,443.8,2233.3,375.7,30.36,0.0,0.0158,0.1019,0.1897,0.3704,0.2831,0.0391,0.0837,0.1021,0.1857,0.1448,0.1243,0.1425,0.1289,0.088,-0.1092,0.0707,0.998
04605_00855,46.05,8.55,14520,1174.6,424.9,2135.7,329.4,28.37,0.0,0.0293,0.1988,0.308,0.3539,0.1068,0.0032,0.1013,0.1128,0.1641,0.1526,0.1322,0.0824,0.1028,0.1518,-0.0119,0.0841,0.9977
04605_00865,46.05,8.65,14280,785.0,193.0,1700.1,357.7,22.91,0.1449,0.173,0.2508,0.3046,0.1251,0.0017,0.0,0.1302,0.1046,0.1852,0.1667,0.1904,0.0871,0.0677,0.0681,-0.1164,0.2011,0.9006
04605_00875,46.05,8.75,14400,502.3,193.0,1583.0,332.6,13.65,0.4047,0.2622,0.1722,0.1207,0.0403,0.0,0.0,0.0751,0.0564,0.0645,0.088,0.1669,0.1868,0.1863,0.1761,-0.1228,-0.2835,0.6558
04605_00885,46.05,8.85,14400,1010.0,290.4,1917.0,325.0,22.6,0.0004,0.0956,0.3206,0.2863,0.2598,0.0373,0.0,0.0627,0.0708,0.1495,0.1776,0.1494,0.1451,0.1382,0.1067,-0.2014,0.0105,0.9888
04605_00905,46.05,9.05,14520,931.5,270.0,1795.8,409.2,21.42,0.1475,0.0972,0.1733,0.2837,0.2767,0.0216,0.0,0.1031,0.0644,0.0788,0.1842,0.1874,0.1215,0.105,0.1555,-0.1492,-0.0412,0.8808
04605_00915,46.05,9.15,14280,895.4,270.0,1934.8,383.0,23.53,0.0943,0.1657,0.2219,0.273,0.2273,0.0178,0.0,0.1343,0.1101,0.0913,0.1206,0.1614,0.1649,0.1139,0.1035,-0.079,-0.05,0.9277
04605_00925,46.05,9.25,14400,601.4,197.0,2089.9,493.9,14.73,0.4351,0.1976,0.1258,0.0775,0.106,0.0542,0.0038,0.0471,0.0966,0.2711,0.219,0.1272,0.117,0.0663,0.0556,-0.2137,0.3109,0.6304
04605_00935,46.05,9.35,14400,875.1,197.0,2088.0,386.0,25.04,0.081,0.1845,0.2629,0.2539,0.1907,0.0263,0.0007,0.108,0.1199,0.0435,0.0614,0.1412,0.2045,0.1954,0.1261,-0.0479,-0.2654,0.9347
04605_00945,46.05,9.45,14400,1600.5,674.4,2584.8,364.2,29.43,0.0,0.0,0.033,0.1145,0.3383,0.3733,0.1409,0.1351,0.1178,0.0738,0.0953,0.1303,0.1656,0.1679,0.1141,-0.0134,-0.1419,0.9986
04605_00955,46.05,9.55,14520,1706.2,560.2,2510.2,383.6,27.94,0.0,0.0007,0.0322,0.0884,0.2301,0.3963,0.2523,0.1194,0.1772,0.1775,0.1109,0.0751,0.1183,0.139,0.0827,0.0707,0.1043,0.9975
04605_00965,46.05,9.65,14280,1665.4,750.3,2403.5,331.1,27.43,0.0,0.0,0.0138,0.0893,0.2954,0.4291,0.1725,0.0786,0.1207,0.1574,0.1042,0.0995,0.155,0.1748,0.1099,-0.0462,-0.046,0.9982
04605_00975,46.05,9.75,14400,1815.2,825.4,2477.7,322.8,27.18,0.0,0.0,0.0038,0.0431,0.1951,0.4393,0.3186,0.073,0.1319,0.152,0.0963,0.1051,0.1536,0.1917,0.0965,-0.0425,-0.0584,0.9971
04605_00985,46.05,9.85,14400,2056.2,1235.8,2687.3,264.8,27.34,0.0,0.0,0.0,0.0,0.064,0.3168,0.6192,0.1093,0.0803,0.1899,0.0715,0.125,0.0648,0.2151,0.1441,0.0535,-0.0642,0.9949
04605_00995,46.05,9.95,14400,1890.4,716.7,3003.0,510.2,31.16,0.0,0.0,0.0415,0.0744,0.1689,0.2623,0.4529,0.1025,0.131,0.1478,0.1248,0.1412,0.1098,0.1353,0.1075,-0.0429,0.0416,0.9964
04605_01005,46.05,10.05,14520,2010.3,864.1,3044.3,459.4,28.73,0.0,0.0,0.0048,0.0395,0.1679,0.257,0.5308,0.1007,0.066,0.0808,0.1571,0.1736,0.0926,0.1455,0.1837,-0.0713,-0.1053,0.9955
04605_01015,46.05,10.15,14280,1913.5,897.5,2869.0,419.2,26.95,0.0,0.0,0.0001,0.0773,0.1699,0.2675,0.4852,0.0819,0.0901,0.1504,0.156,0.1443,0.1203,0.1235,0.1336,-0.0988,0.025,0.9919
04605_01025,46.05,10.25,14400,1780.0,698.1,2688.6,376.3,27.62,0.0,0.0,0.0108,0.0612,0.2332,0.4144,0.2803,0.1227,0.1143,0.1342,0.1857,0.1828,0.0804,0.0831,0.0966,-0.0998,0.1396,0.9981
04605_01035,46.05,10.35,14400,976.7,332.5,2193.2,422.0,23.8,0.0,0.2319,0.2367,0.2347,0.2049,0.0817,0.0101,0.0869,0.0641,0.178,0.1033,0.1371,0.1367,0.2119,0.082,-0.117,-0.0773,0.9771
04605_01045,46.05,10.45,14400,1988.2,770.8,2832.5,441.9,28.33,0.0,0.0,0.0085,0.0535,0.1464,0.2397,0.5519,0.1569,0.0889,0.0532,0.1305,0.1859,0.1044,0.1081,0.1721,-0.0134,-0.0973,0.9972
04605_01055,46.05,10.55,14520,2233.5,1210.4,3020.2,345.0,26.95,0.0,0.0,0.0,0.0,0.0393,0.2247,0.7361,0.0641,0.0402,0.1506,0.2246,0.0977,0.0863,0.1714,0.1652,-0.1211,-0.0199,0.9922
04605_01065,46.05,10.65,14280,1709.5,754.7,2877.5,425.9,26.02,0.0,0.0,0.0105,0.1095,0.3099,0.3122,0.258,0.1079,0.2078,0.1891,0.1412,0.1927,0.1049,0.0118,0.0446,-0.0829,0.3289,0.9967
04605_01075,46.05,10.75,14400,1077.4,466.3,1960.8,365.5,24.54,0.0,0.1014,0.2635,0.2569,0.2752,0.1031,0.0,0.1064,0.0775,0.1563,0.1791,0.0868,0.0512,0.1635,0.1792,0.045,0.0177,0.9699
04605_01085,46.05,10.85,14400,961.5,377.3,2469.5,451.8,22.11,0.0,0.2422,0.3183,0.179,0.1414,0.0826,0.0366,0.0716,0.0859,0.1919,0.1695,0.156,0.104,0.1436,0.0776,-0.1563,0.1033,0.9536
04605_01095,46.05,10.95,14400,730.0,225.5,1841.1,396.0,21.44,0.1567,0.3044,0.2425,0.1401,0.1284,0.0278,0.0,0.0219,0.0593,0.1216,0.2087,0.0909,0.0699,0.2509,0.1768,-0.0982,-0.1219,0.9051
04605_01105,46.05,11.05,14520,1002.1,175.6,2078.3,425.2,20.6,0.0167,0.22,0.2145,0.2072,0.2477,0.0924,0.0014,0.1559,0.1311,0.1775,0.1003,0.0503,0.044,0.1743,0.1667,0.2152,0.0211,0.9632
04605_01115,46.05,11.15,14280,541.4,178.5,1724.8,346.9,14.38,0.3292,0.303,0.2057,0.0988,0.0573,0.006,0.0,0.0472,0.0855,0.1102,0.0871,0.1068,0.139,0.2968,0.1274,-0.0723,-0.2592,0.7949
04605_01125,46.05,11.25,14400,732.5,409.1,1706.3,281.0,15.56,0.0,0.4407,0.2969,0.1847,0.0732,0.0045,0.0,0.0739,0.1164,0.1411,0.0983,0.135,0.2175,0.1454,0.0723,-0.1523,-0.0567,0.8219
04605_01135,46.05,11.35,14400,1243.9,413.3,2370.9,539.9,20.1,0.0,0.1989,0.0945,0.1633,0.2326,0.2289,0.0817,0.0921,0.0433,0.0801,0.2154,0.2308,0.0868,0.1018,0.1497,-0.2219,-0.0106,0.9464
04605_01145,46.05,11.45,14400,936.9,346.6,2209.3,436.1,20.1,0.0,0.2746,0.2459,0.2203,0.1694,0.0656,0.0243,0.1575,0.0745,0.0996,0.2226,0.1814,0.0462,0.0545,0.1637,-0.0485,0.1136,0.9328
04605_01155,46.05,11.55,14520,974.9,261.7,2108.6,492.7,23.23,0.0426,0.2424,0.2016,0.1762,0.204,0.1174,0.0159,0.1332,0.1585,0.0709,0.1005,0.1958,0.1881,0.0749,0.0781,-0.0932,-0.0152,0.9143
04605_01165,46.05,11.65,14280,1017.3,233.3,2054.3,346.1,23.44,0.0671,0.0454,0.2099,0.4022,0.2332,0.0398,0.0024,0.0963,0.1684,0.1536,0.085,0.1315,0.1853,0.1389,0.0411,-0.0838,0.0398,0.9476
04605_01175,46.05,11.75,14400,906.0,286.9,2023.3,383.5,22.83,0.0082,0.2334,0.3161,0.2344,0.1356,0.0712,0.0011,0.1176,0.1402,0.1305,0.1238,0.1572,0.1196,0.1235,0.0875,-0.0548,0.0403,0.9646
04605_01185,46.05,11.85,14400,876.4,261.2,2236.9,494.4,19.36,0.0831,0.2838,0.1799,0.2086,0.1449,0.0773,0.0225,0.053,0.092,0.1526,0.2406,0.1805,0.136,0.073,0.0723,-0.28,0.1734,0.8511
04605_01195,46.05,11.95,14400,450.7,213.0,1800.1,267.6,11.04,0.2798,0.5602,0.081,0.0424,0.0303,0.0062,0.0,0.0809,0.0947,0.101,0.2305,0.2348,0.0861,0.0846,0.0875,-0.2568,0.1227,0.7005
04605_01205,46.05,12.05,14520,439.4,238.0,1182.0,204.8,9.07,0.3438,0.4526,0.1636,0.04,0.0,0.0,0.0,0.2124,0.1068,0.0949,0.1093,0.0459,0.0544,0.1538,0.2225,0.2872,-0.1041,0.6206
04605_01215,46.05,12.15,14280,605.1,282.0,1346.8,244.2,11.21,0.0275,0.5208,0.3055,0.1326,0.0137,0.0,0.0,0.1832,0.1608,0.0754,0.02,0.0371,0.0981,0.1979,0.2276,0.3502,-0.2268,0.814
04605_01225,46.05,12.25,14400,892.4,146.2,1745.4,341.5,18.84,0.0632,0.1378,0.3173,0.2985,0.1676,0.0156,0.0,0.1011,0.0834,0.0836,0.1704,0.0738,0.0963,0.197,0.1945,0.0388,-0.1429,0.971
04605_01235,46.05,12.35,14400,883.3,160.5,1650.6,407.5,19.27,0.0756,0.2581,0.1631,0.18,0.3215,0.0016,0.0,0.0548,0.08,0.1479,0.1851,0.1267,0.1348,0.1047,0.166,-0.131,0.0187,0.9632
04605_01245,46.05,12.45,14400,938.1,23.2,1755.5,423.3,14.38,0.1382,0.0641,0.0933,0.4301,0.2581,0.0162,0.0,0.0427,0.0477,0.1755,0.2582,0.1642,0.1072,0.1143,0.0902,-0.2858,0.1444,0.8983
04605_01255,46.05,12.55,14520,287.8,27.7,1633.3,333.6,7.74,0.7367,0.1069,0.0691,0.0565,0.03,0.0008,0.0,0.0109,0.026,0.1586,0.4499,0.2328,0.0517,0.0414,0.0287,-0.5531,0.4016,0.4372
04605_01265,46.05,12.65,14280,142.2,59.0,226.2,41.3,0.84,1.0,0.0,0.0,0.0,0.0,0.0,0.0,0.0,0.0784,0.0784,0.1569,0.1373,0.4118,0.1373,0.0,-0.478,-0.2013,0.0036
04605_01275,46.05,12.75,14400,119.4,47.7,221.4,42.0,0.88,1.0,0.0,0.0,0.0,0.0,0.0,0.0,0.0,0.0,0.871,0.0323,0.0645,0.0323,0.0,0.0,-0.0072,0.8764,0.0022
04605_01285,46.05,12.85,14400,92.0,51.0,150.3,23.8,0.53,1.0,0.0,0.0,0.0,0.0,0.0,0.0,0.0,0.0833,0.1389,0.5833,0.1111,0.0,0.0833,0.0,-0.3937,0.6058,0.0025
04605_01295,46.05,12.95,14400,90.1,57.0,137.7,18.4,0.52,1.0,0.0,0.0,0.0,0.0,0.0,0.0,0.0,0.0,0.1925,0.2406,0.0,0.0107,0.4064,0.1497,-0.0013,-0.1447,0.013
04605_01305,46.05,13.05,14400,97.3,62.9,148.1,20.7,0.52,1.0,0.0,0.0,0.0,0.0,0.0,0.0,0.0,0.0441,0.3603,0.0,0.0,0.3456,0.25,0.0,-0.1494,-0.1487,0.0094
04605_01315,46.05,13.15,14400,99.4,59.3,150.7,20.6,0.54,1.0,0.0,0.0,0.0,0.0,0.0,0.0,0.0,0.0,0.75,0.0,0.0,0.0,0.25,0.0,-0.3348,0.4684,0.0003
04605_01325,46.05,13.25,14400,99.3,67.2,141.4,16.6,0.54,1.0,0.0,0.0,0.0,0.0,0.0,0.0,0.1667,0.1042,0.1667,0.0625,0.0625,0.1667,0.2083,0.0625,0.0637,-0.0606,0.0033
04605_01335,46.05,13.35,14400,98.3,63.1,144.7,14.1,0.86,1.0,0.0,0.0,0.0,0.0,0.0,0.0,0.0751,0.095,0.2354,0.0862,0.0475,0.2122,0.1724,0.0762,-0.0528,-0.0144,0.0628
04605_01345,46.05,13.45,14400,138.3,66.6,449.2,51.5,4.74,0.9772,0.0228,0.0,0.0,0.0,0.0,0.0,0.0755,0.0507,0.131,0.1429,0.1241,0.1238,0.204,0.1479,-0.096,-0.1274,0.5014
04605_01355,46.05,13.55,14400,335.5,77.0,811.9,165.6,14.26,0.4933,0.4168,0.0899,0.0,0.0,0.0,0.0,0.0878,0.0464,0.0979,0.1521,0.1902,0.1235,0.1344,0.1676,-0.1497,-0.1056,0.9657
04615_00815,46.15,8.15,14280,1806.5,716.2,2669.3,414.8,28.89,0.0,0.0,0.0167,0.0823,0.2085,0.3152,0.3773,0.1672,0.1149,0.1261,0.1679,0.1202,0.0619,0.0788,0.163,0.0851,0.0883,0.9975
04615_00825,46.15,8.25,14400,1170.1,245.9,2520.6,582.3,27.17,0.0616,0.1507,0.1536,0.1685,0.209,0.1493,0.1073,0.1334,0.1775,0.1643,0.1723,0.1333,0.1049,0.0687,0.0456,-0.0372,0.2477,0.939
04615_00835,46.15,8.35,14400,886.5,245.0,1996.3,437.1,23.83,0.0881,0.2343,0.2011,0.2043,0.2147,0.0575,0.0,0.112,0.0472,0.0619,0.1352,0.1118,0.1301,0.2062,0.1955,-0.0183,-0.2554,0.887
04615_00845,46.15,8.45,14400,1427.6,695.2,2428.8,407.9,24.45,0.0,0.0,0.1277,0.2065,0.2999,0.2751,0.0908,0.1566,0.0834,0.106,0.1827,0.1749,0.1122,0.084,0.1002,-0.1,0.059,0.9736
04615_00855,46.15,8.55,14520,1227.1,539.0,2053.1,332.8,25.04,0.0,0.0059,0.186,0.2936,0.3563,0.1562,0.0019,0.1649,0.0929,0.1134,0.1511,0.1816,0.0799,0.0631,0.153,-0.0033,0.0598,0.9917
04615_00865,46.15,8.65,14280,1057.1,193.0,2151.2,403.9,28.21,0.0032,0.1302,0.2646,0.2521,0.2408,0.0982,0.0109,0.1729,0.1215,0.1328,0.1501,0.1363,0.0715,0.0761,0.1389,0.0702,0.1058,0.9962
04615_00875,46.15,8.75,14400,444.4,193.0,1605.1,329.4,14.52,0.5385,0.1966,0.1308,0.0972,0.0368,0.0001,0.0,0.1069,0.0935,0.0855,0.2397,0.1682,0.0931,0.0629,0.1501,-0.1196,0.1002,0.5861
04615_00905,46.15,9.05,14520,1195.6,214.5,2203.6,494.4,24.56,0.0826,0.0787,0.0987,0.1757,0.3438,0.2015,0.0191,0.1604,0.1027,0.0464,0.0577,0.1267,0.167,0.1365,0.2027,0.0954,-0.243,0.9413
04615_00915,46.15,9.15,14280,1624.5,789.8,2293.3,279.8,27.16,0.0,0.0,0.0043,0.0787,0.3532,0.4861,0.0777,0.1379,0.1298,0.1069,0.1133,0.1421,0.1243,0.1374,0.1083,-0.0047,-0.0218,0.9987
04615_00925,46.15,9.25,14400,987.6,197.0,2164.5,456.4,23.62,0.1066,0.1074,0.2026,0.2468,0.2422,0.0881,0.0063,0.1435,0.1796,0.1598,0.2087,0.1604,0.0955,0.0299,0.0226,-0.1005,0.3334,0.9199
04615_00935,46.15,9.35,14400,510.0,196.5,1564.6,351.7,14.94,0.4659,0.1681,0.1838,0.1356,0.0467,0.0,0.0,0.1532,0.0622,0.0807,0.1536,0.1871,0.0987,0.0931,0.1714,-0.0416,-0.0428,0.6688
04615_00945,46.15,9.45,14400,670.9,196.5,2242.5,500.8,20.71,0.3924,0.1492,0.1451,0.1299,0.123,0.0561,0.0043,0.2303,0.0968,0.0579,0.0848,0.1646,0.0593,0.1069,0.1994,0.1764,-0.1127,0.7026
04615_00955,46.15,9.55,14520,1054.8,204.0,2770.2,684.5,23.07,0.1823,0.1406,0.1725,0.1333,0.1202,0.1182,0.1329,0.1981,0.0801,0.0763,0.1215,0.2998,0.1037,0.0473,0.0732,-0.1586,0.0426,0.8714
04615_00965,46.15,9.65,14280,893.6,235.3,2094.5,477.9,25.33,0.1532,0.1813,0.1947,0.1842,0.1943,0.0884,0.0039,0.2045,0.0751,0.0863,0.134,0.133,0.0984,0.1172,0.1517,0.0669,-0.0609,0.9032
04615_00975,46.15,9.75,14400,1049.9,264.0,2488.6,595.6,25.39,0.1475,0.1653,0.1216,0.1462,0.2075,0.145,0.0669,0.1672,0.1563,0.0906,0.0676,0.1785,0.1441,0.1319,0.0638,-0.0069,-0.0309,0.8974
04615_00985,46.15,9.85,14400,1049.5,272.5,2382.3,584.2,23.85,0.1115,0.1959,0.1431,0.135,0.2041,0.1446,0.0658,0.2265,0.0906,0.1159,0.1018,0.1566,0.0553,0.119,0.1343,0.1206,-0.0058,0.9058
04615_00995,46.15,9.95,14400,1099.8,288.5,2664.0,581.0,23.65,0.0369,0.2269,0.1519,0.171,0.1981,0.13,0.0851,0.1821,0.1438,0.0816,0.0978,0.1739,0.0818,0.1159,0.1231,0.0812,-0.0065,0.9469
04615_01005,46.15,10.05,14520,1148.4,350.5,2507.5,555.3,24.0,0.0,0.2128,0.1778,0.1437,0.2222,0.1729,0.0706,0.1741,0.1211,0.1114,0.0741,0.1667,0.0781,0.1343,0.1403,0.089,-0.0425,0.9216
04615_01015,46.15,10.15,14280,1400.2,373.5,2567.3,537.4,23.87,0.0,0.1209,0.0697,0.1282,0.3084,0.2356,0.1373,0.1379,0.0889,0.1017,0.0688,0.0853,0.0703,0.1557,0.2915,0.2285,-0.2019,0.9438
04615_01025,46.15,10.25,14400,1662.6,703.6,2601.4,421.3,25.53,0.0,0.0,0.0372,0.1312,0.252,0.3508,0.2287,0.1841,0.1474,0.1346,0.134,0.1456,0.0658,0.0901,0.0985,0.0703,0.1309,0.9961
04615_01035,46.15,10.35,14400,1253.5,480.9,2813.4,491.6,25.0,0.0,0.065,0.2285,0.2046,0.2488,0.1691,0.084,0.0977,0.0472,0.0736,0.1676,0.0776,0.1474,0.2044,0.1846,-0.0427,-0.2245,0.9677
04615_01045,46.15,10.45,14400,2429.2,1381.6,3510.7,340.0,28.38,0.0,0.0,0.0,0.0,0.008,0.1017,0.8903,0.11,0.0659,0.0943,0.1277,0.1546,0.1093,0.1552,0.183,-0.041,-0.135,0.989
04615_01055,46.15,10.55,14520,2767.9,1591.4,3417.6,345.1,23.08,0.0,0.0,0.0,0.0,0.0001,0.0293,0.9706,0.085,0.1065,0.1957,0.1464,0.0659,0.0847,0.1731,0.1427,0.0229,0.0348,0.9722
04615_01065,46.15,10.65,14280,2116.2,990.9,3196.7,460.2,27.29,0.0,0.0,0.0,0.0249,0.138,0.2232,0.6139,0.1135,0.1696,0.2012,0.1496,0.1803,0.078,0.04,0.0678,-0.0553,0.2916,0.9936
04615_01075,46.15,10.75,14400,1407.7,645.9,2710.0,455.0,25.7,0.0,0.0,0.1609,0.2119,0.2826,0.2297,0.1149,0.066,0.0794,0.1811,0.1681,0.1206,0.0848,0.1672,0.1328,-0.0859,0.0342,0.9636
04615_01085,46.15,10.85,14400,2003.1,1011.4,3126.3,450.5,29.51,0.0,0.0,0.0,0.031,0.1806,0.2888,0.4996,0.097,0.0931,0.1185,0.0949,0.0864,0.1523,0.2206,0.1372,-0.0021,-0.1783,0.9968
04615_01095,46.15,10.95,14400,1659.2,792.2,3117.3,519.4,26.06,0.0,0.0,0.076,0.1535,0.2467,0.2298,0.294,0.046,0.0904,0.2022,0.2632,0.1142,0.0674,0.0993,0.1173,-0.1505,0.229,0.9672
04615_01105,46.15,11.05,14520,960.5,179.9,2120.1,533.7,19.0,0.1884,0.0716,0.2241,0.2025,0.1629,0.1364,0.0141,0.0985,0.0986,0.2033,0.2211,0.0739,0.0355,0.0947,0.1744,0.0415,0.1896,0.8233
04615_01115,46.15,11.15,14280,588.0,191.2,1182.8,260.1,13.22,0.2116,0.2655,0.3973,0.1256,0.0,0.0,0.0,0.095,0.056,0.0637,0.0987,0.0928,0.1297,0.2658,0.1983,0.0214,-0.3406,0.8349
04615_01125,46.15,11.25,14400,992.9,357.5,1944.7,294.6,19.3,0.0,0.0874,0.2736,0.42,0.1873,0.0317,0.0,0.0609,0.0617,0.0999,0.17,0.0796,0.1161,0.2022,0.2096,-0.0331,-0.1758,0.9731
04615_01135,46.15,11.35,14400,1678.9,766.6,2438.4,356.7,22.91,0.0,0.0,0.0071,0.106,0.3034,0.3599,0.2235,0.0942,0.0968,0.0789,0.1035,0.1066,0.1236,0.2208,0.1756,0.0162,-0.22,0.9966
04615_01145,46.15,11.45,14400,1788.0,857.7,2529.0,293.8,24.23,0.0,0.0,0.0018,0.0408,0.209,0.4806,0.2678,0.1111,0.1584,0.1449,0.1387,0.1377,0.1338,0.0923,0.083,-0.0523,0.1071,0.9972
04615_01155,46.15,11.55,14520,1891.6,786.3,2636.9,289.1,24.43,0.0,0.0,0.0045,0.0184,0.1292,0.4564,0.3915,0.0741,0.0957,0.1534,0.1183,0.1071,0.1578,0.1712,0.1225,-0.0721,-0.0666,0.9975
04615_01165,46.15,11.65,14280,1717.2,746.7,2824.2,379.3,26.01,0.0,0.0,0.0239,0.0646,0.2855,0.4007,0.2252,0.0847,0.1466,0.2097,0.1457,0.0726,0.1092,0.1295,0.1021,0.0112,0.1421,0.9947
04615_01175,46.15,11.75,14400,1247.7,484.1,2409.6,390.9,26.91,0.0,0.0276,0.1891,0.2433,0.3537,0.1472,0.0392,0.0647,0.0964,0.1502,0.1607,0.1509,0.1411,0.1352,0.1007,-0.1616,0.0285,0.9919
04615_01185,46.15,11.85,14400,1321.2,620.2,2314.2,371.0,24.21,0.0,0.0,0.1327,0.27,0.3805,0.1541,0.0627,0.1267,0.0637,0.0908,0.1452,0.1222,0.0869,0.1372,0.2273,0.0542,-0.1187,0.9806
04615_01195,46.15,11.95,14400,1437.4,501.6,2448.3,398.3,28.41,0.0,0.0096,0.1038,0.1872,0.3033,0.3341,0.062,0.1169,0.1171,0.1248,0.1502,0.117,0.1098,0.1351,0.129,-0.01,0.0115,0.9929
04615_01205,46.15,12.05,14520,906.5,294.3,2139.3,500.7,23.73,0.0016,0.3616,0.1995,0.1554,0.1544,0.1136,0.0138,0.0788,0.0893,0.1849,0.2928,0.1228,0.1039,0.0677,0.0597,-0.2213,0.2792,0.8775
04615_01215,46.15,12.15,14280,581.3,298.0,1878.5,307.8,13.29,0.001,0.7234,0.1188,0.0856,0.0618,0.0095,0.0,0.0332,0.0458,0.117,0.2402,0.1672,0.1514,0.123,0.1221,-0.3013,0.0046,0.7419
04615_01225,46.15,12.25,14400,617.2,320.5,2070.0,311.4,11.34,0.0,0.6271,0.215,0.0983,0.0393,0.0197,0.0006,0.0875,0.0821,0.0767,0.1665,0.1195,0.0894,0.1548,0.2236,0.0002,-0.1282,0.7668
04615_01235,46.15,12.35,14400,667.1,367.5,1912.8,292.2,13.87,0.0,0.5344,0.2847,0.1171,0.0495,0.0144,0.0,0.0796,0.0922,0.1199,0.1155,0.1262,0.1932,0.1444,0.129,-0.105,-0.104,0.8207
04615_01245,46.15,12.45,14400,1298.7,520.0,2212.2,394.5,21.2,0.0,0.0074,0.1612,0.3069,0.2482,0.2435,0.0328,0.0963,0.0869,0.0635,0.049,0.1033,0.1964,0.2414,0.163,-0.0033,-0.3433,0.9817
04615_01255,46.15,12.55,14520,1046.4,228.6,2127.1,392.6,21.01,0.0098,0.168,0.1986,0.1888,0.3807,0.0518,0.0023,0.1344,0.1038,0.1775,0.206,0.0913,0.034,0.0759,0.1771,0.077,0.1764,0.9727
04615_01265,46.15,12.65,14280,475.5,212.1,1391.3,278.7,12.44,0.4375,0.277,0.1707,0.1032,0.0116,0.0,0.0,0.1526,0.0904,0.1701,0.2598,0.1156,0.1226,0.0339,0.0549,-0.1276,0.2591,0.5924
04615_01275,46.15,12.75,14400,253.9,147.1,854.9,80.6,3.18,0.8869,0.1049,0.0082,0.0,0.0,0.0,0.0,0.0296,0.1123,0.1964,0.276,0.1583,0.1473,0.0482,0.0318,-0.3266,0.3122,0.157
04615_01285,46.15,12.85,14400,189.6,116.0,403.9,43.0,2.25,0.9759,0.0241,0.0,0.0,0.0,0.0,0.0,0.0864,0.1186,0.1144,0.15,0.1623,0.1831,0.1131,0.072,-0.1782,0.0043,0.1639
04615_01295,46.15,12.95,14400,166.1,98.8,509.7,58.6,3.13,0.9658,0.0342,0.0,0.0,0.0,0.0,0.0,0.0503,0.0503,0.1898,0.1758,0.1616,0.1074,0.1614,0.1033,-0.2108,0.0405,0.269
04615_01305,46.15,13.05,14400,174.8,119.2,436.6,27.5,2.22,0.9982,0.0018,0.0,0.0,0.0,0.0,0.0,0.0843,0.1061,0.1643,0.1728,0.1204,0.0964,0.1446,0.111,-0.0707,0.0655,0.229
04615_01315,46.15,13.15,14400,184.9,119.5,269.3,23.3,2.3,1.0,0.0,0.0,0.0,0.0,0.0,0.0,0.0863,0.1386,0.0978,0.1508,0.1426,0.1623,0.1284,0.0933,-0.1197,-0.0116,0.2606
04615_01325,46.15,13.25,14400,173.3,115.9,419.3,41.7,2.32,0.9859,0.0141,0.0,0.0,0.0,0.0,0.0,0.0574,0.073,0.1635,0.1502,0.138,0.1446,0.1788,0.0945,-0.1709,-0.0297,0.2094
04615_01335,46.15,13.35,14400,303.9,109.9,1002.3,226.8,9.27,0.6479,0.2025,0.1342,0.0154,0.0,0.0,0.0,0.0714,0.0173,0.0801,0.1303,0.1821,0.1876,0.1841,0.1471,-0.2294,-0.2401,0.5826
04615_01345,46.15,13.45,14400,441.7,123.3,1159.6,252.9,15.54,0.3901,0.321,0.2404,0.0485,0.0,0.0,0.0,0.047,0.0859,0.1724,0.1758,0.1128,0.1589,0.1663,0.0807,-0.1913,0.0282,0.8708
04615_01355,46.15,13.55,14400,518.9,143.5,1219.0,233.5,18.49,0.1852,0.4959,0.2356,0.0826,0.0007,0.0,0.0,0.112,0.0385,0.0669,0.2143,0.1666,0.0831,0.143,0.1755,-0.1138,-0.0819,0.9789
04615_01365,46.15,13.65,14400,556.1,92.5,1233.1,211.1,20.18,0.1044,0.5229,0.3021,0.0697,0.0009,0.0,0.0,0.0874,0.1141,0.1136,0.1598,0.156,0.1051,0.1332,0.1308,-0.0831,0.0032,0.9875
04625_00815,46.25,8.15,14399,2109.5,644.6,3508.3,504.5,27.43,0.0,0.0,0.0172,0.0231,0.1162,0.2389,0.6046,0.0951,0.0923,0.1033,0.1844,0.225,0.1297,0.0745,0.0958,-0.2275,0.0705,0.9912
04625_00825,46.25,8.25,14520,1612.3,472.9,2895.9,553.2,27.0,0.0,0.0278,0.0715,0.1548,0.2614,0.2055,0.2791,0.0828,0.1612,0.1747,0.0988,0.2044,0.1823,0.0588,0.037,-0.1845,0.147,0.996
04625_00835,46.25,8.35,14520,1358.5,399.7,2673.8,547.4,29.0,0.0,0.0639,0.2072,0.1592,0.2199,0.2007,0.149,0.0346,0.0438,0.1701,0.1774,0.0599,0.1132,0.241,0.1599,-0.0915,-0.106,0.9821
04625_00845,46.25,8.45,14520,1952.1,1134.7,2745.0,299.2,25.12,0.0,0.0,0.0,0.0014,0.1393,0.3932,0.4661,0.1065,0.1006,0.1617,0.2208,0.1769,0.0675,0.0718,0.0942,-0.1421,0.2074,0.9968
04625_00855,46.25,8.55,14641,1627.5,755.2,2498.9,359.9,29.25,0.0,0.0,0.0141,0.1292,0.3134,0.3768,0.1665,0.1585,0.1516,0.0931,0.165,0.191,0.1102,0.0549,0.0756,-0.0653,0.1386,0.9969
04625_00925,46.25,9.25,14520,1843.8,851.1,2553.7,323.3,31.7,0.0,0.0,0.0011,0.028,0.2039,0.4029,0.364,0.1198,0.0813,0.1648,0.1506,0.1046,0.0905,0.1541,0.1343,-0.0024,0.0147,0.9977
04625_00935,46.25,9.35,14520,1227.2,203.0,2417.6,593.9,27.49,0.134,0.075,0.074,0.139,0.2685,0.2278,0.0817,0.0993,0.1836,0.2149,0.1405,0.111,0.0786,0.0847,0.0873,0.0293,0.2569,0.9081
04625_00945,46.25,9.45,14520,1062.6,196.5,2671.3,671.3,27.94,0.2216,0.0902,0.119,0.1523,0.1758,0.1335,0.1078,0.0912,0.0498,0.0734,0.1161,0.0999,0.2498,0.1866,0.1333,-0.1345,-0.2704,0.8492
04625_00955,46.25,9.55,14641,2138.6,1043.0,3170.8,412.7,29.97,0.0,0.0,0.0,0.006,0.1173,0.227,0.6497,0.1035,0.0992,0.0968,0.1584,0.1699,0.1046,0.1375,0.1301,-0.0902,-0.0284,0.9973
04625_00965,46.25,9.65,14399,1958.3,686.6,3258.6,593.4,31.86,0.0,0.0,0.024,0.1024,0.1766,0.2154,0.4815,0.0992,0.04,0.0953,0.1778,0.2142,0.1338,0.1144,0.1254,-0.223,-0.0462,0.996
04625_00975,46.25,9.75,14520,2433.8,1136.3,3599.7,382.1,27.06,0.0,0.0,0.0,0.0003,0.0211,0.0984,0.8802,0.0935,0.0943,0.1259,0.1327,0.1855,0.1449,0.1078,0.1154,-0.143,-0.004,0.998
04625_00985,46.25,9.85,14520,1632.9,498.0,2831.8,480.3,28.0,0.0,0.0038,0.057,0.1612,0.2449,0.2755,0.2577,0.0757,0.1332,0.2087,0.1544,0.0869,0.1341,0.0991,0.1079,-0.0452,0.1399,0.997
04625_00995,46.25,9.95,14520,2253.4,1060.6,3282.7,415.9,25.9,0.0,0.0,0.0,0.0039,0.0725,0.1878,0.7358,0.0876,0.0533,0.0674,0.1755,0.1649,0.1137,0.1662,0.1714,-0.1223,-0.1392,0.9947
04625_01005,46.25,10.05,14641,1983.8,873.9,3053.6,460.7,27.6,0.0,0.0,0.0003,0.0747,0.1418,0.241,0.5422,0.0897,0.2029,0.1661,0.1661,0.106,0.11,0.1008,0.0585,-0.0272,0.2098,0.9751
04625_01015,46.25,10.15,14399,1533.1,401.4,2807.7,706.6,27.28,0.0,0.1251,0.1169,0.1306,0.1584,0.1492,0.3198,0.0553,0.097,0.1029,0.1614,0.1665,0.2127,0.0987,0.1055,-0.2357,-0.0357,0.9575
04625_01025,46.25,10.25,14520,1349.7,490.1,2730.8,569.5,23.63,0.0,0.1071,0.1793,0.1527,0.1966,0.197,0.1673,0.0844,0.0693,0.1329,0.1805,0.0562,0.0316,0.1876,0.2575,0.106,-0.0885,0.9475
04625_01035,46.25,10.35,14520,1836.3,805.1,2921.4,474.9,24.94,0.0,0.0,0.0065,0.1087,0.2091,0.2842,0.3915,0.0762,0.0561,0.1688,0.1992,0.1327,0.1037,0.1486,0.1146,-0.156,0.0451,0.9957
04625_01045,46.25,10.45,14520,1880.7,1013.3,3066.4,462.6,27.59,0.0,0.0,0.0,0.0775,0.2272,0.2888,0.4065,0.0934,0.1152,0.1092,0.1078,0.1545,0.1221,0.1938,0.104,-0.0636,-0.081,0.9924
04625_01055,46.25,10.55,14641,2160.6,1205.9,3103.8,437.8,25.21,0.0,0.0,0.0,0.0,0.1172,0.2679,0.6149,0.1084,0.1048,0.1031,0.1412,0.1321,0.1026,0.1536,0.154,-0.0156,-0.0575,0.9915
04625_01065,46.25,10.65,14399,2256.0,1124.3,3507.3,539.1,27.4,0.0,0.0,0.0,0.0087,0.1247,0.2186,0.648,0.1285,0.1281,0.107,0.1718,0.1531,0.0663,0.0817,0.1634,0.0138,0.0779,0.9959
04625_01075,46.25,10.75,14520,2077.5,1098.7,2922.1,392.6,26.22,0.0,0.0,0.0,0.0057,0.1457,0.2374,0.6112,0.1368,0.1303,0.1873,0.1418,0.0947,0.0527,0.1165,0.14,0.1047,0.1293,0.9959
04625_01085,46.25,10.85,14520,1864.5,1123.2,2892.6,321.8,20.73,0.0,0.0,0.0,0.0038,0.2024,0.4784,0.3154,0.1125,0.086,0.175,0.1149,0.1047,0.0801,0.1562,0.1707,0.0516,-0.0208,0.9904
04625_01095,46.25,10.95,14520,1870.5,766.9,2801.1,431.0,25.13,0.0,0.0,0.0092,0.0648,0.2061,0.287,0.4329,0.11,0.1619,0.2544,0.177,0.0372,0.0196,0.089,0.1509,0.1549,0.2923,0.9874
04625_01105,46.25,11.05,14641,684.9,213.7,1822.1,330.9,18.65,0.0698,0.452,0.2344,0.1307,0.1074,0.0058,0.0,0.0462,0.1336,0.2966,0.1306,0.0651,0.0565,0.1276,0.1438,0.044,0.2168,0.9385
04625_01115,46.25,11.15,14399,851.1,185.3,1857.1,460.1,21.79,0.2474,0.06,0.1696,0.2922,0.1864,0.0444,0.0,0.0918,0.0782,0.0968,0.1645,0.1382,0.1089,0.1229,0.1985,-0.0429,-0.0722,0.8046
04625_01125,46.25,11.25,14520,848.3,201.6,1660.7,456.2,19.76,0.2252,0.1095,0.1716,0.192,0.2994,0.0023,0.0,0.0897,0.0432,0.1501,0.0981,0.1008,0.0825,0.1733,0.2623,0.0778,-0.1659,0.8151
04625_01135,46.25,11.35,14520,1316.8,582.7,2275.2,341.3,20.68,0.0,0.0007,0.1348,0.2411,0.4021,0.2022,0.0191,0.1045,0.1255,0.1172,0.1288,0.1042,0.0818,0.174,0.1639,0.0547,-0.0494,0.9888
04625_01145,46.25,11.45,14520,1436.2,780.0,2462.3,419.3,21.35,0.0,0.0,0.0669,0.3213,0.2541,0.2284,0.1293,0.1672,0.1398,0.1195,0.0696,0.0977,0.1183,0.1622,0.1258,0.1282,-0.071,0.9864
04625_01155,46.25,11.55,14641,1699.3,876.3,2563.8,452.3,23.55,0.0,0.0,0.0098,0.1815,0.2192,0.2817,0.3077,0.207,0.1301,0.1135,0.1006,0.1026,0.0691,0.1314,0.1458,0.1817,-0.0018,0.9772
04625_01165,46.25,11.65,14399,1768.0,872.3,2710.9,344.9,23.25,0.0,0.0,0.0012,0.0599,0.2595,0.4062,0.2732,0.1399,0.1263,0.111,0.1073,0.1225,0.1142,0.1302,0.1486,0.0549,-0.0388,0.9967
04625_01175,46.25,11.75,14520,1920.6,1127.3,2667.3,269.1,22.24,0.0,0.0,0.0,0.0015,0.1261,0.486,0.3864,0.1147,0.1243,0.1381,0.1286,0.1041,0.0768,0.1396,0.1737,0.0766,0.0039,0.9943
04625_01185,46.25,11.85,14520,1972.4,831.3,3130.1,531.4,26.25,0.0,0.0,0.0029,0.0603,0.2583,0.18,0.4986,0.0662,0.0745,0.1644,0.123,0.1058,0.1864,0.1655,0.1142,-0.1251,-0.0757,0.9856
04625_01195,46.25,11.95,14520,1493.6,539.7,2797.2,493.2,28.08,0.0,0.0005,0.1092,0.1996,0.3166,0.1931,0.1811,0.1115,0.0864,0.2107,0.2352,0.136,0.0469,0.0688,0.1045,-0.0882,0.2749,0.9942
04625_01205,46.25,12.05,14641,1122.2,471.4,2197.5,377.5,28.17,0.0,0.05,0.2776,0.2903,0.2447,0.1275,0.0099,0.1574,0.1079,0.1104,0.1164,0.1372,0.1263,0.0978,0.1466,0.0234,-0.0226,0.9833
04625_01215,46.25,12.15,14399,1494.1,416.9,2514.0,453.7,33.2,0.0,0.0414,0.0749,0.142,0.2851,0.3334,0.1233,0.1087,0.0931,0.1245,0.1302,0.1459,0.121,0.1413,0.1352,-0.0583,-0.0394,0.9946
04625_01225,46.25,12.25,14520,1128.7,386.0,2479.5,404.3,29.42,0.0,0.1067,0.2092,0.2413,0.3059,0.1264,0.0104,0.1348,0.1426,0.179,0.1798,0.1213,0.0843,0.0648,0.0933,-0.0056,0.2256,0.9613
04625_01235,46.25,12.35,14520,1131.1,386.6,2329.5,428.8,29.97,0.0,0.1278,0.2037,0.2326,0.2815,0.1339,0.0205,0.1071,0.0616,0.0882,0.1395,0.1109,0.1076,0.2345,0.1506,-0.0369,-0.1875,0.9629
04625_01245,46.25,12.45,14520,1090.9,443.2,2430.9,409.8,30.02,0.0,0.111,0.2705,0.2489,0.2452,0.0983,0.0262,0.1414,0.129,0.167,0.1471,0.1416,0.1226,0.0746,0.0767,-0.0458,0.1473,0.9525
04625_01255,46.25,12.55,14641,1089.6,396.8,2029.4,373.7,28.31,0.0,0.0742,0.2812,0.2876,0.2352,0.1209,0.0008,0.1633,0.0622,0.0794,0.1229,0.1693,0.1352,0.1199,0.1478,-0.042,-0.1149,0.9918
04625_01265,46.25,12.65,14399,1121.8,409.8,2040.2,376.1,30.01,0.0,0.0965,0.2219,0.2508,0.3128,0.117,0.001,0.1246,0.121,0.1309,0.1691,0.1533,0.1005,0.0956,0.105,-0.0644,0.102,0.9955
04625_01275,46.25,12.75,14520,601.7,229.1,1444.4,241.3,21.94,0.0597,0.5123,0.2945,0.1163,0.0173,0.0,0.0,0.1535,0.09,0.1523,0.1524,0.1313,0.1232,0.0876,0.1097,-0.0369,0.0667,0.9539
04625_01285,46.25,12.85,14520,722.8,225.7,1366.7,255.5,18.97,0.064,0.2864,0.364,0.2614,0.0242,0.0,0.0,0.1446,0.0886,0.1048,0.1452,0.1836,0.147,0.062,0.1242,-0.1003,0.0155,0.9441
04625_01295,46.25,12.95,14520,575.9,135.5,1466.2,289.2,18.14,0.1994,0.3488,0.3185,0.102,0.0313,0.0,0.0,0.1324,0.0995,0.0946,0.1587,0.185,0.1361,0.104,0.0897,-0.1311,0.0144,0.9354
04625_01305,46.25,13.05,14520,346.8,144.0,1380.6,267.9,9.85,0.666,0.1206,0.17,0.0399,0.0036,0.0,0.0,0.112,0.1279,0.2053,0.2289,0.1226,0.062,0.0654,0.0758,-0.0766,0.3023,0.4432
04625_01315,46.25,13.15,14520,382.3,161.7,1693.3,328.5,9.54,0.6724,0.1336,0.0921,0.0596,0.0388,0.0034,0.0,0.0758,0.0525,0.0519,0.0757,0.1728,0.2451,0.2096,0.1167,-0.2129,-0.3365,0.5206
04625_01325,46.25,13.25,14520,547.6,198.3,1605.1,292.0,17.13,0.205,0.452,0.2413,0.0488,0.0528,0.0001,0.0,0.0659,0.0827,0.1301,0.1691,0.1753,0.133,0.1467,0.0972,-0.2027,-0.0042,0.9287
04625_01335,46.25,13.35,14520,781.5,241.5,1618.3,292.7,20.57,0.0085,0.2683,0.4652,0.136,0.1211,0.001,0.0,0.1379,0.0994,0.0922,0.1259,0.1961,0.1395,0.0906,0.1184,-0.0972,-0.0259,0.9871
04625_01345,46.25,13.45,14520,758.4,198.9,1658.6,314.5,21.83,0.0388,0.322,0.3413,0.1876,0.1078,0.0025,0.0,0.1454,0.1328,0.1001,0.1018,0.1944,0.1185,0.0679,0.1391,-0.0134,0.0138,0.9815
04625_01355,46.25,13.55,14520,740.6,188.5,1760.5,402.8,22.69,0.1487,0.3083,0.1957,0.1613,0.1758,0.0103,0.0,0.1861,0.2257,0.0701,0.0429,0.2073,0.1433,0.0688,0.0558,0.0483,0.0592,0.9446
04635_00825,46.35,8.25,14400,2252.6,1269.7,3154.5,330.7,24.67,0.0,0.0,0.0,0.0,0.0189,0.2249,0.7562,0.119,0.0642,0.0889,0.15,0.1772,0.106,0.1057,0.189,-0.0585,-0.064,0.9851
04635_00835,46.35,8.35,14400,2210.7,753.5,3205.5,480.0,25.18,0.0,0.0,0.0207,0.0351,0.0711,0.1112,0.7619,0.0714,0.0914,0.108,0.2068,0.1432,0.1178,0.1391,0.1223,-0.1526,0.0117,0.9866
04635_00845,46.35,8.45,14400,2034.6,896.9,2887.8,397.9,28.11,0.0,0.0,0.0001,0.0179,0.1485,0.2483,0.5852,0.0948,0.106,0.1533,0.169,0.0904,0.1235,0.1483,0.1147,-0.0507,0.0308,0.9929
04635_00925,46.35,9.25,14400,1634.0,421.0,2958.2,638.8,30.44,0.0,0.0589,0.1002,0.1155,0.2176,0.1848,0.3231,0.0944,0.1015,0.1564,0.0922,0.0519,0.1219,0.256,0.1257,0.0497,-0.1438,0.9851
04635_00935,46.35,9.35,14400,1534.7,263.8,2693.1,591.0,28.55,0.0197,0.0654,0.0822,0.125,0.2028,0.2392,0.2657,0.0732,0.1768,0.2305,0.1297,0.1246,0.1238,0.0927,0.0488,-0.0743,0.2329,0.9751
04635_00945,46.35,9.45,14400,1755.3,296.0,3116.7,772.2,29.04,0.0005,0.089,0.1061,0.0941,0.1336,0.1083,0.4683,0.1498,0.0513,0.0999,0.1272,0.1847,0.1082,0.1254,0.1535,-0.0567,-0.0844,0.991
04635_00955,46.35,9.55,14520,1953.5,625.0,3083.7,641.7,27.49,0.0,0.0,0.0516,0.1143,0.1696,0.1627,0.5017,0.2105,0.1034,0.0551,0.1068,0.2192,0.0957,0.0624,0.1469,0.0273,-0.0265,0.996
04635_00975,46.35,9.75,14400,2451.9,1550.0,3333.9,356.7,27.44,0.0,0.0,0.0,0.0,0.0019,0.1138,0.8843,0.0872,0.2059,0.1595,0.0743,0.0652,0.1052,0.2103,0.0924,0.102,0.018,0.9929
04635_00985,46.35,9.85,14400,2623.4,1402.1,3869.1,490.7,25.44,0.0,0.0,0.0,0.0,0.0324,0.0992,0.8685,0.0927,0.1277,0.1034,0.101,0.1595,0.16,0.1504,0.1054,-0.0855,-0.0761,0.9923
04635_00995,46.35,9.95,14400,2866.4,1735.9,3960.7,452.8,24.96,0.0,0.0,0.0,0.0,0.0,0.0259,0.9741,0.1177,0.097,0.1115,0.1482,0.1587,0.1672,0.0977,0.1019,-0.1292,-0.0047,0.9904
04635_01015,46.35,10.15,14280,2392.7,1416.4,3281.6,322.9,25.92,0.0,0.0,0.0,0.0,0.0097,0.1197,0.8705,0.1065,0.1165,0.1365,0.1058,0.1368,0.1136,0.1244,0.1599,0.0123,-0.022,0.9961
04635_01025,46.35,10.25,14400,2002.2,662.0,3268.5,540.5,27.84,0.0,0.0,0.0308,0.0445,0.1645,0.2317,0.5284,0.0826,0.0888,0.1549,0.1976,0.1385,0.1159,0.1597,0.062,-0.1785,0.0734,0.9951
04635_01035,46.35,10.35,14400,1765.4,741.8,3049.6,560.2,29.13,0.0,0.0,0.0331,0.1715,0.2148,0.223,0.3577,0.0928,0.0732,0.1674,0.0983,0.1018,0.1388,0.1833,0.1444,-0.0214,-0.1004,0.9908
04635_01045,46.35,10.45,14400,2518.8,1590.8,3279.9,331.5,24.82,0.0,0.0,0.0,0.0,0.0003,0.0886,0.9111,0.074,0.1065,0.1394,0.1819,0.1591,0.1012,0.1012,0.1368,-0.1121,0.0807,0.9954
04635_01055,46.35,10.55,14520,2704.2,1585.5,3638.6,367.6,24.61,0.0,0.0,0.0,0.0,0.0006,0.0355,0.964,0.0924,0.1315,0.1268,0.1289,0.1251,0.1731,0.1423,0.0799,-0.1018,-0.0127,0.9966
04635_01065,46.35,10.65,14280,2203.1,1141.2,3580.6,531.7,26.56,0.0,0.0,0.0,0.0118,0.1261,0.238,0.6242,0.0778,0.1035,0.237,0.2078,0.1734,0.052,0.0637,0.0848,-0.1483,0.3021,0.9959
04635_01075,46.35,10.75,14400,1889.2,884.3,2906.0,528.1,25.23,0.0,0.0,0.002,0.1466,0.1628,0.2169,0.4717,0.0989,0.0768,0.0896,0.1932,0.1489,0.1746,0.1439,0.0741,-0.2057,-0.0456,0.9893
04635_01085,46.35,10.85,14400,1556.0,721.2,2833.3,542.0,25.76,0.0,0.0,0.109,0.2182,0.245,0.1724,0.2554,0.1833,0.1334,0.1223,0.1722,0.1492,0.0931,0.0497,0.0967,0.0067,0.157,0.9829
04635_01095,46.35,10.95,14400,1386.3,546.5,2404.8,457.1,24.48,0.0,0.0087,0.2015,0.1485,0.2717,0.2672,0.1024,0.0942,0.0937,0.1217,0.2232,0.1132,0.0402,0.1038,0.21,0.0149,0.0686,0.9823
04635_01105,46.35,11.05,14520,701.7,354.9,1501.5,179.1,12.41,0.0,0.2961,0.5941,0.0858,0.024,0.0,0.0,0.0399,0.0953,0.2254,0.1281,0.0793,0.1295,0.2182,0.0844,-0.1007,0.0152,0.9193
04635_01115,46.35,11.15,14280,1261.3,606.3,2104.5,313.8,16.13,0.0,0.0,0.1089,0.3663,0.3679,0.1445,0.0124,0.0857,0.0607,0.0504,0.058,0.0777,0.1643,0.2932,0.2101,0.0451,-0.4323,0.9712
04635_01125,46.35,11.25,14400,544.4,209.7,1985.2,429.8,14.88,0.452,0.2404,0.1175,0.0726,0.0842,0.0332,0.0,0.0449,0.1019,0.3544,0.2215,0.0487,0.0442,0.0975,0.0869,-0.0687,0.4044,0.6734
04635_01135,46.35,11.35,14400,1030.3,219.6,1747.0,378.6,18.0,0.0951,0.0556,0.1483,0.3115,0.378,0.0115,0.0,0.1414,0.0798,0.0234,0.0407,0.0928,0.1545,0.2417,0.2257,0.1275,-0.4136,0.9101
04635_01145,46.35,11.45,14400,1630.4,986.4,2420.6,247.1,17.38,0.0,0.0,0.0,0.0264,0.4214,0.4824,0.0698,0.1328,0.1212,0.0952,0.1016,0.1529,0.1191,0.1382,0.1391,0.0007,-0.0659,0.9847
04635_01155,46.35,11.55,14520,1875.0,983.3,2793.1,357.0,23.87,0.0,0.0,0.0,0.0351,0.1935,0.3968,0.3746,0.1203,0.0902,0.1354,0.1385,0.1103,0.1081,0.1614,0.1358,-0.0026,-0.0375,0.9882
04635_01165,46.35,11.65,14280,1624.9,994.7,2471.2,317.0,23.08,0.0,0.0,0.0,0.0766,0.4323,0.3391,0.152,0.1037,0.0931,0.0974,0.1478,0.153,0.1202,0.1379,0.147,-0.0691,-0.0614,0.9869
04635_01175,46.35,11.75,14400,2055.1,1378.9,2729.1,269.4,19.36,0.0,0.0,0.0,0.0,0.0465,0.3968,0.5567,0.1043,0.0563,0.0611,0.152,0.239,0.1624,0.1191,0.1058,-0.2463,-0.1039,0.9922
04635_01185,46.35,11.85,14400,1836.6,1057.4,2932.4,371.3,22.83,0.0,0.0,0.0,0.0402,0.249,0.3528,0.3581,0.094,0.1261,0.1835,0.2131,0.1388,0.0952,0.0712,0.0783,-0.1266,0.2325,0.9924
04635_01195,46.35,11.95,14400,1452.7,692.3,2450.9,402.0,29.34,0.0,0.0,0.0717,0.2317,0.3546,0.2208,0.1212,0.0813,0.1138,0.1443,0.1566,0.1543,0.1134,0.1201,0.1161,-0.1113,0.0526,0.993
04635_01205,46.35,12.05,14520,1772.4,613.8,3185.4,472.5,29.16,0.0,0.0,0.0421,0.0698,0.2416,0.3302,0.3163,0.0576,0.092,0.1882,0.1684,0.0988,0.1167,0.1439,0.1344,-0.0924,0.0503,0.9952
04635_01215,46.35,12.15,14280,1487.7,799.0,2459.3,325.5,23.79,0.0,0.0,0.0211,0.1802,0.438,0.2919,0.0687,0.1178,0.1432,0.1788,0.1198,0.1181,0.1404,0.0927,0.0891,-0.019,0.1131,0.9954
04635_01225,46.35,12.25,14400,1469.4,620.6,2392.8,341.1,28.21,0.0,0.0,0.0568,0.1713,0.4082,0.3108,0.0528,0.1436,0.0889,0.1342,0.1405,0.1217,0.0934,0.1061,0.1716,0.0418,0.0058,0.9974
04635_01235,46.35,12.35,14400,1236.2,454.2,2369.1,426.1,30.11,0.0,0.0817,0.1667,0.2193,0.3026,0.2037,0.026,0.0819,0.0923,0.1784,0.1237,0.0845,0.0894,0.1764,0.1733,0.0392,-0.0296,0.9916
04635_01245,46.35,12.45,14400,1657.1,675.8,2621.7,388.7,32.66,0.0,0.0,0.035,0.1184,0.2511,0.3899,0.2056,0.0959,0.1391,0.1969,0.1255,0.0943,0.1107,0.1459,0.0918,-0.0028,0.1019,0.9946
04635_01255,46.35,12.55,14520,1592.3,674.5,2440.6,355.9,31.23,0.0,0.0,0.0357,0.1141,0.3326,0.3872,0.1304,0.1098,0.1155,0.1322,0.1639,0.105,0.0936,0.1023,0.1777,0.0291,0.0365,0.9971
04635_01265,46.35,12.65,14280,1328.3,605.5,2272.8,357.1,28.22,0.0,0.0,0.1723,0.1886,0.3854,0.2346,0.019,0.1487,0.1464,0.1418,0.1024,0.1152,0.1161,0.0996,0.1299,0.0747,0.0436,0.9922
04635_01275,46.35,12.75,14400,1003.6,338.0,1927.9,341.7,26.24,0.0,0.1149,0.317,0.2838,0.2318,0.0525,0.0,0.1478,0.1077,0.1347,0.1715,0.1304,0.1035,0.0593,0.1452,0.0051,0.0999,0.9902
04635_01285,46.35,12.85,14400,952.3,369.9,1888.0,355.0,25.8,0.0,0.1824,0.3102,0.2441,0.219,0.0442,0.0,0.1596,0.1325,0.1194,0.109,0.1019,0.1027,0.1363,0.1386,0.1013,-0.0185,0.9763
04635_01295,46.35,12.95,14400,888.8,306.1,1886.4,335.2,25.4,0.0,0.22,0.3333,0.2701,0.1386,0.038,0.0,0.168,0.1851,0.0969,0.1407,0.1223,0.1031,0.0791,0.1048,0.0778,0.0986,0.9805
04635_01305,46.35,13.05,14400,537.8,189.3,1852.5,310.7,19.99,0.2502,0.4291,0.1817,0.089,0.0452,0.0047,0.0,0.157,0.1511,0.1079,0.1134,0.1578,0.1634,0.0965,0.0529,-0.0534,0.0433,0.8212
04635_01315,46.35,13.15,14400,674.5,205.5,1914.4,400.5,22.85,0.269,0.2297,0.2218,0.1503,0.1082,0.021,0.0,0.1583,0.0977,0.0861,0.1049,0.1568,0.0915,0.1413,0.1635,0.0491,-0.1006,0.8288
04635_01325,46.35,13.25,14400,908.3,299.0,1870.9,374.1,26.96,0.0005,0.2444,0.276,0.2367,0.1996,0.0427,0.0,0.2019,0.1477,0.094,0.0757,0.1696,0.104,0.0833,0.1239,0.1014,0.0039,0.9822
04635_01335,46.35,13.35,14400,985.4,399.6,2295.2,324.4,26.79,0.0,0.1198,0.3197,0.3134,0.2006,0.0434,0.0031,0.229,0.1491,0.0426,0.0612,0.1822,0.1731,0.0904,0.0724,0.0386,-0.0733,0.9913
04635_01345,46.35,13.45,14400,1437.1,327.5,2520.0,537.4,27.67,0.0,0.0678,0.1279,0.157,0.2301,0.2381,0.1791,0.1719,0.1086,0.0792,0.1433,0.1844,0.1348,0.078,0.0999,-0.0643,0.0208,0.9869
04635_01355,46.35,13.55,14400,1018.4,341.0,2293.6,506.4,26.24,0.0,0.2932,0.1836,0.1673,0.1774,0.1531,0.0253,0.1933,0.072,0.0771,0.1753,0.2111,0.0844,0.0692,0.1175,-0.0711,0.05,0.9378
04645_00835,46.45,8.35,14280,2481.9,1345.8,3350.0,343.0,24.2,0.0,0.0,0.0,0.0,0.0092,0.0884,0.9024,0.185,0.1362,0.1118,0.1571,0.0767,0.0788,0.0953,0.159,0.1556,0.0518,0.9798
04645_00845,46.45,8.45,14280,2335.9,1455.8,3220.2,329.8,22.24,0.0,0.0,0.0,0.0,0.0174,0.1471,0.8354,0.1455,0.1151,0.1113,0.202,0.128,0.0715,0.1109,0.1158,-0.0109,0.0932,0.981
04645_00925,46.45,9.25,14280,2213.8,800.7,3228.7,487.4,26.56,0.0,0.0,0.0047,0.0384,0.0961,0.132,0.7287,0.0796,0.1049,0.1478,0.1548,0.1317,0.1345,0.1615,0.0854,-0.1269,0.0119,0.9936
04645_00935,46.45,9.35,14280,1979.1,1075.0,2999.3,361.4,23.09,0.0,0.0,0.0,0.0202,0.1261,0.3791,0.4746,0.0831,0.0781,0.1446,0.1623,0.1062,0.1579,0.1687,0.0991,-0.1261,-0.0407,0.979
04645_00945,46.45,9.45,14280,2298.0,1655.8,3176.7,301.6,24.64,0.0,0.0,0.0,0.0,0.0,0.2109,0.7891,0.0523,0.139,0.3301,0.0874,0.0312,0.0639,0.1859,0.1102,0.0933,0.1815,0.9725
04645_01005,46.45,10.05,14399,2501.6,1871.3,3090.1,258.7,22.64,0.0,0.0,0.0,0.0,0.0,0.0317,0.9683,0.1077,0.125,0.143,0.1301,0.1342,0.147,0.1294,0.0836,-0.072,0.0333,0.9824
04645_01015,46.45,10.15,14161,2544.4,1876.9,3245.8,264.4,24.09,0.0,0.0,0.0,0.0,0.0,0.025,0.975,0.0953,0.1294,0.1485,0.1317,0.0855,0.1139,0.1712,0.1245,0.011,-0.0082,0.988
04645_01025,46.45,10.25,14280,2279.5,1339.9,3385.6,387.0,24.41,0.0,0.0,0.0,0.0,0.0498,0.1896,0.7606,0.1185,0.1679,0.1152,0.1686,0.081,0.0724,0.1469,0.1297,0.0697,0.066,0.9965
04645_01035,46.45,10.35,14280,1825.1,1084.0,3104.1,477.7,23.92,0.0,0.0,0.0,0.0673,0.3263,0.2541,0.3522,0.0941,0.1034,0.2168,0.097,0.097,0.1073,0.1554,0.129,0.0221,0.0329,0.9662
04645_01045,46.45,10.45,14280,2271.5,1305.5,3445.3,468.5,25.82,0.0,0.0,0.0,0.0,0.076,0.2391,0.6849,0.1444,0.2022,0.058,0.0785,0.1452,0.1742,0.1131,0.0844,0.0258,-0.0446,0.9969
04645_01055,46.45,10.55,14399,2736.4,1733.8,3793.7,368.8,24.47,0.0,0.0,0.0,0.0,0.0,0.0345,0.9655,0.1378,0.0853,0.0732,0.1242,0.1967,0.1638,0.1118,0.1072,-0.1286,-0.0794,0.9978
04645_01065,46.45,10.65,14161,2847.7,1634.0,3732.6,389.1,22.43,0.0,0.0,0.0,0.0,0.0,0.0253,0.9747,0.1007,0.1596,0.1652,0.1452,0.1357,0.0982,0.082,0.1135,-0.0157,0.1522,0.9961
04645_01075,46.45,10.75,14280,2553.5,1247.0,3369.5,456.6,24.76,0.0,0.0,0.0,0.0,0.0433,0.1032,0.8534,0.1044,0.1194,0.1723,0.1571,0.1118,0.1404,0.1064,0.0882,-0.0743,0.1022,0.9938
04645_01085,46.45,10.85,14280,2123.6,1086.4,3012.5,382.4,24.6,0.0,0.0,0.0,0.0113,0.1075,0.2181,0.6631,0.1607,0.105,0.1427,0.1536,0.1733,0.0922,0.0654,0.1071,-0.0348,0.1215,0.9941
04645_01095,46.45,10.95,14280,1884.5,705.7,2646.9,390.8,26.8,0.0,0.0,0.009,0.0528,0.1721,0.3178,0.4483,0.1212,0.1623,0.1452,0.141,0.1684,0.0936,0.0842,0.0843,-0.034,0.1534,0.9986
04645_01105,46.45,11.05,14399,1267.2,565.2,2372.6,357.1,18.72,0.0,0.0016,0.1863,0.2518,0.3644,0.1826,0.0133,0.0238,0.0686,0.1695,0.2645,0.1292,0.1477,0.129,0.0678,-0.3047,0.1266,0.991
04645_01115,46.45,11.15,14161,1218.4,636.2,1784.9,242.1,12.16,0.0,0.0,0.0958,0.3645,0.4766,0.0631,0.0,0.0313,0.0188,0.0726,0.1139,0.1029,0.2284,0.3109,0.1212,-0.2104,-0.4013,0.9605
04645_01125,46.45,11.25,14280,735.8,221.5,1861.8,452.9,13.58,0.103,0.4711,0.148,0.0771,0.1247,0.0761,0.0,0.0588,0.1195,0.3746,0.1309,0.0457,0.0506,0.1327,0.0872,0.0365,0.3246,0.8522
04645_01135,46.45,11.35,14280,653.8,223.9,1622.7,447.6,16.13,0.4175,0.1386,0.1211,0.1275,0.1929,0.0025,0.0,0.1511,0.0962,0.092,0.0467,0.0625,0.1848,0.1785,0.1882,0.1323,-0.2519,0.6488
04645_01145,46.45,11.45,14280,1071.6,284.9,1579.0,292.0,19.69,0.0036,0.0833,0.1831,0.2824,0.4476,0.0,0.0,0.1884,0.1734,0.093,0.0461,0.0994,0.1658,0.111,0.123,0.1561,-0.0682,0.9745
04645_01155,46.45,11.55,14399,1483.2,730.9,2363.5,274.9,20.55,0.0,0.0,0.0148,0.1647,0.4605,0.3243,0.0357,0.1625,0.088,0.028,0.0757,0.1557,0.1721,0.1527,0.1652,0.0134,-0.2514,0.9873
04645_01165,46.45,11.65,14161,2029.2,1222.2,2934.6,379.7,24.31,0.0,0.0,0.0,0.0,0.1549,0.3039,0.5413,0.0852,0.1122,0.1447,0.1887,0.1368,0.1061,0.1487,0.0775,-0.1277,0.0795,0.9891
04645_01175,46.45,11.75,14280,1956.3,1354.1,2798.9,299.3,24.42,0.0,0.0,0.0,0.0,0.1483,0.3882,0.4635,0.1321,0.1497,0.0699,0.0886,0.1413,0.1476,0.1428,0.128,0.0226,-0.1028,0.9873
04645_01185,46.45,11.85,14280,2256.1,1484.1,3296.0,334.8,26.72,0.0,0.0,0.0,0.0,0.0158,0.2132,0.771,0.2369,0.124,0.0918,0.117,0.1654,0.1008,0.0634,0.1008,0.0793,0.0548,0.9948
04645_01195,46.45,11.95,14280,1708.1,987.2,2487.0,312.1,26.33,0.0,0.0,0.0,0.0532,0.3227,0.4311,0.193,0.14,0.1581,0.1434,0.1412,0.1228,0.1317,0.0683,0.0945,0.0027,0.1325,0.9954
04645_01205,46.45,12.05,14399,1787.8,967.9,2621.7,362.9,22.19,0.0,0.0,0.0,0.0663,0.2427,0.3801,0.3109,0.1109,0.1023,0.1116,0.0961,0.1502,0.1974,0.13,0.1015,-0.1122,-0.0912,0.9922
04645_01215,46.45,12.15,14161,1749.1,976.4,3062.5,375.3,19.93,0.0,0.0,0.0,0.095,0.2325,0.4407,0.2318,0.1379,0.2199,0.213,0.1069,0.0746,0.1244,0.0609,0.0624,0.1062,0.2555,0.9946
04645_01225,46.45,12.25,14280,1643.0,719.4,3130.1,549.4,26.81,0.0,0.0,0.0408,0.2307,0.2575,0.162,0.309,0.099,0.1403,0.1069,0.1156,0.1169,0.2318,0.1053,0.0842,-0.1089,-0.0428,0.9925
04645_01235,46.45,12.35,14280,1281.3,543.3,2562.3,415.3,25.03,0.0,0.0067,0.2338,0.224,0.28,0.2043,0.0513,0.0834,0.0937,0.1479,0.2052,0.1955,0.1084,0.0798,0.0861,-0.2128,0.1441,0.987
04645_01245,46.45,12.45,14280,1317.8,672.0,2436.3,423.3,24.72,0.0,0.0,0.1754,0.2848,0.297,0.1491,0.0937,0.1407,0.1092,0.0921,0.1026,0.09,0.1152,0.1789,0.1712,0.0957,-0.1432,0.9937
04645_01255,46.45,12.55,14399,1523.3,808.8,2365.0,341.2,23.52,0.0,0.0,0.0248,0.1758,0.3622,0.3529,0.0843,0.1196,0.1459,0.1241,0.1034,0.1452,0.1725,0.1062,0.0831,-0.0597,0.0137,0.9923
04645_01265,46.45,12.65,14161,1611.0,802.5,2443.8,293.2,23.72,0.0,0.0,0.0092,0.0838,0.363,0.4708,0.0732,0.1211,0.1448,0.1169,0.1203,0.1603,0.1441,0.1011,0.0913,-0.0608,0.0345,0.9956
04645_01275,46.45,12.75,14280,1346.1,481.5,2079.7,363.0,24.11,0.0,0.0297,0.1055,0.1958,0.3758,0.2914,0.0019,0.1134,0.1286,0.1239,0.1324,0.1807,0.1221,0.0991,0.0998,-0.0898,0.0544,0.9891
04645_01285,46.45,12.85,14280,845.4,364.3,2042.0,373.7,18.56,0.0,0.3376,0.3026,0.185,0.1203,0.0539,0.0006,0.0696,0.1515,0.1634,0.163,0.1628,0.1448,0.096,0.0488,-0.1713,0.1534,0.9423
04645_01295,46.45,12.95,14280,999.4,315.7,1953.6,387.9,20.3,0.0,0.1833,0.1901,0.3134,0.2493,0.0639,0.0,0.0781,0.108,0.1582,0.133,0.1705,0.1569,0.1286,0.0668,-0.1816,0.0441,0.9178
04645_01305,46.45,13.05,14280,751.3,309.4,1882.8,280.7,21.18,0.0,0.3525,0.3553,0.2344,0.0499,0.0079,0.0,0.0929,0.0898,0.0919,0.155,0.15,0.1284,0.1492,0.1427,-0.0973,-0.0763,0.9268
04645_01315,46.45,13.15,14280,997.2,283.5,2130.7,374.4,28.12,0.0016,0.1626,0.2752,0.2487,0.2452,0.065,0.0017,0.061,0.1109,0.1665,0.1702,0.1249,0.1042,0.1496,0.1125,-0.0992,0.0622,0.9912
04645_01325,46.45,13.25,14280,1121.5,302.9,2108.9,371.3,30.31,0.0,0.0944,0.1946,0.2835,0.3259,0.0983,0.0032,0.0524,0.107,0.1486,0.1478,0.1162,0.1287,0.2033,0.096,-0.1209,-0.0311,0.9936
04645_01335,46.45,13.35,14280,1076.6,361.2,2331.2,388.3,30.78,0.0,0.1231,0.239,0.2669,0.2632,0.0972,0.0106,0.1541,0.1105,0.073,0.0882,0.1613,0.1796,0.1099,0.1235,-0.0319,-0.1162,0.9922
04645_01345,46.45,13.45,14280,1470.5,546.3,2711.0,413.9,29.28,0.0,0.0034,0.0739,0.2164,0.3286,0.2681,0.1095,0.1418,0.1558,0.0869,0.1088,0.1629,0.1251,0.0791,0.1396,0.0244,0.0107,0.9803
04645_01355,46.45,13.55,14280,1304.9,614.8,2446.1,292.2,27.22,0.0,0.0,0.0634,0.3348,0.4388,0.1471,0.016,0.1185,0.0963,0.1572,0.165,0.0786,0.0781,0.1364,0.1699,0.0591,0.0286,0.9849
04645_01365,46.45,13.65,14280,1366.4,620.8,2624.3,427.6,27.37,0.0,0.0,0.1537,0.256,0.2917,0.1981,0.1005,0.1713,0.1157,0.1164,0.1105,0.1159,0.0712,0.1423,0.1567,0.1225,-0.0278,0.978
04655_01005,46.55,10.05,14520,2532.4,1859.3,3088.8,220.8,23.28,0.0,0.0,0.0,0.0,0.0,0.0072,0.9928,0.1167,0.1418,0.1758,0.0846,0.0547,0.1403,0.152,0.134,0.0976,-0.0117,0.9963
04655_01015,46.55,10.15,14280,2230.5,1790.0,3087.2,279.3,23.96,0.0,0.0,0.0,0.0,0.0,0.2394,0.7606,0.0628,0.1075,0.2406,0.1141,0.0532,0.104,0.1751,0.1427,0.0305,0.0468,0.9658
04655_01025,46.55,10.25,14400,2353.0,1803.7,3139.6,283.7,24.83,0.0,0.0,0.0,0.0,0.0,0.1433,0.8567,0.1298,0.2082,0.1193,0.0822,0.1111,0.1729,0.1017,0.0747,0.0427,0.0473,0.9811
04655_01035,46.55,10.35,14400,2359.6,1466.5,3113.2,327.6,24.77,0.0,0.0,0.0,0.0,0.0092,0.1655,0.8253,0.1468,0.1633,0.0849,0.1081,0.1261,0.1502,0.0891,0.1315,0.0492,-0.008,0.9862
04655_01045,46.55,10.45,14400,2514.3,1400.4,3413.5,345.7,24.6,0.0,0.0,0.0,0.0,0.0197,0.0673,0.913,0.1674,0.1547,0.1446,0.0972,0.0503,0.0784,0.1412,0.1662,0.2237,0.0108,0.9962
04655_01055,46.55,10.55,14520,2178.3,1076.1,3867.1,523.3,28.41,0.0,0.0,0.0,0.007,0.1237,0.275,0.5943,0.1461,0.1639,0.1437,0.0871,0.033,0.0864,0.1714,0.1683,0.2284,-0.0322,0.9967
04655_01065,46.55,10.65,14280,2601.5,1140.0,3510.6,464.0,26.94,0.0,0.0,0.0,0.0007,0.0178,0.1094,0.8721,0.1511,0.1072,0.1543,0.1214,0.0927,0.0684,0.1316,0.1732,0.13,0.0166,0.9985
04655_01075,46.55,10.75,14400,2193.2,1116.6,3390.8,483.8,27.56,0.0,0.0,0.0,0.0058,0.1165,0.2535,0.6242,0.1782,0.0934,0.1463,0.1895,0.0815,0.0448,0.073,0.1934,0.1305,0.0984,0.9962
04655_01085,46.55,10.85,14400,2179.1,768.0,3236.3,535.7,26.02,0.0,0.0,0.0072,0.0544,0.1124,0.1417,0.6843,0.167,0.149,0.119,0.1283,0.1114,0.0754,0.1061,0.1439,0.1191,0.0585,0.9978
04655_01095,46.55,10.95,14400,1941.1,1068.8,2727.4,401.5,24.41,0.0,0.0,0.0,0.0433,0.1825,0.2837,0.4906,0.1531,0.1101,0.0795,0.2205,0.1309,0.0746,0.089,0.1422,-0.0101,0.0657,0.9881
04655_01105,46.55,11.05,14520,1596.7,597.9,2594.5,427.0,24.49,0.0,0.0001,0.0588,0.1604,0.2398,0.3596,0.1813,0.1192,0.0855,0.1497,0.2146,0.1371,0.044,0.0798,0.1701,-0.0225,0.1306,0.9956
04655_01115,46.55,11.15,14280,1108.8,252.3,2036.5,470.9,18.37,0.1015,0.0668,0.166,0.1797,0.3143,0.1711,0.0006,0.1288,0.2149,0.2496,0.1105,0.0539,0.0827,0.0754,0.0842,0.1567,0.2945,0.8985
04655_01125,46.55,11.25,14400,776.5,238.6,1689.2,455.7,15.38,0.3101,0.1208,0.1247,0.1924,0.2492,0.0027,0.0,0.0537,0.1019,0.086,0.0663,0.1298,0.2949,0.1864,0.081,-0.2061,-0.252,0.7533
04655_01135,46.55,11.35,14400,975.5,241.4,1629.8,331.9,21.44,0.0426,0.1039,0.2497,0.3071,0.2949,0.0018,0.0,0.0493,0.1033,0.1393,0.16,0.1964,0.1521,0.1293,0.0703,-0.2502,0.0367,0.9627
04655_01145,46.55,11.45,14400,1225.1,317.3,2065.6,379.4,16.34,0.0,0.0725,0.1384,0.2103,0.4009,0.1715,0.0064,0.056,0.0338,0.1342,0.2304,0.2446,0.1249,0.0847,0.0914,-0.3588,0.0834,0.978
04655_01155,46.55,11.55,14520,1178.4,379.2,2548.0,474.6,21.12,0.0,0.0607,0.2323,0.3631,0.18,0.072,0.0919,0.1258,0.0924,0.0791,0.0636,0.0779,0.1306,0.2021,0.2286,0.1388,-0.2734,0.987
04655_01165,46.55,11.65,14280,1762.2,804.7,2582.7,304.3,17.38,0.0,0.0,0.0034,0.0426,0.2304,0.5139,0.2097,0.1966,0.1078,0.0961,0.0748,0.1589,0.1055,0.0996,0.1607,0.1066,-0.0563,0.979
04655_01175,46.55,11.75,14400,2063.3,1296.4,3112.0,327.0,22.31,0.0,0.0,0.0,0.0,0.065,0.3797,0.5553,0.116,0.0928,0.0671,0.1216,0.1661,0.1479,0.1336,0.1549,-0.0683,-0.1303,0.9934
04655_01185,46.55,11.85,14400,2168.3,1357.2,3111.4,385.3,22.85,0.0,0.0,0.0,0.0,0.061,0.3318,0.6072,0.0965,0.122,0.1818,0.1804,0.1375,0.0828,0.0718,0.1274,-0.0532,0.1806,0.9891
04655_01195,46.55,11.95,14400,2000.4,1349.8,3042.4,306.1,17.93,0.0,0.0,0.0,0.0,0.0687,0.4881,0.4433,0.1147,0.1352,0.1,0.0751,0.092,0.2073,0.1605,0.1152,-0.0018,-0.1439,0.9877
04655_01205,46.55,12.05,14520,2171.1,1356.4,3194.1,332.7,25.22,0.0,0.0,0.0,0.0,0.032,0.292,0.676,0.1432,0.1373,0.1826,0.1548,0.1086,0.0502,0.0969,0.1265,0.0814,0.175,0.9933
04655_01215,46.55,12.15,14280,1703.8,1082.2,3074.3,412.1,20.41,0.0,0.0,0.0,0.0668,0.4244,0.2725,0.2362,0.0878,0.1397,0.142,0.0461,0.0897,0.2495,0.162,0.0833,-0.0568,-0.1295,0.987
04655_01225,46.55,12.25,14400,1947.9,1099.5,3130.7,407.1,26.02,0.0,0.0,0.0,0.0338,0.1701,0.3452,0.4509,0.119,0.0964,0.1498,0.1795,0.1278,0.0786,0.1012,0.1478,-0.0177,0.089,0.9836
04655_01235,46.55,12.35,14400,1641.8,889.5,2797.5,449.7,28.5,0.0,0.0,0.0015,0.1878,0.3295,0.247,0.2341,0.1493,0.1029,0.1253,0.2024,0.1003,0.071,0.0813,0.1674,0.0483,0.0926,0.9886
04655_01245,46.55,12.45,14400,1400.9,711.0,2674.4,375.4,23.59,0.0,0.0,0.0993,0.2142,0.4169,0.1999,0.0697,0.0902,0.1499,0.1414,0.1395,0.1207,0.1609,0.117,0.0803,-0.0769,0.0648,0.9865
04655_01255,46.55,12.55,14520,1458.6,825.4,2498.0,368.5,25.98,0.0,0.0,0.0099,0.284,0.3778,0.2258,0.1025,0.113,0.1375,0.1448,0.116,0.126,0.1376,0.1187,0.1064,-0.0259,0.0316,0.9912
04655_01265,46.55,12.65,14280,1624.9,966.5,2546.1,326.0,27.43,0.0,0.0,0.0,0.0744,0.4297,0.3419,0.154,0.1018,0.0809,0.0901,0.185,0.1711,0.0994,0.1122,0.1595,-0.096,-0.0165,0.9936
04655_01275,46.55,12.75,14400,1418.7,656.5,2437.6,362.2,26.3,0.0,0.0,0.0606,0.2433,0.3955,0.2226,0.0781,0.1819,0.1388,0.0859,0.1444,0.1854,0.0878,0.0591,0.1167,0.016,0.0866,0.9924
04655_01285,46.55,12.85,14400,1190.4,505.7,2271.1,403.1,23.15,0.0,0.0326,0.2625,0.2518,0.2731,0.146,0.0341,0.1021,0.1218,0.0901,0.1047,0.18,0.2024,0.125,0.0739,-0.1616,-0.07,0.9906
04655_01295,46.55,12.95,14400,1326.9,511.6,2142.0,372.0,24.17,0.0,0.0336,0.1078,0.2289,0.3696,0.2447,0.0154,0.1355,0.1566,0.1369,0.158,0.2012,0.0885,0.0492,0.0741,-0.0743,0.1939,0.9874
04655_01305,46.55,13.05,14400,1279.2,497.7,2182.3,382.5,24.11,0.0,0.03,0.1674,0.2303,0.3403,0.2181,0.0138,0.1078,0.0886,0.0935,0.1212,0.1824,0.1475,0.1499,0.1091,-0.1286,-0.091,0.9764
04655_01315,46.55,13.15,14400,1331.2,562.3,2161.7,359.4,22.72,0.0,0.0035,0.1406,0.2413,0.3333,0.269,0.0122,0.1112,0.0987,0.109,0.1219,0.1594,0.1879,0.1153,0.0965,-0.1328,-0.0531,0.9952
04655_01325,46.55,13.25,14400,1380.6,579.0,2260.9,344.2,23.7,0.0,0.0004,0.0881,0.2324,0.3919,0.2542,0.0331,0.1663,0.153,0.1194,0.118,0.1506,0.1165,0.0633,0.1129,0.0432,0.0856,0.9956
04655_01335,46.55,13.35,14400,1289.7,548.7,2165.6,339.6,25.63,0.0,0.0205,0.1494,0.1819,0.4656,0.1772,0.0054,0.1881,0.1208,0.1265,0.0908,0.1434,0.1542,0.0983,0.078,0.0119,0.0127,0.9886
04655_01345,46.55,13.45,14400,1264.9,557.5,2039.1,306.4,23.42,0.0,0.0063,0.1488,0.2425,0.4583,0.1438,0.0004,0.2381,0.0994,0.0842,0.1175,0.1807,0.1293,0.0706,0.0801,0.0059,0.0252,0.9783
04655_01355,46.55,13.55,14400,1063.8,548.0,2036.7,341.2,18.41,0.0,0.1551,0.1905,0.2814,0.3127,0.0597,0.0006,0.2257,0.1576,0.098,0.1307,0.1726,0.0911,0.0616,0.0627,0.0571,0.142,0.8668
04655_01365,46.55,13.65,14400,828.8,538.5,1996.0,279.1,14.41,0.0,0.227,0.447,0.2151,0.0915,0.0194,0.0,0.1827,0.122,0.055,0.104,0.2447,0.1384,0.0425,0.1108,-0.0648,0.0045,0.8188
04665_01015,46.65,10.15,14280,2190.3,1484.0,3060.0,357.3,26.96,0.0,0.0,0.0,0.0,0.0153,0.3427,0.6419,0.0872,0.1487,0.2025,0.0905,0.0769,0.1375,0.1534,0.1034,0.0257,0.0465,0.9887
04665_01025,46.65,10.25,14400,2333.7,1761.7,3141.1,264.1,22.45,0.0,0.0,0.0,0.0,0.0,0.1086,0.8914,0.1219,0.131,0.0832,0.0778,0.1378,0.1921,0.155,0.1012,-0.0405,-0.1334,0.9904
04665_01045,46.65,10.45,14400,1951.8,1017.6,3024.0,449.0,24.68,0.0,0.0,0.0,0.0362,0.2283,0.2392,0.4962,0.0722,0.1195,0.1945,0.205,0.114,0.0979,0.056,0.141,-0.0765,0.204,0.9902
04665_01055,46.65,10.55,14520,1402.1,885.1,2597.7,463.4,19.49,0.0,0.0,0.0753,0.3744,0.2396,0.1606,0.1501,0.1371,0.1488,0.1646,0.1619,0.1359,0.1359,0.0436,0.0722,-0.0629,0.1961,0.8523
04665_01065,46.65,10.65,14280,1669.6,865.2,3183.5,638.9,21.97,0.0,0.0,0.1693,0.1271,0.2188,0.1735,0.3113,0.1482,0.0631,0.0314,0.118,0.227,0.1331,0.1634,0.1159,-0.1268,-0.1949,0.8667
04665_01075,46.65,10.75,14400,1735.6,673.5,3253.3,709.0,23.7,0.0,0.0,0.1442,0.1708,0.1581,0.1291,0.3978,0.1515,0.0466,0.1051,0.1864,0.1936,0.1602,0.0957,0.0609,-0.2227,0.0206,0.9669
04665_01085,46.65,10.85,14400,1806.1,584.6,3159.1,816.0,23.67,0.0,0.0013,0.2457,0.0882,0.0778,0.0896,0.4974,0.1306,0.0843,0.0906,0.1549,0.2397,0.1026,0.065,0.1323,-0.1405,0.029,0.9312
04665_01095,46.65,10.95,14400,1389.9,531.3,3168.6,609.1,26.6,0.0,0.1083,0.1645,0.1503,0.2104,0.1869,0.1797,0.177,0.1395,0.0884,0.1193,0.1529,0.1044,0.0812,0.1374,0.0702,0.0145,0.9493
04665_01105,46.65,11.05,14520,1309.0,437.0,3056.2,597.5,23.61,0.0,0.1694,0.1468,0.1439,0.1982,0.2133,0.1284,0.17,0.0736,0.0898,0.1931,0.175,0.0329,0.0437,0.2219,0.0441,0.0515,0.9165
04665_01115,46.65,11.15,14280,576.6,259.0,1828.7,357.2,15.06,0.2398,0.4139,0.1877,0.0692,0.0681,0.0211,0.0,0.0776,0.1178,0.2106,0.1616,0.1075,0.1179,0.1651,0.042,-0.1183,0.1415,0.71
04665_01125,46.65,11.25,14400,1543.2,277.8,2581.2,371.0,19.08,0.0003,0.0073,0.0492,0.1047,0.3861,0.3524,0.1,0.0607,0.0372,0.0372,0.0935,0.1555,0.2169,0.2401,0.1589,-0.1799,-0.3896,0.9888
04665_01135,46.65,11.35,14400,1513.1,763.7,2414.2,329.1,21.24,0.0,0.0,0.0074,0.1989,0.3802,0.3412,0.0722,0.0524,0.1268,0.157,0.1668,0.1368,0.1518,0.1247,0.0837,-0.1625,0.0739,0.9926
04665_01145,46.65,11.45,14400,1926.9,1022.2,2494.1,252.7,17.51,0.0,0.0,0.0,0.0047,0.1177,0.4122,0.4654,0.0695,0.0886,0.122,0.181,0.1767,0.1279,0.1127,0.1216,-0.1824,0.0248,0.9874
04665_01155,46.65,11.55,14520,1199.3,464.5,2222.7,396.3,20.87,0.0,0.057,0.1934,0.284,0.2848,0.1561,0.0247,0.0581,0.0566,0.1111,0.2874,0.1942,0.1239,0.0522,0.1166,-0.3075,0.1351,0.9937
04665_01165,46.65,11.65,14280,1253.8,529.5,2297.9,413.8,21.03,0.0,0.0605,0.1564,0.2537,0.3225,0.1564,0.0504,0.148,0.0727,0.0481,0.0945,0.1234,0.1427,0.1113,0.2594,0.0945,-0.2316,0.9793
04665_01175,46.65,11.75,14400,1964.7,1167.0,2941.8,322.0,22.51,0.0,0.0,0.0,0.0012,0.1299,0.4297,0.4392,0.159,0.1029,0.0653,0.0732,0.221,0.1085,0.1287,0.1413,-0.0225,-0.12,0.9965
04665_01185,46.65,11.85,14400,1795.6,1066.8,2808.7,341.9,21.52,0.0,0.0,0.0,0.0223,0.2989,0.3909,0.2879,0.1297,0.1525,0.2127,0.1894,0.0815,0.041,0.0623,0.1308,0.0846,0.2775,0.9936
04665_01195,46.65,11.95,14400,1817.2,1089.9,2982.1,405.3,21.49,0.0,0.0,0.0,0.0194,0.3305,0.3633,0.2867,0.1264,0.1288,0.0832,0.0467,0.0864,0.2117,0.2008,0.116,0.0282,-0.2333,0.9875
04665_01205,46.65,12.05,14520,2083.8,1354.2,2787.7,282.2,24.32,0.0,0.0,0.0,0.0,0.0762,0.2563,0.6675,0.1417,0.1645,0.1154,0.1255,0.1378,0.1514,0.0745,0.0892,-0.012,0.0749,0.9787
04665_01215,46.65,12.15,14280,2036.7,1348.2,3006.4,319.6,25.2,0.0,0.0,0.0,0.0,0.118,0.3298,0.5522,0.0973,0.1342,0.1287,0.1023,0.1271,0.1393,0.1443,0.1269,-0.0128,-0.0368,0.9896
04665_01225,46.65,12.25,14400,1986.8,1256.6,2872.6,346.5,29.1,0.0,0.0,0.0,0.0,0.1589,0.35,0.4911,0.1062,0.1301,0.166,0.0848,0.0979,0.1635,0.1423,0.1093,-0.003,-0.0206,0.9839
04665_01235,46.65,12.35,14400,2055.0,1309.3,3017.4,397.4,27.79,0.0,0.0,0.0,0.0,0.1701,0.2835,0.5464,0.1086,0.1547,0.1634,0.1068,0.0885,0.1265,0.1451,0.1065,0.034,0.0389,0.9862
04665_01245,46.65,12.45,14400,1902.7,1159.2,2929.1,357.6,21.04,0.0,0.0,0.0,0.0017,0.2267,0.3643,0.4073,0.0851,0.1611,0.1122,0.0906,0.1483,0.2476,0.1083,0.0468,-0.1594,-0.0205,0.9869
04665_01255,46.65,12.55,14520,1900.9,1098.6,2641.9,280.0,24.49,0.0,0.0,0.0,0.0043,0.1448,0.4775,0.3734,0.0917,0.1051,0.2212,0.1201,0.1169,0.1405,0.11,0.0945,-0.0765,0.1065,0.9977
04665_01265,46.65,12.65,14280,1763.7,1227.2,2554.9,314.4,23.78,0.0,0.0,0.0,0.0,0.3721,0.3574,0.2706,0.1326,0.1043,0.1538,0.0956,0.1116,0.0951,0.1461,0.1609,0.0803,-0.0351,0.9863
04665_01275,46.65,12.75,14400,1733.9,972.7,2674.0,339.2,27.28,0.0,0.0,0.0,0.0578,0.2997,0.4089,0.2337,0.133,0.1125,0.184,0.115,0.1199,0.0753,0.0894,0.1709,0.0794,0.0796,0.9969
04665_01285,46.65,12.85,14400,1608.1,814.3,2689.8,413.2,26.88,0.0,0.0,0.0113,0.2126,0.2526,0.3257,0.1978,0.1525,0.1084,0.1406,0.1188,0.1248,0.0849,0.1057,0.1643,0.0732,0.0161,0.9963
04665_01295,46.65,12.95,14400,1343.5,697.5,2694.9,414.2,24.82,0.0,0.0,0.1502,0.2773,0.2917,0.2042,0.0766,0.1875,0.1431,0.1233,0.1597,0.1409,0.0955,0.0416,0.1085,0.0464,0.1568,0.9825
04675_01045,46.75,10.45,14520,2421.2,1593.3,3167.2,277.0,22.59,0.0,0.0,0.0,0.0,0.0003,0.0875,0.9123,0.0916,0.1685,0.1613,0.1245,0.0805,0.1624,0.0999,0.1113,0.0034,0.0839,0.9941
04675_01055,46.75,10.55,14641,1911.7,1115.2,2888.9,397.8,21.18,0.0,0.0,0.0,0.012,0.2766,0.3006,0.4109,0.0496,0.0598,0.2094,0.102,0.1015,0.172,0.179,0.1266,-0.1157,-0.068,0.9617
04675_01065,46.75,10.65,14399,2502.6,1489.0,3419.9,377.1,25.83,0.0,0.0,0.0,0.0,0.0043,0.1107,0.885,0.0598,0.0543,0.0885,0.2884,0.1261,0.0502,0.1522,0.1805,-0.1463,0.0137,0.9967
04675_01075,46.75,10.75,14520,2741.9,1805.7,3686.8,344.1,24.6,0.0,0.0,0.0,0.0,0.0,0.0188,0.9812,0.0809,0.1149,0.1545,0.1666,0.1259,0.1472,0.1284,0.0816,-0.1296,0.0661,0.9973
04675_01085,46.75,10.85,14520,2534.2,1285.0,3568.9,516.0,25.75,0.0,0.0,0.0,0.0,0.0399,0.1566,0.8034,0.1362,0.0914,0.1315,0.134,0.1525,0.1326,0.0772,0.1446,-0.0355,0.016,0.9934
04675_01095,46.75,10.95,14520,2631.8,1083.3,3582.1,505.3,26.78,0.0,0.0,0.0,0.0029,0.0443,0.0799,0.8729,0.1274,0.1152,0.081,0.1185,0.1481,0.1464,0.1341,0.1291,-0.0353,-0.0846,0.9951
04675_01105,46.75,11.05,14641,2437.0,1053.3,3397.8,424.8,26.25,0.0,0.0,0.0,0.0014,0.0288,0.1447,0.825,0.0968,0.1207,0.17,0.1573,0.1019,0.1223,0.121,0.11,-0.0426,0.0847,0.9943
04675_01115,46.75,11.15,14399,1772.2,391.0,2847.2,576.2,29.31,0.0,0.0397,0.0644,0.0863,0.1428,0.2513,0.4155,0.1212,0.1315,0.2088,0.1964,0.1326,0.0509,0.0696,0.0891,-0.0351,0.2806,0.998
04675_01125,46.75,11.25,14520,1541.0,450.9,2740.2,574.8,27.91,0.0,0.0483,0.1393,0.1236,0.1951,0.231,0.2627,0.0985,0.0907,0.0886,0.0889,0.0494,0.1274,0.2941,0.1624,0.0796,-0.2913,0.9919
04675_01135,46.75,11.35,14520,1871.3,1125.2,2710.5,338.0,25.05,0.0,0.0,0.0,0.0123,0.2256,0.37,0.392,0.0656,0.0766,0.1415,0.1767,0.1107,0.0685,0.1699,0.1905,-0.0326,-0.0337,0.9933
04675_01145,46.75,11.45,14520,2020.8,1291.3,2719.4,293.0,22.56,0.0,0.0,0.0,0.0,0.1006,0.3503,0.5491,0.1197,0.0789,0.0553,0.1706,0.1054,0.1452,0.183,0.142,-0.0567,-0.1561,0.9949
04675_01155,46.75,11.55,14641,1947.7,760.0,2605.3,340.9,25.22,0.0,0.0,0.005,0.0226,0.1374,0.3313,0.5037,0.1537,0.1567,0.1511,0.165,0.1451,0.0672,0.0443,0.1168,0.0385,0.2101,0.9974
04675_01165,46.75,11.65,14399,965.1,550.5,1950.6,297.3,19.03,0.0,0.0619,0.4795,0.2449,0.1741,0.0395,0.0,0.0391,0.1136,0.2139,0.1368,0.1028,0.1219,0.1617,0.1102,-0.0923,0.0678,0.9296
04675_01175,46.75,11.75,14520,1543.5,612.6,2487.3,361.4,23.09,0.0,0.0,0.0441,0.1482,0.337,0.3775,0.0932,0.178,0.1249,0.0689,0.0353,0.0979,0.1568,0.1861,0.152,0.1415,-0.2229,0.9924
04675_01185,46.75,11.85,14520,1472.1,774.5,2318.5,419.7,21.23,0.0,0.0,0.0986,0.2332,0.2445,0.2887,0.135,0.1678,0.2016,0.1762,0.0814,0.07,0.1308,0.0939,0.0782,0.149,0.1365,0.9844
04675_01195,46.75,11.95,14520,1434.5,803.6,2491.0,414.4,17.53,0.0,0.0,0.0909,0.2614,0.2599,0.3008,0.0871,0.1863,0.1283,0.0865,0.0853,0.1162,0.1088,0.0946,0.194,0.1664,-0.0707,0.9278
04675_01205,46.75,12.05,14641,1502.6,946.6,2542.7,364.3,18.62,0.0,0.0,0.0,0.2593,0.3807,0.2517,0.1083,0.1642,0.1451,0.105,0.0959,0.1475,0.0898,0.106,0.1465,0.098,-0.0015,0.9653
04675_01215,46.75,12.15,14399,1501.6,1078.6,2423.9,282.9,18.7,0.0,0.0,0.0,0.1262,0.5439,0.2579,0.072,0.1781,0.1144,0.0556,0.1365,0.2478,0.1104,0.0644,0.0929,-0.1013,0.0226,0.9474
04675_01225,46.75,12.25,14520,1687.2,1152.8,2653.5,366.6,20.28,0.0,0.0,0.0,0.0415,0.4098,0.3397,0.209,0.1863,0.0736,0.0705,0.104,0.1974,0.1115,0.1294,0.1272,-0.0197,-0.1141,0.9444
04675_01235,46.75,12.35,14520,1788.3,1083.9,2542.1,383.2,21.83,0.0,0.0,0.0,0.068,0.281,0.3041,0.3469,0.1888,0.1184,0.0852,0.1045,0.2037,0.1333,0.0675,0.0986,-0.0294,0.0142,0.9862
04685_01045,46.85,10.45,14400,1873.5,1030.0,3011.1,454.7,23.92,0.0,0.0,0.0,0.0866,0.2119,0.3036,0.3979,0.0825,0.0916,0.1815,0.232,0.0658,0.0353,0.0912,0.22,0.0479,0.1399,0.9935
04685_01055,46.85,10.55,14520,2082.5,1336.6,2974.0,414.0,21.93,0.0,0.0,0.0,0.0,0.1749,0.2621,0.5631,0.0722,0.1119,0.089,0.0992,0.109,0.1546,0.2164,0.1476,-0.0346,-0.1904,0.9591
04685_01065,46.85,10.65,14280,2553.7,1721.9,3312.0,310.8,23.5,0.0,0.0,0.0,0.0,0.0,0.0625,0.9375,0.1257,0.1263,0.0829,0.1188,0.1465,0.1362,0.1227,0.1409,-0.0117,-0.0655,0.9973
04685_01075,46.85,10.75,14400,2879.6,1872.9,3503.2,339.6,20.64,0.0,0.0,0.0,0.0,0.0,0.0119,0.9881,0.1678,0.1565,0.1168,0.1212,0.0746,0.0901,0.0983,0.1747,0.183,0.0273,0.9927
04685_01105,46.85,11.05,14520,2576.8,1589.1,3429.4,341.0,25.5,0.0,0.0,0.0,0.0,0.0001,0.0597,0.9402,0.0847,0.1518,0.1391,0.1321,0.0404,0.1282,0.1779,0.1459,0.0751,-0.0356,0.9946
04685_01115,46.85,11.15,14280,1908.9,790.7,2995.9,425.6,26.64,0.0,0.0,0.0027,0.0527,0.1959,0.3197,0.4291,0.1203,0.1247,0.1374,0.1436,0.1003,0.1356,0.124,0.1142,-0.0123,0.025,0.9971
04685_01125,46.85,11.25,14400,1814.6,628.3,2805.6,498.6,25.41,0.0,0.0,0.0632,0.076,0.1721,0.2717,0.417,0.1787,0.1226,0.1153,0.0929,0.2172,0.1083,0.0595,0.1055,-0.0183,0.0643,0.995
04685_01135,46.85,11.35,14400,1671.8,947.7,2655.2,359.5,25.23,0.0,0.0,0.0,0.1112,0.3073,0.3889,0.1926,0.2474,0.167,0.0921,0.0672,0.1321,0.0879,0.0994,0.1069,0.2041,0.0236,0.9825
04685_01145,46.85,11.45,14400,1591.4,915.7,2549.8,447.2,23.17,0.0,0.0,0.0,0.2651,0.226,0.2675,0.2415,0.1938,0.1699,0.121,0.096,0.0868,0.0767,0.1125,0.1434,0.2013,0.0469,0.9219
04685_01155,46.85,11.55,14520,1667.4,771.6,2755.5,474.0,27.11,0.0,0.0,0.0528,0.1436,0.2459,0.3112,0.2466,0.0928,0.1038,0.1186,0.0982,0.116,0.203,0.1661,0.1016,-0.0926,-0.1215,0.9895
04685_01165,46.85,11.65,14280,1808.8,721.0,2899.8,412.1,24.67,0.0,0.0,0.0261,0.0396,0.2318,0.3709,0.3316,0.0417,0.1151,0.2013,0.2045,0.1143,0.1351,0.1368,0.0512,-0.2002,0.1665,0.9933
04685_01175,46.85,11.75,14400,1535.2,731.5,2771.8,548.3,25.2,0.0,0.0,0.123,0.2133,0.2606,0.1611,0.2419,0.1337,0.0695,0.1264,0.1236,0.1708,0.1793,0.1472,0.0495,-0.1806,-0.0426,0.9778
04685_01185,46.85,11.85,14400,1602.5,759.8,2637.6,467.5,21.2,0.0,0.0,0.0481,0.2067,0.2509,0.2288,0.2656,0.1562,0.0916,0.0526,0.1289,0.2765,0.1432,0.0944,0.0565,-0.2154,-0.0332,0.9781
04685_01195,46.85,11.95,14400,1387.4,813.4,2694.5,453.0,22.69,0.0,0.0,0.2006,0.2101,0.2653,0.2041,0.1199,0.0797,0.0579,0.1424,0.1362,0.1146,0.1366,0.2193,0.1134,-0.1122,-0.124,0.9081
04685_01205,46.85,12.05,14520,2022.9,1075.2,3248.2,484.9,26.2,0.0,0.0,0.0,0.0601,0.1499,0.2525,0.5375,0.0473,0.0404,0.1342,0.2502,0.1483,0.0776,0.1502,0.1519,-0.2051,0.0277,0.9823
04685_01215,46.85,12.15,14280,2061.9,1235.1,3182.5,332.5,25.07,0.0,0.0,0.0,0.0,0.0872,0.3305,0.5823,0.1359,0.0784,0.0798,0.1122,0.1526,0.1551,0.1536,0.1323,-0.0634,-0.1428,0.9932
04685_01225,46.85,12.25,14400,2094.7,1244.3,2812.5,355.5,23.99,0.0,0.0,0.0,0.0,0.1213,0.2222,0.6565,0.0811,0.0794,0.1516,0.1658,0.0898,0.1171,0.172,0.1431,-0.0511,-0.0305,0.9893
04695_01115,46.95,11.15,14161,2718.4,1814.2,3467.9,304.8,23.18,0.0,0.0,0.0,0.0,0.0,0.0093,0.9907,0.1522,0.1167,0.0856,0.1093,0.1393,0.141,0.122,0.1339,0.0149,-0.0705,0.9939
04695_01125,46.95,11.25,14280,2359.6,1325.2,3219.6,420.3,26.16,0.0,0.0,0.0,0.0,0.0544,0.164,0.7816,0.1106,0.1787,0.165,0.1476,0.1225,0.0993,0.0591,0.1172,0.0248,0.1913,0.9909
04695_01135,46.95,11.35,14280,1942.5,1125.6,3000.7,398.7,27.77,0.0,0.0,0.0,0.0169,0.1998,0.3384,0.4449,0.1568,0.1609,0.1138,0.124,0.1843,0.1473,0.0353,0.0774,-0.0539,0.1228,0.9947
04695_01145,46.95,11.45,14280,1672.5,944.0,2670.3,362.4,23.79,0.0,0.0,0.0,0.1281,0.2858,0.3755,0.2106,0.0786,0.0679,0.1151,0.1803,0.143,0.0968,0.1655,0.1529,-0.101,-0.0588,0.9895
04695_01155,46.95,11.55,14399,2027.3,1093.9,3095.9,412.1,25.78,0.0,0.0,0.0,0.0071,0.1956,0.2509,0.5464,0.1271,0.0587,0.0642,0.1737,0.1335,0.1087,0.1557,0.1783,-0.0385,-0.133,0.9783
04695_01165,46.95,11.65,14161,2223.9,1263.0,3202.3,344.8,27.08,0.0,0.0,0.0,0.0,0.0557,0.1984,0.7459,0.1267,0.1039,0.0869,0.1389,0.1729,0.1356,0.1032,0.1318,-0.0738,-0.0395,0.9939
04695_01175,46.95,11.75,14280,2452.5,1317.0,3467.7,425.9,26.35,0.0,0.0,0.0,0.0,0.0141,0.1559,0.83,0.0944,0.1088,0.0946,0.1732,0.1364,0.1323,0.155,0.1052,-0.1075,-0.0247,0.9952
04695_01185,46.95,11.85,14280,2134.4,1210.8,3331.9,416.9,26.29,0.0,0.0,0.0,0.0,0.1095,0.2646,0.6259,0.0983,0.1105,0.1626,0.1513,0.1458,0.2109,0.0568,0.0637,-0.1793,0.1013,0.9968
04695_01195,46.95,11.95,14280,1559.1,848.5,2606.9,423.4,26.03,0.0,0.0,0.0424,0.209,0.2945,0.2649,0.1892,0.0895,0.1206,0.0914,0.1261,0.1594,0.1292,0.0984,0.1854,-0.0296,-0.0518,0.9621
04695_01205,46.95,12.05,14399,2209.2,1187.0,3292.5,381.7,27.19,0.0,0.0,0.0,0.0003,0.0608,0.2405,0.6985,0.1401,0.1232,0.0462,0.1657,0.0925,0.1037,0.1409,0.1877,0.0807,-0.0916,0.9947
04695_01215,46.95,12.15,14161,2526.4,1736.3,3424.2,296.7,25.2,0.0,0.0,0.0,0.0,0.0,0.044,0.956,0.1459,0.1404,0.1001,0.0795,0.1337,0.1629,0.1169,0.1206,0.0213,-0.0662,0.9958
04705_01185,47.05,11.85,14400,2313.0,980.8,3321.5,469.8,29.96,0.0,0.0,0.0,0.0152,0.074,0.151,0.7598,0.1121,0.2489,0.0807,0.052,0.0514,0.1635,0.2105,0.0809,0.1399,-0.0949,0.9972
04705_01195,47.05,11.95,14400,2266.8,1065.5,3309.3,454.3,28.73,0.0,0.0,0.0,0.0071,0.0844,0.1899,0.7186,0.0483,0.1544,0.2055,0.1163,0.0959,0.1815,0.1377,0.0604,-0.1096,0.085,0.9988
04705_01205,47.05,12.05,14520,2157.3,1107.3,3195.9,459.9,26.5,0.0,0.0,0.0,0.0212,0.1244,0.2091,0.6452,0.0736,0.134,0.0988,0.1356,0.1272,0.1383,0.1789,0.1137,-0.079,-0.0671,0.9961
04705_01215,47.05,12.15,14280,2384.3,1451.6,3185.7,338.0,26.02,0.0,0.0,0.0,0.0,0.0163,0.1268,0.8569,0.1334,0.0627,0.0573,0.1656,0.1181,0.1133,0.1578,0.1919,-0.0014,-0.1538,0.9953
04705_01225,47.05,12.25,14400,2656.6,1596.5,3459.8,341.0,27.74,0.0,0.0,0.0,0.0,0.0001,0.0338,0.9661,0.1129,0.1126,0.162,0.13,0.114,0.1425,0.1215,0.1044,-0.0406,0.0402,0.9973
