cell_id,lat,lon,lat_min,lon_min,land_frac,clc_311_latifoglie,clc_312_conifere,clc_313_misto,clc_321_praterie,clc_322_brughiere,clc_323_sclerofille,clc_324_transizione,clc_px_validi,bosco_ha,bosco_frac,dem_px,quota_media,quota_min,quota_max,quota_sd,pendenza_media,q_000_300,q_300_600,q_600_900,q_900_1200,q_1200_1600,q_1600_2000,q_2000_su,esp_n,esp_ne,esp_e,esp_se,esp_s,esp_so,esp_o,esp_no,northness,eastness,frac_pendente,qualita_bosco,macroregione,idoneita_quota,idoneita_ospite,attiva
03695_01475,36.95,14.75,36.9,14.7,1.0,0.0,0.11209,0.0,0.02054,0.0,0.10116,0.00435,9885,1108,0.11209,14280,524.3,239.4,829.7,107.3,8.34,0.0177,0.745,0.2373,0.0,0.0,0.0,0.0,0.0485,0.094,0.188,0.2419,0.0979,0.0842,0.1229,0.1226,-0.1353,0.156,0.7944,0.75,mediterraneo,0.8566,0.6424,True
03705_01445,37.05,14.45,37.0,14.4,1.0,0.09066,0.01084,0.07496,0.00304,0.0,0.11457,0.00689,9872,1742,0.17646,14400,142.9,18.6,281.7,64.1,4.74,1.0,0.0,0.0,0.0,0.0,0.0,0.0,0.1352,0.0455,0.0757,0.1353,0.1795,0.1151,0.145,0.1688,-0.0696,-0.1466,0.522,0.9634,mediterraneo,0.55,0.5299,True
03705_01475,37.05,14.75,37.0,14.7,1.0,0.0,0.30588,0.0,0.0075,0.0,0.09318,0.01084,9873,3020,0.30588,14400,646.0,390.1,901.7,111.0,8.88,0.0,0.3485,0.6514,0.0001,0.0,0.0,0.0,0.0722,0.0946,0.1882,0.1374,0.085,0.1162,0.1945,0.112,-0.0482,0.0006,0.9137,0.75,appenninico,0.828,0.621,True
03705_01495,37.05,14.95,37.0,14.9,1.0,0.12561,0.0,0.0,0.01104,0.0,0.05227,0.0,9872,1240,0.12561,14400,566.3,330.9,739.0,64.3,5.47,0.0,0.6884,0.3116,0.0,0.0,0.0,0.0,0.1609,0.1402,0.135,0.1533,0.156,0.0887,0.0576,0.1084,0.0092,0.1494,0.6092,1.0,mediterraneo,0.8656,0.8656,True
03705_01505,37.05,15.05,37.0,15.0,1.0,0.21623,0.0,0.0,0.00942,0.0,0.06394,0.0,9869,2134,0.21623,14400,425.7,190.0,690.5,95.2,5.22,0.1075,0.8649,0.0276,0.0,0.0,0.0,0.0,0.1264,0.2527,0.1384,0.1608,0.2018,0.0857,0.0146,0.0196,-0.0566,0.3503,0.7258,1.0,mediterraneo,0.8191,0.8191,True
03715_01445,37.15,14.45,37.1,14.4,1.0,0.0767,0.00051,0.04444,0.0,0.0,0.04353,0.00446,9856,1199,0.12165,14400,265.3,97.7,462.0,77.7,5.56,0.6505,0.3495,0.0,0.0,0.0,0.0,0.0,0.0708,0.0437,0.14,0.1855,0.1041,0.1194,0.1674,0.1691,-0.0974,-0.0676,0.6119,0.9807,mediterraneo,0.6548,0.6422,True
03715_01455,37.15,14.55,37.1,14.5,1.0,0.11459,0.0,0.08001,0.00487,0.0,0.02403,0.0,9861,1919,0.1946,14400,347.1,167.7,460.9,51.9,4.24,0.174,0.826,0.0,0.0,0.0,0.0,0.0,0.0471,0.0131,0.1051,0.2492,0.1431,0.0853,0.1504,0.2067,-0.1831,-0.0696,0.5047,0.9794,mediterraneo,0.7978,0.7814,True
03715_01475,37.15,14.75,37.1,14.7,1.0,0.05001,0.07688,0.00325,0.04341,0.0,0.15346,0.01684,9859,1283,0.13014,14400,577.7,320.0,907.3,105.1,8.83,0.0,0.5796,0.4185,0.0019,0.0,0.0,0.0,0.1342,0.0799,0.0891,0.1176,0.1336,0.1334,0.1424,0.1697,-0.0003,-0.1309,0.8851,0.8511,mediterraneo,0.8704,0.7408,True
03715_01485,37.15,14.85,37.1,14.8,1.0,0.17377,0.06553,0.02617,0.08247,0.0,0.12518,0.03246,9858,2617,0.26547,14400,655.7,213.4,987.2,173.3,9.74,0.0183,0.355,0.5493,0.0774,0.0,0.0,0.0,0.1795,0.1686,0.1531,0.1391,0.0586,0.0629,0.0665,0.1715,0.2263,0.1418,0.8904,0.9334,appenninico,0.8168,0.7624,True
03715_01495,37.15,14.95,37.1,14.9,1.0,0.10915,0.10114,0.0,0.00477,0.0,0.1198,0.0,9858,2073,0.21029,14400,540.5,200.9,863.4,121.1,10.2,0.0294,0.6778,0.2928,0.0,0.0,0.0,0.0,0.1716,0.0908,0.1382,0.1954,0.113,0.0521,0.064,0.1749,0.0732,0.1211,0.9108,0.8798,mediterraneo,0.8558,0.7529,True
03715_01505,37.15,15.05,37.1,15.0,1.0,0.06451,0.04219,0.0,0.11208,0.0,0.13815,0.0,9859,1052,0.1067,14400,375.5,123.7,602.9,98.1,8.26,0.2308,0.769,0.0002,0.0,0.0,0.0,0.0,0.1912,0.157,0.1254,0.1697,0.1467,0.0662,0.0352,0.1085,0.0672,0.1992,0.8262,0.9011,mediterraneo,0.7808,0.7036,True
03725_01425,37.25,14.25,37.2,14.2,1.0,0.19366,0.00112,0.0,0.04184,0.0,0.052,0.00975,9847,1918,0.19478,14520,345.7,150.0,580.5,77.8,7.76,0.2693,0.7307,0.0,0.0,0.0,0.0,0.0,0.0988,0.1096,0.1318,0.1746,0.1505,0.1281,0.1115,0.095,-0.1237,0.066,0.8612,0.9986,mediterraneo,0.7692,0.7681,True
03725_01435,37.25,14.35,37.2,14.3,1.0,0.23908,0.02357,0.02032,0.04125,0.0,0.07377,0.00437,9842,2785,0.28297,14520,381.5,134.0,653.2,107.6,6.83,0.2773,0.7117,0.011,0.0,0.0,0.0,0.0,0.0752,0.0658,0.1139,0.1534,0.1954,0.1576,0.1279,0.1109,-0.217,-0.0516,0.8095,0.9756,mediterraneo,0.7674,0.7487,True
03725_01445,37.25,14.45,37.2,14.4,1.0,0.10663,0.00305,0.0,0.00264,0.0,0.08378,0.02244,9847,1080,0.10968,14520,411.2,146.8,787.7,126.7,8.49,0.175,0.7333,0.0917,0.0,0.0,0.0,0.0,0.1326,0.0677,0.0685,0.1983,0.1666,0.0928,0.1182,0.1553,-0.0866,-0.039,0.8952,0.993,mediterraneo,0.8021,0.7965,True
03735_01445,37.35,14.45,37.3,14.4,1.0,0.03437,0.0,0.08542,0.01647,0.0,0.01342,0.0061,9834,1178,0.11979,14400,507.9,244.0,877.5,138.9,7.86,0.043,0.7273,0.2297,0.0,0.0,0.0,0.0,0.0497,0.0994,0.1914,0.1921,0.1687,0.1152,0.1113,0.0722,-0.2151,0.1579,0.8834,0.9643,mediterraneo,0.8486,0.8183,True
03745_01435,37.45,14.35,37.4,14.3,1.0,0.08196,0.35868,0.01833,0.02678,0.0,0.02667,0.00723,9822,4508,0.45897,14280,693.8,438.7,896.8,101.3,8.68,0.0,0.2128,0.7872,0.0,0.0,0.0,0.0,0.1404,0.1188,0.0968,0.0945,0.1126,0.1429,0.1266,0.1675,0.0654,-0.1014,0.8916,0.8026,appenninico,0.8755,0.7027,True
03745_01445,37.45,14.45,37.4,14.4,1.0,0.20711,0.01904,0.03788,0.01273,0.0,0.0337,0.00804,9821,2593,0.26403,14280,524.6,254.1,903.8,157.2,8.95,0.0306,0.68,0.2889,0.0005,0.0,0.0,0.0,0.171,0.1513,0.2211,0.1491,0.1119,0.0645,0.0302,0.1008,0.0872,0.2946,0.9035,0.9748,mediterraneo,0.8551,0.8336,True
03755_01385,37.55,13.85,37.5,13.8,1.0,0.12327,0.02916,0.0,0.00581,0.0,0.00153,0.0,9808,1495,0.15243,14400,396.9,185.6,812.7,121.7,9.49,0.2517,0.6879,0.0603,0.0,0.0,0.0,0.0,0.1092,0.0776,0.1016,0.1508,0.1179,0.1593,0.1562,0.1274,-0.0859,-0.0963,0.941,0.9522,mediterraneo,0.7774,0.7402,True
03755_01395,37.55,13.95,37.5,13.9,1.0,0.21972,0.08554,0.0,0.02447,0.0,0.00877,0.00704,9808,2994,0.30526,14400,435.0,230.2,846.8,130.1,8.88,0.1124,0.7619,0.1258,0.0,0.0,0.0,0.0,0.097,0.0827,0.1284,0.1628,0.1546,0.0983,0.1247,0.1517,-0.0807,-0.0032,0.925,0.9299,mediterraneo,0.8227,0.765,True
03755_01415,37.55,14.15,37.5,14.1,1.0,0.09982,0.09023,0.0,0.10899,0.0,0.04578,0.0,9808,1864,0.19005,14400,435.5,268.9,782.5,90.6,9.26,0.034,0.9226,0.0435,0.0,0.0,0.0,0.0,0.0913,0.1104,0.1255,0.1737,0.1191,0.1042,0.1555,0.1205,-0.0633,0.0119,0.8961,0.8813,mediterraneo,0.8421,0.7421,True
03765_01295,37.65,12.95,37.6,12.9,1.0,0.0,0.12689,0.0,0.0,0.0,0.00949,0.0,9796,1243,0.12689,14400,215.3,29.7,412.5,108.2,4.37,0.729,0.271,0.0,0.0,0.0,0.0,0.0,0.0594,0.0277,0.0777,0.1061,0.1594,0.2489,0.1945,0.1263,-0.2519,-0.296,0.5345,0.75,mediterraneo,0.6313,0.4735,True
03765_01315,37.65,13.15,37.6,13.1,1.0,0.05399,0.27026,0.0,0.04787,0.0,0.03848,0.0,9798,3177,0.32425,14400,573.0,196.7,1167.7,214.5,10.65,0.0735,0.5303,0.3181,0.078,0.0,0.0,0.0,0.1243,0.07,0.0484,0.1201,0.1661,0.1799,0.1413,0.15,-0.0946,-0.1998,0.9623,0.7916,mediterraneo,0.8243,0.6525,True
03765_01335,37.65,13.35,37.6,13.3,1.0,0.18707,0.06045,0.02441,0.01716,0.0,0.21597,0.01879,9793,2663,0.27193,14400,705.0,273.3,1352.1,196.5,13.79,0.0015,0.3449,0.4883,0.1565,0.0088,0.0,0.0,0.1247,0.0652,0.0856,0.133,0.173,0.121,0.1247,0.1728,-0.0598,-0.1101,0.9804,0.9399,appenninico,0.8352,0.785,True
03765_01345,37.65,13.45,37.6,13.4,1.0,0.02755,0.08521,0.0,0.00367,0.0,0.08001,0.00265,9799,1105,0.11276,14400,825.8,325.6,1426.7,226.5,12.72,0.0,0.1889,0.4035,0.3624,0.0453,0.0,0.0,0.1189,0.0925,0.0679,0.1463,0.1835,0.1477,0.1272,0.1158,-0.1306,-0.0818,0.9622,0.8111,appenninico,0.8976,0.728,True
03765_01355,37.65,13.55,37.6,13.5,1.0,0.02797,0.28808,0.01592,0.0,0.0,0.05125,0.00868,9796,3252,0.33197,14400,891.6,491.5,1391.8,160.3,11.84,0.0,0.0356,0.4759,0.4556,0.0329,0.0,0.0,0.1123,0.1326,0.1619,0.1228,0.1255,0.1052,0.1355,0.1041,-0.0061,0.0553,0.9584,0.7807,appenninico,0.957,0.7471,True
03765_01445,37.65,14.45,37.6,14.4,1.0,0.0918,0.01246,0.0,0.00429,0.0,0.07791,0.00051,9793,1021,0.10426,14400,576.8,302.0,887.8,112.9,9.43,0.0,0.5549,0.4451,0.0,0.0,0.0,0.0,0.0999,0.1134,0.1388,0.1651,0.1437,0.1303,0.101,0.1079,-0.099,0.0637,0.9214,0.9701,mediterraneo,0.8723,0.8462,True
03765_01495,37.65,14.95,37.6,14.9,1.0,0.26149,0.01195,0.005,0.0,0.00827,0.05605,0.00939,9794,2727,0.27844,14400,971.1,352.1,1922.7,342.6,6.73,0.0,0.1357,0.331,0.2871,0.1893,0.0569,0.0,0.0004,0.0004,0.0019,0.0302,0.4202,0.4919,0.0534,0.0015,-0.8045,-0.3881,0.968,0.9884,appenninico,0.8609,0.8509,True
03765_01505,37.65,15.05,37.6,15.0,1.0,0.22255,0.01134,0.0,0.0,0.00419,0.04851,0.05781,9791,2290,0.23389,14400,907.5,375.7,1907.3,329.8,7.65,0.0,0.1799,0.3803,0.2376,0.1619,0.0402,0.0,0.0053,0.0247,0.217,0.4267,0.2737,0.0444,0.0049,0.0033,-0.5973,0.5086,0.9081,0.9879,appenninico,0.8565,0.8461,True
03775_01335,37.75,13.35,37.7,13.3,1.0,0.08779,0.04108,0.01298,0.04303,0.0,0.07246,0.00286,9785,1388,0.14185,14520,865.4,504.7,1449.4,179.0,11.25,0.0,0.0456,0.5668,0.34,0.0476,0.0,0.0,0.1093,0.2165,0.1562,0.1181,0.1165,0.1083,0.1051,0.0701,0.0394,0.1586,0.9713,0.923,appenninico,0.9463,0.8734,True
03775_01355,37.75,13.55,37.7,13.5,1.0,0.06892,0.04652,0.0,0.04959,0.0,0.00787,0.0,9780,1129,0.11544,14520,672.1,301.7,1186.4,174.9,9.15,0.0,0.3229,0.5876,0.0895,0.0,0.0,0.0,0.2128,0.1513,0.101,0.0952,0.0665,0.1035,0.1177,0.1519,0.2275,-0.0238,0.9542,0.8993,appenninico,0.8415,0.7568,True
03775_01445,37.75,14.45,37.7,14.4,1.0,0.10693,0.0,0.0,0.00184,0.0,0.01983,0.00307,9782,1046,0.10693,14520,680.4,408.4,999.2,116.5,9.88,0.0,0.2536,0.7309,0.0155,0.0,0.0,0.0,0.1124,0.1333,0.1282,0.1382,0.1546,0.1417,0.1139,0.0777,-0.0929,0.0513,0.9598,1.0,appenninico,0.862,0.862,True
03775_01485,37.75,14.85,37.7,14.8,1.0,0.10592,0.0,0.0,0.01513,0.0,0.22585,0.0,9781,1036,0.10592,14520,872.9,355.3,1396.8,249.4,6.59,0.0,0.1986,0.3048,0.3954,0.1012,0.0,0.0,0.0177,0.0073,0.0135,0.0094,0.0294,0.278,0.5011,0.1435,-0.1108,-0.7951,0.8822,1.0,appenninico,0.8901,0.8901,True
03775_01495,37.75,14.95,37.7,14.9,1.0,0.1143,0.03537,0.05316,0.00061,0.06134,0.02924,0.15407,9781,1984,0.20283,14520,1883.0,1144.5,3310.9,478.9,11.56,0.0,0.0,0.0,0.005,0.3313,0.3308,0.3329,0.0417,0.0074,0.0034,0.0056,0.0408,0.2952,0.3926,0.2132,-0.0516,-0.7557,0.9893,0.9433,appenninico,0.3925,0.3702,True
03775_01505,37.75,15.05,37.7,15.0,1.0,0.16977,0.04967,0.08187,0.0,0.04344,0.01053,0.02739,9784,2948,0.30131,14520,1772.9,682.7,3260.7,519.7,13.93,0.0,0.0,0.0156,0.1123,0.297,0.2747,0.3004,0.0384,0.1872,0.4262,0.2559,0.0707,0.0124,0.0011,0.008,-0.0866,0.7444,0.9929,0.9452,appenninico,0.468,0.4424,True
03775_01515,37.75,15.15,37.7,15.1,1.0,0.10788,0.0,0.0,0.0,0.0,0.02577,0.0544,9779,1055,0.10788,14520,472.2,6.8,1290.4,330.9,7.39,0.3998,0.2344,0.2382,0.1171,0.0105,0.0,0.0,0.0054,0.0934,0.5338,0.3385,0.0242,0.0048,0.0,0.0,-0.2017,0.8609,0.8327,1.0,mediterraneo,0.7064,0.7064,True
03785_01275,37.85,12.75,37.8,12.7,1.0,0.00287,0.10663,0.0,0.0,0.0,0.02684,0.0,9763,1069,0.1095,14400,333.2,141.1,747.6,123.6,7.23,0.5091,0.4532,0.0377,0.0,0.0,0.0,0.0,0.1049,0.0532,0.0606,0.1093,0.1758,0.1477,0.1628,0.1856,-0.0856,-0.2288,0.805,0.7566,mediterraneo,0.6992,0.529,True
03785_01335,37.85,13.35,37.8,13.3,1.0,0.1998,0.0,0.0,0.07721,0.0,0.06267,0.0,9765,1951,0.1998,14400,723.2,346.8,1593.6,182.8,9.82,0.0,0.2864,0.5558,0.1418,0.016,0.0,0.0,0.214,0.0766,0.0345,0.0532,0.139,0.1894,0.125,0.1683,0.0819,-0.2628,0.9419,1.0,appenninico,0.8552,0.8552,True
03785_01345,37.85,13.45,37.8,13.4,1.0,0.171,0.04861,0.01054,0.01443,0.0,0.10284,0.00481,9772,2249,0.23015,14400,694.3,311.0,1564.8,214.9,11.08,0.0,0.3801,0.4445,0.159,0.0165,0.0,0.0,0.114,0.2065,0.1611,0.1169,0.2055,0.1214,0.0268,0.0477,-0.0824,0.2531,0.9759,0.9449,appenninico,0.8234,0.778,True
03785_01375,37.85,13.75,37.8,13.7,1.0,0.09754,0.0,0.02958,0.0216,0.0,0.10276,0.0,9770,1242,0.12712,14400,461.1,75.2,1137.1,235.6,11.64,0.2912,0.4519,0.2028,0.0541,0.0,0.0,0.0,0.1994,0.1097,0.0824,0.0674,0.0767,0.1076,0.129,0.2279,0.2484,-0.1648,0.9789,0.9884,mediterraneo,0.7593,0.7505,True
03785_01385,37.85,13.85,37.8,13.8,1.0,0.11597,0.00942,0.03193,0.0782,0.0,0.1651,0.03081,9770,1537,0.15732,14400,477.1,77.0,1127.9,230.8,11.85,0.2767,0.4017,0.2772,0.0445,0.0,0.0,0.0,0.1306,0.1752,0.2033,0.0911,0.0623,0.0673,0.1203,0.1498,0.1881,0.1243,0.977,0.9749,mediterraneo,0.7698,0.7505,True
03785_01395,37.85,13.95,37.8,13.9,1.0,0.12901,0.00369,0.0,0.05631,0.0,0.14242,0.02775,9767,1296,0.1327,14400,809.8,173.8,1789.5,400.7,15.17,0.039,0.3556,0.2813,0.1038,0.1849,0.0354,0.0,0.1234,0.0921,0.0855,0.0594,0.1556,0.2031,0.1586,0.1224,-0.0671,-0.2023,0.9897,0.993,appenninico,0.7619,0.7566,True
03785_01405,37.85,14.05,37.8,14.0,1.0,0.30254,0.03632,0.03775,0.0,0.0,0.22273,0.06998,9774,3681,0.37661,14400,1303.0,544.9,1969.6,302.6,16.54,0.0,0.0006,0.0884,0.3189,0.3877,0.2044,0.0,0.0814,0.0773,0.1365,0.16,0.1356,0.1573,0.1483,0.1036,-0.1567,-0.0273,0.9942,0.9709,appenninico,0.7941,0.771,True
03785_01415,37.85,14.15,37.8,14.1,1.0,0.14654,0.0,0.07752,0.00696,0.0,0.35719,0.0,9765,2188,0.22406,14400,930.2,275.4,1650.5,287.4,14.27,0.0012,0.1408,0.323,0.3616,0.1679,0.0055,0.0,0.1206,0.1896,0.1981,0.1184,0.0798,0.0811,0.1116,0.1008,0.1077,0.1815,0.9916,0.9827,appenninico,0.8976,0.8821,True
03785_01435,37.85,14.35,37.8,14.3,1.0,0.10406,0.10109,0.04281,0.10426,0.0,0.2924,0.01249,9764,2421,0.24796,14400,932.3,344.0,1551.9,225.9,12.27,0.0,0.0764,0.3689,0.4344,0.1203,0.0,0.0,0.16,0.0874,0.0787,0.0769,0.1392,0.1984,0.1436,0.1158,-0.028,-0.1728,0.9938,0.8894,appenninico,0.933,0.8298,True
03785_01445,37.85,14.45,37.8,14.4,1.0,0.24542,0.02559,0.01136,0.14789,0.0,0.0261,0.00174,9771,2759,0.28237,14400,1043.4,582.7,1607.8,236.7,11.66,0.0,0.0024,0.3116,0.4006,0.2852,0.0002,0.0,0.0766,0.1061,0.1695,0.191,0.1568,0.1337,0.1167,0.0496,-0.2032,0.1339,0.9848,0.9753,appenninico,0.9405,0.9173,True
03785_01455,37.85,14.55,37.8,14.5,1.0,0.31377,0.02437,0.01464,0.00625,0.0,0.00717,0.00655,9765,3445,0.35278,14400,1121.5,689.2,1609.3,194.7,10.97,0.0,0.0,0.1242,0.5548,0.3208,0.0002,0.0,0.0552,0.1117,0.1272,0.1392,0.1858,0.2151,0.1014,0.0644,-0.2667,0.0042,0.9818,0.9807,appenninico,0.9455,0.9273,True
03785_01465,37.85,14.65,37.8,14.6,1.0,0.42108,0.0,0.0,0.00184,0.0,0.03163,0.01126,9770,4114,0.42108,14400,1076.4,693.5,1564.6,234.3,10.33,0.0,0.0,0.3167,0.3474,0.3359,0.0,0.0,0.0637,0.0952,0.1461,0.1597,0.1508,0.2094,0.1244,0.0508,-0.2492,0.0207,0.9631,1.0,appenninico,0.9338,0.9338,True
03785_01475,37.85,14.75,37.8,14.7,1.0,0.19992,0.0,0.0,0.08261,0.0,0.04064,0.0,9769,1953,0.19992,14400,898.3,549.5,1429.2,184.2,10.92,0.0,0.0131,0.5383,0.3733,0.0753,0.0,0.0,0.1218,0.1554,0.1405,0.1303,0.2476,0.1184,0.0272,0.0588,-0.15,0.1952,0.9412,1.0,appenninico,0.9565,0.9565,True
03785_01485,37.85,14.85,37.8,14.8,1.0,0.13945,0.0,0.0,0.02089,0.0,0.05693,0.0085,9767,1362,0.13945,14400,899.8,545.2,1337.8,136.6,7.09,0.0,0.0193,0.5263,0.4407,0.0137,0.0,0.0,0.081,0.0321,0.1031,0.0709,0.1264,0.2685,0.177,0.141,-0.1659,-0.3004,0.7242,1.0,appenninico,0.9639,0.9639,True
03785_01495,37.85,14.95,37.8,14.9,1.0,0.158,0.00788,0.00307,0.0,0.0,0.24396,0.0835,9772,1651,0.16895,14400,1087.1,588.2,2182.3,332.0,7.91,0.0,0.0026,0.3746,0.3174,0.211,0.0802,0.0142,0.3899,0.0511,0.0638,0.0713,0.0523,0.0189,0.054,0.2987,0.528,-0.1344,0.8726,0.9874,appenninico,0.8785,0.8674,True
03785_01505,37.85,15.05,37.8,15.0,1.0,0.13363,0.07229,0.00522,0.0,0.00584,0.17243,0.03584,9766,2062,0.21114,14400,1010.3,433.1,2228.0,441.3,7.93,0.0,0.1957,0.3173,0.1697,0.1833,0.1101,0.024,0.4257,0.4303,0.0709,0.0139,0.0054,0.0028,0.0025,0.0485,0.7631,0.3588,0.8667,0.9132,appenninico,0.7779,0.7104,True
03785_01515,37.85,15.15,37.8,15.1,1.0,0.16441,0.0,0.02467,0.0476,0.0,0.13032,0.01065,9768,1847,0.18908,14400,512.4,99.3,1166.4,189.2,11.21,0.1426,0.5274,0.2949,0.0351,0.0,0.0,0.0,0.0968,0.2496,0.2281,0.1165,0.0921,0.0904,0.0625,0.064,0.0825,0.3269,0.8697,0.9935,mediterraneo,0.8132,0.8079,True
03795_01335,37.95,13.35,37.9,13.3,1.0,0.09484,0.01661,0.03209,0.03435,0.0,0.0,0.01292,9753,1400,0.14354,14280,657.9,358.8,1011.4,104.5,9.63,0.0,0.2744,0.6985,0.0271,0.0,0.0,0.0,0.1169,0.1212,0.1303,0.1083,0.1841,0.1326,0.1012,0.1056,-0.0778,0.0235,0.9069,0.9599,appenninico,0.8553,0.821,True
03795_01345,37.95,13.45,37.9,13.4,1.0,0.05719,0.04018,0.02234,0.03095,0.0,0.01045,0.00594,9757,1168,0.11971,14280,478.6,127.5,991.6,171.5,10.06,0.1607,0.5903,0.2354,0.0137,0.0,0.0,0.0,0.157,0.1355,0.1511,0.1208,0.0908,0.0684,0.1058,0.1706,0.1507,0.0537,0.962,0.9068,mediterraneo,0.8102,0.7347,True
03795_01395,37.95,13.95,37.9,13.9,1.0,0.19649,0.01158,0.0,0.00871,0.0,0.07944,0.04438,9756,2030,0.20807,14280,537.0,3.5,1372.3,285.7,13.1,0.2285,0.3704,0.2796,0.114,0.0074,0.0,0.0,0.1949,0.1422,0.0639,0.0408,0.0437,0.1034,0.1998,0.2113,0.3082,-0.2383,0.9822,0.9861,mediterraneo,0.7624,0.7518,True
03795_01405,37.95,14.05,37.9,14.0,1.0,0.2581,0.01128,0.0,0.00297,0.0,0.18232,0.01313,9752,2627,0.26938,14280,669.3,97.9,1900.5,383.6,15.44,0.1184,0.4127,0.2579,0.1034,0.0628,0.0448,0.0,0.228,0.1977,0.1768,0.0959,0.0574,0.0569,0.0643,0.1229,0.2949,0.198,0.9877,0.9895,appenninico,0.6924,0.6851,True
03795_01415,37.95,14.15,37.9,14.1,1.0,0.2865,0.00471,0.033,0.00277,0.0,0.07347,0.0,9759,3164,0.32421,14280,380.4,20.1,1085.3,181.2,14.66,0.3639,0.5133,0.1113,0.0116,0.0,0.0,0.0,0.1344,0.1211,0.1253,0.0864,0.0701,0.134,0.1899,0.1387,0.0963,-0.1103,0.9793,0.9913,mediterraneo,0.7436,0.7371,True
03795_01425,37.95,14.25,37.9,14.2,1.0,0.17984,0.0,0.06019,0.0,0.0,0.14324,0.09289,9753,2341,0.24003,14280,589.4,20.2,1252.6,284.2,13.55,0.1854,0.3375,0.3153,0.1597,0.0022,0.0,0.0,0.153,0.2405,0.186,0.064,0.031,0.0962,0.1344,0.0949,0.2516,0.1367,0.9889,0.9875,mediterraneo,0.769,0.7594,True
03795_01435,37.95,14.35,37.9,14.3,1.0,0.18459,0.00441,0.00174,0.21892,0.0,0.08558,0.00082,9757,1861,0.19074,14280,599.5,58.6,1112.3,224.5,16.18,0.0911,0.4271,0.37,0.1118,0.0,0.0,0.0,0.1296,0.207,0.1329,0.0261,0.0191,0.1605,0.2106,0.1142,0.2109,-0.1117,0.9937,0.9938,mediterraneo,0.8132,0.8082,True
03795_01445,37.95,14.45,37.9,14.4,1.0,0.6723,0.0,0.0,0.06212,0.0,0.05289,0.0,9756,6559,0.6723,14280,764.7,127.8,1457.7,258.9,14.71,0.0273,0.2603,0.3961,0.2593,0.0569,0.0,0.0,0.1716,0.1828,0.0827,0.0288,0.0234,0.1221,0.2021,0.1865,0.3118,-0.1915,0.9967,1.0,appenninico,0.847,0.847,True
03795_01455,37.95,14.55,37.9,14.5,1.0,0.85096,0.0,0.0,0.0165,0.0,0.03516,0.0,9756,8302,0.85096,14280,886.8,174.5,1693.0,346.3,13.49,0.0209,0.2282,0.273,0.2727,0.1897,0.0155,0.0,0.135,0.2282,0.2102,0.0531,0.0101,0.0318,0.1447,0.1869,0.3715,0.1138,0.9952,1.0,appenninico,0.8401,0.8401,True
03795_01465,37.95,14.65,37.9,14.6,1.0,0.74897,0.0,0.0,0.07001,0.0,0.02327,0.0,9756,7307,0.74897,14280,1115.0,367.1,1843.5,310.8,13.41,0.0,0.0367,0.247,0.2989,0.3648,0.0526,0.0,0.1477,0.1381,0.0825,0.0224,0.0511,0.1162,0.2611,0.1809,0.2268,-0.2793,0.9926,1.0,appenninico,0.8814,0.8814,True
03795_01475,37.95,14.75,37.9,14.7,1.0,0.66834,0.0,0.0,0.08181,0.0,0.08807,0.0,9754,6519,0.66834,14280,1240.5,430.7,1781.0,276.2,12.34,0.0,0.0147,0.1146,0.2701,0.5104,0.0902,0.0,0.2263,0.1525,0.1095,0.0606,0.0843,0.1407,0.1156,0.1106,0.1915,-0.0312,0.9889,1.0,appenninico,0.8487,0.8487,True
03795_01485,37.95,14.85,37.9,14.8,1.0,0.51706,0.0,0.06385,0.08087,0.0,0.01763,0.0,9757,5668,0.58091,14280,1290.6,822.7,1645.4,146.7,11.9,0.0,0.0,0.0031,0.2749,0.7194,0.0027,0.0,0.1139,0.1572,0.1867,0.0908,0.0677,0.181,0.1482,0.0544,0.0036,0.049,0.9736,0.9945,appenninico,0.8901,0.8852,True
03795_01495,37.95,14.95,37.9,14.9,1.0,0.0732,0.0,0.29014,0.00318,0.0,0.16916,0.0,9754,3544,0.36334,14280,1145.1,602.3,1600.1,169.8,12.03,0.0,0.0,0.1006,0.4756,0.4237,0.0001,0.0,0.057,0.152,0.2604,0.1393,0.0876,0.1572,0.0998,0.0466,-0.0973,0.2289,0.9747,0.9601,appenninico,0.9313,0.8941,True
03795_01505,37.95,15.05,37.9,15.0,1.0,0.30477,0.00984,0.08037,0.06099,0.0,0.13234,0.06838,9755,3853,0.39498,14280,892.9,392.4,1340.8,222.0,15.08,0.0,0.1385,0.3254,0.4808,0.0553,0.0,0.0,0.0799,0.1277,0.149,0.1541,0.1545,0.1372,0.1231,0.0745,-0.1434,0.0803,0.959,0.9836,appenninico,0.92,0.9049,True
03795_01515,37.95,15.15,37.9,15.1,1.0,0.37399,0.02327,0.02614,0.01783,0.0,0.22158,0.0372,9757,4131,0.4234,14280,765.6,267.0,1360.1,226.1,17.15,0.0098,0.2429,0.449,0.2824,0.0158,0.0,0.0,0.0802,0.1114,0.1157,0.128,0.1421,0.1578,0.1593,0.1054,-0.1147,-0.0628,0.9868,0.9832,appenninico,0.8706,0.856,True
03795_01525,37.95,15.25,37.9,15.2,1.0,0.37478,0.01456,0.00513,0.094,0.0,0.14177,0.00882,9755,3848,0.39447,14280,631.1,116.9,1182.4,192.6,17.62,0.0475,0.3898,0.4831,0.0796,0.0,0.0,0.0,0.109,0.1663,0.1773,0.1219,0.1385,0.1293,0.0895,0.0682,-0.045,0.1532,0.992,0.9901,appenninico,0.7843,0.7765,True
03805_01325,38.05,13.25,38.0,13.2,1.0,0.00534,0.14824,0.00431,0.06108,0.0,0.22195,0.04845,9741,1538,0.15789,14400,659.6,136.6,1147.4,215.4,14.21,0.0708,0.2906,0.503,0.1356,0.0,0.0,0.0,0.2078,0.1525,0.1144,0.1728,0.0987,0.0528,0.0699,0.131,0.1518,0.1438,0.9819,0.7639,appenninico,0.8055,0.6153,True
03805_01455,38.05,14.55,38.0,14.5,0.5202,0.21,0.0,0.0,0.0,0.0,0.0,0.0,9743,2046,0.21,14400,158.7,0.0,801.7,210.0,6.18,0.7658,0.1779,0.0562,0.0,0.0,0.0,0.0,0.2463,0.1108,0.1347,0.0257,0.0053,0.0653,0.1744,0.2375,0.437,-0.1682,0.5108,1.0,mediterraneo,0.623,0.623,True
03805_01475,38.05,14.75,38.0,14.7,1.0,0.06147,0.00236,0.14982,0.08035,0.0,0.13761,0.00493,9745,2082,0.21365,14400,613.7,45.2,1302.7,281.5,17.87,0.1644,0.3171,0.341,0.1669,0.0106,0.0,0.0,0.1883,0.1923,0.0789,0.0439,0.0418,0.175,0.1468,0.1329,0.226,-0.1219,0.9893,0.9622,appenninico,0.7312,0.7036,True
03805_01485,38.05,14.85,38.0,14.8,1.0,0.00842,0.00349,0.09208,0.03285,0.0,0.00965,0.0,9742,1013,0.10399,14400,724.9,125.7,1299.7,250.5,17.99,0.0447,0.2876,0.3969,0.257,0.0138,0.0,0.0,0.1378,0.2204,0.1223,0.0357,0.0504,0.1818,0.1669,0.0848,0.1601,-0.056,0.9923,0.9473,appenninico,0.8295,0.7858,True
03805_01495,38.05,14.95,38.0,14.9,1.0,0.25675,0.0,0.0001,0.01539,0.0,0.03232,0.0,9745,2503,0.25685,14400,723.5,98.1,1315.1,256.0,15.98,0.0638,0.2515,0.4142,0.2561,0.0144,0.0,0.0,0.1647,0.1652,0.1496,0.0781,0.0563,0.0752,0.1723,0.1385,0.2248,-0.0018,0.991,1.0,appenninico,0.8287,0.8287,True
03805_01505,38.05,15.05,38.0,15.0,1.0,0.34011,0.0,0.0,0.04722,0.0,0.11375,0.01037,9741,3313,0.34011,14400,576.2,38.2,1135.1,221.2,14.24,0.1101,0.4343,0.3719,0.0838,0.0,0.0,0.0,0.1636,0.1224,0.1694,0.1128,0.0387,0.0363,0.1379,0.2188,0.2688,0.0171,0.9822,1.0,mediterraneo,0.8147,0.8147,True
03805_01515,38.05,15.15,38.0,15.1,1.0,0.2751,0.00595,0.03367,0.04414,0.0,0.20417,0.0,9742,3066,0.31472,14400,460.2,49.8,1103.4,226.3,16.38,0.2894,0.4269,0.2523,0.0314,0.0,0.0,0.0,0.1384,0.1348,0.1692,0.0839,0.0248,0.0631,0.2019,0.1839,0.24,-0.0528,0.9482,0.9899,mediterraneo,0.7679,0.7601,True
03805_01525,38.05,15.25,38.0,15.2,1.0,0.3565,0.0,0.12338,0.01242,0.0,0.34449,0.00216,9742,4675,0.47988,14400,723.0,204.6,1262.0,213.0,19.47,0.0194,0.2678,0.4998,0.2106,0.0024,0.0,0.0,0.1069,0.1162,0.1527,0.0953,0.07,0.1134,0.1904,0.1551,0.0791,-0.0809,0.9935,0.9871,appenninico,0.853,0.842,True
03805_01535,38.05,15.35,38.0,15.3,1.0,0.23892,0.0,0.05737,0.12336,0.0,0.39409,0.0,9744,2887,0.29629,14400,728.3,59.2,1259.1,228.2,20.5,0.0424,0.244,0.4692,0.243,0.0015,0.0,0.0,0.0939,0.12,0.1574,0.1248,0.1222,0.141,0.1393,0.1015,-0.0625,0.0207,0.9951,0.9903,appenninico,0.847,0.8388,True
03805_01575,38.05,15.75,38.0,15.7,1.0,0.13467,0.02484,0.0736,0.00595,0.0,0.05707,0.1125,9742,2271,0.23311,14400,701.7,182.7,1236.8,225.4,15.36,0.0469,0.2683,0.4778,0.2042,0.0026,0.0,0.0,0.1303,0.0455,0.0624,0.0975,0.1642,0.1662,0.1655,0.1685,-0.0711,-0.2466,0.9599,0.9576,appenninico,0.833,0.7977,True
03805_01585,38.05,15.85,38.0,15.8,1.0,0.04792,0.15085,0.15167,0.00544,0.0,0.06167,0.16398,9745,3415,0.35044,14400,904.2,181.7,1538.3,305.0,17.71,0.0088,0.197,0.268,0.344,0.1822,0.0,0.0,0.0401,0.0755,0.1365,0.2005,0.1713,0.1575,0.1395,0.0791,-0.2843,0.0302,0.9683,0.8707,appenninico,0.8739,0.7609,True
03805_01595,38.05,15.95,38.0,15.9,1.0,0.30839,0.11689,0.04454,0.06712,0.0,0.11833,0.20679,9744,4578,0.46982,14400,843.8,178.0,1518.6,263.2,20.43,0.0143,0.1703,0.4093,0.2997,0.1065,0.0,0.0,0.0876,0.09,0.128,0.1564,0.1591,0.1295,0.1436,0.1059,-0.135,-0.0045,0.9896,0.9331,appenninico,0.8848,0.8256,True
03805_01605,38.05,16.05,38.0,16.0,1.0,0.3462,0.00113,0.0,0.01386,0.0,0.04003,0.08037,9743,3384,0.34733,14400,398.9,24.7,1172.5,253.9,14.55,0.4205,0.3408,0.1992,0.0394,0.0,0.0,0.0,0.1225,0.1481,0.1654,0.2045,0.1558,0.0958,0.0487,0.0592,-0.1037,0.259,0.9463,0.9992,mediterraneo,0.7239,0.7233,True
03815_01325,38.15,13.25,38.1,13.2,0.9089,0.0,0.13157,0.00195,0.16538,0.0,0.15243,0.04255,9729,1299,0.13352,14400,330.8,0.0,1031.1,263.1,13.34,0.4901,0.3274,0.1697,0.0128,0.0,0.0,0.0,0.139,0.1621,0.1331,0.1344,0.0861,0.0506,0.1141,0.1805,0.1686,0.0694,0.7594,0.7529,mediterraneo,0.7083,0.5333,True
03815_01485,38.15,14.85,38.1,14.8,0.6526,0.10587,0.0,0.00452,0.00637,0.0,0.02683,0.0,9729,1074,0.11039,14400,208.8,0.0,849.2,224.5,11.14,0.676,0.251,0.0731,0.0,0.0,0.0,0.0,0.1557,0.1707,0.104,0.0249,0.0406,0.1607,0.1905,0.1529,0.2178,-0.1741,0.6272,0.998,mediterraneo,0.6509,0.6496,True
03815_01495,38.15,14.95,38.1,14.9,0.6966,0.11127,0.0,0.0,0.01747,0.0,0.04233,0.0,9733,1083,0.11127,14400,244.7,0.0,1077.5,266.6,10.82,0.6453,0.2171,0.1217,0.0159,0.0,0.0,0.0,0.1383,0.2266,0.1921,0.0951,0.0279,0.05,0.1529,0.1171,0.2542,0.1548,0.6672,1.0,mediterraneo,0.6585,0.6585,True
03815_01535,38.15,15.35,38.1,15.3,1.0,0.09762,0.0,0.02672,0.01788,0.0,0.34443,0.0,9732,1210,0.12434,14400,301.5,13.1,917.7,199.2,13.82,0.5853,0.3034,0.1111,0.0002,0.0,0.0,0.0,0.1651,0.18,0.1336,0.0495,0.036,0.1083,0.1837,0.1439,0.2471,-0.0702,0.926,0.9893,mediterraneo,0.6799,0.6726,True
03815_01545,38.15,15.45,38.1,15.4,1.0,0.15771,0.04223,0.18997,0.0,0.0,0.29939,0.0,9733,3795,0.38991,14400,512.4,36.3,1120.2,220.7,17.74,0.1929,0.4788,0.2762,0.0521,0.0,0.0,0.0,0.1087,0.1512,0.1519,0.1069,0.0956,0.111,0.1447,0.13,0.057,0.0187,0.9918,0.9486,mediterraneo,0.7929,0.7521,True
03815_01575,38.15,15.75,38.1,15.7,1.0,0.48587,0.01552,0.03094,0.0,0.0,0.00658,0.14513,9729,5179,0.53233,14400,688.6,161.5,1240.7,246.0,16.43,0.0362,0.3717,0.3761,0.2006,0.0153,0.0,0.0,0.1724,0.0689,0.0236,0.0595,0.1379,0.1789,0.1627,0.1962,0.054,-0.3208,0.9712,0.9898,appenninico,0.803,0.7948,True
03815_01585,38.15,15.85,38.1,15.8,1.0,0.42229,0.05253,0.34673,0.0,0.0,0.00093,0.0147,9728,7992,0.82155,14400,1399.1,695.0,1839.1,222.2,12.53,0.0,0.0,0.0197,0.1746,0.5935,0.2122,0.0,0.1188,0.0771,0.0578,0.067,0.1146,0.1436,0.2252,0.1959,0.0481,-0.3149,0.9281,0.9629,appenninico,0.7614,0.7332,True
03815_01595,38.15,15.95,38.1,15.9,1.0,0.28359,0.10217,0.37054,0.0,0.0,0.06034,0.14626,9729,7358,0.7563,14400,1331.0,423.0,1951.9,275.3,18.69,0.0,0.0103,0.0727,0.2039,0.5677,0.1454,0.0,0.1034,0.1858,0.1527,0.1427,0.1581,0.1339,0.0662,0.0571,-0.0841,0.1866,0.9892,0.9417,appenninico,0.8053,0.7584,True
03815_01605,38.15,16.05,38.1,16.0,1.0,0.39624,0.0,0.04882,0.0,0.0,0.06804,0.06362,9729,4330,0.44506,14400,466.5,54.1,1235.0,301.9,15.91,0.3859,0.2751,0.2378,0.0999,0.0013,0.0,0.0,0.13,0.223,0.1996,0.1372,0.1286,0.0799,0.0448,0.0568,0.0526,0.3194,0.926,0.9945,mediterraneo,0.7204,0.7164,True
03825_01555,38.25,15.55,38.2,15.5,0.7651,0.05845,0.00401,0.0637,0.02048,0.0,0.11937,0.0,9718,1226,0.12616,14520,182.7,0.0,590.8,154.1,8.67,0.7305,0.2695,0.0,0.0,0.0,0.0,0.0,0.1336,0.1648,0.1721,0.1563,0.0967,0.067,0.0751,0.1345,0.096,0.1822,0.7445,0.9668,mediterraneo,0.6308,0.6099,True
03825_01575,38.25,15.75,38.2,15.7,0.6224,0.25679,0.0,0.01647,0.0,0.0,0.07081,0.03983,9716,2655,0.27326,14520,321.6,0.0,1087.1,307.6,10.28,0.4836,0.2922,0.1881,0.0361,0.0,0.0,0.0,0.2323,0.106,0.034,0.036,0.0955,0.1361,0.1367,0.2235,0.2556,-0.26,0.59,0.997,mediterraneo,0.7053,0.7032,True
03825_01585,38.25,15.85,38.2,15.8,0.988,0.20924,0.0457,0.08913,0.0,0.0,0.04621,0.0352,9716,3343,0.34407,14520,720.9,0.0,1348.3,307.5,10.97,0.0806,0.3657,0.1686,0.3656,0.0194,0.0,0.0,0.2256,0.2011,0.1466,0.0639,0.0197,0.0402,0.1186,0.1844,0.4143,0.0614,0.8196,0.9538,appenninico,0.7818,0.7457,True
03825_01595,38.25,15.95,38.2,15.9,1.0,0.15006,0.03983,0.24341,0.00257,0.0,0.0,0.02233,9716,4210,0.4333,14520,661.5,147.8,1567.5,365.6,13.5,0.161,0.3808,0.1817,0.1502,0.1263,0.0,0.0,0.211,0.2042,0.1197,0.0406,0.009,0.0425,0.1655,0.2075,0.4437,-0.0515,0.9528,0.9489,appenninico,0.6989,0.6632,True
03825_01605,38.25,16.05,38.2,16.0,1.0,0.31872,0.03828,0.15921,0.00196,0.0,0.08305,0.02573,9717,5016,0.51621,14520,708.5,128.1,1410.7,320.0,14.69,0.1603,0.2203,0.2256,0.3738,0.02,0.0,0.0,0.1263,0.1238,0.1663,0.1327,0.137,0.0881,0.101,0.1246,0.0096,0.0995,0.9188,0.966,appenninico,0.7774,0.751,True
03825_01615,38.25,16.15,38.2,16.1,1.0,0.16692,0.00021,0.02583,0.00422,0.0,0.04291,0.10374,9717,1875,0.19296,14641,351.6,22.1,1016.2,228.7,13.78,0.521,0.3246,0.1223,0.0321,0.0,0.0,0.0,0.096,0.1732,0.1469,0.1212,0.207,0.1557,0.0441,0.0558,-0.1479,0.1669,0.9396,0.993,mediterraneo,0.6918,0.687,True
03835_01605,38.35,16.05,38.3,16.0,1.0,0.19279,0.0,0.0508,0.0,0.0,0.0,0.01958,9705,2364,0.24359,14400,331.7,123.4,933.5,160.8,7.3,0.544,0.3672,0.0848,0.004,0.0,0.0,0.0,0.1951,0.1141,0.0116,0.004,0.0681,0.179,0.2187,0.2093,0.2285,-0.4134,0.5547,0.9896,mediterraneo,0.69,0.6828,True
03835_01615,38.35,16.15,38.3,16.1,1.0,0.31684,0.03793,0.37518,0.00371,0.0,0.00258,0.11936,9702,7082,0.72995,14520,744.1,314.4,1005.8,143.8,14.18,0.0,0.1683,0.674,0.1577,0.0,0.0,0.0,0.1473,0.1527,0.1274,0.1002,0.1112,0.1413,0.1215,0.0984,0.0425,0.0199,0.9344,0.9613,appenninico,0.899,0.8642,True
03835_01625,38.35,16.25,38.3,16.2,1.0,0.19672,0.0,0.01092,0.0,0.0,0.08059,0.16313,9704,2015,0.20764,14280,370.6,36.8,945.2,182.3,15.01,0.4093,0.4648,0.1249,0.001,0.0,0.0,0.0,0.06,0.146,0.1833,0.1447,0.1545,0.1708,0.1158,0.0248,-0.2003,0.1344,0.9557,0.9974,mediterraneo,0.7332,0.7313,True
03835_01635,38.35,16.35,38.3,16.3,0.942,0.14985,0.0,0.0,0.0,0.0,0.06153,0.14274,9703,1454,0.14985,14400,288.1,0.0,1018.5,256.8,11.45,0.6145,0.2311,0.1328,0.0215,0.0,0.0,0.0,0.0484,0.0753,0.1658,0.1993,0.1618,0.1686,0.1253,0.0555,-0.2918,0.0749,0.818,1.0,mediterraneo,0.6668,0.6668,True
03845_01615,38.45,16.15,38.4,16.1,1.0,0.37509,0.0,0.2007,0.0131,0.0,0.00475,0.00464,9691,5580,0.57579,14399,594.3,118.7,1048.5,214.3,10.62,0.1047,0.3982,0.4,0.0971,0.0,0.0,0.0,0.1464,0.0417,0.0128,0.0474,0.1353,0.2173,0.2024,0.1967,-0.0105,-0.4316,0.9072,0.9826,mediterraneo,0.8143,0.8001,True
03845_01625,38.45,16.25,38.4,16.2,1.0,0.70307,0.02663,0.1961,0.0,0.0,0.00268,0.00805,9689,8970,0.9258,14161,998.7,546.3,1287.3,112.6,9.95,0.0,0.0014,0.173,0.8028,0.0227,0.0,0.0,0.0791,0.0822,0.1263,0.1431,0.1466,0.1709,0.1562,0.0956,-0.1698,-0.0616,0.934,0.9822,appenninico,0.9873,0.9697,True
03845_01635,38.45,16.35,38.4,16.3,1.0,0.65515,0.03332,0.0687,0.0,0.0,0.03559,0.0261,9694,7340,0.75717,14280,791.7,118.4,1393.0,275.2,17.06,0.0579,0.1918,0.3553,0.3632,0.0317,0.0,0.0,0.0735,0.1212,0.1792,0.1632,0.155,0.1446,0.1042,0.0589,-0.1787,0.1372,0.9768,0.9845,appenninico,0.8572,0.8439,True
03845_01645,38.45,16.45,38.4,16.4,1.0,0.10551,0.00113,0.00474,0.02032,0.0,0.11726,0.18482,9696,1080,0.11138,14280,397.9,65.7,1022.5,207.9,14.59,0.3988,0.4241,0.1515,0.0256,0.0,0.0,0.0,0.0989,0.1473,0.1562,0.1945,0.1652,0.1323,0.0606,0.045,-0.1624,0.22,0.9691,0.9953,mediterraneo,0.7315,0.7281,True
03855_01615,38.55,16.15,38.5,16.1,1.0,0.16305,0.0,0.0,0.0,0.0,0.00393,0.00847,9678,1578,0.16305,14520,318.7,68.9,911.6,194.6,9.81,0.6614,0.1916,0.1469,0.0001,0.0,0.0,0.0,0.1828,0.0814,0.0525,0.0849,0.0773,0.0901,0.1609,0.2701,0.2354,-0.2541,0.9047,1.0,mediterraneo,0.6589,0.6589,True
03855_01625,38.55,16.25,38.5,16.2,1.0,0.5077,0.05726,0.15483,0.0,0.0,0.00031,0.01127,9675,6964,0.71979,14280,814.9,149.6,1200.3,249.4,8.97,0.052,0.1338,0.3652,0.4489,0.0001,0.0,0.0,0.1933,0.0859,0.0648,0.0447,0.0461,0.0954,0.1858,0.284,0.3181,-0.3046,0.942,0.9694,appenninico,0.8892,0.862,True
03855_01635,38.55,16.35,38.5,16.3,1.0,0.40879,0.1786,0.21457,0.0,0.0,0.00548,0.00693,9675,7759,0.80196,14400,1045.6,648.5,1427.7,161.0,8.94,0.0,0.0,0.2276,0.5728,0.1996,0.0,0.0,0.1167,0.146,0.1368,0.0821,0.1009,0.1157,0.1442,0.1576,0.095,-0.0411,0.8965,0.9309,appenninico,0.9587,0.8925,True
03855_01645,38.55,16.45,38.5,16.4,1.0,0.62616,0.04877,0.0341,0.0,0.0,0.02521,0.1336,9678,6862,0.70903,14400,787.0,179.1,1284.1,259.6,15.44,0.0333,0.2352,0.3059,0.4176,0.008,0.0,0.0,0.1004,0.1657,0.1742,0.1601,0.1689,0.1311,0.0452,0.0544,-0.1195,0.2346,0.9586,0.9804,appenninico,0.8644,0.8475,True
03865_01595,38.65,15.95,38.6,15.9,0.9275,0.13848,0.003,0.02784,0.0,0.0,0.01584,0.01004,9662,1636,0.16932,14400,434.2,0.0,706.8,187.2,6.89,0.2111,0.6833,0.1056,0.0,0.0,0.0,0.0,0.2714,0.1658,0.0813,0.0545,0.0665,0.0509,0.0698,0.2398,0.4328,-0.0359,0.6727,0.9873,mediterraneo,0.792,0.7819,True
03865_01605,38.65,16.05,38.6,16.0,1.0,0.12645,0.0,0.0,0.0,0.0,0.0,0.00269,9664,1222,0.12645,14400,384.8,36.2,633.7,118.2,7.0,0.2396,0.7501,0.0103,0.0,0.0,0.0,0.0,0.1587,0.1187,0.1376,0.168,0.1116,0.0569,0.0802,0.1683,0.0924,0.1042,0.8123,1.0,mediterraneo,0.7786,0.7786,True
03865_01625,38.65,16.25,38.6,16.2,1.0,0.37572,0.0089,0.04439,0.0,0.0,0.00445,0.06974,9664,4146,0.42901,14280,362.8,99.2,883.6,170.7,9.66,0.5132,0.3181,0.1687,0.0,0.0,0.0,0.0,0.1695,0.0828,0.0409,0.0504,0.1107,0.1711,0.1749,0.1996,0.1069,-0.3065,0.9188,0.9896,mediterraneo,0.7045,0.6972,True
03865_01635,38.65,16.35,38.6,16.3,1.0,0.40137,0.05348,0.13189,0.00517,0.0,0.01086,0.01231,9667,5672,0.58674,14400,721.7,459.3,1155.1,118.0,7.56,0.0,0.1941,0.7503,0.0556,0.0,0.0,0.0,0.1272,0.1049,0.1531,0.1386,0.0888,0.0609,0.1409,0.1856,0.1084,0.0116,0.8841,0.966,appenninico,0.8848,0.8547,True
03865_01645,38.65,16.45,38.6,16.4,1.0,0.45436,0.07214,0.07421,0.00362,0.0,0.0,0.04937,9662,5804,0.60071,14400,638.6,71.9,1240.1,284.0,11.59,0.1007,0.4238,0.2282,0.2416,0.0057,0.0,0.0,0.2386,0.1668,0.1548,0.1372,0.0781,0.0344,0.0398,0.1502,0.2698,0.2019,0.9378,0.9638,appenninico,0.7427,0.7158,True
03875_01625,38.75,16.25,38.7,16.2,0.9898,0.21158,0.00798,0.00342,0.0,0.0,0.01171,0.01388,9651,2152,0.22298,14399,198.5,0.0,638.0,130.4,8.98,0.7785,0.219,0.0024,0.0,0.0,0.0,0.0,0.0899,0.0798,0.0868,0.1241,0.1184,0.1271,0.1804,0.1935,-0.0171,-0.1836,0.8574,0.9903,mediterraneo,0.6165,0.6105,True
03875_01635,38.75,16.35,38.7,16.3,1.0,0.39046,0.13333,0.15956,0.0,0.0,0.0,0.01669,9645,6591,0.68335,14520,712.2,189.1,1037.2,187.3,9.84,0.0263,0.2316,0.5954,0.1467,0.0,0.0,0.0,0.0685,0.0645,0.1279,0.129,0.0952,0.1101,0.2143,0.1902,-0.0178,-0.1681,0.9517,0.9395,appenninico,0.8579,0.806,True
03875_01645,38.75,16.45,38.7,16.4,1.0,0.34218,0.02746,0.02187,0.01161,0.0,0.01047,0.02135,9650,3778,0.39151,14520,501.8,189.9,875.2,170.9,8.16,0.1289,0.5977,0.2734,0.0,0.0,0.0,0.0,0.126,0.1686,0.1834,0.1771,0.1495,0.0922,0.0313,0.0719,-0.0454,0.2908,0.8606,0.9797,mediterraneo,0.825,0.8083,True
03885_01635,38.85,16.35,38.8,16.3,1.0,0.28087,0.00405,0.0137,0.0,0.0,0.0,0.01152,9638,2878,0.29862,14400,318.1,24.1,905.9,223.8,8.49,0.5285,0.3348,0.1365,0.0003,0.0,0.0,0.0,0.2602,0.1464,0.0859,0.0248,0.0528,0.0774,0.1359,0.2165,0.4033,-0.1454,0.822,0.9943,mediterraneo,0.6983,0.6943,True
03885_01645,38.85,16.45,38.8,16.4,1.0,0.10864,0.00685,0.20266,0.00674,0.0,0.0,0.04555,9637,3066,0.31815,14400,305.1,99.6,828.7,108.3,7.55,0.4839,0.4911,0.025,0.0,0.0,0.0,0.0,0.1525,0.2329,0.1311,0.0924,0.0876,0.12,0.0912,0.0924,0.15,0.1271,0.7794,0.9628,mediterraneo,0.7061,0.6798,True
03895_00885,38.95,8.85,38.9,8.8,0.9988,0.10865,0.05854,0.0,0.00437,0.0,0.66656,0.0,9618,1608,0.16719,14280,229.8,0.0,670.4,139.8,11.4,0.6915,0.3024,0.0061,0.0,0.0,0.0,0.0,0.0689,0.084,0.1414,0.147,0.1499,0.1562,0.1569,0.0956,-0.174,-0.0309,0.9317,0.9125,mediterraneo,0.6429,0.5866,True
03895_00895,38.95,8.95,38.9,8.9,0.5578,0.10648,0.05631,0.00914,0.0,0.0,0.15469,0.0,9626,1655,0.17193,14280,87.9,-1.5,533.5,139.6,5.18,0.8753,0.1247,0.0,0.0,0.0,0.0,0.0,0.0956,0.1023,0.2211,0.2303,0.1335,0.0729,0.0612,0.0832,-0.1278,0.2875,0.3671,0.9155,mediterraneo,0.5874,0.5378,True
03895_01625,38.95,16.25,38.9,16.2,0.944,0.11284,0.00665,0.01663,0.0,0.0,0.0,0.01195,9624,1310,0.13612,14161,231.2,-1.0,1093.2,268.2,6.95,0.698,0.162,0.1195,0.0205,0.0,0.0,0.0,0.0003,0.0183,0.1167,0.1851,0.3555,0.2214,0.0999,0.0028,-0.6465,-0.0036,0.4581,0.9817,mediterraneo,0.6415,0.6298,True
03895_01635,38.95,16.35,38.9,16.3,1.0,0.22103,0.0,0.03554,0.0,0.0,0.0,0.0,9623,2469,0.25657,14280,269.5,24.5,1095.9,239.5,7.42,0.6826,0.1892,0.1127,0.0155,0.0,0.0,0.0,0.0318,0.0169,0.072,0.1371,0.2816,0.2652,0.1379,0.0575,-0.505,-0.1946,0.6543,0.9931,mediterraneo,0.647,0.6425,True
03895_01645,38.95,16.45,38.9,16.4,1.0,0.39015,0.0,0.05186,0.01891,0.0,0.00249,0.0503,9622,4253,0.44201,14280,445.8,73.5,1058.5,254.2,11.41,0.3892,0.3249,0.2274,0.0585,0.0,0.0,0.0,0.0765,0.0592,0.0793,0.1506,0.2372,0.1861,0.1272,0.084,-0.3044,-0.0946,0.9511,0.9941,mediterraneo,0.73,0.7257,True
03895_01655,38.95,16.55,38.9,16.5,1.0,0.39886,0.00353,0.04571,0.00779,0.0,0.00748,0.08686,9625,4313,0.4481,14280,480.6,66.2,978.7,192.4,14.8,0.1975,0.5191,0.2769,0.0065,0.0,0.0,0.0,0.0583,0.1281,0.1767,0.1239,0.1558,0.1854,0.129,0.0428,-0.1975,0.0663,0.9807,0.9929,mediterraneo,0.803,0.7973,True
03895_01665,38.95,16.65,38.9,16.6,1.0,0.22504,0.0,0.01558,0.00332,0.0,0.01714,0.10608,9625,2316,0.24062,14399,280.5,36.7,619.4,121.4,11.72,0.5718,0.4272,0.001,0.0,0.0,0.0,0.0,0.0353,0.1293,0.1989,0.1468,0.1548,0.1592,0.1264,0.0492,-0.2157,0.1214,0.944,0.9968,mediterraneo,0.6785,0.6763,True
03895_01675,38.95,16.75,38.9,16.7,0.9973,0.24522,0.00301,0.0,0.0,0.0,0.0,0.03907,9624,2389,0.24823,14161,214.6,0.0,770.9,160.8,8.6,0.7159,0.2643,0.0198,0.0,0.0,0.0,0.0,0.0149,0.0939,0.2354,0.1543,0.1484,0.2036,0.1195,0.03,-0.3088,0.1287,0.8359,0.997,mediterraneo,0.6362,0.6343,True
03905_00875,39.05,8.75,39.0,8.7,1.0,0.13559,0.08745,0.01081,0.00821,0.0,0.4569,0.0,9617,2249,0.23385,14400,260.5,87.9,716.9,113.9,8.91,0.681,0.3085,0.0105,0.0,0.0,0.0,0.0,0.1362,0.1258,0.0616,0.0655,0.1224,0.1487,0.187,0.1528,0.0582,-0.2072,0.859,0.9042,mediterraneo,0.6462,0.5843,True
03905_00885,39.05,8.85,39.0,8.8,1.0,0.7039,0.03956,0.00791,0.0,0.0,0.21947,0.0,9605,7217,0.75137,14400,572.8,184.7,1009.7,170.2,15.44,0.0564,0.4943,0.4239,0.0254,0.0,0.0,0.0,0.1252,0.1034,0.1286,0.139,0.123,0.1189,0.1408,0.1212,-0.022,-0.0081,0.9803,0.9863,mediterraneo,0.8479,0.8363,True
03905_00895,39.05,8.95,39.0,8.9,1.0,0.23434,0.03715,0.0154,0.0,0.0,0.38221,0.0,9610,2757,0.28689,14400,229.8,6.2,850.5,180.7,11.85,0.7015,0.2487,0.0499,0.0,0.0,0.0,0.0,0.0999,0.1398,0.217,0.1887,0.1229,0.0921,0.0707,0.069,-0.0758,0.2709,0.7351,0.9649,mediterraneo,0.6421,0.6196,True
03905_01615,39.05,16.15,39.0,16.1,0.9628,0.11541,0.0,0.08263,0.00458,0.0,0.0,0.03622,9609,1903,0.19804,14520,301.8,0.0,1135.8,242.1,12.36,0.5633,0.3045,0.1076,0.0245,0.0,0.0,0.0,0.0905,0.0226,0.0416,0.1223,0.1171,0.1604,0.2331,0.2124,-0.0579,-0.366,0.857,0.9791,mediterraneo,0.6802,0.666,True
03905_01625,39.05,16.25,39.0,16.2,1.0,0.57341,0.04453,0.08626,0.0,0.0,0.0,0.02622,9611,6768,0.7042,14280,730.5,119.0,1327.8,305.7,15.19,0.1088,0.2396,0.3029,0.3055,0.0431,0.0,0.0,0.1732,0.1451,0.0893,0.0883,0.0747,0.1208,0.1314,0.1772,0.1863,-0.0907,0.9805,0.9781,appenninico,0.8008,0.7833,True
03905_01635,39.05,16.35,39.0,16.3,1.0,0.59596,0.02975,0.10434,0.0,0.0,0.0,0.02632,9613,7018,0.73005,14400,883.0,404.5,1409.7,154.2,10.6,0.0,0.0235,0.5551,0.3951,0.0262,0.0,0.0,0.1391,0.1137,0.129,0.1116,0.1347,0.1597,0.1049,0.1074,-0.0327,-0.0069,0.9139,0.9827,appenninico,0.9588,0.9422,True
03905_01645,39.05,16.45,39.0,16.4,1.0,0.66133,0.03995,0.01862,0.0,0.0,0.0,0.04193,9611,6919,0.7199,14400,883.2,562.8,1252.3,138.1,11.73,0.0,0.0052,0.5516,0.4388,0.0044,0.0,0.0,0.0761,0.155,0.1299,0.094,0.1384,0.2077,0.1482,0.0507,-0.1345,-0.022,0.9503,0.9848,appenninico,0.9697,0.955,True
03905_01655,39.05,16.55,39.0,16.5,1.0,0.21484,0.43656,0.10513,0.00406,0.0,0.01457,0.0585,9607,7268,0.75653,14400,973.7,305.9,1489.6,251.1,13.77,0.0,0.0878,0.3026,0.3758,0.2338,0.0,0.0,0.0369,0.1235,0.1783,0.1041,0.1392,0.2426,0.149,0.0264,-0.2487,-0.0015,0.9488,0.8488,appenninico,0.9147,0.7764,True
03905_01665,39.05,16.65,39.0,16.6,1.0,0.43626,0.17577,0.2608,0.0,0.0,0.0,0.01447,9609,8387,0.87283,14520,1120.9,286.5,1698.2,381.1,13.96,0.0004,0.1355,0.1737,0.1824,0.4737,0.0344,0.0,0.0217,0.0774,0.1476,0.1496,0.2051,0.256,0.1194,0.0231,-0.413,-0.0082,0.9735,0.9347,appenninico,0.8418,0.7868,True
03905_01675,39.05,16.75,39.0,16.7,1.0,0.43955,0.0,0.24896,0.0,0.0,0.00635,0.00832,9612,6618,0.68851,14280,824.3,165.0,1547.8,307.3,13.94,0.0291,0.2358,0.3246,0.2731,0.1375,0.0,0.0,0.0792,0.154,0.2602,0.2252,0.1446,0.0901,0.0213,0.0255,-0.1694,0.4337,0.9847,0.9819,appenninico,0.8471,0.8318,True
03905_01705,39.05,17.05,39.0,17.0,1.0,0.03672,0.09113,0.0,0.0,0.0,0.00479,0.04109,9613,1229,0.12785,14400,103.6,5.3,206.9,49.1,5.27,1.0,0.0,0.0,0.0,0.0,0.0,0.0,0.1956,0.1524,0.123,0.1335,0.1469,0.0519,0.0599,0.1368,0.1264,0.1305,0.6376,0.8218,mediterraneo,0.55,0.452,True
03915_00865,39.15,8.65,39.1,8.6,1.0,0.14193,0.01146,0.0,0.05346,0.0,0.29752,0.0,9596,1472,0.15339,14280,161.8,40.0,476.7,87.7,7.02,0.8902,0.1098,0.0,0.0,0.0,0.0,0.0,0.0725,0.082,0.1074,0.1532,0.1837,0.1374,0.1604,0.1033,-0.1957,-0.0561,0.6361,0.9813,mediterraneo,0.5829,0.572,True
03915_00875,39.15,8.75,39.1,8.7,1.0,0.18363,0.0,0.01531,0.01698,0.0,0.43579,0.0,9601,1910,0.19894,14400,341.5,95.4,1076.7,214.0,10.41,0.5496,0.31,0.1185,0.0219,0.0,0.0,0.0,0.1117,0.0614,0.0515,0.0809,0.1361,0.1726,0.2145,0.1713,-0.0395,-0.3095,0.7677,0.9962,mediterraneo,0.6856,0.683,True
03915_00885,39.15,8.85,39.1,8.8,1.0,0.74346,0.0,0.0,0.0,0.0,0.24529,0.0,9601,7138,0.74346,14400,530.9,155.4,1106.6,185.2,17.2,0.0832,0.6182,0.2473,0.0513,0.0,0.0,0.0,0.111,0.131,0.1638,0.154,0.1066,0.0933,0.1251,0.1154,0.0004,0.0975,0.9872,1.0,mediterraneo,0.8246,0.8246,True
03915_00895,39.15,8.95,39.1,8.9,1.0,0.33799,0.0,0.02262,0.0,0.0,0.34237,0.00271,9592,3459,0.36061,14400,233.1,2.4,718.9,175.8,11.91,0.6569,0.3185,0.0247,0.0,0.0,0.0,0.0,0.12,0.1753,0.211,0.1365,0.0693,0.0662,0.1017,0.1198,0.1204,0.2043,0.7695,0.9969,mediterraneo,0.6542,0.6522,True
03915_00945,39.15,9.45,39.1,9.4,0.6746,0.095,0.02176,0.0,0.0,0.0,0.38041,0.0,9558,1116,0.11676,14400,154.7,0.0,680.3,169.6,9.4,0.7888,0.2009,0.0103,0.0,0.0,0.0,0.0,0.0335,0.0462,0.1631,0.1906,0.1447,0.1308,0.1916,0.0996,-0.2451,-0.0207,0.6362,0.9534,mediterraneo,0.6139,0.5853,True
03915_01615,39.15,16.15,39.1,16.1,1.0,0.42476,0.04564,0.08983,0.0,0.0,0.01021,0.08024,9596,5376,0.56023,14520,605.3,100.5,1154.8,265.1,15.65,0.1216,0.4248,0.2676,0.186,0.0,0.0,0.0,0.0658,0.0432,0.0759,0.1377,0.1383,0.1768,0.2509,0.1114,-0.1922,-0.2572,0.9778,0.9716,appenninico,0.7255,0.7049,True
03915_01625,39.15,16.25,39.1,16.2,1.0,0.5235,0.05575,0.08044,0.0,0.0,0.0,0.03928,9597,6331,0.65969,14280,677.1,166.0,1288.3,290.9,13.46,0.098,0.3429,0.2896,0.2494,0.0202,0.0,0.0,0.0634,0.0719,0.2111,0.2247,0.1259,0.098,0.1076,0.0974,-0.1757,0.1814,0.9637,0.9728,appenninico,0.7719,0.7509,True
03915_01635,39.15,16.35,39.1,16.3,1.0,0.71049,0.01636,0.0499,0.0,0.0,0.00823,0.0423,9599,7456,0.77675,14400,803.1,300.2,1236.1,189.8,15.13,0.0,0.1683,0.4936,0.3312,0.0069,0.0,0.0,0.1837,0.0544,0.031,0.1037,0.1775,0.1642,0.1222,0.1633,-0.0333,-0.2166,0.9735,0.9915,appenninico,0.907,0.8993,True
03915_01645,39.15,16.45,39.1,16.4,1.0,0.48817,0.1769,0.12134,0.0,0.0,0.0,0.0147,9593,7544,0.78641,14400,1141.9,674.8,1526.2,166.7,11.92,0.0,0.0,0.1039,0.4281,0.4681,0.0,0.0,0.1452,0.0853,0.0672,0.1047,0.1974,0.1532,0.1262,0.1206,-0.0891,-0.1213,0.9528,0.936,appenninico,0.9247,0.8655,True
03915_01655,39.15,16.55,39.1,16.5,1.0,0.123,0.23589,0.3467,0.02291,0.0,0.00562,0.01062,9602,6775,0.70559,14400,1371.1,1102.5,1704.1,118.2,9.74,0.0,0.0,0.0,0.0594,0.9146,0.026,0.0,0.1271,0.0773,0.1053,0.1017,0.1672,0.1431,0.1141,0.1643,-0.0419,-0.1059,0.9077,0.8919,appenninico,0.8446,0.7533,True
03915_01665,39.15,16.65,39.1,16.6,1.0,0.21353,0.18258,0.50083,0.03647,0.0,0.0,0.0,9596,8607,0.89694,14520,1484.5,908.4,1776.2,157.4,11.68,0.0,0.0,0.0,0.0456,0.661,0.2935,0.0,0.168,0.1695,0.1389,0.1194,0.1497,0.0947,0.0607,0.0991,0.0578,0.1485,0.9393,0.9212,appenninico,0.6955,0.6407,True
03915_01675,39.15,16.75,39.1,16.7,1.0,0.24125,0.0075,0.36692,0.01376,0.0,0.00052,0.07378,9596,5908,0.61567,14280,804.4,187.0,1542.7,318.9,16.11,0.0278,0.2952,0.2629,0.2935,0.1206,0.0,0.0,0.1239,0.2487,0.2235,0.1367,0.1506,0.0788,0.0107,0.0271,0.0141,0.4253,0.9855,0.9672,appenninico,0.8298,0.8026,True
03915_01685,39.15,16.85,39.1,16.8,1.0,0.15253,0.0,0.0,0.02865,0.0,0.03032,0.05241,9598,1464,0.15253,14400,217.5,58.5,507.2,77.7,7.79,0.8692,0.1308,0.0,0.0,0.0,0.0,0.0,0.1176,0.1435,0.1409,0.1428,0.128,0.1043,0.1141,0.1087,-0.0087,0.0772,0.8153,1.0,mediterraneo,0.5892,0.5892,True
03915_01695,39.15,16.95,39.1,16.9,1.0,0.18881,0.0,0.01917,0.00313,0.0,0.0323,0.04522,9597,1996,0.20798,14400,151.9,25.0,559.1,89.4,7.49,0.9324,0.0676,0.0,0.0,0.0,0.0,0.0,0.1092,0.1076,0.1771,0.1796,0.1251,0.0699,0.0883,0.1432,-0.0154,0.1448,0.8097,0.9954,mediterraneo,0.5703,0.5677,True
03925_00855,39.25,8.55,39.2,8.5,1.0,0.1913,0.01284,0.0,0.0,0.0,0.23774,0.00741,9582,1956,0.20414,14641,205.7,60.4,604.4,96.9,6.05,0.8116,0.188,0.0005,0.0,0.0,0.0,0.0,0.1596,0.0814,0.0885,0.0888,0.1414,0.1248,0.1241,0.1913,0.0595,-0.1412,0.564,0.9843,mediterraneo,0.6066,0.5971,True
03925_00865,39.25,8.65,39.2,8.6,1.0,0.21047,0.00125,0.0,0.01918,0.0,0.30324,0.0,9593,2031,0.21172,14399,273.3,84.3,611.9,151.1,6.94,0.5333,0.4661,0.0006,0.0,0.0,0.0,0.0,0.2058,0.1114,0.108,0.1214,0.1196,0.1279,0.093,0.113,0.0704,0.0088,0.598,0.9985,mediterraneo,0.69,0.689,True
03925_00875,39.25,8.75,39.2,8.7,1.0,0.16216,0.00606,0.0,0.0,0.0,0.35096,0.0,9571,1610,0.16822,14520,220.8,54.8,717.4,153.7,7.05,0.6787,0.3099,0.0114,0.0,0.0,0.0,0.0,0.1764,0.1353,0.1491,0.1064,0.1036,0.0912,0.0894,0.1486,0.1331,0.0669,0.5533,0.991,mediterraneo,0.647,0.6412,True
03925_00885,39.25,8.85,39.2,8.8,1.0,0.20242,0.00647,0.0,0.0,0.0,0.26704,0.00532,9579,2001,0.20889,14520,133.2,20.4,693.3,105.9,5.26,0.9164,0.0821,0.0015,0.0,0.0,0.0,0.0,0.1895,0.2037,0.1696,0.0716,0.0304,0.0403,0.1035,0.1915,0.3693,0.0963,0.4492,0.9923,mediterraneo,0.5752,0.5708,True
03925_00895,39.25,8.95,39.2,8.9,1.0,0.10797,0.0,0.0,0.0,0.0,0.02689,0.00042,9595,1036,0.10797,14520,37.5,-0.4,396.6,46.7,1.74,0.9974,0.0026,0.0,0.0,0.0,0.0,0.0,0.2096,0.2666,0.146,0.1314,0.0999,0.0668,0.0347,0.0451,0.1821,0.3304,0.1269,1.0,mediterraneo,0.5508,0.5508,True
03925_00935,39.25,9.35,39.2,9.3,0.9868,0.18207,0.09093,0.04849,0.0,0.0,0.42391,0.0,9568,3076,0.32149,14520,302.6,0.0,797.5,209.1,11.1,0.5656,0.3022,0.1322,0.0,0.0,0.0,0.0,0.0786,0.0383,0.0872,0.1127,0.1204,0.1679,0.2294,0.1656,-0.1019,-0.2787,0.8977,0.9217,mediterraneo,0.6869,0.6331,True
03925_00945,39.25,9.45,39.2,9.4,1.0,0.70514,0.00561,0.0,0.0,0.0,0.16272,0.0,9618,6836,0.71075,14520,498.9,74.6,994.3,202.1,14.11,0.203,0.4252,0.3604,0.0114,0.0,0.0,0.0,0.0846,0.1199,0.2027,0.1708,0.1036,0.094,0.1316,0.0929,-0.0563,0.1484,0.9556,0.998,mediterraneo,0.8043,0.8027,True
03925_01605,39.25,16.05,39.2,16.0,0.4353,0.14119,0.0,0.0073,0.00146,0.0,0.00417,0.03068,9583,1423,0.14849,14520,136.5,0.0,892.1,207.1,7.01,0.7782,0.1787,0.0431,0.0,0.0,0.0,0.0,0.1088,0.0179,0.0015,0.0177,0.1374,0.1858,0.3227,0.2082,-0.0232,-0.5871,0.4006,0.9975,mediterraneo,0.6187,0.6172,True
03925_01615,39.25,16.15,39.2,16.1,1.0,0.64921,0.00866,0.02713,0.00323,0.0,0.0,0.05488,9584,6565,0.685,14641,850.7,241.3,1521.3,226.6,15.6,0.001,0.1687,0.3554,0.4442,0.0307,0.0,0.0,0.1017,0.1353,0.1906,0.1313,0.0727,0.0738,0.1515,0.1432,0.0862,0.0753,0.9804,0.9949,appenninico,0.9094,0.9048,True
03925_01625,39.25,16.25,39.2,16.2,1.0,0.37667,0.01492,0.02337,0.0,0.0,0.0,0.0385,9584,3977,0.41496,14399,559.9,216.3,1172.1,204.0,11.09,0.0675,0.5267,0.3339,0.0719,0.0,0.0,0.0,0.1484,0.1922,0.1792,0.0717,0.0396,0.0792,0.1225,0.1671,0.2635,0.07,0.9478,0.9882,mediterraneo,0.8285,0.8187,True
03925_01635,39.25,16.35,39.2,16.3,1.0,0.44263,0.01942,0.17664,0.0,0.0,0.01034,0.03737,9579,6118,0.63869,14520,833.1,330.2,1639.2,277.7,14.24,0.0,0.247,0.3617,0.2643,0.1262,0.0008,0.0,0.1412,0.0647,0.0174,0.0513,0.1399,0.1918,0.2026,0.1911,0.0153,-0.3869,0.9499,0.9786,appenninico,0.8636,0.8451,True
03925_01645,39.25,16.45,39.2,16.4,1.0,0.31737,0.08795,0.35889,0.01085,0.0,0.0,0.05091,9585,7325,0.76421,14520,1483.9,945.9,1931.3,164.9,11.88,0.0,0.0,0.0,0.0208,0.7309,0.2483,0.0,0.1005,0.1032,0.1227,0.1237,0.1622,0.1636,0.1125,0.1117,-0.1141,-0.0234,0.9351,0.9477,appenninico,0.7166,0.6791,True
03925_01655,39.25,16.55,39.2,16.5,1.0,0.08872,0.27565,0.40612,0.05292,0.0,0.0,0.00407,9581,7382,0.77049,14520,1478.1,1216.9,1875.8,125.8,10.4,0.0,0.0,0.0,0.0,0.8278,0.1722,0.0,0.1534,0.1247,0.1045,0.1267,0.1808,0.1427,0.0505,0.1166,-0.0492,0.0471,0.9159,0.8842,appenninico,0.7553,0.6678,True
03925_01665,39.25,16.65,39.2,16.6,1.0,0.00793,0.58258,0.14324,0.00835,0.0,0.0,0.00657,9585,7033,0.73375,14641,1295.7,827.8,1875.2,166.9,10.85,0.0,0.0,0.006,0.2565,0.6778,0.0596,0.0,0.1416,0.1983,0.1573,0.1523,0.1604,0.1055,0.0326,0.0521,-0.0256,0.2681,0.946,0.7917,appenninico,0.8562,0.6779,True
03925_01675,39.25,16.75,39.2,16.7,1.0,0.10165,0.14235,0.25798,0.00793,0.0,0.06763,0.09413,9582,4810,0.50198,14399,795.2,289.9,1369.8,221.1,13.33,0.0003,0.2215,0.4229,0.3348,0.0205,0.0,0.0,0.105,0.1754,0.2377,0.1712,0.1257,0.0868,0.0422,0.0559,-0.0405,0.3485,0.9815,0.9034,appenninico,0.887,0.8013,True
03925_01685,39.25,16.85,39.2,16.8,1.0,0.07879,0.04602,0.04779,0.01983,0.0,0.00866,0.0767,9583,1654,0.1726,14520,320.7,82.2,725.9,126.9,11.04,0.4816,0.4933,0.0251,0.0,0.0,0.0,0.0,0.0603,0.107,0.1934,0.1976,0.1269,0.115,0.1223,0.0774,-0.1638,0.1496,0.9413,0.9195,mediterraneo,0.7068,0.6499,True
03925_01695,39.25,16.95,39.2,16.9,1.0,0.06427,0.01304,0.04257,0.05081,0.0,0.01043,0.07429,9584,1149,0.11988,14520,217.6,41.0,644.6,130.8,9.37,0.7297,0.2685,0.0019,0.0,0.0,0.0,0.0,0.0874,0.144,0.1538,0.1435,0.1563,0.1522,0.0805,0.0823,-0.1212,0.1169,0.8742,0.9551,mediterraneo,0.6313,0.603,True
03935_00845,39.35,8.45,39.3,8.4,0.9062,0.29869,0.0,0.0,0.02196,0.00868,0.49974,0.00042,9565,2857,0.29869,14400,348.5,0.0,681.7,170.4,12.93,0.3024,0.6712,0.0263,0.0,0.0,0.0,0.0,0.0792,0.0904,0.1208,0.1116,0.1399,0.1668,0.1716,0.1196,-0.1125,-0.1157,0.8853,1.0,mediterraneo,0.7605,0.7605,True
03935_00855,39.35,8.55,39.3,8.5,1.0,0.36695,0.0,0.0,0.02307,0.0,0.40589,0.00971,9579,3515,0.36695,14520,445.1,136.0,931.1,197.2,12.78,0.2968,0.4474,0.2549,0.001,0.0,0.0,0.0,0.1033,0.1205,0.0847,0.1269,0.2056,0.1886,0.1011,0.0693,-0.1912,-0.0237,0.8601,1.0,mediterraneo,0.7735,0.7735,True
03935_00865,39.35,8.65,39.3,8.6,1.0,0.15106,0.00408,0.06821,0.00785,0.0,0.41542,0.0,9559,2135,0.22335,14280,331.2,98.3,900.5,198.3,11.31,0.5155,0.3578,0.1265,0.0001,0.0,0.0,0.0,0.0792,0.0984,0.1634,0.1312,0.186,0.1677,0.1124,0.0619,-0.2138,0.0536,0.6962,0.9802,mediterraneo,0.7016,0.6877,True
03935_00875,39.35,8.75,39.3,8.7,1.0,0.08897,0.01201,0.03373,0.02256,0.0,0.22462,0.01671,9576,1290,0.13471,14400,203.6,56.1,786.9,156.0,6.21,0.7677,0.2015,0.0308,0.0,0.0,0.0,0.0,0.0826,0.13,0.2066,0.2184,0.1917,0.0875,0.0442,0.0391,-0.2106,0.3244,0.5047,0.9652,mediterraneo,0.6212,0.5996,True
03935_00925,39.35,9.25,39.3,9.2,1.0,0.12889,0.07328,0.0,0.06534,0.0,0.50063,0.0,9566,1934,0.20217,14400,457.1,109.7,1059.1,235.3,11.1,0.3192,0.4033,0.2385,0.039,0.0,0.0,0.0,0.0804,0.0634,0.0745,0.1103,0.1451,0.2107,0.1884,0.1272,-0.1646,-0.2355,0.8812,0.9094,mediterraneo,0.7564,0.6879,True
03935_00935,39.35,9.35,39.3,9.3,1.0,0.23176,0.09685,0.0,0.03055,0.0,0.49051,0.0,9592,3152,0.32861,14400,496.4,184.3,958.7,132.9,13.66,0.0669,0.7196,0.2101,0.0034,0.0,0.0,0.0,0.1067,0.1364,0.1438,0.1454,0.1569,0.1364,0.0976,0.0769,-0.1034,0.0966,0.9693,0.9263,mediterraneo,0.8396,0.7777,True
03935_00945,39.35,9.45,39.3,9.4,1.0,0.27796,0.00042,0.0,0.0,0.0,0.69956,0.0,9566,2663,0.27838,14400,327.7,23.5,943.3,173.2,16.61,0.4883,0.4374,0.0737,0.0006,0.0,0.0,0.0,0.1358,0.1319,0.1687,0.1494,0.1025,0.092,0.1047,0.1151,0.0355,0.116,0.9704,0.9996,mediterraneo,0.707,0.7067,True
03935_01605,39.35,16.05,39.3,16.0,0.6687,0.25535,0.00585,0.06624,0.00522,0.0,0.0,0.03229,9571,3134,0.32744,14400,358.8,0.0,1384.8,392.7,10.58,0.5569,0.1524,0.1524,0.1226,0.0157,0.0,0.0,0.0392,0.008,0.0495,0.0209,0.0785,0.3011,0.3893,0.1135,-0.1941,-0.6287,0.65,0.9854,mediterraneo,0.6505,0.641,True
03935_01615,39.35,16.15,39.3,16.1,1.0,0.43386,0.00272,0.04786,0.00428,0.0,0.00387,0.01954,9570,4636,0.48444,14520,582.4,201.4,1254.9,277.0,12.19,0.1471,0.4526,0.2149,0.1767,0.0086,0.0,0.0,0.1181,0.1885,0.2799,0.1394,0.0727,0.0302,0.0622,0.1089,0.1449,0.3613,0.9499,0.9937,mediterraneo,0.7672,0.7624,True
03935_01635,39.35,16.35,39.3,16.3,1.0,0.4345,0.12025,0.1496,0.0,0.0,0.03583,0.02748,9572,6742,0.70435,14400,950.0,292.0,1794.8,295.4,15.91,0.0003,0.107,0.3783,0.3108,0.1783,0.0253,0.0,0.1265,0.0624,0.0311,0.0565,0.1267,0.1969,0.2295,0.1704,-0.0117,-0.3825,0.993,0.9467,appenninico,0.8936,0.846,True
03935_01645,39.35,16.45,39.3,16.4,1.0,0.09394,0.23333,0.15737,0.01118,0.0,0.0,0.01661,9570,4638,0.48464,14400,1338.9,1134.0,1809.7,170.5,7.24,0.0,0.0,0.0,0.2846,0.603,0.1124,0.0,0.2025,0.1784,0.1689,0.1232,0.082,0.0419,0.0497,0.1532,0.2422,0.1997,0.75,0.8634,appenninico,0.8309,0.7174,True
03935_01655,39.35,16.55,39.3,16.5,1.0,0.0,0.48971,0.05518,0.02153,0.0,0.0,0.01578,9569,5214,0.54489,14400,1356.3,1129.4,1728.1,133.8,7.63,0.0,0.0,0.0,0.1608,0.7905,0.0487,0.0,0.1928,0.104,0.0585,0.077,0.1343,0.1314,0.1241,0.1779,0.1149,-0.1606,0.8009,0.7703,appenninico,0.8473,0.6527,True
03935_01665,39.35,16.65,39.3,16.6,1.0,0.05789,0.48401,0.29269,0.01787,0.0,0.00815,0.02853,9570,7987,0.83459,14520,1311.8,701.1,1708.3,178.9,12.61,0.0,0.0,0.0209,0.1986,0.7466,0.034,0.0,0.1099,0.2179,0.1664,0.1051,0.1253,0.1497,0.069,0.0567,-0.0035,0.1867,0.9528,0.8375,appenninico,0.8633,0.723,True
03935_01675,39.35,16.75,39.3,16.7,1.0,0.27353,0.26612,0.31773,0.0,0.0,0.00052,0.08871,9571,8206,0.85738,14280,997.8,510.4,1474.7,200.6,14.18,0.0,0.0146,0.3238,0.498,0.1636,0.0,0.0,0.1167,0.1926,0.1746,0.1267,0.1421,0.1115,0.0783,0.0575,-0.0162,0.2056,0.9688,0.9039,appenninico,0.9534,0.8618,True
03935_01685,39.35,16.85,39.3,16.8,1.0,0.43741,0.06019,0.04399,0.0,0.0,0.02936,0.05099,9570,5183,0.54159,14400,561.1,194.8,940.1,125.0,10.84,0.0292,0.617,0.3526,0.0012,0.0,0.0,0.0,0.0846,0.211,0.1819,0.1046,0.1142,0.1444,0.0993,0.0601,-0.0135,0.1679,0.9377,0.9682,mediterraneo,0.8586,0.8313,True
03935_01695,39.35,16.95,39.3,16.9,1.0,0.32623,0.00314,0.0854,0.00523,0.0,0.01495,0.04338,9567,3968,0.41477,14400,324.3,71.3,717.2,135.2,11.31,0.4901,0.4852,0.0247,0.0,0.0,0.0,0.0,0.1338,0.193,0.1752,0.1129,0.1112,0.1009,0.0865,0.0865,0.0757,0.1746,0.9546,0.9878,mediterraneo,0.7042,0.6956,True
03935_01705,39.35,17.05,39.3,17.0,1.0,0.00773,0.04429,0.06414,0.03552,0.0,0.05651,0.00815,9573,1112,0.11616,14400,146.1,9.7,449.9,84.3,8.52,0.9316,0.0684,0.0,0.0,0.0,0.0,0.0,0.1298,0.1324,0.1656,0.1317,0.1204,0.0987,0.1049,0.1165,0.0207,0.0973,0.8477,0.8771,mediterraneo,0.5705,0.5004,True
03945_00845,39.45,8.45,39.4,8.4,0.9484,0.17383,0.03295,0.0,0.00617,0.0,0.51501,0.00471,9561,1977,0.20678,14280,207.6,0.0,640.1,144.1,11.64,0.7631,0.2332,0.0037,0.0,0.0,0.0,0.0,0.151,0.1049,0.0775,0.0996,0.0979,0.1125,0.1734,0.1833,0.1072,-0.1627,0.8868,0.9602,mediterraneo,0.6213,0.5966,True
03945_00855,39.45,8.55,39.4,8.5,1.0,0.27143,0.0,0.0,0.03601,0.0,0.35947,0.0,9553,2593,0.27143,14399,461.1,63.5,1076.9,211.0,14.25,0.2398,0.5027,0.2283,0.0292,0.0,0.0,0.0,0.1682,0.1348,0.0681,0.0702,0.1162,0.1618,0.1458,0.1349,0.0829,-0.1433,0.9519,1.0,mediterraneo,0.7822,0.7822,True
03945_00865,39.45,8.65,39.4,8.6,1.0,0.31937,0.0,0.01382,0.08942,0.0,0.34597,0.0,9550,3182,0.33319,14161,574.2,146.6,1223.0,242.4,17.82,0.1652,0.3622,0.3703,0.102,0.0003,0.0,0.0,0.1841,0.1778,0.1329,0.1006,0.0944,0.1271,0.0623,0.1207,0.141,0.0912,0.9563,0.9979,mediterraneo,0.7933,0.7916,True
03945_00875,39.45,8.75,39.4,8.7,1.0,0.09326,0.02091,0.00042,0.0,0.0,0.20052,0.00355,9565,1096,0.11459,14280,226.2,72.6,874.2,144.0,7.08,0.7855,0.181,0.0335,0.0,0.0,0.0,0.0,0.1602,0.216,0.175,0.1765,0.0979,0.0368,0.0429,0.0947,0.133,0.3251,0.4931,0.9542,mediterraneo,0.616,0.5878,True
03945_00915,39.45,9.15,39.4,9.1,1.0,0.04621,0.05572,0.01213,0.00868,0.0,0.28583,0.0,9565,1091,0.11406,14161,233.6,98.1,567.9,86.0,5.61,0.7769,0.2231,0.0,0.0,0.0,0.0,0.0,0.1026,0.074,0.0566,0.0892,0.1033,0.2095,0.2184,0.1465,-0.0559,-0.3052,0.6216,0.8726,mediterraneo,0.6169,0.5383,True
03945_00935,39.45,9.35,39.4,9.3,1.0,0.05859,0.09521,0.01486,0.0181,0.0,0.66552,0.00282,9558,1612,0.16866,14280,531.7,155.9,959.2,136.1,13.08,0.0545,0.6358,0.3022,0.0075,0.0,0.0,0.0,0.1267,0.165,0.1292,0.1303,0.1109,0.1009,0.1126,0.1243,0.0612,0.069,0.9232,0.8545,mediterraneo,0.8469,0.7237,True
03945_00955,39.45,9.55,39.4,9.5,1.0,0.06545,0.01028,0.05225,0.0,0.0,0.58664,0.0,9626,1232,0.12798,14399,154.3,0.0,637.8,123.0,12.65,0.8558,0.1438,0.0003,0.0,0.0,0.0,0.0,0.1171,0.1449,0.18,0.1457,0.0999,0.101,0.1261,0.0853,0.001,0.1311,0.8389,0.9595,mediterraneo,0.5932,0.5692,True
03945_01605,39.45,16.05,39.4,16.0,0.9766,0.75481,0.0,0.08005,0.0,0.0,0.0,0.01214,9556,7978,0.83486,14280,710.4,0.0,1413.3,368.5,16.26,0.1687,0.2137,0.2412,0.3022,0.0741,0.0,0.0,0.0575,0.0814,0.0884,0.0817,0.1096,0.179,0.2395,0.1629,-0.068,-0.2868,0.9639,0.9952,appenninico,0.7647,0.761,True
03945_01615,39.45,16.15,39.4,16.1,1.0,0.2409,0.0,0.0,0.0,0.0,0.0,0.03736,9556,2302,0.2409,14399,361.2,110.8,975.1,167.9,9.53,0.4418,0.4384,0.1167,0.0031,0.0,0.0,0.0,0.1436,0.196,0.2266,0.1688,0.1226,0.0587,0.0229,0.0609,0.0434,0.389,0.9312,1.0,mediterraneo,0.7225,0.7225,True
03945_01635,39.45,16.35,39.4,16.3,1.0,0.30812,0.10316,0.13716,0.0,0.0,0.0,0.03442,9558,5242,0.54844,14280,822.2,210.6,1388.5,254.6,14.07,0.0121,0.1892,0.4202,0.3001,0.0784,0.0,0.0,0.1509,0.1294,0.0629,0.0635,0.108,0.1476,0.1668,0.1708,0.1117,-0.2005,0.9842,0.9405,appenninico,0.8825,0.83,True
03945_01645,39.45,16.45,39.4,16.4,1.0,0.21834,0.21677,0.10927,0.0,0.0,0.00743,0.0425,9554,5201,0.54438,14280,1050.6,466.9,1461.1,160.7,10.86,0.0,0.0121,0.1725,0.6803,0.1351,0.0,0.0,0.1641,0.1458,0.1218,0.0783,0.0802,0.1156,0.1388,0.1554,0.1617,-0.0491,0.8357,0.8904,appenninico,0.9663,0.8604,True
03945_01655,39.45,16.55,39.4,16.5,1.0,0.02511,0.57004,0.1043,0.0091,0.0,0.09227,0.03588,9559,6686,0.69945,14280,1204.5,736.1,1645.2,153.7,12.74,0.0,0.0,0.0147,0.5121,0.4693,0.0039,0.0,0.136,0.1315,0.1153,0.0885,0.1164,0.1424,0.1365,0.1334,0.0447,-0.0618,0.9493,0.7888,appenninico,0.9261,0.7305,True
03945_01665,39.45,16.65,39.4,16.6,1.0,0.25714,0.04814,0.32852,0.0157,0.0,0.10047,0.12182,9555,6056,0.6338,14399,903.4,251.3,1626.3,312.9,20.64,0.0075,0.1764,0.338,0.2806,0.1961,0.0015,0.0,0.1633,0.1317,0.1823,0.1506,0.1114,0.0433,0.0918,0.1257,0.0997,0.1757,0.9899,0.9551,appenninico,0.8766,0.8372,True
03945_01675,39.45,16.75,39.4,16.7,1.0,0.57074,0.0293,0.08581,0.0,0.0,0.0,0.06059,9556,6554,0.68585,14161,620.8,165.9,1066.7,228.5,14.95,0.0666,0.4491,0.3186,0.1657,0.0,0.0,0.0,0.1683,0.176,0.1257,0.1135,0.0806,0.085,0.1231,0.1279,0.168,0.0578,0.9665,0.9831,appenninico,0.7545,0.7417,True
03945_01685,39.45,16.85,39.4,16.8,1.0,0.35063,0.00429,0.09386,0.01496,0.0,0.05483,0.07795,9557,4289,0.44878,14280,439.9,55.4,881.2,191.4,12.59,0.2947,0.4352,0.2701,0.0,0.0,0.0,0.0,0.1365,0.2436,0.1536,0.0867,0.117,0.0999,0.0858,0.0769,0.1156,0.1855,0.9678,0.9872,mediterraneo,0.7751,0.7652,True
03945_01695,39.45,16.95,39.4,16.9,0.9635,0.01151,0.06593,0.05986,0.01706,0.0,0.04887,0.06467,9556,1312,0.1373,14280,158.9,0.0,499.5,102.0,9.11,0.8901,0.1099,0.0,0.0,0.0,0.0,0.0,0.1549,0.1796,0.1448,0.1261,0.0846,0.0816,0.0959,0.1325,0.1507,0.1156,0.82,0.8582,mediterraneo,0.583,0.5003,True
03955_00925,39.55,9.25,39.5,9.2,1.0,0.13871,0.02411,0.02107,0.03764,0.0,0.49277,0.00524,9538,1754,0.18389,14400,503.1,114.2,835.3,117.5,10.67,0.0341,0.7641,0.2018,0.0,0.0,0.0,0.0,0.1559,0.1383,0.1218,0.1121,0.0953,0.113,0.1233,0.1404,0.1019,-0.0041,0.9222,0.9615,mediterraneo,0.8499,0.8172,True
03955_00945,39.55,9.45,39.5,9.4,1.0,0.16797,0.00981,0.0,0.01868,0.0,0.71946,0.0,9585,1704,0.17778,14400,383.9,37.4,674.9,154.7,14.48,0.3053,0.658,0.0367,0.0,0.0,0.0,0.0,0.1132,0.1225,0.1207,0.1045,0.1292,0.1806,0.1294,0.0998,-0.0646,-0.0455,0.8642,0.9862,mediterraneo,0.7602,0.7497,True
03955_00955,39.55,9.55,39.5,9.5,1.0,0.11585,0.0283,0.06199,0.0,0.0,0.65836,0.0,9469,1952,0.20614,14520,283.7,3.1,672.6,178.9,10.72,0.5031,0.4935,0.0034,0.0,0.0,0.0,0.0,0.1025,0.2049,0.237,0.1312,0.0962,0.1037,0.0631,0.0614,0.0294,0.3034,0.8357,0.9506,mediterraneo,0.6992,0.6647,True
03955_01595,39.55,15.95,39.5,15.9,0.8915,0.46155,0.01006,0.06538,0.0,0.0,0.00754,0.03961,9544,5125,0.53699,14400,477.2,0.0,1069.7,291.2,13.56,0.2854,0.3415,0.3069,0.0662,0.0,0.0,0.0,0.1175,0.0396,0.0458,0.1204,0.1842,0.1841,0.1525,0.1559,-0.1488,-0.2377,0.8726,0.9892,mediterraneo,0.7632,0.755,True
03955_01605,39.55,16.05,39.5,16.0,1.0,0.72734,0.0,0.06654,0.0,0.0,0.01006,0.00189,9543,7576,0.79388,14400,661.2,229.5,1187.3,203.6,14.08,0.0192,0.3982,0.4481,0.1346,0.0,0.0,0.0,0.1465,0.1513,0.1575,0.1124,0.0879,0.0875,0.1256,0.1312,0.121,0.0668,0.981,0.9958,appenninico,0.804,0.8006,True
03955_01615,39.55,16.15,39.5,16.1,1.0,0.18768,0.0,0.0,0.0,0.0,0.0,0.03007,9543,1791,0.18768,14520,268.1,90.7,942.0,130.2,8.42,0.7406,0.2225,0.0357,0.0011,0.0,0.0,0.0,0.1895,0.1352,0.1795,0.1837,0.1213,0.0344,0.0354,0.121,0.0944,0.2653,0.8439,1.0,mediterraneo,0.6292,0.6292,True
03955_01635,39.55,16.35,39.5,16.3,1.0,0.08751,0.04779,0.28537,0.0,0.0,0.0,0.01142,9542,4014,0.42067,14400,517.6,167.0,984.4,168.5,9.69,0.094,0.571,0.3314,0.0035,0.0,0.0,0.0,0.1786,0.1315,0.0933,0.0403,0.0675,0.1158,0.1709,0.2022,0.243,-0.1862,0.959,0.9377,mediterraneo,0.8374,0.7852,True
03955_01645,39.55,16.45,39.5,16.4,1.0,0.23137,0.0175,0.28073,0.0,0.0,0.0,0.00367,9543,5054,0.5296,14400,627.7,145.7,1125.7,224.4,11.3,0.0944,0.3389,0.4509,0.1158,0.0,0.0,0.0,0.1619,0.1645,0.1944,0.0849,0.0434,0.0425,0.1036,0.2048,0.2947,0.0914,0.9676,0.9652,appenninico,0.7711,0.7443,True
03955_01655,39.55,16.55,39.5,16.5,1.0,0.34594,0.09348,0.26975,0.0,0.0,0.01981,0.01844,9542,6767,0.70917,14400,643.0,80.8,1304.7,311.1,16.07,0.1759,0.2805,0.2839,0.2478,0.0119,0.0,0.0,0.1569,0.1527,0.1798,0.0741,0.0324,0.048,0.1631,0.1931,0.2899,0.0064,0.9743,0.948,appenninico,0.7399,0.7014,True
03955_01665,39.55,16.65,39.5,16.6,1.0,0.33683,0.0022,0.00356,0.00964,0.0,0.00786,0.07745,9542,3269,0.34259,14520,394.5,26.0,1037.0,258.2,14.09,0.4368,0.3086,0.2277,0.0269,0.0,0.0,0.0,0.1605,0.1713,0.2124,0.1145,0.0392,0.0177,0.0834,0.201,0.2986,0.1798,0.9087,0.9979,mediterraneo,0.7236,0.7221,True
03955_01675,39.55,16.75,39.5,16.7,1.0,0.12343,0.0,0.0,0.00073,0.0,0.02651,0.11306,9544,1178,0.12343,14280,170.3,2.5,596.0,104.5,8.96,0.8721,0.1279,0.0,0.0,0.0,0.0,0.0,0.0861,0.1693,0.2077,0.0969,0.0239,0.0633,0.189,0.1639,0.1943,0.0434,0.8334,1.0,mediterraneo,0.5884,0.5884,True
03965_00935,39.65,9.35,39.6,9.3,1.0,0.09045,0.02392,0.00063,0.05929,0.0,0.49822,0.0,9530,1096,0.115,14400,375.3,118.8,725.5,140.8,10.74,0.3515,0.5485,0.1001,0.0,0.0,0.0,0.0,0.0627,0.0772,0.1591,0.1649,0.1533,0.1739,0.1287,0.0802,-0.2221,0.0224,0.8884,0.9477,mediterraneo,0.7496,0.7104,True
03965_00955,39.65,9.55,39.6,9.5,1.0,0.08391,0.09561,0.02027,0.01724,0.0,0.53208,0.02236,9570,1912,0.19979,14520,304.8,32.1,750.6,178.3,13.6,0.5481,0.3791,0.0728,0.0,0.0,0.0,0.0,0.0856,0.1472,0.1887,0.134,0.124,0.1404,0.119,0.0611,-0.0849,0.1269,0.9031,0.8753,mediterraneo,0.6892,0.6033,True
03965_01585,39.65,15.85,39.6,15.8,0.6437,0.19395,0.0,0.0,0.0,0.0,0.00304,0.03075,9528,1848,0.19395,14400,197.9,0.0,1206.7,233.6,9.08,0.7106,0.2175,0.0594,0.0124,0.0001,0.0,0.0,0.0789,0.0234,0.0068,0.047,0.1368,0.2144,0.3488,0.1439,-0.1321,-0.5541,0.6206,1.0,mediterraneo,0.6366,0.6366,True
03965_01595,39.65,15.95,39.6,15.9,1.0,0.73124,0.0,0.04869,0.01039,0.0,0.03421,0.02214,9529,7432,0.77993,14400,935.0,128.0,1835.4,354.2,22.83,0.0217,0.1589,0.3183,0.2662,0.1942,0.0406,0.0,0.0879,0.1192,0.1185,0.124,0.1822,0.1502,0.1264,0.0916,-0.1435,-0.0109,0.9912,0.9969,appenninico,0.8466,0.844,True
03965_01605,39.65,16.05,39.6,16.0,1.0,0.38455,0.0,0.01973,0.0,0.0,0.00945,0.08606,9528,3852,0.40428,14400,434.8,180.4,1248.7,198.9,11.67,0.2578,0.5759,0.1162,0.0495,0.0006,0.0,0.0,0.108,0.1829,0.1508,0.169,0.1534,0.1077,0.0541,0.0741,-0.0568,0.2202,0.9185,0.9976,mediterraneo,0.7657,0.7639,True
03965_01615,39.65,16.15,39.6,16.1,1.0,0.12823,0.0,0.0,0.0,0.0,0.0,0.01207,9530,1222,0.12823,14520,207.4,90.7,507.9,74.4,5.41,0.8833,0.1167,0.0,0.0,0.0,0.0,0.0,0.1111,0.1069,0.1633,0.2409,0.161,0.0782,0.0479,0.0907,-0.1402,0.2488,0.6744,1.0,mediterraneo,0.585,0.585,True
03975_00875,39.75,8.75,39.7,8.7,1.0,0.29302,0.061,0.0,0.00284,0.0,0.29617,0.00831,9508,3366,0.35402,14520,360.4,19.5,800.2,196.8,8.77,0.4481,0.4083,0.1437,0.0,0.0,0.0,0.0,0.0329,0.072,0.1738,0.1478,0.1431,0.1995,0.1621,0.0687,-0.263,-0.024,0.8625,0.9569,mediterraneo,0.7228,0.6916,True
03975_00895,39.75,8.95,39.7,8.9,1.0,0.32794,0.0,0.0,0.01901,0.0,0.1636,0.0,9523,3123,0.32794,14520,395.3,149.3,606.7,157.6,4.82,0.3554,0.6428,0.0018,0.0,0.0,0.0,0.0,0.1326,0.0824,0.0334,0.0728,0.2031,0.2688,0.1359,0.071,-0.2112,-0.2454,0.4161,1.0,mediterraneo,0.7435,0.7435,True
03975_00915,39.75,9.15,39.7,9.1,1.0,0.12894,0.00315,0.0,0.00914,0.0,0.12032,0.0,9516,1257,0.13209,14399,550.1,373.4,817.5,84.0,6.0,0.0,0.73,0.27,0.0,0.0,0.0,0.0,0.0898,0.1124,0.1038,0.0872,0.1682,0.2407,0.107,0.0909,-0.1694,-0.0998,0.7537,0.994,mediterraneo,0.8635,0.8583,True
03975_00925,39.75,9.25,39.7,9.2,1.0,0.16399,0.02301,0.0,0.00945,0.0,0.34857,0.00126,9519,1780,0.187,14520,529.0,260.5,1066.5,148.3,12.88,0.0968,0.5879,0.3056,0.0097,0.0,0.0,0.0,0.0832,0.1348,0.1434,0.0819,0.1101,0.1771,0.1598,0.1098,-0.0393,-0.0699,0.889,0.9692,mediterraneo,0.8338,0.8081,True
03975_00945,39.75,9.45,39.7,9.4,1.0,0.17685,0.08606,0.02052,0.05965,0.0,0.55455,0.02746,9505,2694,0.28343,14520,611.0,231.5,978.2,137.6,13.91,0.0033,0.4457,0.5459,0.0051,0.0,0.0,0.0,0.1309,0.0861,0.0821,0.1229,0.1559,0.1533,0.1454,0.1234,-0.0745,-0.1154,0.9521,0.9205,appenninico,0.792,0.729,True
03975_00955,39.75,9.55,39.7,9.5,1.0,0.13952,0.00652,0.0,0.0,0.0,0.53769,0.00336,9511,1389,0.14604,14641,445.0,36.7,872.7,232.0,13.28,0.3556,0.2942,0.3502,0.0,0.0,0.0,0.0,0.098,0.1943,0.2615,0.0921,0.0843,0.1244,0.0862,0.0593,0.0436,0.2509,0.9074,0.9888,mediterraneo,0.7608,0.7523,True
03975_00965,39.75,9.65,39.7,9.6,0.7267,0.17542,0.0043,0.0,0.0,0.0,0.3002,0.0,9537,1714,0.17972,14399,151.8,0.0,848.6,182.5,10.04,0.7935,0.1803,0.0262,0.0,0.0,0.0,0.0,0.1236,0.1557,0.183,0.1658,0.0932,0.0901,0.0722,0.1164,0.0442,0.1971,0.6064,0.994,mediterraneo,0.6133,0.6096,True
03975_01585,39.75,15.85,39.7,15.8,0.9634,0.21921,0.01776,0.00231,0.02564,0.0,0.00557,0.0517,9516,2277,0.23928,14520,225.5,0.0,979.6,221.7,10.26,0.6683,0.2561,0.0712,0.0044,0.0,0.0,0.0,0.1583,0.0725,0.037,0.0389,0.0897,0.1626,0.2255,0.2155,0.1381,-0.3822,0.7269,0.981,mediterraneo,0.652,0.6396,True
03975_01595,39.75,15.95,39.7,15.9,1.0,0.73915,0.0,0.0,0.02396,0.0,0.01083,0.0618,9515,7033,0.73915,14520,876.1,92.8,1931.7,401.8,21.73,0.0523,0.2189,0.3072,0.1977,0.1664,0.0574,0.0,0.171,0.086,0.0512,0.083,0.1108,0.1141,0.1864,0.1976,0.1234,-0.2438,0.9901,1.0,appenninico,0.7926,0.7926,True
03975_01605,39.75,16.05,39.7,16.0,1.0,0.73595,0.0,0.13071,0.00715,0.0,0.00305,0.01376,9517,8248,0.86666,14520,1211.5,336.4,1970.3,342.9,16.94,0.0,0.0654,0.144,0.1857,0.4966,0.1083,0.0,0.0766,0.0773,0.1931,0.1976,0.1581,0.14,0.0966,0.0608,-0.2294,0.1504,0.9877,0.9925,appenninico,0.8163,0.8102,True
03975_01615,39.75,16.15,39.7,16.1,1.0,0.22909,0.01471,0.06,0.0,0.0,0.01419,0.03184,9516,2891,0.3038,14641,545.2,151.0,1680.4,307.3,11.42,0.1908,0.5103,0.1556,0.0874,0.0535,0.0024,0.0,0.0668,0.1642,0.2207,0.212,0.1822,0.0973,0.0315,0.0253,-0.2045,0.3785,0.9574,0.978,mediterraneo,0.7447,0.7283,True
03985_00875,39.85,8.75,39.8,8.7,1.0,0.21069,0.05554,0.0,0.0,0.0,0.38929,0.00831,9507,2531,0.26623,14400,260.6,16.0,756.5,181.1,7.12,0.6274,0.3286,0.044,0.0,0.0,0.0,0.0,0.1887,0.1635,0.1104,0.0472,0.0401,0.0707,0.1731,0.2063,0.3398,-0.1093,0.6927,0.9478,mediterraneo,0.664,0.6293,True
03985_00905,39.85,9.05,39.8,9.0,1.0,0.10122,0.03925,0.00473,0.0,0.0,0.27809,0.0,9504,1380,0.1452,14520,493.1,245.1,836.8,143.8,7.35,0.0186,0.7034,0.278,0.0,0.0,0.0,0.0,0.0772,0.0849,0.0621,0.0658,0.1445,0.2436,0.2041,0.1178,-0.1443,-0.2984,0.8098,0.9308,mediterraneo,0.8583,0.7989,True
03985_00915,39.85,9.15,39.8,9.1,1.0,0.485,0.04526,0.002,0.03747,0.0,0.1723,0.022,9501,5057,0.53226,14280,711.7,310.8,1079.2,122.3,8.56,0.0,0.1784,0.8049,0.0167,0.0,0.0,0.0,0.0588,0.1729,0.1536,0.0804,0.1301,0.2549,0.1063,0.043,-0.1583,0.0178,0.7213,0.9786,appenninico,0.8884,0.8694,True
03985_00925,39.85,9.25,39.8,9.2,1.0,0.24277,0.09492,0.01884,0.06461,0.0,0.38114,0.00221,9503,3388,0.35653,14400,786.4,271.7,1324.6,190.6,13.33,0.0055,0.1429,0.5976,0.2381,0.0159,0.0,0.0,0.0779,0.0754,0.1,0.1256,0.1282,0.1711,0.2108,0.111,-0.1255,-0.1709,0.8572,0.9308,appenninico,0.9064,0.8437,True
03985_00935,39.85,9.35,39.8,9.3,1.0,0.37147,0.12344,0.0,0.08509,0.0,0.32283,0.0,9519,4711,0.49491,14400,914.2,525.2,1313.6,133.5,14.01,0.0,0.0076,0.4217,0.5591,0.0117,0.0,0.0,0.1069,0.1378,0.1469,0.1379,0.1258,0.1385,0.1009,0.1052,-0.0438,0.0722,0.9736,0.9376,appenninico,0.9742,0.9134,True
03985_00945,39.85,9.45,39.8,9.4,1.0,0.25675,0.14377,0.05139,0.01051,0.0,0.42638,0.0,9515,4300,0.45191,14400,838.9,260.2,1260.0,156.2,15.11,0.0014,0.0922,0.5047,0.3976,0.0042,0.0,0.0,0.0608,0.1172,0.1482,0.1326,0.1163,0.1548,0.16,0.1101,-0.0977,-0.0193,0.9502,0.9148,appenninico,0.9363,0.8565,True
03985_00955,39.85,9.55,39.8,9.5,1.0,0.12295,0.02528,0.01338,0.00147,0.0,0.26865,0.00474,9492,1534,0.16161,14520,441.5,36.6,1200.5,263.9,14.61,0.3644,0.3836,0.1659,0.086,0.0001,0.0,0.0,0.0754,0.2298,0.2303,0.0939,0.0929,0.191,0.0515,0.0352,-0.0258,0.2541,0.9595,0.9568,mediterraneo,0.7274,0.696,True
03985_01585,39.85,15.85,39.8,15.8,1.0,0.21793,0.01052,0.11228,0.02662,0.0,0.06619,0.07271,9503,3238,0.34073,14400,479.7,4.0,1328.2,305.8,16.21,0.3725,0.2642,0.2348,0.1272,0.0012,0.0,0.0,0.0405,0.0536,0.1551,0.1617,0.1283,0.1791,0.208,0.0737,-0.2471,-0.08,0.9547,0.9758,mediterraneo,0.7174,0.7,True
03985_01595,39.85,15.95,39.8,15.9,1.0,0.39375,0.00695,0.07126,0.02347,0.0,0.0521,0.12925,9501,4484,0.47196,14400,755.3,124.2,1402.9,262.4,16.09,0.0577,0.2146,0.4078,0.2945,0.0253,0.0,0.0,0.1226,0.0829,0.0569,0.0906,0.1241,0.1244,0.1828,0.2156,0.0657,-0.252,0.9484,0.9888,appenninico,0.8466,0.8371,True
03985_01605,39.85,16.05,39.8,16.0,1.0,0.34996,0.04884,0.15114,0.11125,0.0,0.06947,0.03052,9501,5225,0.54994,14400,1177.0,778.9,1756.1,200.1,14.11,0.0,0.0,0.051,0.5398,0.386,0.0231,0.0,0.1509,0.1121,0.1002,0.1121,0.1449,0.1395,0.107,0.1332,0.0019,-0.0386,0.9124,0.9641,appenninico,0.9233,0.8902,True
03985_01615,39.85,16.15,39.8,16.1,1.0,0.23559,0.07639,0.15036,0.03409,0.0,0.05208,0.07755,9504,4394,0.46234,14520,857.3,257.9,2034.3,321.8,15.46,0.0025,0.2453,0.3444,0.276,0.1019,0.0293,0.0006,0.0585,0.1277,0.1717,0.1373,0.2085,0.2106,0.0483,0.0374,-0.2887,0.1446,0.9433,0.9424,appenninico,0.8464,0.7976,True
03985_01625,39.85,16.25,39.8,16.2,1.0,0.22414,0.02873,0.05872,0.1287,0.0,0.09765,0.05535,9503,2961,0.31159,14280,900.5,202.3,2253.0,486.9,13.96,0.018,0.3827,0.1322,0.1674,0.202,0.0827,0.015,0.0819,0.1414,0.0824,0.0694,0.3054,0.2299,0.0455,0.0441,-0.3092,-0.008,0.8899,0.9675,appenninico,0.7239,0.7004,True
03985_01635,39.85,16.35,39.8,16.3,1.0,0.24184,0.01979,0.01694,0.01694,0.0,0.09861,0.11861,9502,2647,0.27857,14400,696.2,83.5,1413.5,302.1,15.93,0.1251,0.2403,0.3485,0.254,0.0322,0.0,0.0,0.0401,0.0967,0.1865,0.1962,0.1976,0.1078,0.1157,0.0594,-0.2637,0.1588,0.972,0.9792,appenninico,0.7879,0.7715,True
03985_01645,39.85,16.45,39.8,16.4,0.9871,0.01568,0.11555,0.00947,0.0,0.0,0.05746,0.06799,9502,1337,0.1407,14400,284.7,0.0,1113.0,250.1,9.48,0.5898,0.2701,0.1238,0.0164,0.0,0.0,0.0,0.0067,0.1427,0.2053,0.1512,0.228,0.2094,0.0564,0.0003,-0.3841,0.2196,0.633,0.7913,mediterraneo,0.6752,0.5343,True
03995_00885,39.95,8.85,39.9,8.8,1.0,0.01358,0.10634,0.0,0.00295,0.0,0.51811,0.0,9498,1139,0.11992,14280,239.9,22.7,667.5,131.2,10.15,0.709,0.2786,0.0123,0.0,0.0,0.0,0.0,0.1163,0.1514,0.1382,0.106,0.084,0.122,0.1587,0.1233,0.0699,-0.012,0.9176,0.7783,mediterraneo,0.6378,0.4964,True
03995_00895,39.95,8.95,39.9,8.9,1.0,0.21551,0.00654,0.0,0.0134,0.0,0.21593,0.0,9480,2105,0.22205,14280,337.4,72.3,540.8,91.4,9.39,0.3207,0.6793,0.0,0.0,0.0,0.0,0.0,0.1019,0.0793,0.1004,0.1186,0.1201,0.1703,0.1706,0.1387,-0.0723,-0.1511,0.8889,0.9926,mediterraneo,0.7538,0.7482,True
03995_00905,39.95,9.05,39.9,9.0,1.0,0.16373,0.03247,0.00063,0.01497,0.0,0.2583,0.0,9485,1867,0.19683,14399,478.9,223.1,814.2,109.7,9.53,0.0303,0.8097,0.1599,0.0,0.0,0.0,0.0,0.1248,0.1053,0.0534,0.0908,0.1279,0.1685,0.1901,0.1392,-0.0155,-0.2209,0.9213,0.9586,mediterraneo,0.8488,0.8137,True
03995_00915,39.95,9.15,39.9,9.1,1.0,0.47309,0.13734,0.06445,0.0594,0.00137,0.18662,0.01264,9495,6408,0.67488,14161,755.6,405.6,1167.5,156.0,14.65,0.0,0.1739,0.6275,0.1986,0.0,0.0,0.0,0.127,0.1225,0.1268,0.0983,0.0943,0.1346,0.167,0.1295,0.0456,-0.0747,0.9833,0.9443,appenninico,0.8991,0.849,True
03995_00925,39.95,9.25,39.9,9.2,1.0,0.47868,0.12117,0.00379,0.13517,0.10906,0.1178,0.0,9499,5734,0.60364,14280,944.7,402.8,1536.8,226.7,18.9,0.0,0.0896,0.305,0.4779,0.1276,0.0,0.0,0.1091,0.0862,0.1179,0.1102,0.1313,0.1651,0.1501,0.1301,-0.0625,-0.1075,0.9915,0.9495,appenninico,0.9299,0.8829,True
03995_00935,39.95,9.35,39.9,9.3,1.0,0.26292,0.00781,0.0,0.44471,0.11891,0.13315,0.0,9478,2566,0.27073,14280,1058.2,552.6,1819.6,262.6,17.4,0.0,0.0084,0.299,0.4146,0.25,0.028,0.0,0.0781,0.1418,0.162,0.1152,0.1566,0.1934,0.0889,0.0639,-0.1496,0.0731,0.9862,0.9928,appenninico,0.9246,0.9179,True
03995_00945,39.95,9.45,39.9,9.4,1.0,0.37541,0.15251,0.03757,0.14976,0.00021,0.15061,0.00422,9475,5358,0.56549,14280,915.2,671.0,1349.1,105.2,10.35,0.0,0.0,0.5394,0.4468,0.0139,0.0,0.0,0.0805,0.1114,0.1298,0.0983,0.1261,0.1577,0.1881,0.1081,-0.0746,-0.0991,0.8949,0.9293,appenninico,0.971,0.9024,True
03995_00955,39.95,9.55,39.9,9.5,1.0,0.1663,0.08799,0.00758,0.00968,0.0,0.30913,0.0,9501,2488,0.26187,14399,422.4,44.2,1282.8,300.2,13.0,0.4689,0.2451,0.1958,0.0876,0.0025,0.0,0.0,0.1167,0.2167,0.2441,0.1582,0.0984,0.0808,0.0368,0.0484,0.0374,0.3927,0.9293,0.9146,mediterraneo,0.6956,0.6362,True
03995_01575,39.95,15.75,39.9,15.7,0.6332,0.1448,0.00811,0.00285,0.04553,0.0,0.11192,0.0255,9489,1478,0.15576,14280,186.4,0.0,1011.6,223.0,11.63,0.7041,0.236,0.0577,0.0022,0.0,0.0,0.0,0.0429,0.0649,0.098,0.1229,0.1324,0.2272,0.2236,0.0881,-0.2339,-0.2207,0.5859,0.9861,mediterraneo,0.6411,0.6322,True
03995_01585,39.95,15.85,39.9,15.8,1.0,0.31872,0.07884,0.04479,0.03647,0.0,0.03046,0.17264,9488,4197,0.44235,14280,713.8,70.3,1450.3,262.6,18.44,0.0609,0.2849,0.4113,0.221,0.022,0.0,0.0,0.1229,0.0786,0.0769,0.1038,0.118,0.1334,0.183,0.1835,0.0244,-0.206,0.9867,0.9504,appenninico,0.8166,0.7761,True
03995_01595,39.95,15.95,39.9,15.9,1.0,0.59815,0.00074,0.00274,0.00379,0.0,0.002,0.04783,9491,5710,0.60163,14280,543.6,167.0,1229.2,183.5,12.81,0.0601,0.6054,0.2812,0.053,0.0003,0.0,0.0,0.0855,0.1096,0.1898,0.1847,0.1068,0.0683,0.1177,0.1376,-0.0285,0.1399,0.9602,0.9995,mediterraneo,0.8326,0.8322,True
03995_01605,39.95,16.05,39.9,16.0,1.0,0.44899,0.01939,0.00759,0.05723,0.0,0.0097,0.00295,9488,4516,0.47597,14280,713.2,294.3,1800.8,318.0,12.6,0.0012,0.4697,0.2939,0.1217,0.1037,0.0097,0.0,0.182,0.12,0.0426,0.0511,0.0923,0.1281,0.1718,0.2121,0.2023,-0.2555,0.9552,0.989,appenninico,0.7741,0.7656,True
03995_01615,39.95,16.15,39.9,16.1,1.0,0.51059,0.00042,0.03193,0.17462,0.0,0.02698,0.08104,9489,5152,0.54294,14399,1326.7,612.3,2239.7,341.2,15.62,0.0,0.0,0.089,0.3511,0.3116,0.2194,0.0288,0.1828,0.1684,0.0558,0.0402,0.0757,0.1422,0.1702,0.1647,0.2158,-0.1908,0.9883,0.9969,appenninico,0.7669,0.7645,True
03995_01625,39.95,16.25,39.9,16.2,1.0,0.31896,0.0,0.15906,0.06124,0.0,0.11932,0.12891,9487,4535,0.47802,14161,1354.9,716.3,2117.7,258.2,13.33,0.0,0.0,0.0333,0.2364,0.5774,0.1448,0.0081,0.1428,0.1872,0.2131,0.1383,0.0798,0.09,0.0663,0.0825,0.0977,0.2651,0.9907,0.9834,appenninico,0.8024,0.7891,True
03995_01635,39.95,16.35,39.9,16.3,1.0,0.48451,0.00274,0.0275,0.02677,0.0,0.05732,0.12202,9490,4885,0.51475,14280,1040.4,514.5,1693.7,239.3,17.99,0.0,0.0114,0.2996,0.441,0.2381,0.0098,0.0,0.1071,0.1431,0.1711,0.1237,0.1222,0.1227,0.102,0.1081,-0.0124,0.0934,0.9956,0.996,appenninico,0.9378,0.934,True
03995_01645,39.95,16.45,39.9,16.4,1.0,0.19026,0.22947,0.10172,0.0,0.0,0.0487,0.08833,9487,4947,0.52145,14280,663.6,211.6,1300.7,201.4,16.85,0.017,0.3961,0.448,0.1331,0.0058,0.0,0.0,0.1311,0.1992,0.1431,0.1147,0.1235,0.1187,0.0682,0.1016,0.0545,0.1466,0.9932,0.8802,appenninico,0.8055,0.709,True
03995_01655,39.95,16.55,39.9,16.5,0.9586,0.0,0.11522,0.01128,0.0,0.0,0.01813,0.05218,9486,1200,0.1265,14280,240.4,0.0,794.3,147.9,10.21,0.6915,0.2898,0.0188,0.0,0.0,0.0,0.0,0.1317,0.2242,0.1137,0.136,0.2233,0.131,0.0169,0.0233,-0.107,0.2536,0.8988,0.7678,mediterraneo,0.6436,0.4942,True
04005_00845,40.05,8.45,40.0,8.4,0.5529,0.0057,0.10057,0.0,0.00148,0.0,0.06772,0.0,9466,1006,0.10627,14400,6.4,-1.5,103.0,11.1,0.68,1.0,0.0,0.0,0.0,0.0,0.0,0.0,0.0646,0.0598,0.0252,0.0016,0.0315,0.3228,0.3937,0.1008,-0.0782,-0.6542,0.0441,0.7634,mediterraneo,0.55,0.4199,True
04005_00875,40.05,8.75,40.0,8.7,1.0,0.11618,0.0038,0.0,0.03021,0.0,0.31052,0.0,9468,1136,0.11998,14400,187.4,18.2,332.1,77.9,3.81,0.9515,0.0485,0.0,0.0,0.0,0.0,0.0,0.0345,0.0432,0.162,0.1844,0.1717,0.1578,0.1683,0.0781,-0.3014,-0.0107,0.4312,0.9921,mediterraneo,0.5646,0.5601,True
04005_00895,40.05,8.95,40.0,8.9,1.0,0.33888,0.0,0.0,0.00632,0.0,0.20755,0.00432,9487,3215,0.33888,14400,491.6,110.3,812.5,111.7,7.39,0.0373,0.7767,0.186,0.0,0.0,0.0,0.0,0.098,0.0323,0.0534,0.1216,0.1304,0.1568,0.2178,0.1898,-0.075,-0.307,0.9002,1.0,mediterraneo,0.8481,0.8481,True
04005_00905,40.05,9.05,40.0,9.0,1.0,0.4234,0.03358,0.0,0.0,0.0,0.22046,0.0,9471,4328,0.45698,14520,657.5,382.2,936.8,105.1,8.8,0.0,0.299,0.6981,0.0028,0.0,0.0,0.0,0.0731,0.0817,0.106,0.1296,0.1455,0.1794,0.1793,0.1055,-0.162,-0.1289,0.9259,0.9816,appenninico,0.8454,0.8298,True
04005_00915,40.05,9.15,40.0,9.1,1.0,0.5886,0.02672,0.02566,0.00211,0.0,0.16684,0.02492,9470,6070,0.64098,14280,848.6,379.4,1460.8,166.1,13.78,0.0,0.069,0.5771,0.3197,0.0342,0.0,0.0,0.1241,0.0799,0.1185,0.0926,0.1065,0.1623,0.1888,0.1274,-0.0147,-0.1591,0.9611,0.9876,appenninico,0.9384,0.9268,True
04005_00925,40.05,9.25,40.0,9.2,1.0,0.52234,0.01331,0.01046,0.23703,0.06433,0.0751,0.0,9467,5170,0.54611,14400,1156.2,653.9,1770.2,222.8,16.19,0.0,0.0,0.1352,0.4538,0.3853,0.0257,0.0,0.1214,0.1641,0.094,0.0678,0.0829,0.1572,0.1969,0.1158,0.083,-0.137,0.988,0.9929,appenninico,0.9175,0.911,True
04005_00935,40.05,9.35,40.0,9.3,1.0,0.15786,0.00148,0.0,0.4876,0.13211,0.15976,0.00971,9477,1510,0.15934,14400,1196.3,854.1,1818.8,173.8,15.41,0.0,0.0,0.0097,0.5512,0.4125,0.0266,0.0,0.1397,0.1844,0.1775,0.1142,0.0972,0.1015,0.1167,0.0689,0.0681,0.155,0.9834,0.9977,appenninico,0.919,0.9169,True
04005_00945,40.05,9.45,40.0,9.4,1.0,0.13379,0.01276,0.01929,0.09974,0.0,0.72198,0.00295,9485,1573,0.16584,14400,1051.0,356.3,1499.2,159.1,13.47,0.0,0.0132,0.125,0.7241,0.1377,0.0,0.0,0.0766,0.1322,0.2143,0.1302,0.0832,0.0949,0.1726,0.096,-0.0056,0.0949,0.9551,0.9749,appenninico,0.9678,0.9435,True
04005_00955,40.05,9.55,40.0,9.5,1.0,0.20395,0.06379,0.04774,0.01521,0.0,0.56865,0.0,9468,2987,0.31548,14520,433.6,49.3,1004.4,208.0,16.17,0.2971,0.4736,0.2216,0.0077,0.0,0.0,0.0,0.0577,0.1163,0.2274,0.1445,0.1014,0.1496,0.1442,0.0589,-0.1318,0.1231,0.9377,0.9419,mediterraneo,0.77,0.7253,True
04005_00965,40.05,9.65,40.0,9.6,0.9996,0.26657,0.0,0.06417,0.01061,0.0,0.41309,0.02258,9521,3149,0.33074,14280,431.7,0.0,878.5,225.9,13.67,0.295,0.4053,0.2996,0.0,0.0,0.0,0.0,0.0786,0.1142,0.1571,0.1246,0.1091,0.1837,0.137,0.0956,-0.1067,-0.0065,0.8648,0.9903,mediterraneo,0.7764,0.7689,True
04005_01535,40.05,15.35,40.0,15.3,0.8979,0.22316,0.02481,0.0,0.02819,0.0,0.06967,0.10166,9473,2349,0.24797,14400,264.9,0.0,944.1,207.5,13.25,0.6102,0.3162,0.0692,0.0044,0.0,0.0,0.0,0.103,0.0448,0.1053,0.1064,0.1404,0.1643,0.1979,0.138,-0.1011,-0.2074,0.8592,0.975,mediterraneo,0.6693,0.6526,True
04005_01545,40.05,15.45,40.0,15.4,0.7756,0.25546,0.0,0.0,0.02575,0.0,0.05044,0.0306,9477,2421,0.25546,14400,312.1,0.0,1214.4,279.1,11.0,0.5267,0.3143,0.1208,0.0377,0.0006,0.0,0.0,0.1499,0.182,0.1643,0.1866,0.1238,0.094,0.0421,0.0573,-0.0064,0.284,0.7662,1.0,mediterraneo,0.6883,0.6883,True
04005_01565,40.05,15.65,40.0,15.6,0.5927,0.15516,0.0,0.01414,0.0,0.0,0.17142,0.06407,9474,1604,0.1693,14400,233.1,0.0,1205.9,294.6,10.6,0.6753,0.1874,0.0926,0.0444,0.0002,0.0,0.0,0.0878,0.0255,0.0285,0.0694,0.1782,0.2988,0.2003,0.1116,-0.2631,-0.4043,0.5776,0.9958,mediterraneo,0.6407,0.638,True
04005_01575,40.05,15.75,40.0,15.7,1.0,0.39504,0.0,0.0742,0.0,0.0,0.02755,0.06417,9475,4446,0.46924,14400,625.7,100.5,1503.8,287.1,16.25,0.1234,0.3801,0.3198,0.1359,0.0408,0.0,0.0,0.1087,0.1442,0.1455,0.2024,0.1235,0.0983,0.1007,0.0768,-0.0763,0.1709,0.976,0.9921,appenninico,0.7333,0.7275,True
04005_01585,40.05,15.85,40.0,15.8,1.0,0.4303,0.0,0.02659,0.06648,0.0,0.02364,0.11829,9477,4330,0.45689,14400,717.8,99.2,1345.8,240.3,13.77,0.0821,0.1856,0.4944,0.2341,0.0038,0.0,0.0,0.0998,0.0597,0.0669,0.1055,0.1544,0.2176,0.1744,0.1218,-0.153,-0.2386,0.9709,0.9971,appenninico,0.8389,0.8365,True
04005_01595,40.05,15.95,40.0,15.9,1.0,0.57642,0.0,0.06249,0.02575,0.0,0.01256,0.0304,9474,6053,0.63891,14400,894.8,427.1,1627.7,207.1,13.51,0.0,0.0443,0.5119,0.3583,0.0851,0.0003,0.0,0.1326,0.1498,0.0896,0.1325,0.2084,0.1185,0.0946,0.0741,-0.0981,0.0587,0.9678,0.9951,appenninico,0.9436,0.939,True
04005_01605,40.05,16.05,40.0,16.0,1.0,0.67712,0.0,0.0,0.02259,0.0,0.00792,0.03853,9474,6415,0.67712,14400,772.4,406.5,1132.5,142.6,10.59,0.0,0.1526,0.6648,0.1826,0.0,0.0,0.0,0.152,0.114,0.0985,0.1275,0.1744,0.1576,0.0726,0.1034,-0.0714,0.0149,0.9403,1.0,appenninico,0.9057,0.9057,True
04005_01615,40.05,16.15,40.0,16.1,1.0,0.51799,0.0,0.05404,0.0057,0.0,0.00844,0.13594,9475,5420,0.57203,14520,756.0,319.1,1487.6,254.0,12.4,0.0,0.3007,0.41,0.2415,0.0478,0.0,0.0,0.1759,0.14,0.0974,0.0909,0.0815,0.1019,0.125,0.1874,0.1936,-0.0732,0.9513,0.9953,appenninico,0.852,0.848,True
04005_01625,40.05,16.25,40.0,16.2,1.0,0.40766,0.0,0.04084,0.0,0.0,0.01593,0.17096,9476,4250,0.4485,14280,753.8,294.0,1584.3,295.7,11.83,0.0048,0.3433,0.3457,0.23,0.0761,0.0,0.0,0.1836,0.204,0.1808,0.0429,0.0122,0.0243,0.171,0.1811,0.4056,0.041,0.946,0.9954,appenninico,0.8303,0.8265,True
04005_01635,40.05,16.35,40.0,16.3,1.0,0.44487,0.0,0.02796,0.01688,0.0,0.02997,0.07028,9477,4481,0.47283,14400,627.1,274.4,1279.6,205.1,12.97,0.0045,0.4856,0.4101,0.0927,0.0071,0.0,0.0,0.1299,0.1594,0.2083,0.0979,0.0213,0.0631,0.1677,0.1523,0.2215,0.0747,0.9294,0.997,appenninico,0.7808,0.7785,True
04005_01645,40.05,16.45,40.0,16.4,1.0,0.10343,0.08507,0.05583,0.00728,0.0,0.01963,0.07704,9475,2315,0.24433,14400,485.1,190.9,998.5,131.6,12.39,0.0749,0.7271,0.196,0.002,0.0,0.0,0.0,0.1288,0.132,0.1612,0.1433,0.1106,0.0966,0.115,0.1126,0.0192,0.0985,0.9681,0.9015,mediterraneo,0.8368,0.7544,True
04005_01655,40.05,16.55,40.0,16.5,0.9991,0.0,0.07262,0.06069,0.0,0.0,0.03378,0.10967,9474,1263,0.13331,14400,332.9,0.0,697.1,145.1,10.92,0.4121,0.5705,0.0174,0.0,0.0,0.0,0.0,0.1736,0.1813,0.1738,0.1213,0.1349,0.0815,0.0612,0.0724,0.0741,0.2243,0.9827,0.8411,mediterraneo,0.7272,0.6116,True
04015_00855,40.15,8.55,40.1,8.5,1.0,0.42137,0.00571,0.00814,0.0688,0.0,0.18601,0.0,9462,4118,0.43522,14520,402.7,16.7,953.2,218.7,9.39,0.4065,0.3684,0.2222,0.0029,0.0,0.0,0.0,0.1058,0.0448,0.0079,0.0317,0.1316,0.1792,0.3028,0.1962,0.0002,-0.5211,0.8693,0.9958,mediterraneo,0.7384,0.7353,True
04015_00865,40.15,8.65,40.1,8.6,1.0,0.2618,0.02085,0.0,0.09799,0.0,0.09926,0.0,9450,2671,0.28265,14280,619.6,224.2,1045.4,188.6,7.88,0.0438,0.3936,0.4875,0.0751,0.0,0.0,0.0,0.0621,0.0879,0.211,0.262,0.1657,0.0917,0.0632,0.0565,-0.2547,0.2998,0.8483,0.9816,appenninico,0.7853,0.7709,True
04015_00875,40.15,8.75,40.1,8.7,1.0,0.13737,0.0,0.0,0.0057,0.0,0.00127,0.0,9478,1302,0.13737,14400,383.9,263.8,619.8,68.7,1.97,0.0258,0.969,0.0053,0.0,0.0,0.0,0.0,0.0139,0.0821,0.2617,0.3191,0.1855,0.0856,0.04,0.0122,-0.401,0.4454,0.1996,1.0,mediterraneo,0.8426,0.8426,True
04015_00895,40.15,8.95,40.1,8.9,1.0,0.12986,0.0,0.0,0.0275,0.0,0.15398,0.0,9456,1228,0.12986,14400,226.2,99.5,655.7,120.3,6.2,0.8293,0.1604,0.0103,0.0,0.0,0.0,0.0,0.1651,0.1062,0.0868,0.0858,0.0852,0.1275,0.1268,0.2165,0.1581,-0.1492,0.6703,1.0,mediterraneo,0.6017,0.6017,True
04015_00905,40.15,9.05,40.1,9.0,1.0,0.21118,0.03782,0.0018,0.0374,0.0,0.294,0.0,9466,2374,0.2508,14520,376.8,111.3,859.0,176.2,9.5,0.4129,0.4296,0.1575,0.0,0.0,0.0,0.0,0.1402,0.1127,0.0903,0.1076,0.106,0.119,0.1446,0.1797,0.0822,-0.1117,0.9015,0.9619,mediterraneo,0.734,0.706,True
04015_00915,40.15,9.15,40.1,9.1,1.0,0.32234,0.01703,0.00709,0.0,0.0,0.26988,0.0,9456,3276,0.34646,14280,617.1,198.6,1098.3,217.1,13.37,0.0559,0.4124,0.4209,0.1109,0.0,0.0,0.0,0.1088,0.0925,0.1236,0.1103,0.0932,0.1431,0.1987,0.13,-0.0017,-0.1292,0.952,0.9867,appenninico,0.7722,0.7619,True
04015_00925,40.15,9.25,40.1,9.2,1.0,0.28329,0.0,0.0,0.00327,0.0,0.0661,0.0,9471,2683,0.28329,14400,871.1,632.0,1137.8,94.5,7.91,0.0,0.0,0.6315,0.3685,0.0,0.0,0.0,0.0978,0.1019,0.1181,0.1156,0.0886,0.1109,0.2079,0.1592,0.0323,-0.1289,0.8607,1.0,appenninico,0.9684,0.9684,True
04015_00935,40.15,9.35,40.1,9.3,1.0,0.20463,0.0455,0.09205,0.06444,0.0,0.27807,0.0,9451,3234,0.34218,14400,951.4,438.4,1393.2,134.4,9.9,0.0,0.0201,0.2466,0.6997,0.0336,0.0,0.0,0.1221,0.1946,0.1247,0.066,0.0753,0.1093,0.1767,0.1314,0.1572,-0.0373,0.8612,0.9533,appenninico,0.9746,0.9291,True
04015_00945,40.15,9.45,40.1,9.4,1.0,0.50998,0.08505,0.0,0.08579,0.0,0.19007,0.0,9465,5632,0.59503,14400,953.8,467.6,1395.3,146.7,13.03,0.0,0.0174,0.2787,0.6698,0.0342,0.0,0.0,0.0939,0.1087,0.1922,0.171,0.0708,0.0506,0.1612,0.1515,0.0579,0.0859,0.944,0.9643,appenninico,0.9741,0.9393,True
04015_00955,40.15,9.55,40.1,9.5,1.0,0.45135,0.01678,0.0,0.04992,0.0,0.39785,0.00507,9476,4436,0.46813,14520,736.4,96.3,1238.3,199.2,17.25,0.03,0.2003,0.5677,0.1991,0.0029,0.0,0.0,0.0738,0.1169,0.2634,0.1378,0.0673,0.0662,0.1404,0.1342,0.041,0.1653,0.9579,0.991,appenninico,0.8686,0.8608,True
04015_00965,40.15,9.65,40.1,9.6,0.5755,0.16449,0.0,0.0,0.00011,0.0,0.38714,0.0,9423,1550,0.16449,14280,242.2,0.0,894.8,250.8,11.83,0.5878,0.3094,0.1028,0.0,0.0,0.0,0.0,0.1177,0.2112,0.2839,0.1237,0.0376,0.0551,0.0956,0.0753,0.1672,0.337,0.5856,1.0,mediterraneo,0.6788,0.6788,True
04015_01525,40.15,15.25,40.1,15.2,0.9567,0.52383,0.0,0.06648,0.01617,0.0,0.02484,0.00307,9461,5585,0.59031,14400,404.9,0.0,1011.2,218.7,13.41,0.3575,0.4186,0.221,0.0029,0.0,0.0,0.0,0.1236,0.0768,0.0677,0.0878,0.1482,0.1816,0.181,0.1334,-0.0671,-0.2267,0.9369,0.9944,mediterraneo,0.7531,0.7489,True
04015_01535,40.15,15.35,40.1,15.3,1.0,0.53287,0.05686,0.00972,0.0,0.0,0.01934,0.04883,9462,5672,0.59945,14400,542.5,39.9,1568.6,359.6,13.67,0.3295,0.3072,0.1507,0.1562,0.0564,0.0,0.0,0.0376,0.0485,0.1445,0.2067,0.2047,0.1385,0.1444,0.0751,-0.3319,0.033,0.9842,0.9755,mediterraneo,0.6858,0.669,True
04015_01545,40.15,15.45,40.1,15.4,1.0,0.45005,0.02558,0.00698,0.00666,0.0,0.06322,0.03256,9459,4565,0.48261,14400,308.2,18.9,1192.6,183.9,10.65,0.5718,0.35,0.0668,0.0114,0.0,0.0,0.0,0.0495,0.0795,0.1786,0.1822,0.1498,0.1455,0.1275,0.0874,-0.2217,0.0748,0.9653,0.986,mediterraneo,0.6789,0.6694,True
04015_01555,40.15,15.55,40.1,15.5,1.0,0.52917,0.01997,0.00645,0.02536,0.0,0.07039,0.02568,9462,5257,0.55559,14400,365.1,34.9,1049.5,173.1,13.51,0.3728,0.5389,0.0826,0.0058,0.0,0.0,0.0,0.0956,0.0793,0.0997,0.1266,0.1563,0.181,0.1438,0.1176,-0.1442,-0.1126,0.9769,0.9904,mediterraneo,0.7409,0.7338,True
04015_01565,40.15,15.65,40.1,15.6,1.0,0.62011,0.0,0.0,0.06682,0.0,0.0,0.07243,9458,5865,0.62011,14400,741.0,109.2,1474.1,249.4,15.92,0.0261,0.2727,0.4356,0.2255,0.0401,0.0,0.0,0.1143,0.1418,0.0664,0.0793,0.1523,0.1856,0.1621,0.0982,-0.0583,-0.1455,0.9805,1.0,appenninico,0.8436,0.8436,True
04015_01575,40.15,15.75,40.1,15.7,1.0,0.57244,0.0,0.03646,0.07683,0.0,0.01374,0.08253,9463,5762,0.6089,14400,872.8,458.8,1428.7,178.4,14.72,0.0,0.0299,0.5512,0.3672,0.0516,0.0,0.0,0.1058,0.1055,0.09,0.0979,0.1087,0.1719,0.1975,0.1226,-0.036,-0.1751,0.9791,0.997,appenninico,0.9526,0.9497,True
04015_01585,40.15,15.85,40.1,15.8,1.0,0.52689,0.0,0.06985,0.03001,0.0,0.03456,0.14868,9463,5647,0.59674,14400,1221.4,731.9,1991.6,231.2,15.12,0.0,0.0,0.0532,0.4501,0.4116,0.0851,0.0,0.1011,0.1506,0.1703,0.1289,0.0899,0.1186,0.1494,0.0911,0.0091,0.0741,0.9847,0.9941,appenninico,0.876,0.8708,True
04015_01595,40.15,15.95,40.1,15.9,1.0,0.3623,0.00571,0.05751,0.061,0.0,0.0037,0.16048,9459,4025,0.42552,14400,1108.3,684.4,1877.0,212.4,13.9,0.0,0.0,0.1415,0.5917,0.2311,0.0356,0.0,0.0695,0.1376,0.1488,0.1178,0.1099,0.1357,0.1997,0.0811,-0.0713,-0.0216,0.9865,0.9899,appenninico,0.9332,0.9238,True
04015_01605,40.15,16.05,40.1,16.0,1.0,0.49736,0.00254,0.01986,0.11042,0.0,0.02198,0.18259,9464,4919,0.51976,14400,899.8,509.2,1517.2,166.5,13.14,0.0,0.0274,0.4771,0.4502,0.0453,0.0,0.0,0.1849,0.1531,0.1596,0.1779,0.1535,0.0859,0.0221,0.0632,-0.0021,0.279,0.9818,0.9969,appenninico,0.9584,0.9554,True
04015_01615,40.15,16.15,40.1,16.1,1.0,0.44588,0.00444,0.0,0.0,0.0,0.0,0.06818,9460,4260,0.45032,14520,667.6,337.8,951.5,129.9,10.86,0.0,0.3433,0.6437,0.0129,0.0,0.0,0.0,0.1975,0.1082,0.1108,0.1477,0.1683,0.0738,0.067,0.1267,0.041,0.0864,0.9488,0.9975,appenninico,0.8304,0.8283,True
04015_01625,40.15,16.25,40.1,16.2,1.0,0.18761,0.0,0.0,0.0,0.0,0.01089,0.07431,9461,1775,0.18761,14280,428.6,242.0,811.0,118.6,9.64,0.1459,0.7475,0.1066,0.0,0.0,0.0,0.0,0.1123,0.1058,0.15,0.1826,0.1644,0.1166,0.0778,0.0905,-0.127,0.1334,0.8919,1.0,mediterraneo,0.8116,0.8116,True
04015_01635,40.15,16.35,40.1,16.3,1.0,0.07887,0.01269,0.04186,0.04874,0.0,0.00983,0.04398,9459,1262,0.13342,14400,311.7,163.2,603.8,77.5,7.41,0.54,0.4599,0.0001,0.0,0.0,0.0,0.0,0.119,0.1043,0.1446,0.1487,0.0973,0.1088,0.1258,0.1513,0.0188,0.0139,0.7369,0.9605,mediterraneo,0.688,0.6608,True
04015_01645,40.15,16.45,40.1,16.4,1.0,0.20827,0.02093,0.00835,0.01639,0.0,0.01755,0.13955,9459,2247,0.23755,14400,395.3,97.3,882.2,178.5,11.39,0.3677,0.4672,0.1651,0.0,0.0,0.0,0.0,0.128,0.1042,0.1331,0.098,0.0836,0.1224,0.1801,0.1505,0.0676,-0.0989,0.9168,0.9762,mediterraneo,0.7479,0.7301,True
04025_00865,40.25,8.65,40.2,8.6,1.0,0.28224,0.00782,0.01543,0.00063,0.0,0.09503,0.0,9460,2890,0.30549,14399,566.6,339.6,804.4,104.4,3.43,0.0,0.6134,0.3866,0.0,0.0,0.0,0.0,0.1695,0.0528,0.0397,0.0361,0.0339,0.0798,0.2578,0.3305,0.3315,-0.4609,0.4736,0.9911,mediterraneo,0.8693,0.8616,True
04025_00915,40.25,9.15,40.2,9.1,1.0,0.16577,0.01324,0.0,0.01409,0.0,0.22148,0.0,9441,1690,0.17901,14399,469.4,221.1,1023.6,161.1,8.65,0.1226,0.6467,0.2253,0.0054,0.0,0.0,0.0,0.1531,0.0773,0.0435,0.0679,0.11,0.1461,0.19,0.2122,0.0981,-0.3049,0.8799,0.9815,mediterraneo,0.8231,0.8079,True
04025_00925,40.25,9.25,40.2,9.2,1.0,0.34357,0.0,0.0,0.03357,0.0,0.04724,0.0,9442,3244,0.34357,14520,622.3,314.1,1057.0,119.7,8.98,0.0,0.4203,0.5642,0.0155,0.0,0.0,0.0,0.1602,0.1291,0.1679,0.1349,0.0591,0.0526,0.1237,0.1726,0.1862,0.0746,0.9231,1.0,appenninico,0.8037,0.8037,True
04025_00935,40.25,9.35,40.2,9.3,1.0,0.10505,0.0054,0.00032,0.0,0.0,0.28679,0.0,9453,1047,0.11077,14520,441.8,171.7,906.6,163.5,10.08,0.2543,0.5523,0.1934,0.0001,0.0,0.0,0.0,0.1722,0.1789,0.1444,0.0821,0.0728,0.0845,0.1296,0.1356,0.2071,0.0447,0.9068,0.9877,mediterraneo,0.7834,0.7738,True
04025_00945,40.25,9.45,40.2,9.4,1.0,0.28318,0.02145,0.0,0.00518,0.0,0.23003,0.02314,9464,2883,0.30463,14520,594.5,102.4,1442.1,331.5,15.27,0.2694,0.2386,0.2903,0.1669,0.0348,0.0,0.0,0.1886,0.1545,0.1435,0.1077,0.0459,0.0758,0.1307,0.1534,0.2457,0.0398,0.9011,0.9824,mediterraneo,0.7211,0.7084,True
04025_00955,40.25,9.55,40.2,9.5,1.0,0.33355,0.0,0.0,0.00351,0.0,0.26684,0.00744,9414,3140,0.33355,14641,412.2,69.2,1052.9,205.5,15.43,0.3567,0.4413,0.1924,0.0096,0.0,0.0,0.0,0.0909,0.0677,0.1583,0.1605,0.047,0.0568,0.1804,0.2383,0.1102,-0.0686,0.9277,1.0,mediterraneo,0.7502,0.7502,True
04025_01505,40.25,15.05,40.2,15.0,0.9923,0.39534,0.0,0.0,0.02287,0.0,0.0397,0.02583,9445,3734,0.39534,14520,416.7,0.0,1124.0,212.9,15.98,0.3323,0.4764,0.1631,0.0282,0.0,0.0,0.0,0.1232,0.156,0.1163,0.1083,0.1142,0.1235,0.1411,0.1174,0.0392,-0.0094,0.986,1.0,mediterraneo,0.7514,0.7514,True
04025_01515,40.25,15.15,40.2,15.1,1.0,0.36635,0.02074,0.00582,0.00265,0.0,0.04381,0.06317,9450,3713,0.39291,14520,156.5,8.9,559.1,104.5,10.8,0.9017,0.0983,0.0,0.0,0.0,0.0,0.0,0.1098,0.0803,0.133,0.1512,0.1564,0.1442,0.1342,0.0909,-0.1391,-0.0047,0.8785,0.9861,mediterraneo,0.5795,0.5714,True
04025_01525,40.25,15.25,40.2,15.2,1.0,0.43532,0.02064,0.06849,0.0325,0.0,0.03059,0.05494,9446,4954,0.52445,14520,444.5,51.4,946.4,202.3,11.0,0.2822,0.4761,0.2375,0.0042,0.0,0.0,0.0,0.0809,0.0685,0.0548,0.0749,0.1365,0.1911,0.221,0.1722,-0.0771,-0.3256,0.9801,0.9836,mediterraneo,0.7762,0.7635,True
04025_01535,40.25,15.35,40.2,15.3,1.0,0.77098,0.02297,0.02519,0.02593,0.0,0.0,0.05524,9449,7740,0.81914,14520,965.2,447.4,1679.9,240.2,17.69,0.0,0.0437,0.3897,0.3893,0.1733,0.004,0.0,0.1153,0.1344,0.1369,0.0931,0.0995,0.1829,0.1223,0.1157,-0.001,-0.0384,0.9917,0.9915,appenninico,0.9342,0.9263,True
04025_01545,40.25,15.45,40.2,15.4,1.0,0.72915,0.01154,0.00603,0.05049,0.0,0.0,0.03768,9448,7055,0.74672,14520,1048.5,291.7,1889.7,395.3,18.66,0.0005,0.1842,0.2017,0.2226,0.3067,0.0843,0.0,0.0903,0.1077,0.1072,0.1022,0.1541,0.2039,0.1728,0.0619,-0.1664,-0.1032,0.9906,0.9957,appenninico,0.8108,0.8073,True
04025_01555,40.25,15.55,40.2,15.5,1.0,0.62135,0.00572,0.0,0.1259,0.0,0.0,0.03177,9444,5922,0.62707,14520,821.5,343.5,1659.8,288.5,15.65,0.0,0.2844,0.3413,0.2548,0.1169,0.0026,0.0,0.0867,0.1763,0.1463,0.1268,0.1727,0.1559,0.0785,0.0568,-0.1265,0.1377,0.965,0.9977,appenninico,0.8498,0.8478,True
04025_01565,40.25,15.65,40.2,15.6,1.0,0.46567,0.0164,0.00815,0.04243,0.0,0.0,0.04899,9451,4633,0.49022,14520,649.0,472.9,1181.4,162.1,9.29,0.0,0.5056,0.3848,0.1095,0.0,0.0,0.0,0.1438,0.1639,0.1415,0.0498,0.0591,0.1348,0.2033,0.1038,0.1415,-0.0798,0.7668,0.9908,appenninico,0.7784,0.7712,True
04025_01575,40.25,15.75,40.2,15.7,1.0,0.3364,0.0127,0.03652,0.06012,0.0,0.01503,0.09781,9447,3643,0.38562,14520,934.8,591.3,1399.7,114.9,11.48,0.0,0.0008,0.4229,0.5636,0.0128,0.0,0.0,0.1244,0.1279,0.0773,0.074,0.1265,0.1719,0.1838,0.1143,-0.0056,-0.1736,0.8861,0.987,appenninico,0.9767,0.964,True
04025_01585,40.25,15.85,40.2,15.8,1.0,0.39987,0.03853,0.12055,0.02826,0.0,0.00413,0.05652,9448,5281,0.55895,14520,830.3,533.2,1329.6,170.7,11.51,0.0,0.0608,0.6103,0.3056,0.0233,0.0,0.0,0.1653,0.221,0.1615,0.1133,0.0873,0.0721,0.0686,0.111,0.1837,0.2047,0.8879,0.972,appenninico,0.9417,0.9153,True
04025_01595,40.25,15.95,40.2,15.9,1.0,0.50995,0.00625,0.03875,0.01503,0.0,0.01366,0.06288,9446,5242,0.55495,14520,795.2,523.7,1751.9,272.7,9.71,0.0,0.2762,0.4565,0.1647,0.0851,0.0175,0.0,0.1959,0.1331,0.0964,0.0675,0.0586,0.08,0.1507,0.2177,0.2918,-0.1283,0.8338,0.9937,appenninico,0.8417,0.8364,True
04025_01605,40.25,16.05,40.2,16.0,1.0,0.47306,0.00561,0.02583,0.02911,0.0,0.01958,0.09897,9447,4766,0.5045,14520,716.4,345.6,1538.0,203.8,11.96,0.0,0.2876,0.5539,0.1351,0.0233,0.0,0.0,0.1407,0.1761,0.1879,0.1091,0.0948,0.1215,0.0862,0.0838,0.0676,0.1646,0.9517,0.9947,appenninico,0.8537,0.8492,True
04025_01615,40.25,16.15,40.2,16.1,1.0,0.50476,0.01397,0.01853,0.00339,0.0,0.00603,0.08469,9446,5075,0.53726,14641,598.3,270.6,907.2,168.2,12.13,0.0387,0.4432,0.5175,0.0006,0.0,0.0,0.0,0.1025,0.136,0.1681,0.1186,0.1293,0.0903,0.1414,0.1138,0.0011,0.0684,0.9093,0.9918,mediterraneo,0.8641,0.857,True
04025_01635,40.25,16.35,40.2,16.3,1.0,0.26188,0.0,0.02234,0.00349,0.0,0.02625,0.094,9447,2685,0.28422,14520,408.1,160.4,856.1,155.0,9.31,0.3005,0.5621,0.1375,0.0,0.0,0.0,0.0,0.121,0.1086,0.1183,0.0571,0.0674,0.1555,0.2112,0.1609,0.0939,-0.2029,0.906,0.9961,mediterraneo,0.7668,0.7638,True
04025_01645,40.25,16.45,40.2,16.4,1.0,0.23153,0.09026,0.04825,0.02074,0.0,0.00042,0.08593,9450,3497,0.37004,14520,287.2,68.0,756.0,149.9,9.24,0.5871,0.3882,0.0247,0.0,0.0,0.0,0.0,0.1866,0.1992,0.1576,0.1409,0.1363,0.0744,0.0409,0.0642,0.0883,0.2684,0.8908,0.9325,mediterraneo,0.6751,0.6295,True
04035_00855,40.35,8.55,40.3,8.5,1.0,0.17211,0.0,0.0,0.07376,0.0,0.20125,0.0,9436,1624,0.17211,14520,245.1,4.1,521.4,93.2,8.75,0.6676,0.3324,0.0,0.0,0.0,0.0,0.0,0.1064,0.1386,0.1729,0.142,0.086,0.1094,0.1266,0.1181,0.0263,0.087,0.8049,1.0,mediterraneo,0.6497,0.6497,True
04035_00885,40.35,8.85,40.3,8.8,1.0,0.31573,0.0,0.0,0.01219,0.0,0.03,0.0,9432,2978,0.31573,14400,825.6,520.9,1111.2,128.0,6.14,0.0,0.0071,0.6697,0.3233,0.0,0.0,0.0,0.0964,0.0577,0.0691,0.0744,0.0692,0.1202,0.1966,0.3164,0.1581,-0.3493,0.6726,1.0,appenninico,0.9638,0.9638,True
04035_00895,40.35,8.95,40.3,8.9,1.0,0.40858,0.0,0.0,0.0,0.0,0.15286,0.00636,9440,3857,0.40858,14400,701.6,203.6,1189.9,244.8,11.15,0.0979,0.2364,0.4621,0.2036,0.0,0.0,0.0,0.0691,0.0973,0.1869,0.2189,0.1441,0.1052,0.0669,0.1115,-0.1587,0.1945,0.8875,1.0,appenninico,0.8089,0.8089,True
04035_00905,40.35,9.05,40.3,9.0,1.0,0.10571,0.0,0.0,0.0,0.0,0.14954,0.0,9422,996,0.10571,14520,299.8,166.6,744.4,84.7,5.79,0.588,0.4087,0.0032,0.0,0.0,0.0,0.0,0.0671,0.0884,0.1455,0.1575,0.1257,0.1342,0.1605,0.121,-0.1152,-0.0234,0.7236,1.0,mediterraneo,0.6737,0.6737,True
04035_00915,40.35,9.15,40.3,9.1,1.0,0.3085,0.0,0.0,0.00053,0.0,0.1986,0.0,9436,2911,0.3085,14280,482.8,290.1,747.5,94.9,7.52,0.0015,0.8513,0.1472,0.0,0.0,0.0,0.0,0.1159,0.0919,0.1112,0.0999,0.1441,0.1613,0.1428,0.133,-0.0571,-0.1058,0.8694,1.0,mediterraneo,0.8569,0.8569,True
04035_00925,40.35,9.25,40.3,9.2,1.0,0.1736,0.0,0.00985,0.06292,0.0,0.11418,0.0,9441,1732,0.18345,14400,618.5,351.2,821.1,114.1,6.5,0.0,0.4483,0.5517,0.0,0.0,0.0,0.0,0.0943,0.0713,0.1374,0.1772,0.1622,0.1263,0.1198,0.1114,-0.1589,0.0233,0.8201,0.9973,appenninico,0.7931,0.791,True
04035_00935,40.35,9.35,40.3,9.3,1.0,0.21313,0.0,0.02647,0.02478,0.0,0.30408,0.00424,9445,2263,0.2396,14400,470.7,113.7,945.5,180.3,12.54,0.2092,0.5395,0.249,0.0023,0.0,0.0,0.0,0.1168,0.0963,0.1548,0.1901,0.1474,0.1056,0.0736,0.1154,-0.0901,0.1285,0.9473,0.9945,mediterraneo,0.7991,0.7947,True
04035_00945,40.35,9.45,40.3,9.4,1.0,0.13539,0.0,0.0,0.0572,0.0,0.19546,0.0,9388,1271,0.13539,14400,245.7,42.0,685.8,121.2,8.98,0.7167,0.2806,0.0026,0.0,0.0,0.0,0.0,0.1296,0.0835,0.1348,0.1988,0.1412,0.0736,0.0977,0.1407,-0.0496,0.0893,0.8257,1.0,mediterraneo,0.635,0.635,True
04035_00965,40.35,9.65,40.3,9.6,0.8653,0.10694,0.00468,0.00935,0.0,0.0,0.16796,0.00138,9407,1138,0.12097,14280,154.0,-0.1,787.5,152.4,7.97,0.8583,0.1221,0.0196,0.0,0.0,0.0,0.0,0.158,0.1274,0.2059,0.1909,0.1058,0.0749,0.0388,0.0983,0.0198,0.2712,0.6481,0.9865,mediterraneo,0.5935,0.5855,True
04035_01505,40.35,15.05,40.3,15.0,0.999,0.16495,0.00413,0.00456,0.0,0.0,0.0106,0.0265,9433,1638,0.17364,14400,170.5,0.0,531.3,119.8,10.3,0.8295,0.1705,0.0,0.0,0.0,0.0,0.0,0.1703,0.1467,0.0697,0.064,0.1131,0.1635,0.1191,0.1536,0.113,-0.1256,0.8338,0.9927,mediterraneo,0.6012,0.5968,True
04035_01515,40.35,15.15,40.3,15.1,1.0,0.57862,0.0,0.0,0.01633,0.0,0.0369,0.02428,9431,5457,0.57862,14400,379.7,66.3,1260.0,199.8,14.63,0.4052,0.4692,0.0976,0.027,0.0009,0.0,0.0,0.1044,0.1044,0.0642,0.1057,0.1618,0.2026,0.1504,0.1065,-0.1294,-0.1589,0.9708,1.0,mediterraneo,0.7259,0.7259,True
04035_01525,40.35,15.25,40.3,15.2,1.0,0.55311,0.00254,0.0229,0.02523,0.0,0.0,0.03307,9434,5458,0.57855,14400,481.8,135.8,1304.5,198.4,13.57,0.1625,0.6028,0.1941,0.0375,0.0031,0.0,0.0,0.1213,0.2164,0.108,0.0549,0.0895,0.1699,0.1323,0.1077,0.1003,-0.0344,0.9745,0.9969,mediterraneo,0.7997,0.7972,True
04035_01535,40.35,15.35,40.3,15.3,1.0,0.59445,0.00413,0.00795,0.03827,0.0,0.0,0.06031,9434,5722,0.60653,14400,671.9,194.6,1346.4,257.2,13.56,0.0419,0.412,0.3472,0.154,0.0449,0.0,0.0,0.1802,0.1088,0.0553,0.0648,0.099,0.1404,0.1931,0.1585,0.1299,-0.2384,0.9726,0.9976,appenninico,0.7797,0.7778,True
04035_01545,40.35,15.45,40.3,15.4,1.0,0.43474,0.0,0.0,0.14919,0.0,0.0,0.1564,9431,4100,0.43474,14400,1102.0,479.9,1739.6,232.2,16.54,0.0,0.023,0.1518,0.5069,0.2976,0.0207,0.0,0.209,0.1501,0.0809,0.066,0.1162,0.1615,0.0962,0.1201,0.1242,-0.0599,0.9791,1.0,appenninico,0.9241,0.9241,True
04035_01555,40.35,15.55,40.3,15.5,1.0,0.18316,0.00106,0.01419,0.08125,0.0,0.0,0.09004,9440,1873,0.19841,14400,718.0,445.6,1437.6,264.1,11.07,0.0,0.4425,0.2861,0.2271,0.0443,0.0,0.0,0.1993,0.2633,0.1009,0.1208,0.1282,0.0831,0.0405,0.0639,0.1589,0.2387,0.6544,0.9951,appenninico,0.802,0.7981,True
04035_01565,40.35,15.65,40.3,15.6,1.0,0.3146,0.03732,0.02195,0.05864,0.0,0.01813,0.03213,9431,3526,0.37387,14400,756.5,451.9,1408.1,277.9,10.13,0.0,0.4362,0.2342,0.2553,0.0742,0.0,0.0,0.0325,0.0662,0.0548,0.0542,0.1243,0.3231,0.2749,0.0698,-0.2689,-0.4244,0.6764,0.9721,appenninico,0.8026,0.7802,True
04035_01575,40.35,15.75,40.3,15.7,1.0,0.35545,0.04505,0.04983,0.06467,0.0,0.0,0.02417,9433,4248,0.45033,14400,853.3,572.6,1498.2,258.1,10.65,0.0,0.1409,0.5036,0.2028,0.1526,0.0,0.0,0.0952,0.2036,0.2386,0.1043,0.0842,0.1046,0.09,0.0797,0.0653,0.243,0.728,0.9695,appenninico,0.8955,0.8682,True
04035_01585,40.35,15.85,40.3,15.8,1.0,0.25949,0.03542,0.05175,0.08961,0.0,0.0,0.0369,9430,3269,0.34666,14400,834.3,543.5,1711.7,291.3,9.44,0.0,0.2717,0.403,0.1469,0.1749,0.0035,0.0,0.0537,0.0688,0.0836,0.0836,0.2439,0.2623,0.1323,0.0719,-0.3425,-0.1852,0.6473,0.967,appenninico,0.8425,0.8147,True
04035_01595,40.35,15.95,40.3,15.9,1.0,0.33358,0.01897,0.05023,0.2043,0.0,0.01727,0.07969,9437,3801,0.40278,14400,955.7,541.4,1477.6,214.6,10.72,0.0,0.0494,0.3327,0.4923,0.1256,0.0,0.0,0.0531,0.0779,0.1126,0.1594,0.1928,0.1872,0.1405,0.0766,-0.2807,-0.044,0.9215,0.982,appenninico,0.9448,0.9278,True
04035_01605,40.35,16.05,40.3,16.0,1.0,0.33118,0.0,0.0,0.03382,0.0,0.0,0.05089,9433,3124,0.33118,14400,767.0,432.6,1286.5,170.7,11.4,0.0,0.1856,0.5766,0.2314,0.0064,0.0,0.0,0.1073,0.187,0.1965,0.1117,0.1225,0.1395,0.0848,0.0507,-0.0261,0.196,0.9509,1.0,appenninico,0.896,0.896,True
04035_01615,40.35,16.15,40.3,16.1,1.0,0.37595,0.0,0.00689,0.02735,0.0,0.00127,0.04591,9432,3611,0.38284,14520,614.1,310.7,1056.9,157.5,12.28,0.0,0.5132,0.4284,0.0584,0.0,0.0,0.0,0.1193,0.1567,0.1294,0.1013,0.1527,0.1713,0.094,0.0752,-0.0671,0.0463,0.9575,0.9991,appenninico,0.7733,0.7726,True
04035_01625,40.35,16.25,40.3,16.2,1.0,0.16206,0.0,0.0,0.01229,0.0,0.0283,0.04844,9435,1529,0.16206,14280,421.1,192.1,996.2,160.8,9.91,0.2856,0.5674,0.1398,0.0071,0.0,0.0,0.0,0.09,0.1555,0.1885,0.1396,0.1444,0.1414,0.0912,0.0493,-0.114,0.1755,0.8884,1.0,mediterraneo,0.7695,0.7695,True
04035_01635,40.35,16.35,40.3,16.3,1.0,0.10428,0.0,0.00763,0.0,0.0,0.0,0.1454,9436,1056,0.11191,14400,265.0,118.1,580.0,86.0,7.1,0.6815,0.3185,0.0,0.0,0.0,0.0,0.0,0.1341,0.1644,0.1397,0.1031,0.1331,0.1435,0.0991,0.083,0.0023,0.0728,0.8253,0.9966,mediterraneo,0.6456,0.6434,True
04035_01655,40.35,16.55,40.3,16.5,1.0,0.02512,0.04569,0.04484,0.01262,0.0,0.02205,0.09562,9433,1091,0.11565,14400,133.1,31.4,389.3,69.5,6.14,0.9845,0.0155,0.0,0.0,0.0,0.0,0.0,0.1356,0.1484,0.1259,0.0905,0.1071,0.1381,0.1574,0.0971,0.0438,-0.0321,0.6967,0.8818,mediterraneo,0.5547,0.4891,True
04035_01665,40.35,16.65,40.3,16.6,1.0,0.11068,0.0035,0.00159,0.0,0.0,0.00657,0.04887,9433,1092,0.11577,14520,99.3,13.9,244.4,53.5,4.45,1.0,0.0,0.0,0.0,0.0,0.0,0.0,0.1795,0.1924,0.1365,0.1149,0.1272,0.1215,0.0256,0.1025,0.094,0.1769,0.4797,0.9918,mediterraneo,0.55,0.5455,True
04045_00895,40.45,8.95,40.4,8.9,1.0,0.35963,0.0,0.00382,0.03175,0.0,0.12189,0.0,9418,3423,0.36345,14280,666.3,369.6,1189.2,148.1,8.34,0.0,0.3686,0.5662,0.0651,0.0,0.0,0.0,0.1247,0.092,0.0826,0.068,0.0825,0.0882,0.1943,0.2677,0.1927,-0.254,0.8619,0.9995,appenninico,0.8242,0.8238,True
04045_00905,40.45,9.05,40.4,9.0,1.0,0.38715,0.0,0.0,0.02972,0.0,0.12611,0.0,9420,3647,0.38715,14399,632.7,228.2,1252.0,278.4,10.8,0.1538,0.3228,0.2819,0.24,0.0015,0.0,0.0,0.0626,0.075,0.2086,0.2751,0.1146,0.0484,0.103,0.1126,-0.1499,0.2485,0.862,1.0,appenninico,0.7412,0.7412,True
04045_00915,40.45,9.15,40.4,9.1,1.0,0.19294,0.00053,0.0,0.0,0.0,0.0279,0.0,9428,1824,0.19347,14161,358.2,242.1,713.4,97.7,5.68,0.3113,0.6386,0.0501,0.0,0.0,0.0,0.0,0.1044,0.0551,0.0825,0.1241,0.1379,0.1598,0.143,0.1933,-0.0624,-0.1919,0.6602,0.9993,mediterraneo,0.7591,0.7586,True
04045_00925,40.45,9.25,40.4,9.2,1.0,0.17039,0.0,0.0,0.07738,0.0,0.03072,0.0,9408,1603,0.17039,14280,642.8,335.6,850.6,103.8,7.22,0.0,0.2746,0.7254,0.0,0.0,0.0,0.0,0.1341,0.0651,0.0404,0.1183,0.1521,0.1502,0.1535,0.1864,-0.0302,-0.2245,0.7964,1.0,appenninico,0.8539,0.8539,True
04045_00935,40.45,9.35,40.4,9.3,1.0,0.15492,0.02591,0.00446,0.06371,0.0,0.06849,0.0,9418,1745,0.18529,14280,714.4,371.0,909.4,93.4,7.68,0.0,0.1438,0.8553,0.0009,0.0,0.0,0.0,0.1384,0.1232,0.1393,0.18,0.101,0.0934,0.0971,0.1276,0.021,0.104,0.8141,0.9638,appenninico,0.8997,0.8671,True
04045_00955,40.45,9.55,40.4,9.5,1.0,0.2335,0.04711,0.0,0.06516,0.0,0.45087,0.0031,9362,2627,0.28061,14399,395.9,21.0,1115.0,254.3,13.73,0.4471,0.3591,0.1381,0.0557,0.0,0.0,0.0,0.0605,0.0501,0.1275,0.2363,0.1429,0.1008,0.1284,0.1536,-0.1812,0.0194,0.9236,0.958,mediterraneo,0.7088,0.679,True
04045_00965,40.45,9.65,40.4,9.6,1.0,0.16237,0.03985,0.01526,0.01791,0.0,0.2743,0.0,9435,2052,0.21748,14161,244.8,4.0,847.1,193.7,10.41,0.6801,0.2505,0.0694,0.0,0.0,0.0,0.0,0.0729,0.054,0.1142,0.2353,0.1457,0.1135,0.1182,0.1463,-0.186,0.0163,0.7898,0.9507,mediterraneo,0.6494,0.6174,True
04045_00975,40.45,9.75,40.4,9.7,0.8903,0.0513,0.04462,0.0389,0.0,0.0,0.48924,0.0,9435,1272,0.13482,14280,108.3,-1.5,501.0,94.3,6.4,0.9541,0.0459,0.0,0.0,0.0,0.0,0.0,0.0877,0.1563,0.2097,0.1551,0.1179,0.1078,0.0952,0.0702,-0.0577,0.2156,0.5882,0.9028,mediterraneo,0.5638,0.509,True
04045_01505,40.45,15.05,40.4,15.0,1.0,0.13101,0.0,0.0,0.01253,0.0,0.01869,0.00605,9419,1234,0.13101,14280,130.8,1.5,1070.5,193.1,6.28,0.8498,0.1041,0.0382,0.0079,0.0,0.0,0.0,0.2318,0.0586,0.0601,0.0296,0.0719,0.2544,0.2091,0.0845,0.0642,-0.3357,0.4383,1.0,mediterraneo,0.595,0.595,True
04045_01515,40.45,15.15,40.4,15.1,1.0,0.32944,0.0,0.0,0.03397,0.0,0.00085,0.00531,9419,3103,0.32944,14280,401.9,35.6,1197.5,283.9,11.57,0.5089,0.2454,0.1578,0.0879,0.0,0.0,0.0,0.2369,0.1913,0.1207,0.0578,0.0926,0.1313,0.0996,0.0699,0.1979,0.0601,0.9578,1.0,mediterraneo,0.6832,0.6832,True
04045_01525,40.45,15.25,40.4,15.2,1.0,0.18845,0.0,0.00191,0.01125,0.0,0.0,0.05786,9419,1793,0.19036,14280,338.8,67.6,1080.4,224.1,10.76,0.5651,0.3056,0.0845,0.0448,0.0,0.0,0.0,0.1014,0.1036,0.0822,0.073,0.1486,0.228,0.1386,0.1245,-0.1061,-0.1816,0.9244,0.9995,mediterraneo,0.6735,0.6732,True
04045_01535,40.45,15.35,40.4,15.3,1.0,0.36501,0.0,0.02378,0.04024,0.0,0.0,0.0877,9419,3662,0.38879,14280,697.3,192.6,1254.9,265.9,10.43,0.0651,0.3091,0.3738,0.2419,0.0101,0.0,0.0,0.088,0.0336,0.0316,0.1027,0.2479,0.234,0.1354,0.1268,-0.2905,-0.2671,0.9721,0.9969,appenninico,0.8073,0.8048,True
04045_01545,40.45,15.45,40.4,15.4,1.0,0.48556,0.00287,0.00446,0.0963,0.0,0.0,0.08877,9418,4642,0.49289,14280,895.1,440.4,1472.0,296.6,13.5,0.0,0.2448,0.2148,0.364,0.1763,0.0,0.0,0.1123,0.2039,0.1671,0.116,0.1197,0.135,0.092,0.0541,-0.0076,0.1737,0.8769,0.9981,appenninico,0.8648,0.8632,True
04045_01555,40.45,15.55,40.4,15.5,1.0,0.16005,0.03343,0.0,0.05296,0.0,0.0,0.06665,9422,1823,0.19348,14280,629.7,439.1,1278.4,232.5,7.2,0.0,0.5873,0.2327,0.1657,0.0144,0.0,0.0,0.0851,0.0495,0.0426,0.0312,0.0699,0.3584,0.2563,0.107,-0.1527,-0.4995,0.5181,0.9568,appenninico,0.7514,0.7189,True
04045_01565,40.45,15.65,40.4,15.6,1.0,0.52558,0.0051,0.00584,0.05191,0.0,0.0,0.03599,9420,5054,0.53652,14280,977.6,591.0,1449.5,181.4,12.3,0.0,0.0004,0.4134,0.4373,0.1489,0.0,0.0,0.1395,0.1677,0.1445,0.0552,0.0704,0.1555,0.1585,0.1088,0.1174,-0.0442,0.9335,0.9971,appenninico,0.9568,0.954,True
04045_01575,40.45,15.75,40.4,15.7,1.0,0.5699,0.01571,0.06592,0.13088,0.0,0.0,0.05774,9421,6138,0.65153,14280,1156.6,650.8,1711.7,242.4,13.03,0.0,0.0,0.1604,0.4049,0.405,0.0297,0.0,0.0539,0.1135,0.1293,0.1459,0.1378,0.1733,0.1779,0.0685,-0.19,-0.0374,0.9696,0.9889,appenninico,0.9104,0.9003,True
04045_01585,40.45,15.85,40.4,15.8,1.0,0.54259,0.012,0.01636,0.07041,0.0,0.0,0.09526,9416,5376,0.57095,14280,1036.9,635.1,1823.5,243.3,11.57,0.0,0.0,0.3277,0.4492,0.1958,0.0273,0.0,0.2075,0.1778,0.1644,0.108,0.0664,0.0471,0.0709,0.1578,0.2794,0.1525,0.9791,0.9933,appenninico,0.9351,0.9288,True
04045_01595,40.45,15.95,40.4,15.9,1.0,0.28377,0.0104,0.03184,0.07323,0.0,0.01252,0.18391,9423,3072,0.32601,14280,954.2,551.2,1495.5,217.7,10.69,0.0,0.0275,0.4131,0.4001,0.1593,0.0,0.0,0.1546,0.175,0.121,0.0841,0.0647,0.044,0.1546,0.202,0.2748,-0.0208,0.9692,0.9871,appenninico,0.9444,0.9322,True
04045_01605,40.45,16.05,40.4,16.0,1.0,0.39387,0.02133,0.00754,0.04033,0.0,0.00563,0.15114,9422,3983,0.42274,14280,995.4,618.3,1446.2,146.9,12.29,0.0,0.0,0.2668,0.6346,0.0986,0.0,0.0,0.0491,0.1762,0.202,0.0772,0.0958,0.2168,0.1373,0.0456,-0.0943,0.0555,0.9823,0.9865,appenninico,0.9719,0.9588,True
04045_01615,40.45,16.15,40.4,16.1,1.0,0.59979,0.0,0.00117,0.00021,0.0,0.0,0.02102,9420,5661,0.60096,14399,846.8,415.0,1265.8,153.3,13.78,0.0,0.0522,0.5662,0.377,0.0047,0.0,0.0,0.0995,0.1377,0.1599,0.1051,0.1146,0.1486,0.1365,0.0982,-0.0311,0.0203,0.9857,0.9999,appenninico,0.9502,0.9501,True
04045_01625,40.45,16.25,40.4,16.2,1.0,0.29692,0.0,0.0,0.0293,0.0,0.0,0.04894,9420,2797,0.29692,14161,496.8,199.1,1085.2,168.5,10.97,0.0756,0.6963,0.2058,0.0222,0.0,0.0,0.0,0.1425,0.22,0.1686,0.1168,0.1277,0.1102,0.0486,0.0657,0.0551,0.2371,0.9681,1.0,mediterraneo,0.832,0.832,True
04045_01655,40.45,16.55,40.4,16.5,1.0,0.03407,0.07398,0.05297,0.01412,0.0,0.10487,0.08502,9421,1517,0.16102,14280,146.4,27.9,463.8,106.1,6.93,0.8744,0.1256,0.0,0.0,0.0,0.0,0.0,0.0854,0.15,0.141,0.0843,0.1321,0.2055,0.1311,0.0706,-0.0954,-0.0181,0.6949,0.8687,mediterraneo,0.5877,0.5105,True
04045_01665,40.45,16.65,40.4,16.6,1.0,0.09679,0.04882,0.0,0.01157,0.0,0.04065,0.08841,9422,1372,0.14561,14399,145.4,21.0,377.0,77.0,5.44,0.9717,0.0283,0.0,0.0,0.0,0.0,0.0,0.1255,0.2024,0.1316,0.1006,0.1379,0.181,0.0882,0.0328,-0.0456,0.1103,0.5795,0.9162,mediterraneo,0.5585,0.5117,True
04045_01675,40.45,16.75,40.4,16.7,1.0,0.1015,0.0,0.0,0.0,0.0,0.02272,0.00319,9419,956,0.1015,14161,63.6,11.8,164.9,34.6,2.53,1.0,0.0,0.0,0.0,0.0,0.0,0.0,0.0981,0.1612,0.1873,0.0902,0.0885,0.1646,0.1101,0.1,0.0092,0.0769,0.2888,1.0,mediterraneo,0.55,0.55,True
04055_00865,40.55,8.65,40.5,8.6,1.0,0.102,0.0,0.0083,0.20805,0.0,0.13767,0.0,9392,1036,0.1103,14280,430.1,146.6,653.4,98.8,8.4,0.1043,0.8783,0.0174,0.0,0.0,0.0,0.0,0.144,0.1528,0.135,0.105,0.1031,0.1183,0.1395,0.1022,0.066,0.023,0.811,0.9962,mediterraneo,0.8196,0.8165,True
04055_00895,40.55,8.95,40.5,8.9,1.0,0.18496,0.0,0.0,0.00117,0.0,0.09094,0.0,9402,1739,0.18496,14400,395.0,210.9,792.6,137.6,7.27,0.3321,0.5706,0.0974,0.0,0.0,0.0,0.0,0.1491,0.0924,0.062,0.0432,0.0669,0.1018,0.2279,0.2568,0.2294,-0.3303,0.754,1.0,mediterraneo,0.7553,0.7553,True
04055_00905,40.55,9.05,40.5,9.0,1.0,0.45419,0.005,0.00266,0.0,0.0,0.05134,0.0,9408,4345,0.46185,14520,675.0,278.7,1006.9,158.8,9.1,0.0017,0.328,0.5374,0.1329,0.0,0.0,0.0,0.1589,0.0977,0.1094,0.1226,0.0687,0.0688,0.1592,0.2148,0.1782,-0.0981,0.9176,0.997,appenninico,0.8407,0.8382,True
04055_00915,40.55,9.15,40.5,9.1,1.0,0.25221,0.0119,0.0,0.0,0.0,0.25539,0.0,9409,2485,0.26411,14280,641.3,353.0,966.9,128.2,9.54,0.0,0.4362,0.5329,0.0309,0.0,0.0,0.0,0.1381,0.1077,0.0951,0.2376,0.1605,0.0935,0.0802,0.0874,-0.1186,0.137,0.8892,0.9887,appenninico,0.7989,0.7899,True
04055_00925,40.55,9.25,40.5,9.2,1.0,0.27216,0.0136,0.0,0.0,0.0,0.08278,0.00861,9410,2689,0.28576,14400,664.3,480.7,832.7,61.5,5.54,0.0,0.1128,0.8872,0.0,0.0,0.0,0.0,0.1766,0.0739,0.0456,0.0979,0.1559,0.1284,0.1224,0.1992,0.0541,-0.1924,0.7028,0.9881,appenninico,0.9105,0.8997,True
04055_00935,40.55,9.35,40.5,9.3,1.0,0.27522,0.10418,0.00149,0.00085,0.0,0.1299,0.00574,9407,3583,0.38089,14400,769.7,486.1,972.5,70.2,5.19,0.0,0.0195,0.9397,0.0408,0.0,0.0,0.0,0.1406,0.0903,0.0809,0.1445,0.152,0.1422,0.1132,0.1362,-0.0573,-0.0667,0.666,0.9314,appenninico,0.9452,0.8804,True
04055_00945,40.55,9.45,40.5,9.4,1.0,0.06908,0.04041,0.0,0.04478,0.0,0.41002,0.01983,9380,1027,0.10949,14400,574.4,121.2,1011.6,218.9,11.0,0.1279,0.4031,0.4199,0.0492,0.0,0.0,0.0,0.1113,0.132,0.1931,0.2216,0.1313,0.0806,0.0602,0.0699,-0.0958,0.2854,0.9175,0.9077,mediterraneo,0.8204,0.7447,True
04055_00955,40.55,9.55,40.5,9.5,1.0,0.26459,0.02707,0.0,0.03268,0.0,0.33111,0.03543,9456,2758,0.29166,14520,451.1,104.5,1055.3,177.2,13.57,0.2103,0.6207,0.144,0.0251,0.0,0.0,0.0,0.1418,0.1062,0.0575,0.0959,0.1202,0.1464,0.1588,0.1732,0.0508,-0.1851,0.9628,0.9768,mediterraneo,0.7879,0.7696,True
04055_00965,40.55,9.65,40.5,9.6,1.0,0.08535,0.03324,0.0065,0.0065,0.0,0.36217,0.0,9385,1174,0.12509,14280,352.3,18.4,1031.6,269.8,13.26,0.5211,0.2493,0.1948,0.0348,0.0,0.0,0.0,0.1536,0.1208,0.114,0.2114,0.0841,0.0624,0.0873,0.1664,0.0832,0.1015,0.8528,0.931,mediterraneo,0.6947,0.6468,True
04055_01515,40.55,15.15,40.5,15.1,1.0,0.11727,0.0,0.0,0.00351,0.0,0.0,0.01669,9406,1103,0.11727,14400,129.9,22.7,426.0,84.8,5.64,0.9458,0.0542,0.0,0.0,0.0,0.0,0.0,0.1293,0.1027,0.0858,0.0691,0.1091,0.178,0.2119,0.1141,-0.0055,-0.2162,0.649,1.0,mediterraneo,0.5663,0.5663,True
04055_01525,40.55,15.25,40.5,15.2,1.0,0.51988,0.0,0.0,0.04412,0.0,0.0,0.05582,9406,4890,0.51988,14400,731.2,65.9,1683.4,416.8,14.18,0.201,0.2724,0.1279,0.2379,0.1505,0.0103,0.0,0.1563,0.1119,0.0285,0.0486,0.1504,0.1733,0.1975,0.1336,0.0268,-0.2804,0.9697,1.0,appenninico,0.7041,0.7041,True
04055_01535,40.55,15.35,40.5,15.3,1.0,0.56506,0.0,0.0,0.01053,0.0,0.0,0.0522,9406,5315,0.56506,14400,721.3,118.8,1725.4,454.8,13.49,0.3,0.1374,0.2128,0.1072,0.2392,0.0034,0.0,0.1992,0.2418,0.0609,0.0641,0.1334,0.1561,0.0623,0.0821,0.15,0.0332,0.8989,1.0,appenninico,0.6711,0.6711,True
04055_01545,40.55,15.45,40.5,15.4,1.0,0.35989,0.00627,0.0101,0.0385,0.0,0.0,0.03446,9403,3538,0.37626,14400,530.3,165.0,1286.5,215.1,13.57,0.1356,0.5335,0.274,0.0511,0.0059,0.0,0.0,0.1683,0.1341,0.0886,0.0596,0.1128,0.2047,0.1306,0.1014,0.0366,-0.1232,0.9557,0.9945,mediterraneo,0.8068,0.8024,True
04055_01555,40.55,15.55,40.5,15.5,1.0,0.34991,0.0,0.00446,0.04315,0.0,0.0,0.08727,9408,3334,0.35437,14400,755.7,262.5,1275.6,219.3,14.78,0.0039,0.2964,0.4062,0.2877,0.0058,0.0,0.0,0.1081,0.1587,0.1009,0.0762,0.106,0.2144,0.1428,0.093,-0.0202,-0.1022,0.9474,0.9994,appenninico,0.8573,0.8568,True
04055_01565,40.55,15.65,40.5,15.6,1.0,0.38565,0.0,0.00213,0.02105,0.0,0.0,0.07772,9405,3647,0.38778,14400,770.4,491.5,1338.5,159.8,9.42,0.0,0.1298,0.6824,0.1715,0.0162,0.0,0.0,0.1457,0.2008,0.0594,0.04,0.069,0.182,0.2048,0.0983,0.1314,-0.1772,0.9572,0.9997,appenninico,0.9114,0.9111,True
04055_01575,40.55,15.75,40.5,15.7,1.0,0.56491,0.00766,0.01988,0.05125,0.0,0.0,0.05614,9405,5572,0.59245,14400,1037.2,718.4,1737.6,218.1,11.38,0.0,0.0,0.3405,0.4076,0.2359,0.016,0.0,0.1692,0.1809,0.1338,0.0746,0.0595,0.0556,0.1521,0.1742,0.2771,-0.0009,0.9155,0.9951,appenninico,0.9364,0.9318,True
04055_01585,40.55,15.85,40.5,15.8,1.0,0.62795,0.00659,0.02827,0.01307,0.0,0.0,0.04346,9410,6237,0.66281,14400,1001.5,639.5,1465.4,148.6,11.56,0.0,0.0,0.2565,0.6592,0.0843,0.0,0.0,0.0919,0.1514,0.1623,0.1295,0.1467,0.1299,0.1108,0.0775,-0.0753,0.1024,0.9788,0.9954,appenninico,0.9745,0.97,True
04055_01595,40.55,15.95,40.5,15.9,1.0,0.2533,0.00521,0.00946,0.00532,0.0,0.00255,0.12846,9404,2520,0.26797,14400,802.7,465.7,1178.9,160.5,10.45,0.0,0.1087,0.6047,0.2867,0.0,0.0,0.0,0.1329,0.1733,0.149,0.1354,0.1403,0.1302,0.0706,0.0682,-0.0224,0.1587,0.9739,0.9934,appenninico,0.9264,0.9203,True
04055_01605,40.55,16.05,40.5,16.0,1.0,0.40102,0.00255,0.00989,0.0336,0.0,0.01861,0.0741,9406,3889,0.41346,14400,704.6,332.2,1208.5,173.0,14.35,0.0,0.3135,0.5298,0.1565,0.0001,0.0,0.0,0.1383,0.1584,0.1398,0.1035,0.0664,0.1076,0.1685,0.1175,0.1223,-0.0004,0.9856,0.9973,appenninico,0.848,0.8457,True
04055_01615,40.55,16.15,40.5,16.1,1.0,0.6891,0.00255,0.01967,0.00468,0.0,0.00362,0.03753,9405,6690,0.71132,14520,621.8,209.1,1175.8,209.3,12.52,0.0688,0.3936,0.4267,0.111,0.0,0.0,0.0,0.1871,0.1608,0.123,0.0957,0.0974,0.0888,0.1049,0.1423,0.1775,0.0351,0.974,0.9977,appenninico,0.7697,0.7679,True
04055_01625,40.55,16.25,40.5,16.2,1.0,0.21186,0.0,0.0,0.02626,0.0,0.00808,0.01339,9407,1993,0.21186,14280,404.9,155.3,780.5,141.8,8.66,0.2489,0.6436,0.1076,0.0,0.0,0.0,0.0,0.1771,0.2084,0.1488,0.0927,0.1225,0.1046,0.0654,0.0805,0.1218,0.1693,0.8814,1.0,mediterraneo,0.7808,0.7808,True
04055_01635,40.55,16.35,40.5,16.3,1.0,0.22041,0.0,0.0,0.06358,0.0,0.04423,0.10898,9405,2073,0.22041,14400,369.9,109.9,605.7,141.8,8.8,0.331,0.6676,0.0014,0.0,0.0,0.0,0.0,0.1337,0.2143,0.131,0.0469,0.1387,0.2194,0.0702,0.0458,-0.0074,0.062,0.8354,1.0,mediterraneo,0.7508,0.7508,True
04055_01645,40.55,16.45,40.5,16.4,1.0,0.08165,0.01276,0.01212,0.05954,0.0,0.027,0.08101,9406,1002,0.10653,14400,265.6,60.3,535.5,127.8,8.75,0.5976,0.4024,0.0,0.0,0.0,0.0,0.0,0.1275,0.2349,0.1167,0.0482,0.1356,0.2093,0.083,0.0448,0.0088,0.0555,0.8412,0.9644,mediterraneo,0.6707,0.6468,True
04055_01655,40.55,16.55,40.5,16.5,1.0,0.03955,0.04837,0.01935,0.01829,0.0,0.04837,0.03774,9406,1009,0.10727,14400,225.6,52.5,476.0,116.4,7.5,0.7083,0.2917,0.0,0.0,0.0,0.0,0.0,0.1455,0.2069,0.154,0.1073,0.1195,0.1171,0.074,0.0757,0.0679,0.17,0.7976,0.8783,mediterraneo,0.6375,0.5599,True
04055_01665,40.55,16.65,40.5,16.6,1.0,0.05199,0.13195,0.0,0.00542,0.0,0.0,0.01308,9405,1730,0.18394,14520,127.0,30.4,397.8,72.4,5.13,0.9789,0.0211,0.0,0.0,0.0,0.0,0.0,0.0662,0.147,0.1493,0.0939,0.1276,0.2466,0.1094,0.0601,-0.1609,-0.0007,0.6095,0.8207,mediterraneo,0.5563,0.4566,True
04065_00815,40.65,8.15,40.6,8.1,0.2156,0.0,0.09083,0.03716,0.0,0.0,0.05708,0.0,9391,1202,0.12799,14280,19.0,0.0,355.1,52.7,2.4,0.9969,0.0031,0.0,0.0,0.0,0.0,0.0,0.0985,0.0912,0.1827,0.1082,0.1098,0.1216,0.186,0.1021,-0.0569,-0.0211,0.1728,0.8081,mediterraneo,0.5509,0.4452,True
04065_00825,40.65,8.25,40.6,8.2,0.9707,0.0,0.1066,0.0,0.0,0.0,0.15974,0.0,9390,1001,0.1066,14400,55.5,-0.2,429.3,54.3,3.45,0.9932,0.0068,0.0,0.0,0.0,0.0,0.0,0.1244,0.1211,0.1452,0.1117,0.1035,0.141,0.184,0.0691,-0.0196,-0.0253,0.3147,0.75,mediterraneo,0.552,0.414,True
04065_00885,40.65,8.85,40.6,8.8,1.0,0.13706,0.0,0.0,0.00724,0.0,0.09201,0.0,9390,1287,0.13706,14400,297.9,184.9,485.9,71.6,3.68,0.5902,0.4098,0.0,0.0,0.0,0.0,0.0,0.1578,0.1239,0.1321,0.1348,0.1905,0.0926,0.0483,0.1199,-0.0198,0.1155,0.4326,1.0,mediterraneo,0.6729,0.6729,True
04065_00915,40.65,9.15,40.6,9.1,1.0,0.3056,0.26715,0.0,0.0,0.0,0.24403,0.0,9388,5377,0.57275,14280,565.1,215.0,1079.5,201.4,11.8,0.1127,0.4499,0.3835,0.0539,0.0,0.0,0.0,0.1428,0.0962,0.1035,0.0869,0.0757,0.0936,0.1528,0.2485,0.1913,-0.165,0.9401,0.8834,mediterraneo,0.8219,0.7261,True
04065_00925,40.65,9.25,40.6,9.2,1.0,0.06706,0.0999,0.0,0.01663,0.0,0.47852,0.0,9379,1566,0.16696,14400,740.8,518.7,1023.2,97.0,6.56,0.0,0.0208,0.9118,0.0674,0.0,0.0,0.0,0.1109,0.0821,0.1162,0.1694,0.1347,0.0891,0.1191,0.1785,-0.0241,-0.0128,0.7455,0.8504,appenninico,0.9461,0.8046,True
04065_00935,40.65,9.35,40.6,9.3,1.0,0.34236,0.08474,0.0,0.0,0.0,0.20241,0.00341,9382,4007,0.4271,14400,653.7,363.1,1052.7,91.2,5.79,0.0,0.249,0.7224,0.0286,0.0,0.0,0.0,0.1408,0.1462,0.1433,0.1853,0.1449,0.0746,0.0626,0.1024,-0.0129,0.1912,0.7014,0.9504,appenninico,0.8643,0.8214,True
04065_00945,40.65,9.45,40.6,9.4,1.0,0.40164,0.12609,0.0,0.0,0.0,0.33227,0.01073,9414,4968,0.52773,14400,444.7,111.8,782.6,164.5,13.07,0.2155,0.5728,0.2117,0.0,0.0,0.0,0.0,0.1862,0.1321,0.0979,0.1569,0.1669,0.0794,0.0721,0.1085,0.0217,0.1002,0.9335,0.9403,mediterraneo,0.7959,0.7484,True
04065_00955,40.65,9.55,40.6,9.5,1.0,0.03292,0.1613,0.0,0.00406,0.0,0.51587,0.06745,9355,1817,0.19422,14520,355.8,38.5,858.7,219.2,12.46,0.4699,0.3642,0.1659,0.0,0.0,0.0,0.0,0.1119,0.1021,0.115,0.1563,0.1456,0.1427,0.1098,0.1165,-0.0952,0.0047,0.9081,0.7924,mediterraneo,0.7173,0.5684,True
04065_00965,40.65,9.65,40.6,9.6,1.0,0.02226,0.14923,0.0,0.00297,0.0,0.40806,0.00456,9435,1618,0.17149,14280,174.0,2.0,776.8,143.6,11.32,0.8223,0.1639,0.0138,0.0,0.0,0.0,0.0,0.1564,0.1458,0.127,0.1631,0.137,0.0797,0.0888,0.1022,0.024,0.1301,0.8513,0.7825,mediterraneo,0.604,0.4726,True
04065_01445,40.65,14.45,40.6,14.4,0.645,0.22219,0.0,0.0,0.03492,0.0,0.06973,0.01384,9393,2087,0.22219,14400,273.5,0.0,1372.8,315.5,13.37,0.6172,0.2147,0.111,0.0494,0.0076,0.0,0.0,0.1767,0.1045,0.0288,0.0715,0.1114,0.1536,0.1732,0.1804,0.1133,-0.258,0.6394,1.0,mediterraneo,0.6534,0.6534,True
04065_01455,40.65,14.55,40.6,14.5,0.8309,0.44724,0.0,0.00554,0.00309,0.0,0.05995,0.07241,9391,4252,0.45278,14400,535.3,0.0,1381.1,371.0,18.27,0.3106,0.2117,0.2735,0.1909,0.0133,0.0,0.0,0.1091,0.1117,0.1292,0.1259,0.137,0.1811,0.1119,0.0942,-0.0978,-0.0136,0.8259,0.9994,mediterraneo,0.7148,0.7144,True
04065_01465,40.65,14.65,40.6,14.6,0.5985,0.36565,0.0,0.0,0.0,0.0,0.0215,0.06204,9397,3436,0.36565,14400,261.0,0.0,1111.6,278.5,13.54,0.5799,0.2756,0.1294,0.0151,0.0,0.0,0.0,0.0536,0.1164,0.218,0.1396,0.1242,0.1636,0.1302,0.0545,-0.173,0.1199,0.605,1.0,mediterraneo,0.6787,0.6787,True
04065_01475,40.65,14.75,40.6,14.7,0.3227,0.10147,0.0,0.0,0.0,0.0,0.00671,0.01448,9392,953,0.10147,14400,58.0,0.0,627.7,109.7,4.26,0.9406,0.0594,0.0001,0.0,0.0,0.0,0.0,0.0443,0.0942,0.1675,0.1847,0.196,0.142,0.0938,0.0775,-0.2718,0.1211,0.2948,1.0,mediterraneo,0.5679,0.5679,True
04065_01505,40.65,15.05,40.6,15.0,1.0,0.376,0.0,0.04802,0.03248,0.0,0.0,0.02609,9391,3982,0.42402,14400,432.9,56.7,1287.9,303.9,13.53,0.4328,0.2918,0.157,0.1168,0.0016,0.0,0.0,0.0496,0.0544,0.0709,0.1626,0.2467,0.1704,0.1543,0.091,-0.3403,-0.1163,0.8418,0.9943,mediterraneo,0.6978,0.6938,True
04065_01515,40.65,15.15,40.6,15.1,1.0,0.35814,0.00745,0.02555,0.00394,0.0,0.00405,0.08091,9393,3674,0.39114,14400,395.1,37.0,1245.4,289.9,10.3,0.4767,0.2772,0.1674,0.0785,0.0002,0.0,0.0,0.0234,0.0495,0.16,0.1875,0.2218,0.2078,0.0852,0.0648,-0.4012,0.0498,0.8409,0.992,mediterraneo,0.6956,0.69,True
04065_01525,40.65,15.25,40.6,15.2,1.0,0.22461,0.0066,0.0,0.00213,0.0,0.00703,0.00713,9394,2172,0.23121,14400,236.9,62.0,675.6,93.9,8.38,0.7468,0.2526,0.0006,0.0,0.0,0.0,0.0,0.098,0.0986,0.1536,0.1311,0.1133,0.1329,0.1599,0.1126,-0.0539,-0.0184,0.8884,0.9929,mediterraneo,0.626,0.6216,True
04065_01535,40.65,15.35,40.6,15.3,1.0,0.19687,0.0,0.0,0.07144,0.0,0.00096,0.02619,9392,1849,0.19687,14400,518.5,113.7,1350.5,248.8,10.65,0.2022,0.5298,0.1541,0.1084,0.0056,0.0,0.0,0.066,0.0535,0.0527,0.1478,0.226,0.2382,0.1475,0.0682,-0.3576,-0.172,0.8599,1.0,mediterraneo,0.7667,0.7667,True
04065_01545,40.65,15.45,40.6,15.4,1.0,0.22319,0.01022,0.00564,0.09222,0.0,0.0,0.08391,9391,2245,0.23905,14400,556.0,170.1,1114.6,202.1,14.64,0.0994,0.4935,0.3541,0.053,0.0,0.0,0.0,0.1431,0.1342,0.069,0.1196,0.2554,0.1504,0.0632,0.065,-0.1664,0.04,0.9247,0.9881,mediterraneo,0.8246,0.8148,True
04065_01555,40.65,15.55,40.6,15.5,1.0,0.26501,0.0,0.0083,0.06974,0.0,0.00511,0.03397,9392,2567,0.27331,14400,640.9,261.0,1224.7,178.2,11.88,0.0036,0.4268,0.5107,0.0585,0.0003,0.0,0.0,0.2078,0.1342,0.1077,0.0824,0.1172,0.1353,0.0706,0.1448,0.1352,-0.0104,0.9491,0.9985,appenninico,0.8009,0.7997,True
04065_01565,40.65,15.65,40.6,15.6,1.0,0.3003,0.0,0.0,0.01884,0.0,0.0,0.04982,9394,2821,0.3003,14400,753.3,387.3,1359.4,220.8,9.93,0.0,0.2745,0.4842,0.196,0.0452,0.0,0.0,0.128,0.1171,0.0625,0.0589,0.1066,0.1891,0.2008,0.137,0.0289,-0.2518,0.9618,1.0,appenninico,0.8591,0.8591,True
04065_01575,40.65,15.75,40.6,15.7,1.0,0.13682,0.0,0.00405,0.01448,0.0,0.0,0.04685,9392,1323,0.14087,14400,923.6,667.0,1347.0,152.9,8.22,0.0,0.0,0.5085,0.436,0.0554,0.0,0.0,0.1116,0.1445,0.1845,0.1568,0.1497,0.0949,0.0599,0.0981,-0.049,0.2101,0.9256,0.9986,appenninico,0.9662,0.9648,True
04065_01585,40.65,15.85,40.6,15.8,1.0,0.13513,0.00586,0.0,0.0,0.0,0.00831,0.08029,9391,1324,0.14099,14400,818.8,585.2,1193.2,120.8,8.78,0.0,0.0019,0.7618,0.2362,0.0,0.0,0.0,0.147,0.1086,0.1258,0.096,0.109,0.1199,0.1442,0.1497,0.0729,-0.0648,0.9408,0.9896,appenninico,0.961,0.951,True
04065_01595,40.65,15.95,40.6,15.9,1.0,0.15069,0.00841,0.00362,0.0147,0.0,0.00916,0.14292,9390,1528,0.16272,14400,750.4,470.7,1069.6,133.2,9.13,0.0,0.1513,0.7047,0.144,0.0,0.0,0.0,0.1179,0.1606,0.1829,0.1172,0.1434,0.1067,0.0886,0.0827,-0.0108,0.1562,0.96,0.986,appenninico,0.9042,0.8915,True
04065_01605,40.65,16.05,40.6,16.0,1.0,0.42953,0.0,0.01969,0.03311,0.0,0.01405,0.05578,9394,4220,0.44922,14400,679.4,365.4,1101.2,148.0,10.65,0.0,0.3176,0.5994,0.083,0.0,0.0,0.0,0.1419,0.1567,0.16,0.0927,0.087,0.1111,0.141,0.1096,0.101,0.0389,0.9774,0.9978,appenninico,0.843,0.8411,True
04065_01615,40.65,16.15,40.6,16.1,1.0,0.20145,0.00852,0.01597,0.02619,0.0,0.01097,0.02523,9392,2122,0.22594,14520,483.2,209.1,853.4,132.8,8.64,0.0556,0.72,0.2243,0.0,0.0,0.0,0.0,0.1545,0.1924,0.1333,0.1151,0.1362,0.1061,0.0598,0.1026,0.0731,0.1502,0.9042,0.987,mediterraneo,0.8444,0.8334,True
04065_01625,40.65,16.25,40.6,16.2,1.0,0.12436,0.0132,0.00468,0.0,0.0,0.0099,0.03407,9392,1336,0.14224,14280,340.6,150.2,602.1,95.2,7.81,0.3803,0.6194,0.0004,0.0,0.0,0.0,0.0,0.1415,0.1764,0.1627,0.1055,0.1796,0.1154,0.0578,0.0611,-0.0254,0.1816,0.8912,0.9752,mediterraneo,0.736,0.7177,True
04065_01645,40.65,16.45,40.6,16.4,1.0,0.08344,0.15475,0.0,0.0,0.0,0.00575,0.02629,9396,2238,0.23819,14400,221.9,97.5,466.2,92.6,6.18,0.7926,0.2074,0.0,0.0,0.0,0.0,0.0,0.0963,0.1684,0.1469,0.0954,0.1223,0.1859,0.1221,0.0627,-0.0647,0.036,0.768,0.8376,mediterraneo,0.6122,0.5128,True
04065_01665,40.65,16.65,40.6,16.6,1.0,0.09295,0.00841,0.0,0.02034,0.0,0.07176,0.0477,9392,952,0.10136,14520,347.3,107.7,517.8,99.9,5.12,0.266,0.734,0.0,0.0,0.0,0.0,0.0,0.1244,0.0904,0.0726,0.0581,0.1467,0.3412,0.1018,0.0648,-0.1987,-0.2133,0.5879,0.9793,mediterraneo,0.7702,0.7543,True
04065_01685,40.65,16.85,40.6,16.8,1.0,0.0181,0.03917,0.06909,0.02874,0.0,0.04407,0.00351,9394,1187,0.12636,14400,312.6,95.3,413.6,46.6,2.51,0.3159,0.6841,0.0,0.0,0.0,0.0,0.0,0.0892,0.1408,0.2114,0.1786,0.1243,0.161,0.053,0.0417,-0.1494,0.2489,0.2648,0.8952,mediterraneo,0.7552,0.6761,True
04065_01705,40.65,17.05,40.6,17.0,1.0,0.09645,0.02566,0.0,0.05036,0.0,0.05419,0.0,9393,1147,0.12211,14400,269.9,17.9,459.3,97.8,2.83,0.5665,0.4335,0.0,0.0,0.0,0.0,0.0,0.0357,0.0212,0.0476,0.1318,0.389,0.267,0.0749,0.0328,-0.6128,-0.1324,0.3636,0.9475,mediterraneo,0.68,0.6443,True
04065_01715,40.65,17.15,40.6,17.1,1.0,0.2233,0.01384,0.0,0.01012,0.0,0.21595,0.0,9391,2227,0.23714,14520,351.2,87.0,505.3,98.0,2.66,0.4042,0.5958,0.0,0.0,0.0,0.0,0.0,0.0171,0.027,0.0659,0.1254,0.3313,0.2858,0.1104,0.037,-0.5743,-0.1666,0.2937,0.9854,mediterraneo,0.7287,0.7181,True
04065_01725,40.65,17.25,40.6,17.2,1.0,0.34958,0.0033,0.0,0.0182,0.0,0.07111,0.0,9394,3315,0.35288,14280,394.3,200.0,523.0,95.3,2.64,0.2536,0.7464,0.0,0.0,0.0,0.0,0.0,0.0379,0.0819,0.0831,0.1375,0.2648,0.2828,0.0902,0.0217,-0.467,-0.0639,0.2771,0.9977,mediterraneo,0.7739,0.7721,True
04065_01735,40.65,17.35,40.6,17.3,1.0,0.30977,0.0,0.0,0.00192,0.0,0.00692,0.00277,9394,2910,0.30977,14400,379.4,174.4,472.9,68.0,2.59,0.1507,0.8493,0.0,0.0,0.0,0.0,0.0,0.0568,0.2004,0.0656,0.127,0.3219,0.1608,0.045,0.0224,-0.3223,0.1224,0.2297,1.0,mediterraneo,0.8048,0.8048,True
04065_01745,40.65,17.45,40.6,17.4,1.0,0.11,0.0,0.0,0.0,0.0,0.02279,0.0,9391,1033,0.11,14400,324.0,204.1,404.5,37.3,2.48,0.2818,0.7182,0.0,0.0,0.0,0.0,0.0,0.0707,0.3145,0.2048,0.0573,0.0862,0.1365,0.0881,0.0418,0.0974,0.2625,0.2641,1.0,mediterraneo,0.7655,0.7655,True
04075_00885,40.75,8.85,40.7,8.8,1.0,0.19691,0.0,0.0,0.02347,0.0,0.15883,0.0,9375,1846,0.19691,14520,309.8,67.2,599.1,98.8,5.69,0.4045,0.5955,0.0,0.0,0.0,0.0,0.0,0.1456,0.1147,0.1199,0.1055,0.0798,0.0443,0.0843,0.306,0.2668,-0.0525,0.7698,1.0,mediterraneo,0.7286,0.7286,True
04075_00895,40.75,8.95,40.7,8.9,1.0,0.15014,0.01482,0.00331,0.00757,0.0,0.27586,0.00864,9378,1578,0.16827,14520,392.3,151.7,697.8,143.8,7.42,0.3218,0.6015,0.0767,0.0,0.0,0.0,0.0,0.0866,0.0843,0.1112,0.164,0.1093,0.0622,0.1512,0.2312,0.0352,-0.078,0.7694,0.977,mediterraneo,0.7573,0.7399,True
04075_00905,40.75,9.05,40.7,9.0,1.0,0.16514,0.0,0.0,0.00512,0.0,0.18294,0.0,9380,1549,0.16514,14641,242.6,99.7,752.7,108.3,6.6,0.8269,0.1541,0.0191,0.0,0.0,0.0,0.0,0.0855,0.0909,0.1039,0.1867,0.1695,0.1228,0.1133,0.1274,-0.1554,0.0072,0.6348,1.0,mediterraneo,0.603,0.603,True
04075_00915,40.75,9.15,40.7,9.1,1.0,0.12387,0.04232,0.0,0.0,0.0,0.06311,0.03038,9381,1559,0.16619,14399,249.7,159.0,727.3,75.2,5.66,0.8333,0.1619,0.0048,0.0,0.0,0.0,0.0,0.113,0.0737,0.1019,0.1474,0.1528,0.126,0.1158,0.1693,-0.0644,-0.0686,0.6397,0.9363,mediterraneo,0.6003,0.5621,True
04075_00925,40.75,9.25,40.7,9.2,1.0,0.17372,0.09443,0.0065,0.0048,0.0,0.32218,0.00544,9383,2577,0.27465,14520,398.3,187.7,951.2,163.0,9.02,0.4163,0.4684,0.1131,0.0023,0.0,0.0,0.0,0.1506,0.1063,0.0833,0.0793,0.0974,0.0872,0.1638,0.2322,0.1793,-0.1794,0.7948,0.9129,mediterraneo,0.7303,0.6667,True
04075_00935,40.75,9.35,40.7,9.3,1.0,0.15292,0.17306,0.01449,0.0081,0.0,0.52376,0.0,9384,3195,0.34047,14520,550.9,254.6,964.3,96.1,8.15,0.0186,0.7342,0.2443,0.003,0.0,0.0,0.0,0.1996,0.1086,0.1047,0.1084,0.0902,0.0742,0.1158,0.1985,0.2029,-0.0535,0.8671,0.8708,mediterraneo,0.856,0.7454,True
04075_00945,40.75,9.45,40.7,9.4,1.0,0.04153,0.06672,0.0,0.01932,0.0,0.5514,0.0364,9367,1014,0.10825,14520,504.6,191.3,858.0,132.7,9.8,0.0902,0.6733,0.2365,0.0,0.0,0.0,0.0,0.1572,0.1103,0.1378,0.1367,0.0958,0.0699,0.113,0.1793,0.1223,0.0228,0.8764,0.8459,mediterraneo,0.8348,0.7062,True
04075_00955,40.75,9.55,40.7,9.5,1.0,0.08682,0.05016,0.0,0.00308,0.0,0.5474,0.02412,9410,1289,0.13698,14641,375.4,95.7,945.4,192.4,11.72,0.4389,0.4134,0.1468,0.001,0.0,0.0,0.0,0.1754,0.1074,0.1289,0.109,0.0781,0.0856,0.1211,0.1944,0.1766,-0.037,0.8487,0.9085,mediterraneo,0.7255,0.6591,True
04075_01465,40.75,14.65,40.7,14.6,1.0,0.22116,0.0,0.00629,0.02932,0.0,0.01898,0.05097,9378,2133,0.22745,14520,219.5,15.4,1123.1,243.3,10.92,0.7202,0.1747,0.0893,0.0159,0.0,0.0,0.0,0.199,0.1636,0.1156,0.1014,0.0874,0.1006,0.1234,0.109,0.1646,0.0364,0.58,0.9986,mediterraneo,0.6345,0.6336,True
04075_01475,40.75,14.75,40.7,14.7,1.0,0.29685,0.0032,0.0,0.01355,0.0,0.03808,0.06411,9375,2813,0.30005,14520,302.1,57.9,839.1,153.2,12.36,0.5936,0.3501,0.0563,0.0,0.0,0.0,0.0,0.094,0.0905,0.1293,0.0973,0.0903,0.1489,0.2344,0.1153,-0.0317,-0.1608,0.8158,0.9973,mediterraneo,0.6747,0.6729,True
04075_01485,40.75,14.85,40.7,14.8,1.0,0.65949,0.0,0.0,0.0,0.0,0.01609,0.05052,9383,6188,0.65949,14520,607.0,96.9,1587.5,283.8,17.85,0.1229,0.4234,0.3099,0.0973,0.0464,0.0,0.0,0.0608,0.0891,0.114,0.1152,0.197,0.203,0.1332,0.0877,-0.2435,-0.0825,0.982,1.0,appenninico,0.7159,0.7159,True
04075_01495,40.75,14.95,40.7,14.9,1.0,0.68003,0.0,0.0,0.00416,0.0,0.00853,0.0417,9376,6376,0.68003,14520,626.7,107.5,1578.1,283.1,17.83,0.1617,0.2818,0.3839,0.1521,0.0205,0.0,0.0,0.0635,0.0789,0.0967,0.1238,0.1642,0.194,0.1842,0.0948,-0.2055,-0.1548,0.9573,1.0,appenninico,0.7437,0.7437,True
04075_01505,40.75,15.05,40.7,15.0,1.0,0.84956,0.0,0.00672,0.00586,0.0,0.0,0.07911,9379,8031,0.85628,14520,944.5,370.4,1646.3,262.5,18.2,0.0,0.0623,0.4448,0.2889,0.2007,0.0033,0.0,0.1125,0.0911,0.1271,0.1342,0.11,0.1619,0.1373,0.1259,-0.0536,-0.0554,0.982,0.9996,appenninico,0.9204,0.92,True
04075_01515,40.75,15.15,40.7,15.1,1.0,0.84497,0.0,0.00021,0.03945,0.0,0.00032,0.06184,9379,7927,0.84518,14520,1192.7,365.4,1801.9,274.1,20.03,0.0,0.0408,0.0913,0.3476,0.4653,0.055,0.0,0.1379,0.0999,0.1612,0.1809,0.1314,0.0552,0.092,0.1414,0.0095,0.129,0.9882,1.0,appenninico,0.8708,0.8708,True
04075_01525,40.75,15.25,40.7,15.2,1.0,0.30162,0.0,0.01429,0.00587,0.0,0.0,0.01237,9376,2962,0.31591,14520,450.4,150.5,1395.7,250.5,11.84,0.3087,0.4882,0.1283,0.0545,0.0204,0.0,0.0,0.0612,0.0964,0.1912,0.125,0.0857,0.1638,0.2045,0.0723,-0.1163,-0.0267,0.9335,0.9977,mediterraneo,0.738,0.7363,True
04075_01535,40.75,15.35,40.7,15.3,1.0,0.60981,0.00565,0.01162,0.04062,0.0,0.0,0.09382,9380,5882,0.62708,14520,1076.9,387.0,1574.2,238.4,14.89,0.0,0.0391,0.1935,0.4197,0.3477,0.0,0.0,0.1614,0.1244,0.0681,0.0992,0.1298,0.1674,0.151,0.0987,-0.0015,-0.1181,0.9675,0.9968,appenninico,0.9225,0.9195,True
04075_01545,40.75,15.45,40.7,15.4,1.0,0.36724,0.0,0.00586,0.22798,0.0,0.0,0.09085,9378,3499,0.3731,14520,837.5,374.2,1445.9,212.3,12.86,0.0,0.1389,0.4848,0.3282,0.0481,0.0,0.0,0.0911,0.1696,0.1217,0.1532,0.2021,0.1507,0.0748,0.0368,-0.1868,0.1484,0.9663,0.9992,appenninico,0.913,0.9123,True
04075_01555,40.75,15.55,40.7,15.5,1.0,0.25768,0.00267,0.01386,0.0597,0.0,0.0,0.04691,9380,2572,0.27421,14520,714.0,327.7,1396.9,260.1,9.66,0.0,0.409,0.3193,0.2432,0.0285,0.0,0.0,0.0578,0.0799,0.0834,0.1313,0.2203,0.2503,0.1177,0.0592,-0.3444,-0.1064,0.9417,0.995,appenninico,0.8162,0.8121,True
04075_01565,40.75,15.65,40.7,15.6,1.0,0.40096,0.0,0.0,0.01152,0.0,0.0,0.03541,9375,3759,0.40096,14520,768.9,426.9,1255.6,158.2,10.2,0.0,0.1488,0.6475,0.2002,0.0035,0.0,0.0,0.12,0.1385,0.0873,0.1143,0.1707,0.1512,0.1217,0.0963,-0.0725,-0.0326,0.9736,1.0,appenninico,0.9076,0.9076,True
04075_01575,40.75,15.75,40.7,15.7,1.0,0.12623,0.00736,0.01173,0.02889,0.0,0.0,0.03731,9380,1363,0.14532,14520,894.1,585.3,1233.7,124.3,8.2,0.0,0.0007,0.5598,0.4328,0.0067,0.0,0.0,0.1459,0.179,0.1227,0.0864,0.1214,0.1231,0.1035,0.1181,0.0839,0.037,0.9529,0.9833,appenninico,0.9707,0.9545,True
04075_01585,40.75,15.85,40.7,15.8,1.0,0.27581,0.0,0.00651,0.00555,0.0,0.0,0.03338,9376,2647,0.28232,14520,776.1,439.9,1062.3,134.8,8.95,0.0,0.1274,0.667,0.2056,0.0,0.0,0.0,0.1779,0.1969,0.0912,0.117,0.1282,0.0891,0.1039,0.0959,0.1146,0.0843,0.9674,0.9988,appenninico,0.9157,0.9146,True
04075_01595,40.75,15.95,40.7,15.9,1.0,0.16693,0.0,0.02345,0.0,0.0,0.0,0.07366,9381,1786,0.19038,14520,609.7,314.3,995.7,119.4,9.98,0.0,0.4629,0.5273,0.0097,0.0,0.0,0.0,0.1919,0.1429,0.1039,0.1299,0.1432,0.0985,0.0647,0.125,0.0761,0.0768,0.9616,0.9938,appenninico,0.7884,0.7835,True
04075_01635,40.75,16.35,40.7,16.3,1.0,0.03231,0.05492,0.04212,0.0,0.0,0.01951,0.00938,9378,1213,0.12935,14520,299.8,141.5,479.7,101.1,5.54,0.5713,0.4287,0.0,0.0,0.0,0.0,0.0,0.0568,0.1363,0.1151,0.0677,0.108,0.2685,0.1869,0.0605,-0.1602,-0.1581,0.686,0.8776,mediterraneo,0.6786,0.5955,True
04075_01645,40.75,16.45,40.7,16.4,1.0,0.07646,0.0337,0.0128,0.00299,0.0,0.01034,0.00395,9377,1153,0.12296,14520,339.4,205.7,467.1,68.4,5.32,0.3669,0.6331,0.0,0.0,0.0,0.0,0.0,0.0734,0.171,0.1447,0.0758,0.1334,0.216,0.1189,0.0668,-0.0995,0.0015,0.6379,0.9263,mediterraneo,0.7399,0.6854,True
04075_01695,40.75,16.95,40.7,16.9,1.0,0.19949,0.0,0.0,0.0,0.0,0.00725,0.0,9379,1871,0.19949,14520,341.0,270.7,395.8,23.5,1.09,0.0614,0.9386,0.0,0.0,0.0,0.0,0.0,0.0,0.0257,0.0694,0.0977,0.4807,0.2596,0.0566,0.0103,-0.7176,-0.1092,0.0268,1.0,mediterraneo,0.8316,0.8316,True
04075_01705,40.75,17.05,40.7,17.0,1.0,0.20943,0.0,0.0,0.0,0.0,0.0,0.0,9378,1964,0.20943,14520,389.7,305.6,449.7,26.0,1.79,0.0,1.0,0.0,0.0,0.0,0.0,0.0,0.0716,0.2302,0.0721,0.016,0.088,0.2877,0.1871,0.0474,-0.038,-0.1824,0.1424,1.0,mediterraneo,0.85,0.85,True
04075_01715,40.75,17.15,40.7,17.1,1.0,0.21544,0.0,0.0,0.00981,0.0,0.00629,0.0,9381,2021,0.21544,14641,424.5,352.8,503.5,24.0,1.62,0.0,1.0,0.0,0.0,0.0,0.0,0.0,0.2845,0.2278,0.0172,0.009,0.0254,0.1598,0.1807,0.0956,0.3842,-0.1841,0.0915,1.0,mediterraneo,0.85,0.85,True
04075_01725,40.75,17.25,40.7,17.2,1.0,0.12585,0.0,0.00672,0.0,0.0,0.0,0.0,9376,1243,0.13257,14399,428.8,357.5,510.3,31.9,2.06,0.0,1.0,0.0,0.0,0.0,0.0,0.0,0.1787,0.2791,0.1899,0.0569,0.087,0.1137,0.0569,0.0379,0.2109,0.2722,0.1869,0.9975,mediterraneo,0.85,0.8479,True
04085_00895,40.85,8.95,40.8,8.9,1.0,0.20923,0.00459,0.04766,0.00459,0.0,0.25572,0.0,9358,2447,0.26148,14400,205.5,9.0,705.7,141.5,9.22,0.7591,0.2251,0.0158,0.0,0.0,0.0,0.0,0.1235,0.0956,0.0841,0.0782,0.1334,0.1283,0.1461,0.2107,0.0647,-0.1849,0.8308,0.9865,mediterraneo,0.6231,0.6147,True
04085_00905,40.85,9.05,40.8,9.0,1.0,0.53336,0.011,0.0,0.01132,0.0,0.308,0.0,9367,5099,0.54436,14520,427.0,49.9,939.2,207.2,13.45,0.3269,0.4094,0.2629,0.0008,0.0,0.0,0.0,0.0972,0.0377,0.0553,0.1614,0.1701,0.0851,0.164,0.2291,-0.0599,-0.1943,0.9618,0.9949,mediterraneo,0.7649,0.761,True
04085_00915,40.85,9.15,40.8,9.1,1.0,0.34878,0.15469,0.00576,0.00224,0.0,0.1943,0.00181,9367,4770,0.50923,14280,767.5,279.4,1347.5,230.4,12.62,0.0013,0.3205,0.3406,0.3095,0.0281,0.0,0.0,0.123,0.0693,0.0871,0.1588,0.1382,0.0812,0.1433,0.199,0.0025,-0.0973,0.9254,0.9235,appenninico,0.8496,0.7846,True
04085_00925,40.85,9.25,40.8,9.2,1.0,0.35597,0.02117,0.00267,0.0,0.0,0.29181,0.04245,9352,3552,0.37981,14400,529.3,235.5,1194.6,171.1,9.02,0.0707,0.6784,0.2006,0.0503,0.0,0.0,0.0,0.1107,0.1228,0.1713,0.2416,0.1473,0.0752,0.0664,0.0647,-0.1337,0.2669,0.8548,0.9857,mediterraneo,0.8262,0.8144,True
04085_00935,40.85,9.35,40.8,9.3,1.0,0.12187,0.0,0.0,0.0,0.0,0.24118,0.0,9379,1143,0.12187,14400,293.9,79.4,526.6,83.0,5.53,0.5221,0.4779,0.0,0.0,0.0,0.0,0.0,0.1579,0.1512,0.1582,0.167,0.1338,0.0635,0.0527,0.1156,0.0539,0.2076,0.7312,1.0,mediterraneo,0.6934,0.6934,True
04085_01445,40.85,14.45,40.8,14.4,1.0,0.12194,0.0016,0.05627,0.0,0.0,0.0,0.02509,9365,1684,0.17981,14400,319.2,41.7,1278.0,279.6,7.92,0.6312,0.1783,0.1422,0.0463,0.0019,0.0,0.0,0.2129,0.1477,0.2256,0.1235,0.0723,0.0823,0.0398,0.0958,0.1716,0.2561,0.6051,0.9821,mediterraneo,0.655,0.6433,True
04085_01465,40.85,14.65,40.8,14.6,1.0,0.32657,0.00651,0.0,0.02424,0.0,0.0031,0.07977,9364,3119,0.33308,14400,502.3,14.3,1126.5,291.6,15.43,0.3211,0.2518,0.3487,0.0784,0.0,0.0,0.0,0.144,0.1323,0.0588,0.0747,0.1655,0.2417,0.1071,0.076,-0.1049,-0.1301,0.8756,0.9951,mediterraneo,0.7515,0.7478,True
04085_01475,40.85,14.75,40.8,14.7,1.0,0.39281,0.00288,0.01259,0.0,0.0,0.00438,0.02092,9371,3826,0.40828,14400,457.5,115.6,981.8,180.9,12.35,0.2187,0.5672,0.2053,0.0088,0.0,0.0,0.0,0.1465,0.1077,0.1583,0.1498,0.1394,0.108,0.0982,0.0922,-0.0359,0.1022,0.8302,0.9967,mediterraneo,0.7925,0.7899,True
04085_01485,40.85,14.85,40.8,14.8,1.0,0.51816,0.01282,0.0,0.0,0.0,0.0,0.04145,9360,4970,0.53098,14400,592.1,240.0,1511.5,249.3,14.48,0.019,0.6148,0.2321,0.1035,0.0306,0.0,0.0,0.1342,0.1672,0.1079,0.0547,0.0458,0.1539,0.1849,0.1515,0.1716,-0.1408,0.8831,0.994,mediterraneo,0.8117,0.8068,True
04085_01495,40.85,14.95,40.8,14.9,1.0,0.76044,0.00075,0.00907,0.02306,0.0,0.0,0.04623,9367,7215,0.77026,14400,989.1,525.0,1790.9,265.8,15.79,0.0,0.0334,0.4014,0.3218,0.228,0.0154,0.0,0.1612,0.1633,0.1012,0.0844,0.1289,0.1449,0.1239,0.0921,0.0522,-0.0167,0.8859,0.9992,appenninico,0.9216,0.9209,True
04085_01505,40.85,15.05,40.8,15.0,1.0,0.41536,0.0094,0.01549,0.01047,0.0,0.0,0.15166,9363,4122,0.44025,14400,709.1,437.5,1433.3,201.8,12.28,0.0,0.3683,0.4744,0.1262,0.031,0.0,0.0,0.1094,0.1307,0.1331,0.1054,0.0712,0.111,0.1511,0.1882,0.1121,-0.0666,0.8916,0.9929,appenninico,0.8242,0.8183,True
04085_01515,40.85,15.15,40.8,15.1,1.0,0.34472,0.05776,0.01826,0.03982,0.0,0.0,0.07889,9367,3941,0.42074,14400,889.0,519.4,1571.3,299.2,11.19,0.0,0.2282,0.3255,0.2138,0.2326,0.0,0.0,0.1895,0.2035,0.1484,0.0988,0.0879,0.0803,0.0705,0.1212,0.2132,0.1534,0.8565,0.9635,appenninico,0.8577,0.8264,True
04085_01525,40.85,15.25,40.8,15.2,1.0,0.22298,0.0,0.01228,0.0,0.0,0.0,0.03919,9364,2203,0.23526,14400,575.0,289.9,1155.9,121.3,8.89,0.001,0.604,0.3853,0.0097,0.0,0.0,0.0,0.1154,0.1234,0.1496,0.173,0.116,0.114,0.1207,0.0879,-0.0555,0.0958,0.9294,0.9974,mediterraneo,0.8665,0.8642,True
04085_01535,40.85,15.35,40.8,15.3,1.0,0.20771,0.0,0.00694,0.03492,0.0,0.0,0.11373,9364,2010,0.21465,14400,633.3,334.3,1221.2,202.4,8.62,0.0,0.5551,0.2931,0.1501,0.0017,0.0,0.0,0.2227,0.1054,0.0657,0.0612,0.1133,0.1175,0.1399,0.1744,0.1842,-0.1646,0.8878,0.9984,appenninico,0.763,0.7618,True
04085_01545,40.85,15.45,40.8,15.4,1.0,0.24826,0.0,0.00715,0.14981,0.0,0.0016,0.16038,9365,2392,0.25541,14400,755.5,324.7,1265.0,278.3,8.91,0.0,0.3781,0.2414,0.3473,0.0332,0.0,0.0,0.235,0.1855,0.0937,0.0639,0.0615,0.066,0.1115,0.183,0.3493,-0.0202,0.9239,0.9986,appenninico,0.8317,0.8305,True
04085_01555,40.85,15.55,40.8,15.5,1.0,0.44584,0.0,0.0,0.01314,0.0,0.0,0.10147,9362,4174,0.44584,14400,657.1,315.6,1197.4,189.0,11.24,0.0,0.456,0.4138,0.1302,0.0,0.0,0.0,0.203,0.2271,0.1389,0.0827,0.0678,0.0938,0.0823,0.1045,0.2483,0.1422,0.9792,1.0,appenninico,0.7969,0.7969,True
04085_01575,40.85,15.75,40.8,15.7,1.0,0.54673,0.00598,0.0,0.0,0.0,0.0,0.0,9363,5175,0.55271,14400,720.3,455.6,1048.5,117.7,8.78,0.0,0.1826,0.7479,0.0694,0.0,0.0,0.0,0.139,0.1335,0.0866,0.0636,0.0888,0.1671,0.1871,0.1343,0.0758,-0.1786,0.9381,0.9973,appenninico,0.8895,0.8871,True
04085_01585,40.85,15.85,40.8,15.8,1.0,0.33333,0.0,0.0,0.0047,0.0,0.0,0.00406,9366,3122,0.33333,14400,652.9,445.9,891.6,90.0,9.08,0.0,0.3028,0.6972,0.0,0.0,0.0,0.0,0.153,0.2114,0.1258,0.0976,0.1398,0.1345,0.0692,0.0688,0.0475,0.1329,0.9474,1.0,appenninico,0.844,0.844,True
04085_01605,40.85,16.05,40.8,16.0,1.0,0.11402,0.0,0.0,0.0,0.0,0.0,0.0206,9367,1068,0.11402,14400,459.5,284.9,627.4,86.1,5.39,0.0067,0.9631,0.0303,0.0,0.0,0.0,0.0,0.1154,0.1822,0.1295,0.1029,0.195,0.1774,0.0408,0.0568,-0.1141,0.1316,0.6896,1.0,mediterraneo,0.8496,0.8496,True
04085_01675,40.85,16.75,40.8,16.7,1.0,0.02029,0.06217,0.04176,0.02895,0.0,0.0,0.01378,9362,1163,0.12422,14280,432.2,303.4,493.8,42.5,2.25,0.0,1.0,0.0,0.0,0.0,0.0,0.0,0.2412,0.254,0.1846,0.0576,0.0421,0.0418,0.0625,0.1162,0.4055,0.2381,0.2128,0.8581,mediterraneo,0.85,0.7294,True
04085_01725,40.85,17.25,40.8,17.2,1.0,0.11371,0.0,0.0,0.0,0.0,0.02296,0.0,9366,1065,0.11371,14280,321.8,76.9,434.9,55.9,3.36,0.2098,0.7902,0.0,0.0,0.0,0.0,0.0,0.2168,0.2917,0.0981,0.0393,0.094,0.0975,0.1017,0.0609,0.2901,0.1151,0.3704,1.0,mediterraneo,0.7871,0.7871,True
04095_00895,40.95,8.95,40.9,8.9,1.0,0.22927,0.01474,0.02596,0.0,0.0,0.43611,0.0313,9360,2527,0.26997,14280,403.0,13.2,905.7,170.8,12.94,0.2716,0.5882,0.1399,0.0002,0.0,0.0,0.0,0.1141,0.0854,0.078,0.105,0.1174,0.1311,0.1768,0.1921,0.0277,-0.1926,0.9608,0.9815,mediterraneo,0.7754,0.7611,True
04095_00905,40.95,9.05,40.9,9.0,1.0,0.14492,0.00643,0.00118,0.01018,0.0,0.22719,0.02646,9336,1424,0.15253,14399,508.8,310.7,906.7,103.3,7.4,0.0,0.8284,0.1711,0.0006,0.0,0.0,0.0,0.13,0.1493,0.1475,0.1519,0.1004,0.0771,0.1048,0.139,0.0752,0.1099,0.7489,0.9891,mediterraneo,0.8585,0.8491,True
04095_00915,40.95,9.15,40.9,9.1,1.0,0.16624,0.00363,0.0,0.00064,0.0,0.12724,0.00096,9360,1590,0.16987,14161,418.8,186.5,686.8,79.4,6.18,0.1097,0.8861,0.0042,0.0,0.0,0.0,0.0,0.1411,0.1153,0.1492,0.1411,0.1097,0.0986,0.1161,0.1288,0.0369,0.0562,0.7776,0.9947,mediterraneo,0.8173,0.813,True
04095_00925,40.95,9.25,40.9,9.2,1.0,0.26912,0.0,0.0,0.0,0.0,0.3797,0.0,9360,2519,0.26912,14280,392.2,168.0,814.5,163.1,8.34,0.3831,0.466,0.1509,0.0,0.0,0.0,0.0,0.1827,0.1167,0.1151,0.1026,0.0757,0.0804,0.1028,0.2239,0.2222,-0.0454,0.8722,1.0,mediterraneo,0.7426,0.7426,True
04095_00935,40.95,9.35,40.9,9.3,1.0,0.20259,0.0,0.02581,0.0,0.0,0.39169,0.01574,9339,2133,0.2284,14280,356.3,81.9,725.1,105.6,9.53,0.2848,0.693,0.0222,0.0,0.0,0.0,0.0,0.1558,0.1137,0.1242,0.1689,0.1445,0.0978,0.0713,0.1237,-0.0125,0.0974,0.8794,0.9943,mediterraneo,0.7657,0.7613,True
04095_01465,40.95,14.65,40.9,14.6,1.0,0.57598,0.0,0.0,0.00032,0.0,0.00075,0.03689,9351,5386,0.57598,14280,692.1,164.0,1584.1,336.6,17.32,0.1359,0.3182,0.2588,0.198,0.0891,0.0,0.0,0.1585,0.1112,0.0401,0.0341,0.1302,0.2998,0.1239,0.1023,-0.0609,-0.2669,0.9211,1.0,appenninico,0.7445,0.7445,True
04095_01475,40.95,14.75,40.9,14.7,1.0,0.3915,0.0,0.00877,0.00738,0.0,0.00417,0.00888,9346,3741,0.40027,14280,670.1,257.1,1562.7,317.5,12.24,0.0041,0.5728,0.2032,0.1118,0.1081,0.0,0.0,0.1176,0.2127,0.1929,0.1488,0.1253,0.0835,0.0599,0.0591,0.019,0.2908,0.9095,0.9989,appenninico,0.7414,0.7406,True
04095_01485,40.95,14.85,40.9,14.8,1.0,0.13803,0.00513,0.00545,0.0,0.0,0.0,0.01497,9353,1390,0.14861,14280,422.1,233.7,942.3,109.8,7.64,0.1174,0.8304,0.0512,0.0011,0.0,0.0,0.0,0.1299,0.104,0.115,0.0926,0.0834,0.1197,0.1981,0.1573,0.0778,-0.1429,0.8973,0.9895,mediterraneo,0.8172,0.8086,True
04095_01495,40.95,14.95,40.9,14.9,1.0,0.42839,0.0,0.00289,0.01497,0.0,0.0,0.08065,9349,4032,0.43128,14280,633.9,236.9,1419.7,252.0,10.68,0.0434,0.5059,0.291,0.1348,0.0249,0.0,0.0,0.1906,0.1576,0.1288,0.0942,0.104,0.0899,0.0963,0.1385,0.1706,0.0489,0.9571,0.9997,appenninico,0.7468,0.7466,True
04095_01505,40.95,15.05,40.9,15.0,1.0,0.16394,0.0,0.0,0.0,0.0,0.0,0.01262,9351,1533,0.16394,14280,514.2,294.7,908.6,113.6,7.6,0.0007,0.7566,0.2424,0.0003,0.0,0.0,0.0,0.1316,0.1574,0.1281,0.0814,0.085,0.1502,0.1452,0.1212,0.0798,-0.0415,0.9153,1.0,mediterraneo,0.8618,0.8618,True
04095_01515,40.95,15.15,40.9,15.1,1.0,0.15372,0.0,0.0,0.0,0.0,0.0,0.01615,9348,1437,0.15372,14280,678.0,415.9,987.6,101.0,7.08,0.0,0.2237,0.7679,0.0084,0.0,0.0,0.0,0.1361,0.1274,0.0718,0.0659,0.1579,0.2137,0.1241,0.1031,-0.059,-0.144,0.9221,1.0,appenninico,0.8721,0.8721,True
04095_01525,40.95,15.25,40.9,15.2,1.0,0.20791,0.0,0.0061,0.0,0.0,0.0,0.00909,9350,2001,0.21401,14280,713.2,464.5,1022.1,120.6,7.71,0.0,0.2223,0.7397,0.038,0.0,0.0,0.0,0.1346,0.0943,0.1107,0.1591,0.1263,0.1114,0.1452,0.1185,-0.0349,-0.0198,0.9055,0.9986,appenninico,0.8741,0.8729,True
04095_01545,40.95,15.45,40.9,15.4,1.0,0.09271,0.00973,0.00032,0.00417,0.0,0.02267,0.07196,9352,961,0.10276,14280,664.3,327.0,912.9,119.2,7.21,0.0,0.3032,0.6934,0.0034,0.0,0.0,0.0,0.0782,0.1258,0.1539,0.1694,0.1702,0.1428,0.0997,0.06,-0.1881,0.118,0.8819,0.9762,appenninico,0.844,0.8239,True
04095_01555,40.95,15.55,40.9,15.5,1.0,0.3658,0.01219,0.01689,0.01689,0.0,0.0,0.06747,9352,3693,0.39488,14280,490.9,252.9,810.0,126.8,9.54,0.0542,0.7087,0.2371,0.0,0.0,0.0,0.0,0.0773,0.1244,0.1519,0.0825,0.0877,0.1403,0.193,0.1428,0.0188,-0.0984,0.9232,0.9901,mediterraneo,0.8456,0.8372,True
04095_01565,40.95,15.65,40.9,15.6,1.0,0.20417,0.0,0.0416,0.00374,0.0,0.0,0.02374,9350,2298,0.24577,14280,660.1,296.8,1316.1,178.5,9.47,0.0001,0.4333,0.4577,0.1012,0.0076,0.0,0.0,0.1495,0.1901,0.1606,0.1697,0.1057,0.0773,0.0691,0.078,0.0598,0.238,0.9106,0.9915,appenninico,0.8025,0.7957,True
04105_00905,41.05,9.05,41.0,9.0,1.0,0.27402,0.0,0.0,0.0,0.0,0.39803,0.03253,9346,2561,0.27402,14520,294.8,25.9,629.4,150.9,8.29,0.4601,0.5373,0.0025,0.0,0.0,0.0,0.0,0.1615,0.1099,0.094,0.102,0.079,0.0683,0.1405,0.2447,0.2196,-0.121,0.8308,1.0,mediterraneo,0.712,0.712,True
04105_00915,41.05,9.15,41.0,9.1,1.0,0.34923,0.00289,0.0,0.0,0.0,0.38354,0.00536,9329,3285,0.35212,14280,360.1,129.2,734.8,119.7,9.55,0.3475,0.6106,0.0418,0.0,0.0,0.0,0.0,0.1208,0.0919,0.1907,0.1689,0.0521,0.0343,0.1076,0.2338,0.1533,0.0761,0.9207,0.9979,mediterraneo,0.7478,0.7462,True
04105_00925,41.05,9.25,41.0,9.2,1.0,0.24472,0.00075,0.0,0.0,0.0,0.36794,0.00654,9333,2291,0.24547,14400,223.5,12.7,579.2,117.2,7.51,0.7681,0.2319,0.0,0.0,0.0,0.0,0.0,0.1493,0.1124,0.1669,0.1867,0.091,0.05,0.0912,0.1524,0.0813,0.1491,0.8492,0.9992,mediterraneo,0.6196,0.6191,True
04105_01445,41.05,14.45,41.0,14.4,1.0,0.13713,0.0,0.0,0.12813,0.0,0.0,0.00182,9334,1280,0.13713,14400,216.0,26.0,757.1,159.3,9.74,0.7173,0.2593,0.0234,0.0,0.0,0.0,0.0,0.1969,0.0701,0.0891,0.1137,0.1723,0.1195,0.0756,0.1627,0.0293,-0.0561,0.6774,1.0,mediterraneo,0.636,0.636,True
04105_01455,41.05,14.55,41.0,14.5,1.0,0.32548,0.0,0.0,0.11053,0.0,0.00964,0.04091,9337,3039,0.32548,14400,433.7,80.7,1290.6,218.3,13.37,0.3874,0.3972,0.176,0.0355,0.004,0.0,0.0,0.1399,0.1291,0.0851,0.0824,0.1525,0.1722,0.1028,0.136,-0.0063,-0.0869,0.7901,1.0,mediterraneo,0.7314,0.7314,True
04105_01465,41.05,14.65,41.0,14.6,1.0,0.25171,0.0,0.0,0.0,0.0,0.0,0.03631,9336,2350,0.25171,14400,409.7,196.6,1380.5,196.7,9.02,0.4409,0.411,0.1128,0.0286,0.0067,0.0,0.0,0.1646,0.1732,0.129,0.1207,0.1704,0.0883,0.0742,0.0797,0.033,0.1445,0.6676,1.0,mediterraneo,0.7122,0.7122,True
04105_01475,41.05,14.75,41.0,14.7,1.0,0.30166,0.0,0.0,0.0,0.0,0.0,0.00064,9335,2816,0.30166,14400,307.6,133.8,597.7,92.9,8.82,0.4963,0.5037,0.0,0.0,0.0,0.0,0.0,0.1246,0.115,0.1508,0.1024,0.0785,0.0759,0.1867,0.1661,0.1234,-0.0532,0.924,1.0,mediterraneo,0.7011,0.7011,True
04105_01485,41.05,14.85,41.0,14.8,1.0,0.24494,0.0,0.00364,0.0,0.0,0.0,0.01232,9337,2321,0.24858,14400,409.3,206.2,773.0,117.5,8.53,0.1899,0.7401,0.0699,0.0,0.0,0.0,0.0,0.1392,0.1773,0.1522,0.0918,0.0808,0.1179,0.1214,0.1194,0.1204,0.0546,0.8931,0.9993,mediterraneo,0.7964,0.7958,True
04105_01525,41.05,15.25,41.0,15.2,1.0,0.1649,0.01638,0.003,0.00385,0.0,0.0,0.04294,9339,1721,0.18428,14400,689.7,453.4,1090.1,107.6,9.05,0.0,0.1931,0.7451,0.0618,0.0,0.0,0.0,0.0938,0.1006,0.1131,0.1351,0.1263,0.1324,0.1631,0.1356,-0.052,-0.0749,0.951,0.977,appenninico,0.8855,0.8651,True
04105_01545,41.05,15.45,41.0,15.4,1.0,0.16572,0.03074,0.01103,0.0,0.0,0.00428,0.00439,9335,1937,0.20749,14400,641.3,385.7,943.0,106.1,8.36,0.0,0.3526,0.6455,0.0019,0.0,0.0,0.0,0.1317,0.1783,0.1759,0.0946,0.068,0.1087,0.1267,0.1161,0.1272,0.0898,0.951,0.9603,appenninico,0.8267,0.7939,True
04105_01555,41.05,15.55,41.0,15.5,1.0,0.15563,0.0,0.01575,0.01864,0.0,0.0,0.03674,9336,1600,0.17138,14400,403.9,193.5,762.5,124.7,8.01,0.2523,0.6781,0.0696,0.0,0.0,0.0,0.0,0.0924,0.2145,0.2079,0.0792,0.0793,0.1062,0.1397,0.0808,0.0851,0.1459,0.9053,0.9954,mediterraneo,0.7778,0.7742,True
04105_01645,41.05,16.45,41.0,16.4,1.0,0.1101,0.00589,0.0,0.03534,0.0,0.0,0.0181,9337,1083,0.11599,14400,337.6,225.3,488.8,46.2,2.05,0.1732,0.8268,0.0,0.0,0.0,0.0,0.0,0.1469,0.3749,0.2464,0.0602,0.0209,0.0254,0.0296,0.0957,0.4149,0.4527,0.1995,0.9873,mediterraneo,0.798,0.7879,True
04115_01395,41.15,13.95,41.1,13.9,1.0,0.12464,0.0,0.0,0.03429,0.0,0.05573,0.02165,9331,1163,0.12464,14400,114.4,-0.5,806.6,161.8,5.65,0.8575,0.1237,0.0188,0.0,0.0,0.0,0.0,0.0313,0.1062,0.2455,0.2012,0.1248,0.0725,0.0581,0.1604,-0.1195,0.2333,0.3217,1.0,mediterraneo,0.5937,0.5937,True
04115_01425,41.15,14.25,41.1,14.2,1.0,0.14972,0.0,0.0,0.03625,0.0,0.02102,0.07175,9324,1396,0.14972,14400,106.5,11.5,593.7,101.4,6.76,0.9358,0.0642,0.0,0.0,0.0,0.0,0.0,0.0976,0.1206,0.1362,0.0635,0.1413,0.2488,0.1433,0.0487,-0.146,-0.0927,0.4492,1.0,mediterraneo,0.5693,0.5693,True
04115_01435,41.15,14.35,41.1,14.3,1.0,0.18219,0.0,0.0,0.07693,0.0,0.0382,0.04571,9320,1698,0.18219,14400,183.0,24.0,612.5,125.1,9.18,0.8092,0.1906,0.0001,0.0,0.0,0.0,0.0,0.1884,0.1445,0.0929,0.1212,0.141,0.1346,0.0771,0.1004,0.0409,0.0355,0.7388,1.0,mediterraneo,0.6072,0.6072,True
04115_01445,41.15,14.45,41.1,14.4,1.0,0.1082,0.0,0.0,0.00579,0.0,0.00011,0.00815,9325,1009,0.1082,14400,102.2,26.5,424.9,69.5,4.9,0.9847,0.0153,0.0,0.0,0.0,0.0,0.0,0.1232,0.1428,0.1209,0.1113,0.104,0.1271,0.1439,0.1268,0.038,-0.0202,0.5738,1.0,mediterraneo,0.5546,0.5546,True
04115_01455,41.15,14.55,41.1,14.5,1.0,0.34878,0.0,0.00687,0.10128,0.0,0.0,0.04334,9321,3315,0.35565,14400,634.3,38.2,1387.6,378.2,15.34,0.2938,0.1915,0.2051,0.2547,0.0549,0.0,0.0,0.1811,0.091,0.0318,0.0318,0.0924,0.2259,0.179,0.167,0.092,-0.3492,0.9542,0.999,appenninico,0.6846,0.6839,True
04115_01465,41.15,14.65,41.1,14.6,1.0,0.26059,0.0,0.0,0.0163,0.0,0.0,0.03464,9325,2430,0.26059,14400,527.2,113.0,1356.0,259.9,13.89,0.2122,0.4484,0.2317,0.0949,0.0127,0.0,0.0,0.159,0.1631,0.2081,0.1692,0.1089,0.0477,0.0583,0.0856,0.0831,0.2997,0.9803,1.0,mediterraneo,0.7665,0.7665,True
04115_01495,41.15,14.95,41.1,14.9,1.0,0.10283,0.0,0.0,0.0,0.0,0.0,0.02809,9326,959,0.10283,14400,318.1,142.5,633.2,98.2,9.44,0.4567,0.5403,0.003,0.0,0.0,0.0,0.0,0.0994,0.0771,0.1541,0.147,0.1076,0.1166,0.169,0.1293,-0.0518,-0.0335,0.8912,1.0,mediterraneo,0.7131,0.7131,True
04115_01535,41.15,15.35,41.1,15.3,1.0,0.09556,0.04354,0.04622,0.05169,0.0,0.0,0.01384,9324,1728,0.18532,14400,634.9,336.8,1087.6,137.8,9.5,0.0,0.4556,0.4932,0.0512,0.0,0.0,0.0,0.0824,0.172,0.1991,0.1952,0.1513,0.0997,0.0542,0.0461,-0.1248,0.3063,0.9401,0.9288,appenninico,0.7931,0.7366,True
04125_01305,41.25,13.05,41.2,13.0,0.5429,0.08536,0.01417,0.01364,0.0,0.0,0.04145,0.0,9313,1054,0.11317,14520,26.4,0.0,466.2,60.6,2.76,0.9835,0.0165,0.0,0.0,0.0,0.0,0.0,0.1891,0.1678,0.085,0.0358,0.2103,0.1628,0.0704,0.0787,0.0246,-0.006,0.1654,0.9627,mediterraneo,0.555,0.5343,True
04125_01395,41.25,13.95,41.2,13.9,1.0,0.37685,0.0,0.0,0.00451,0.0,0.02149,0.02117,9306,3507,0.37685,14520,310.9,51.6,995.0,197.1,8.11,0.5826,0.3207,0.0933,0.0033,0.0,0.0,0.0,0.0226,0.0254,0.0749,0.159,0.1614,0.2338,0.2059,0.1169,-0.3311,-0.2549,0.8229,1.0,mediterraneo,0.679,0.679,True
04125_01405,41.25,14.05,41.2,14.0,1.0,0.25916,0.0,0.0,0.00763,0.0,0.0,0.01053,9311,2413,0.25916,14520,225.7,51.1,615.1,128.2,5.12,0.7391,0.259,0.0019,0.0,0.0,0.0,0.0,0.0775,0.134,0.1864,0.2216,0.1749,0.127,0.0482,0.0303,-0.2343,0.2802,0.6106,1.0,mediterraneo,0.6284,0.6284,True
04125_01415,41.25,14.15,41.2,14.1,1.0,0.21769,0.0,0.0,0.03857,0.0,0.04212,0.01805,9307,2026,0.21769,14520,218.8,67.7,1004.7,162.4,7.59,0.7977,0.15,0.0493,0.003,0.0,0.0,0.0,0.1511,0.0886,0.0509,0.0897,0.1541,0.2086,0.0882,0.1688,-0.0306,-0.1777,0.4921,1.0,mediterraneo,0.6124,0.6124,True
04125_01425,41.25,14.25,41.2,14.2,1.0,0.64107,0.0,0.00494,0.00709,0.0,0.00075,0.03276,9311,6015,0.64601,14520,391.6,89.3,939.2,191.1,12.43,0.3645,0.4762,0.1569,0.0024,0.0,0.0,0.0,0.1745,0.1584,0.1125,0.1006,0.1355,0.1719,0.072,0.0745,0.0102,0.0488,0.8366,0.9996,mediterraneo,0.7479,0.7476,True
04125_01435,41.25,14.35,41.2,14.3,1.0,0.28241,0.0,0.0,0.0,0.0,0.0,0.02052,9309,2629,0.28241,14520,171.6,53.7,592.6,124.6,5.6,0.8302,0.1698,0.0,0.0,0.0,0.0,0.0,0.0924,0.2181,0.198,0.096,0.0814,0.1243,0.114,0.0757,0.0672,0.1696,0.5759,1.0,mediterraneo,0.6009,0.6009,True
04125_01445,41.25,14.45,41.2,14.4,1.0,0.19731,0.0,0.0,0.00612,0.0,0.00333,0.00387,9310,1837,0.19731,14520,157.1,36.0,1317.9,172.5,6.17,0.8974,0.064,0.0241,0.0127,0.0018,0.0,0.0,0.0559,0.0865,0.1297,0.1222,0.1779,0.2157,0.1563,0.0559,-0.2663,-0.0828,0.4905,1.0,mediterraneo,0.5777,0.5777,True
04125_01455,41.25,14.55,41.2,14.5,1.0,0.16244,0.01214,0.00204,0.02525,0.0,0.0,0.00838,9308,1644,0.17662,14520,258.3,38.5,1202.9,216.3,8.1,0.7148,0.2034,0.0581,0.0237,0.0001,0.0,0.0,0.07,0.0663,0.0637,0.1285,0.2322,0.2149,0.1538,0.0706,-0.3174,-0.1606,0.705,0.9822,mediterraneo,0.6326,0.6213,True
04125_01465,41.25,14.65,41.2,14.6,1.0,0.17245,0.0,0.00838,0.08273,0.0,0.00774,0.01128,9307,1683,0.18083,14520,372.6,50.5,1010.6,246.3,8.62,0.4857,0.2954,0.2061,0.0129,0.0,0.0,0.0,0.1004,0.0662,0.1321,0.1944,0.2115,0.1717,0.0869,0.0368,-0.302,0.0835,0.8919,0.9977,mediterraneo,0.7115,0.7099,True
04125_01495,41.25,14.95,41.2,14.9,1.0,0.09564,0.01504,0.0,0.0,0.0,0.0,0.036,9306,1030,0.11068,14520,589.4,185.9,942.3,191.9,8.47,0.0777,0.4503,0.4519,0.02,0.0,0.0,0.0,0.0366,0.0411,0.0834,0.1521,0.1456,0.1767,0.2435,0.1211,-0.2309,-0.2396,0.9342,0.966,mediterraneo,0.8442,0.8155,True
04125_01505,41.25,15.05,41.2,15.0,1.0,0.08581,0.01428,0.013,0.00247,0.0,0.00311,0.01149,9311,1053,0.11309,14520,541.3,236.3,938.0,150.6,8.17,0.0304,0.6375,0.3262,0.0059,0.0,0.0,0.0,0.0681,0.0998,0.1367,0.1984,0.143,0.1347,0.1327,0.0866,-0.1824,0.0583,0.9489,0.9627,mediterraneo,0.8557,0.8238,True
04125_01525,41.25,15.25,41.2,15.2,1.0,0.18236,0.01504,0.03922,0.03686,0.0,0.00301,0.06759,9306,2202,0.23662,14520,626.2,331.4,1052.4,130.7,10.2,0.0,0.438,0.5448,0.0172,0.0,0.0,0.0,0.1365,0.1877,0.1375,0.0886,0.1128,0.1276,0.1126,0.0967,0.0746,0.0611,0.9626,0.9758,appenninico,0.7976,0.7783,True
04125_01535,41.25,15.35,41.2,15.3,1.0,0.2568,0.00548,0.04975,0.01902,0.0,0.00312,0.00645,9307,2904,0.31203,14520,515.1,220.6,1093.4,165.8,9.64,0.1085,0.5864,0.298,0.0072,0.0,0.0,0.0,0.1793,0.201,0.171,0.1159,0.0568,0.0605,0.0836,0.1318,0.2388,0.1757,0.9147,0.9876,mediterraneo,0.8306,0.8203,True
04135_01305,41.35,13.05,41.3,13.0,0.995,0.25514,0.03434,0.03929,0.0,0.0,0.0028,0.0,9289,3054,0.32877,14400,23.5,-0.5,55.7,14.5,0.82,1.0,0.0,0.0,0.0,0.0,0.0,0.0,0.0345,0.2487,0.0397,0.1934,0.0259,0.3351,0.0484,0.0743,-0.1126,0.0011,0.0402,0.9679,mediterraneo,0.55,0.5323,True
04135_01325,41.35,13.25,41.3,13.2,1.0,0.28285,0.0,0.0,0.00829,0.0,0.03573,0.22473,9291,2628,0.28285,14400,321.7,-2.9,940.0,209.0,16.19,0.4576,0.4358,0.1057,0.0009,0.0,0.0,0.0,0.09,0.0853,0.1389,0.1055,0.1166,0.1784,0.1729,0.1125,-0.09,-0.1099,0.8962,1.0,mediterraneo,0.7178,0.7178,True
04135_01335,41.35,13.35,41.3,13.3,1.0,0.10431,0.0,0.00172,0.01301,0.0,0.05452,0.09732,9299,986,0.10603,14400,144.5,-3.3,917.4,204.0,10.06,0.7715,0.1901,0.0381,0.0004,0.0,0.0,0.0,0.0371,0.099,0.1754,0.1766,0.204,0.2038,0.0867,0.0174,-0.355,0.1317,0.474,0.9992,mediterraneo,0.6204,0.6199,True
04135_01345,41.35,13.45,41.3,13.4,1.0,0.08229,0.0029,0.01614,0.0,0.0,0.2074,0.02872,9296,942,0.10133,14400,208.1,-1.6,841.4,198.1,11.45,0.6701,0.294,0.0359,0.0,0.0,0.0,0.0,0.1037,0.0879,0.0633,0.0969,0.1384,0.1629,0.1989,0.148,-0.0548,-0.2306,0.6717,0.9849,mediterraneo,0.6508,0.641,True
04135_01355,41.35,13.55,41.3,13.5,1.0,0.43793,0.0,0.00602,0.01549,0.0,0.03754,0.13049,9296,4127,0.44395,14400,679.7,129.5,1301.2,241.7,17.41,0.0632,0.3256,0.4195,0.1865,0.0052,0.0,0.0,0.0871,0.1499,0.1543,0.0772,0.0958,0.148,0.1794,0.1083,0.0109,-0.0495,0.966,0.9993,appenninico,0.8006,0.8,True
04135_01365,41.35,13.65,41.3,13.6,1.0,0.51506,0.0,0.0071,0.00344,0.0,0.0,0.10006,9294,4853,0.52216,14400,751.8,72.2,1523.5,337.2,18.55,0.1354,0.1794,0.3126,0.2939,0.0788,0.0,0.0,0.1878,0.127,0.1419,0.0971,0.0764,0.1056,0.1083,0.1559,0.172,0.0092,0.9637,0.9993,appenninico,0.7993,0.7987,True
04135_01375,41.35,13.75,41.3,13.7,1.0,0.29411,0.00258,0.01626,0.0,0.0,0.0,0.07407,9289,2907,0.31295,14400,284.2,20.4,1166.4,226.3,11.52,0.625,0.2741,0.0777,0.0232,0.0,0.0,0.0,0.1102,0.1445,0.1558,0.1118,0.0551,0.1824,0.1591,0.0811,0.011,-0.0142,0.8644,0.9953,mediterraneo,0.6606,0.6575,True
04135_01385,41.35,13.85,41.3,13.8,1.0,0.3206,0.00452,0.00667,0.02174,0.0,0.0,0.10052,9292,3083,0.33179,14400,236.0,6.5,927.6,209.2,10.2,0.6896,0.2225,0.087,0.0009,0.0,0.0,0.0,0.0893,0.1881,0.1564,0.11,0.0944,0.1242,0.1397,0.0979,0.0307,0.0763,0.842,0.9956,mediterraneo,0.6472,0.6444,True
04135_01395,41.35,13.95,41.3,13.9,1.0,0.46495,0.0,0.0,0.00376,0.0,0.0,0.04323,9300,4324,0.46495,14400,402.8,49.4,953.7,195.1,10.87,0.369,0.4206,0.2077,0.0028,0.0,0.0,0.0,0.1581,0.0836,0.1073,0.0707,0.0393,0.0973,0.2174,0.2263,0.2211,-0.2331,0.9106,1.0,mediterraneo,0.7491,0.7491,True
04135_01405,41.35,14.05,41.3,14.0,1.0,0.38958,0.0,0.0,0.00958,0.0,0.01184,0.03379,9292,3620,0.38958,14400,313.4,139.4,886.0,168.1,7.92,0.622,0.2833,0.0947,0.0,0.0,0.0,0.0,0.1186,0.1392,0.1912,0.1904,0.1137,0.0906,0.0543,0.102,-0.0224,0.2412,0.6614,1.0,mediterraneo,0.6681,0.6681,True
04135_01415,41.35,14.15,41.3,14.1,1.0,0.23301,0.0,0.0057,0.00634,0.0,0.00796,0.02387,9300,2220,0.23871,14400,167.5,101.0,626.0,75.1,5.77,0.9299,0.0697,0.0004,0.0,0.0,0.0,0.0,0.1275,0.0604,0.0674,0.1709,0.1589,0.1251,0.1618,0.128,-0.1105,-0.1148,0.4129,0.9988,mediterraneo,0.5711,0.5704,True
04135_01425,41.35,14.25,41.3,14.2,1.0,0.41433,0.00689,0.0,0.0,0.0,0.0,0.01098,9292,3914,0.42122,14400,343.0,76.2,1312.2,321.0,9.09,0.6492,0.1403,0.1092,0.087,0.0143,0.0,0.0,0.0499,0.0527,0.036,0.0838,0.2795,0.3217,0.131,0.0453,-0.4623,-0.2649,0.6731,0.9959,mediterraneo,0.6304,0.6278,True
04135_01435,41.35,14.35,41.3,14.3,1.0,0.37652,0.0,0.0,0.01786,0.0,0.0,0.00355,9293,3499,0.37652,14400,419.5,77.0,1300.2,356.3,10.32,0.5499,0.1587,0.1347,0.1403,0.0164,0.0,0.0,0.0429,0.0547,0.0718,0.1707,0.33,0.1961,0.1086,0.0251,-0.5027,-0.0339,0.6552,1.0,mediterraneo,0.6468,0.6468,True
04135_01445,41.35,14.45,41.3,14.4,1.0,0.70615,0.0,0.0,0.04734,0.0,0.0,0.03626,9294,6563,0.70615,14400,919.6,139.4,1629.1,365.5,16.35,0.0962,0.1198,0.1649,0.4051,0.2117,0.0023,0.0,0.0875,0.1225,0.0678,0.0729,0.154,0.2737,0.1445,0.0771,-0.1799,-0.1899,0.9774,1.0,appenninico,0.8383,0.8383,True
04135_01455,41.35,14.55,41.3,14.5,1.0,0.4638,0.01237,0.00054,0.09026,0.0,0.0,0.14137,9295,4431,0.47671,14400,901.1,291.3,1809.2,351.4,14.46,0.0012,0.2569,0.2384,0.2817,0.1938,0.0279,0.0,0.0753,0.1069,0.0908,0.116,0.2086,0.1617,0.1892,0.0516,-0.2175,-0.0916,0.9687,0.9935,appenninico,0.8357,0.8303,True
04135_01465,41.35,14.65,41.3,14.6,1.0,0.37815,0.0,0.0,0.11379,0.0,0.0,0.11594,9298,3516,0.37815,14400,750.0,373.9,1295.6,226.9,8.59,0.0,0.3248,0.3591,0.3087,0.0074,0.0,0.0,0.0878,0.2912,0.2145,0.1404,0.1025,0.0942,0.0468,0.0226,0.041,0.3982,0.8768,1.0,appenninico,0.851,0.851,True
04135_01475,41.35,14.75,41.3,14.7,1.0,0.13639,0.0,0.0,0.0,0.0,0.00355,0.00366,9297,1268,0.13639,14400,543.6,330.3,843.1,125.5,6.96,0.0,0.6952,0.3048,0.0,0.0,0.0,0.0,0.0386,0.0603,0.1461,0.1546,0.1429,0.1681,0.1899,0.0993,-0.2254,-0.0882,0.8682,1.0,mediterraneo,0.8652,0.8652,True
04135_01485,41.35,14.85,41.3,14.8,1.0,0.12894,0.0,0.0,0.007,0.0,0.0,0.00097,9291,1198,0.12894,14400,680.6,386.7,931.2,99.2,6.8,0.0,0.2094,0.7854,0.0052,0.0,0.0,0.0,0.0445,0.0262,0.1055,0.1514,0.0998,0.1687,0.2684,0.1356,-0.1714,-0.2617,0.9057,1.0,appenninico,0.877,0.877,True
04135_01495,41.35,14.95,41.3,14.9,1.0,0.11899,0.0043,0.0,0.0,0.0,0.00559,0.03475,9295,1146,0.12329,14400,741.0,340.3,1002.2,135.9,8.63,0.0,0.1751,0.7213,0.1035,0.0,0.0,0.0,0.1537,0.1762,0.1572,0.1065,0.1132,0.0936,0.0842,0.1154,0.1076,0.1287,0.9535,0.9913,appenninico,0.8938,0.886,True
04135_01505,41.35,15.05,41.3,15.0,1.0,0.1155,0.02099,0.01055,0.0,0.0,0.03445,0.03552,9290,1366,0.14704,14400,648.2,336.5,963.3,143.7,9.5,0.0,0.3824,0.596,0.0216,0.0,0.0,0.0,0.1303,0.1178,0.1193,0.1006,0.1047,0.1401,0.1273,0.16,0.0561,-0.0672,0.9488,0.9607,appenninico,0.8172,0.7851,True
04135_01515,41.35,15.15,41.3,15.1,1.0,0.22258,0.04731,0.02161,0.04161,0.0,0.00892,0.01624,9300,2711,0.2915,14400,804.3,409.6,1140.9,134.3,10.12,0.0,0.0742,0.6795,0.2463,0.0,0.0,0.0,0.1183,0.1663,0.1533,0.0992,0.0953,0.1155,0.128,0.1241,0.0823,0.0435,0.9827,0.9557,appenninico,0.9363,0.8948,True
04145_01325,41.45,13.25,41.4,13.2,1.0,0.16318,0.00592,0.00334,0.00668,0.0,0.01271,0.19991,9284,1601,0.17244,14280,349.5,11.9,865.4,237.9,14.86,0.4591,0.3285,0.2124,0.0,0.0,0.0,0.0,0.121,0.2212,0.1124,0.0324,0.0471,0.171,0.1899,0.105,0.1701,-0.1021,0.8597,0.9904,mediterraneo,0.7229,0.716,True
04145_01335,41.45,13.35,41.4,13.3,1.0,0.267,0.0124,0.00108,0.01099,0.0,0.00776,0.17764,9277,2602,0.28048,14280,375.9,64.4,1073.5,236.5,14.63,0.4553,0.3299,0.2028,0.012,0.0,0.0,0.0,0.1564,0.1435,0.1236,0.0867,0.0624,0.1027,0.2019,0.1227,0.1454,-0.0771,0.838,0.9888,mediterraneo,0.7206,0.7125,True
04145_01345,41.45,13.45,41.4,13.4,1.0,0.35234,0.00442,0.0,0.0,0.0,0.0,0.21546,9278,3310,0.35676,14280,534.9,182.3,1107.7,206.7,16.76,0.1508,0.4856,0.312,0.0516,0.0,0.0,0.0,0.1066,0.1139,0.174,0.1142,0.0609,0.1218,0.1686,0.14,0.0587,-0.0193,0.9448,0.9969,mediterraneo,0.8075,0.805,True
04145_01355,41.45,13.55,41.4,13.5,1.0,0.34457,0.0028,0.00269,0.01681,0.0,0.0,0.09988,9281,3249,0.35006,14280,327.3,61.0,933.1,185.8,11.41,0.5131,0.3727,0.1132,0.001,0.0,0.0,0.0,0.1168,0.2303,0.1832,0.0975,0.0862,0.1003,0.1006,0.0851,0.1123,0.1914,0.8653,0.9976,mediterraneo,0.7015,0.6998,True
04145_01365,41.45,13.65,41.4,13.6,1.0,0.08403,0.01261,0.00883,0.0,0.0,0.0,0.05872,9282,979,0.10547,14280,119.1,35.5,787.9,83.9,5.61,0.9469,0.0502,0.0029,0.0,0.0,0.0,0.0,0.1129,0.1932,0.1773,0.0774,0.0897,0.1233,0.1346,0.0914,0.089,0.0824,0.4458,0.9659,mediterraneo,0.5661,0.5468,True
04145_01395,41.45,13.95,41.4,13.9,1.0,0.22839,0.00614,0.00453,0.02242,0.0,0.03395,0.08041,9278,2218,0.23906,14280,337.8,23.5,1190.0,266.9,12.77,0.5768,0.2211,0.1686,0.0335,0.0,0.0,0.0,0.0988,0.0823,0.0442,0.075,0.215,0.2586,0.1348,0.0914,-0.2333,-0.2323,0.824,0.9926,mediterraneo,0.677,0.672,True
04145_01405,41.45,14.05,41.4,14.0,1.0,0.27866,0.0,0.0,0.03362,0.0,0.00269,0.08093,9280,2586,0.27866,14280,362.9,140.4,1169.0,242.5,10.64,0.5652,0.2337,0.1677,0.0334,0.0,0.0,0.0,0.1268,0.197,0.1805,0.1407,0.0895,0.081,0.0895,0.0951,0.0927,0.2084,0.5634,1.0,mediterraneo,0.6805,0.6805,True
04145_01415,41.45,14.15,41.4,14.1,1.0,0.52453,0.00765,0.0,0.05574,0.0,0.0,0.04205,9275,4936,0.53218,14280,420.7,133.8,1065.7,244.8,11.64,0.4607,0.2873,0.2069,0.0452,0.0,0.0,0.0,0.1072,0.1285,0.0962,0.0544,0.1185,0.2601,0.1688,0.0663,-0.0943,-0.1806,0.7785,0.9964,mediterraneo,0.7109,0.7083,True
04145_01425,41.45,14.25,41.4,14.2,1.0,0.57637,0.00022,0.0,0.09285,0.0,0.0,0.12279,9284,5353,0.57659,14280,944.7,206.5,1541.5,276.5,15.41,0.0118,0.1193,0.2708,0.4032,0.1949,0.0,0.0,0.1828,0.0567,0.036,0.051,0.1767,0.2185,0.1372,0.141,-0.0453,-0.2931,0.9424,0.9999,appenninico,0.9007,0.9006,True
04145_01435,41.45,14.35,41.4,14.3,1.0,0.51503,0.0,0.0,0.14503,0.0,0.0,0.02952,9281,4780,0.51503,14280,1251.6,566.9,2032.9,260.8,15.91,0.0,0.0023,0.0837,0.3565,0.4752,0.0812,0.0011,0.2018,0.191,0.0949,0.0883,0.1452,0.1239,0.0752,0.0798,0.1002,0.0779,0.9225,1.0,appenninico,0.8657,0.8657,True
04145_01445,41.45,14.45,41.4,14.4,1.0,0.61261,0.0,0.0,0.1445,0.0,0.0,0.05032,9280,5685,0.61261,14280,1093.3,473.4,1915.4,382.0,14.19,0.0,0.1629,0.1587,0.2523,0.3321,0.094,0.0,0.2459,0.2347,0.0963,0.0882,0.1429,0.0827,0.0377,0.0716,0.2051,0.178,0.8465,1.0,appenninico,0.8113,0.8113,True
04145_01455,41.45,14.55,41.4,14.5,1.0,0.43211,0.0,0.0,0.00474,0.0,0.0,0.06013,9280,4010,0.43211,14280,729.6,466.3,1405.9,237.9,8.07,0.0,0.4476,0.2842,0.2212,0.047,0.0,0.0,0.2123,0.205,0.0951,0.0926,0.062,0.0799,0.0879,0.1653,0.2982,0.0456,0.7541,1.0,appenninico,0.7997,0.7997,True
04145_01465,41.45,14.65,41.4,14.6,1.0,0.21227,0.0,0.0,0.0,0.0,0.0,0.00474,9276,1969,0.21227,14280,644.9,491.5,977.7,101.3,5.33,0.0,0.4157,0.5794,0.0049,0.0,0.0,0.0,0.1163,0.1354,0.079,0.0873,0.1948,0.1919,0.1011,0.0942,-0.1174,-0.0686,0.6975,1.0,appenninico,0.8048,0.8048,True
04145_01475,41.45,14.75,41.4,14.7,1.0,0.22701,0.0,0.0,0.01682,0.0,0.0,0.00528,9277,2106,0.22701,14280,759.9,542.3,1084.8,87.0,6.29,0.0,0.0329,0.9065,0.0606,0.0,0.0,0.0,0.0948,0.1465,0.1592,0.0795,0.0938,0.1335,0.1576,0.135,0.0436,-0.0312,0.8485,1.0,appenninico,0.9415,0.9415,True
04145_01485,41.45,14.85,41.4,14.8,1.0,0.24965,0.0,0.0,0.0,0.0,0.0,0.02736,9285,2318,0.24965,14280,740.6,329.1,991.1,93.6,7.11,0.0,0.0615,0.8966,0.0419,0.0,0.0,0.0,0.1222,0.1447,0.1231,0.1048,0.09,0.1,0.1668,0.1483,0.0932,-0.0397,0.8907,1.0,appenninico,0.9306,0.9306,True
04145_01495,41.45,14.95,41.4,14.9,1.0,0.13753,0.0,0.0,0.0,0.0,0.0,0.00873,9278,1276,0.13753,14280,535.3,214.2,975.9,181.2,9.78,0.0803,0.5451,0.3553,0.0194,0.0,0.0,0.0,0.114,0.1287,0.2308,0.1601,0.0993,0.0726,0.0852,0.1092,0.0214,0.2269,0.9341,1.0,mediterraneo,0.8389,0.8389,True
04145_01505,41.45,15.05,41.4,15.0,1.0,0.15168,0.01142,0.05095,0.0,0.0,0.0,0.00743,9283,1987,0.21405,14280,585.2,292.0,947.6,125.0,9.09,0.0005,0.5747,0.4233,0.0015,0.0,0.0,0.0,0.096,0.1141,0.0917,0.0429,0.0851,0.1539,0.2429,0.1734,0.072,-0.2759,0.9571,0.9748,mediterraneo,0.8706,0.8487,True
04145_01515,41.45,15.15,41.4,15.1,1.0,0.13782,0.01487,0.02306,0.0,0.0,0.0,0.00765,9280,1631,0.17575,14280,525.4,249.2,1022.9,189.3,7.5,0.051,0.6429,0.2628,0.0433,0.0,0.0,0.0,0.1703,0.2028,0.2199,0.1742,0.0646,0.0353,0.0514,0.0815,0.163,0.3627,0.8109,0.9723,mediterraneo,0.837,0.8138,True
04155_01305,41.55,13.05,41.5,13.0,1.0,0.40976,0.01349,0.00086,0.00691,0.0,0.0,0.15674,9264,3929,0.42411,14400,612.5,6.2,1526.1,319.5,15.91,0.1488,0.3994,0.2686,0.1155,0.0676,0.0,0.0,0.0885,0.1223,0.0655,0.0902,0.1817,0.254,0.1362,0.0615,-0.2101,-0.1471,0.9457,0.9919,appenninico,0.705,0.6993,True
04155_01315,41.55,13.15,41.5,13.1,1.0,0.33811,0.00475,0.00917,0.0,0.0,0.0,0.11389,9272,3264,0.35203,14400,587.8,37.7,1470.9,357.8,16.05,0.2752,0.2608,0.2404,0.1699,0.0537,0.0,0.0,0.0503,0.1244,0.1017,0.175,0.2181,0.1739,0.1116,0.045,-0.2996,0.0505,0.9115,0.9953,mediterraneo,0.7048,0.7015,True
04155_01325,41.55,13.25,41.5,13.2,1.0,0.34698,0.00637,0.0121,0.02063,0.0,0.0,0.08175,9260,3384,0.36545,14400,369.3,36.9,1089.3,239.3,14.32,0.4861,0.3062,0.195,0.0126,0.0,0.0,0.0,0.0729,0.1547,0.2037,0.1259,0.1422,0.1635,0.0873,0.0497,-0.1282,0.1679,0.8726,0.994,mediterraneo,0.7107,0.7064,True
04155_01335,41.55,13.35,41.5,13.3,1.0,0.15865,0.01682,0.01219,0.0,0.0,0.00421,0.04346,9272,1740,0.18766,14400,237.9,70.5,802.8,169.7,8.42,0.7972,0.1236,0.0792,0.0,0.0,0.0,0.0,0.1067,0.213,0.1148,0.0716,0.1016,0.1982,0.1276,0.0664,0.0084,0.0034,0.7215,0.9743,mediterraneo,0.6148,0.599,True
04155_01345,41.55,13.45,41.5,13.4,1.0,0.16602,0.0,0.0,0.00421,0.0,0.0,0.02008,9264,1538,0.16602,14400,159.5,82.8,602.4,56.3,4.78,0.9759,0.0239,0.0002,0.0,0.0,0.0,0.0,0.1447,0.1556,0.1241,0.1117,0.097,0.1303,0.1302,0.1063,0.0678,0.0155,0.5525,1.0,mediterraneo,0.5572,0.5572,True
04155_01355,41.55,13.55,41.5,13.5,1.0,0.15091,0.0,0.00184,0.01101,0.0,0.0,0.02871,9264,1415,0.15275,14400,151.5,61.0,548.9,73.3,4.8,0.931,0.069,0.0,0.0,0.0,0.0,0.0,0.1345,0.1196,0.131,0.0975,0.1034,0.1703,0.1513,0.0924,-0.0078,-0.0497,0.4681,0.9994,mediterraneo,0.5707,0.5704,True
04155_01365,41.55,13.65,41.5,13.6,1.0,0.1946,0.0,0.0,0.0,0.0,0.0,0.0748,9265,1803,0.1946,14400,300.9,65.1,1122.9,239.9,9.15,0.6224,0.2588,0.0816,0.0373,0.0,0.0,0.0,0.0606,0.0402,0.0938,0.0872,0.1784,0.2825,0.18,0.0774,-0.3021,-0.2548,0.548,1.0,mediterraneo,0.6581,0.6581,True
04155_01375,41.55,13.75,41.5,13.7,1.0,0.3724,0.02363,0.01802,0.01122,0.0,0.0,0.12658,9267,3837,0.41405,14400,809.6,91.1,1661.8,361.2,17.35,0.1267,0.1445,0.2915,0.2895,0.1452,0.0026,0.0,0.0772,0.1188,0.1084,0.1127,0.2096,0.2033,0.0929,0.077,-0.2274,-0.0176,0.9451,0.9836,appenninico,0.809,0.7957,True
04155_01385,41.55,13.85,41.5,13.8,1.0,0.36326,0.01824,0.04975,0.0,0.0,0.0,0.05493,9266,3996,0.43125,14400,389.5,41.0,1102.9,262.8,14.33,0.4219,0.3524,0.1838,0.0419,0.0,0.0,0.0,0.0472,0.0866,0.1382,0.1596,0.1307,0.2192,0.1412,0.0773,-0.2385,-0.0383,0.8498,0.9837,mediterraneo,0.7221,0.7103,True
04155_01395,41.55,13.95,41.5,13.9,1.0,0.57129,0.02515,0.03324,0.00874,0.00302,0.0,0.0816,9265,5834,0.62968,14400,896.0,330.4,1383.1,168.2,14.67,0.0,0.0617,0.4359,0.4695,0.0329,0.0,0.0,0.115,0.0811,0.1038,0.1399,0.1309,0.142,0.1308,0.1565,-0.0485,-0.0828,0.9543,0.9874,appenninico,0.9486,0.9366,True
04155_01405,41.55,14.05,41.5,14.0,1.0,0.70379,0.0,0.00302,0.0,0.0,0.0,0.11687,9267,6550,0.70681,14400,627.0,200.1,1134.2,195.5,13.31,0.0752,0.3567,0.4915,0.0767,0.0,0.0,0.0,0.168,0.1566,0.1325,0.1314,0.1947,0.1181,0.0464,0.0523,-0.0583,0.1729,0.9141,0.9998,appenninico,0.7764,0.7762,True
04155_01415,41.55,14.15,41.5,14.1,1.0,0.43688,0.01057,0.0,0.00334,0.0,0.03097,0.02644,9268,4147,0.44745,14400,370.6,195.6,992.2,150.4,8.65,0.388,0.5193,0.0842,0.0085,0.0,0.0,0.0,0.1363,0.0764,0.1047,0.1098,0.1296,0.1383,0.1586,0.1463,-0.0138,-0.1273,0.6864,0.9941,mediterraneo,0.7357,0.7314,True
04155_01425,41.55,14.25,41.5,14.2,1.0,0.45656,0.01004,0.0,0.03098,0.0,0.0054,0.04544,9265,4323,0.4666,14400,689.7,303.3,1287.3,241.4,12.1,0.0,0.4446,0.3193,0.218,0.0181,0.0,0.0,0.1987,0.1296,0.0828,0.0491,0.0814,0.1297,0.1887,0.14,0.1886,-0.1733,0.8913,0.9946,appenninico,0.8035,0.7992,True
04155_01435,41.55,14.35,41.5,14.3,1.0,0.33484,0.04437,0.01112,0.20974,0.0,0.0,0.03843,9264,3616,0.39033,14400,844.8,518.8,1413.8,211.2,12.12,0.0,0.1162,0.5143,0.2995,0.0699,0.0,0.0,0.114,0.1927,0.0863,0.1001,0.1605,0.1379,0.1181,0.0905,-0.0168,0.0097,0.9192,0.9702,appenninico,0.9172,0.8899,True
04155_01445,41.55,14.45,41.5,14.4,1.0,0.16363,0.01252,0.0,0.1061,0.0,0.0,0.00086,9265,1632,0.17615,14400,719.2,481.7,1392.8,220.5,7.02,0.0,0.3719,0.4553,0.1088,0.064,0.0,0.0,0.0372,0.0975,0.1754,0.1951,0.2127,0.1344,0.0978,0.0499,-0.313,0.1598,0.7594,0.9822,appenninico,0.8189,0.8043,True
04155_01455,41.55,14.55,41.5,14.5,1.0,0.29819,0.00486,0.0,0.0,0.0,0.0,0.01079,9266,2808,0.30305,14400,600.9,379.3,994.8,103.2,8.9,0.0,0.4906,0.494,0.0154,0.0,0.0,0.0,0.1058,0.1032,0.1385,0.1228,0.1128,0.1062,0.162,0.1488,0.0134,-0.0444,0.9376,0.996,appenninico,0.7791,0.776,True
04155_01465,41.55,14.65,41.5,14.6,1.0,0.15949,0.00151,0.0,0.0,0.0,0.0,0.01619,9267,1492,0.161,14400,696.0,465.9,996.6,92.5,7.33,0.0,0.1513,0.8254,0.0233,0.0,0.0,0.0,0.1147,0.1731,0.1804,0.1206,0.1071,0.1186,0.1002,0.0852,0.0229,0.1462,0.9141,0.9977,appenninico,0.8982,0.8961,True
04155_01475,41.55,14.75,41.5,14.7,1.0,0.13603,0.0,0.0,0.0,0.0,0.0,0.0192,9270,1261,0.13603,14400,534.6,318.6,814.0,85.7,7.51,0.0,0.7747,0.2253,0.0,0.0,0.0,0.0,0.1357,0.1326,0.1184,0.1417,0.1363,0.0805,0.0919,0.1628,0.0505,0.0518,0.9117,1.0,mediterraneo,0.8613,0.8613,True
04155_01485,41.55,14.85,41.5,14.8,1.0,0.19067,0.00464,0.0054,0.0,0.0,0.0,0.02667,9262,1859,0.20071,14400,475.3,215.6,848.3,132.0,9.48,0.0987,0.6906,0.2107,0.0,0.0,0.0,0.0,0.117,0.1503,0.157,0.1554,0.1083,0.1156,0.0839,0.1126,0.0038,0.1327,0.9456,0.9929,mediterraneo,0.8309,0.825,True
04155_01495,41.55,14.95,41.5,14.9,1.0,0.04845,0.05654,0.0,0.00334,0.0,0.01618,0.04845,9268,973,0.10499,14400,327.5,183.0,677.6,109.3,8.58,0.4788,0.513,0.0083,0.0,0.0,0.0,0.0,0.1372,0.1338,0.1024,0.072,0.1104,0.1608,0.1529,0.1305,0.0459,-0.1148,0.8599,0.8654,mediterraneo,0.7069,0.6118,True
04155_01505,41.55,15.05,41.5,15.0,1.0,0.41479,0.03931,0.01069,0.0,0.0,0.00356,0.0067,9260,4304,0.46479,14400,562.9,184.2,980.8,159.7,11.93,0.0488,0.5281,0.4134,0.0097,0.0,0.0,0.0,0.0881,0.137,0.169,0.0886,0.0778,0.1389,0.1882,0.1124,0.0308,-0.036,0.9806,0.9777,mediterraneo,0.8536,0.8346,True
04165_01245,41.65,12.45,41.6,12.4,0.7045,0.12277,0.0214,0.0,0.0,0.0,0.01459,0.0,9253,1334,0.14417,14400,27.6,-0.3,109.8,32.2,1.06,1.0,0.0,0.0,0.0,0.0,0.0,0.0,0.0707,0.069,0.0835,0.144,0.0852,0.2283,0.2129,0.1065,-0.153,-0.2344,0.0815,0.9629,mediterraneo,0.55,0.5296,True
04165_01295,41.65,12.95,41.6,12.9,1.0,0.46245,0.0,0.0,0.0,0.0,0.0,0.16283,9255,4280,0.46245,14400,641.0,56.4,1369.9,279.2,14.31,0.1134,0.3386,0.3562,0.1733,0.0185,0.0,0.0,0.1256,0.0918,0.0545,0.0672,0.1104,0.2686,0.1742,0.1078,-0.078,-0.2825,0.9428,1.0,appenninico,0.7589,0.7589,True
04165_01305,41.65,13.05,41.6,13.0,1.0,0.50302,0.0,0.00173,0.0,0.0,0.0,0.10888,9258,4673,0.50475,14400,540.3,179.0,1118.3,215.5,13.42,0.1994,0.3653,0.4053,0.03,0.0,0.0,0.0,0.1481,0.203,0.1625,0.0873,0.0745,0.114,0.098,0.1126,0.1661,0.1118,0.9159,0.9998,mediterraneo,0.8029,0.8027,True
04165_01315,41.65,13.15,41.6,13.1,1.0,0.53905,0.0,0.0,0.0,0.0,0.0,0.1151,9244,4983,0.53905,14400,680.5,151.3,1471.5,402.5,14.0,0.3235,0.114,0.2103,0.2292,0.1229,0.0,0.0,0.2105,0.2207,0.0854,0.0559,0.0649,0.1403,0.1174,0.105,0.247,-0.0104,0.8704,1.0,appenninico,0.6827,0.6827,True
04165_01325,41.65,13.25,41.6,13.2,1.0,0.15583,0.0,0.0,0.0,0.0,0.0,0.00097,9260,1443,0.15583,14400,222.7,132.8,795.1,96.0,4.68,0.8893,0.0951,0.0156,0.0,0.0,0.0,0.0,0.1299,0.2303,0.1642,0.0911,0.1139,0.1356,0.0768,0.0582,0.0612,0.1804,0.4293,1.0,mediterraneo,0.584,0.584,True
04165_01355,41.65,13.55,41.6,13.5,1.0,0.13838,0.0067,0.0,0.00551,0.0,0.0,0.00497,9250,1342,0.14508,14400,281.7,125.0,586.6,77.1,7.33,0.6835,0.3165,0.0,0.0,0.0,0.0,0.0,0.1091,0.0905,0.1053,0.1486,0.1634,0.1562,0.1309,0.096,-0.1448,-0.0351,0.769,0.9885,mediterraneo,0.645,0.6376,True
04165_01365,41.65,13.65,41.6,13.6,1.0,0.33114,0.0,0.00173,0.00443,0.0,0.0,0.02238,9250,3079,0.33287,14400,490.9,233.3,882.0,144.3,10.37,0.1054,0.6307,0.2639,0.0,0.0,0.0,0.0,0.196,0.131,0.0996,0.0746,0.0888,0.1355,0.1384,0.1362,0.1522,-0.087,0.8633,0.9997,mediterraneo,0.8316,0.8314,True
04165_01375,41.65,13.75,41.6,13.7,1.0,0.24141,0.0,0.00713,0.00119,0.0,0.0,0.02938,9258,2301,0.24854,14400,484.5,285.3,1308.9,190.5,10.47,0.0063,0.8006,0.1371,0.0508,0.0052,0.0,0.0,0.1433,0.134,0.1274,0.1,0.1177,0.1309,0.115,0.1317,0.0488,-0.0093,0.7626,0.9986,mediterraneo,0.8391,0.8379,True
04165_01385,41.65,13.85,41.6,13.8,1.0,0.37747,0.01481,0.03643,0.016,0.0,0.0,0.03524,9251,3966,0.42871,14400,717.4,352.8,1999.4,357.3,14.14,0.0,0.5228,0.2483,0.1181,0.0669,0.044,0.0,0.1013,0.0417,0.0588,0.1044,0.1155,0.248,0.2061,0.1242,-0.1506,-0.3121,0.9065,0.9871,appenninico,0.7377,0.7282,True
04165_01395,41.65,13.95,41.6,13.9,1.0,0.49065,0.00259,0.01254,0.29381,0.0,0.0,0.02075,9251,4679,0.50578,14400,1459.6,608.9,2222.1,366.4,18.42,0.0,0.0,0.0722,0.2104,0.3059,0.3742,0.0374,0.0646,0.0974,0.1043,0.0951,0.1909,0.2086,0.1553,0.0838,-0.2162,-0.1269,0.9863,0.9975,appenninico,0.652,0.6504,True
04165_01405,41.65,14.05,41.6,14.0,1.0,0.64437,0.00411,0.0,0.04063,0.0,0.0,0.05544,9254,6001,0.64848,14400,847.0,319.2,1800.6,293.7,15.4,0.0,0.2546,0.3066,0.3367,0.0847,0.0175,0.0,0.0712,0.1601,0.2501,0.1452,0.1468,0.1341,0.0575,0.035,-0.1393,0.2979,0.9349,0.9984,appenninico,0.858,0.8566,True
04165_01415,41.65,14.15,41.6,14.1,1.0,0.46752,0.0,0.0,0.01383,0.0,0.0,0.23657,9253,4326,0.46752,14400,648.3,298.5,1180.1,180.2,11.85,0.0003,0.437,0.4758,0.0869,0.0,0.0,0.0,0.0337,0.0693,0.1488,0.1969,0.1497,0.1177,0.1607,0.1232,-0.2076,0.009,0.9781,1.0,appenninico,0.8012,0.8012,True
04165_01425,41.65,14.25,41.6,14.2,1.0,0.48325,0.00735,0.0,0.08355,0.0,0.0,0.04831,9252,4539,0.4906,14400,758.2,395.1,1363.7,224.4,10.96,0.0,0.3251,0.3758,0.2733,0.0258,0.0,0.0,0.0928,0.0603,0.0988,0.1143,0.1523,0.1751,0.1642,0.1421,-0.1218,-0.1713,0.9238,0.9963,appenninico,0.8473,0.8442,True
04165_01435,41.65,14.35,41.6,14.3,1.0,0.58217,0.00421,0.0,0.12825,0.0,0.0,0.11237,9255,5427,0.58638,14400,938.3,602.5,1417.4,192.4,10.46,0.0,0.0,0.5557,0.2917,0.1526,0.0,0.0,0.131,0.1479,0.1103,0.099,0.1261,0.152,0.1453,0.0885,-0.0045,-0.034,0.89,0.9982,appenninico,0.9493,0.9476,True
04165_01445,41.65,14.45,41.6,14.4,1.0,0.29116,0.0,0.0,0.03717,0.0,0.0,0.06828,9256,2695,0.29116,14400,759.0,387.8,1381.3,191.6,9.64,0.0,0.1794,0.6457,0.1255,0.0494,0.0,0.0,0.121,0.2654,0.2067,0.0924,0.0583,0.0803,0.0964,0.0797,0.1901,0.2563,0.9617,1.0,appenninico,0.8885,0.8885,True
04165_01455,41.65,14.55,41.6,14.5,1.0,0.15405,0.0,0.0,0.01276,0.0,0.0,0.01395,9250,1425,0.15405,14400,594.1,324.6,853.7,118.8,9.52,0.0,0.469,0.531,0.0,0.0,0.0,0.0,0.1082,0.1098,0.1343,0.1503,0.1399,0.1343,0.1238,0.0995,-0.0877,0.0341,0.9607,1.0,mediterraneo,0.8766,0.8766,True
04165_01465,41.65,14.65,41.6,14.6,1.0,0.30095,0.0,0.0,0.0,0.0,0.0,0.03955,9254,2785,0.30095,14400,564.9,268.0,901.9,143.4,9.51,0.0153,0.553,0.4316,0.0001,0.0,0.0,0.0,0.1244,0.1125,0.1226,0.0926,0.1091,0.1367,0.17,0.1321,0.0231,-0.0944,0.964,1.0,mediterraneo,0.867,0.867,True
04165_01475,41.65,14.75,41.6,14.7,1.0,0.34184,0.0,0.0,0.0,0.0,0.0,0.01319,9250,3162,0.34184,14400,672.9,312.2,904.7,131.0,8.26,0.0,0.2941,0.7058,0.0001,0.0,0.0,0.0,0.1165,0.1518,0.1575,0.1276,0.1103,0.1003,0.1322,0.1038,0.0217,0.0844,0.946,1.0,appenninico,0.8471,0.8471,True
04165_01485,41.65,14.85,41.6,14.8,1.0,0.09856,0.01005,0.0,0.0,0.0,0.0,0.01524,9253,1005,0.10861,14400,633.9,302.6,919.4,130.2,8.22,0.0,0.4256,0.5728,0.0016,0.0,0.0,0.0,0.1121,0.1691,0.178,0.1407,0.1033,0.1255,0.1038,0.0675,-0.0143,0.159,0.951,0.9769,appenninico,0.8011,0.7826,True
04165_01495,41.65,14.95,41.6,14.9,1.0,0.11023,0.02107,0.07165,0.00951,0.0,0.0,0.01935,9253,1878,0.20295,14400,424.4,133.4,773.5,147.9,10.0,0.2293,0.6238,0.1469,0.0,0.0,0.0,0.0,0.0916,0.1344,0.1765,0.1151,0.1321,0.1816,0.11,0.0587,-0.1202,0.0762,0.9463,0.9564,mediterraneo,0.7886,0.7542,True
04175_01235,41.75,12.35,41.7,12.3,0.9568,0.10318,0.06215,0.01213,0.0,0.0,0.0602,0.0393,9236,1639,0.17746,14520,16.0,-2.6,86.4,16.9,0.93,1.0,0.0,0.0,0.0,0.0,0.0,0.0,0.1378,0.2634,0.1256,0.0153,0.0031,0.1623,0.1623,0.1302,0.2875,-0.0488,0.045,0.909,mediterraneo,0.55,0.5,True
04175_01245,41.75,12.45,41.7,12.4,1.0,0.14208,0.05768,0.0,0.0,0.0,0.03052,0.00368,9241,1846,0.19976,14520,57.6,0.5,101.7,20.4,2.41,1.0,0.0,0.0,0.0,0.0,0.0,0.0,0.1253,0.18,0.1218,0.0687,0.11,0.1836,0.1295,0.0812,0.0261,-0.0213,0.2919,0.9278,mediterraneo,0.55,0.5103,True
04175_01275,41.75,12.75,41.7,12.7,1.0,0.56356,0.0,0.0,0.0,0.0,0.0,0.00325,9243,5209,0.56356,14520,614.1,319.0,953.1,118.1,9.18,0.0,0.4731,0.5158,0.0111,0.0,0.0,0.0,0.0984,0.0877,0.1114,0.1559,0.1671,0.1209,0.0955,0.1631,-0.0951,-0.0098,0.8348,1.0,appenninico,0.785,0.785,True
04175_01285,41.75,12.85,41.7,12.8,1.0,0.24023,0.0,0.0,0.0,0.0,0.0,0.00314,9237,2219,0.24023,14520,363.0,218.8,694.1,77.7,4.72,0.1878,0.7994,0.0128,0.0,0.0,0.0,0.0,0.0718,0.1337,0.2318,0.1828,0.121,0.0822,0.1096,0.0671,-0.091,0.25,0.6445,1.0,mediterraneo,0.7943,0.7943,True
04175_01295,41.75,12.95,41.7,12.9,1.0,0.1309,0.0,0.0,0.0,0.0,0.0,0.0196,9236,1209,0.1309,14520,314.6,203.8,726.5,105.7,5.94,0.6498,0.3216,0.0287,0.0,0.0,0.0,0.0,0.1541,0.2007,0.1478,0.079,0.104,0.1284,0.0899,0.0962,0.1181,0.0985,0.6278,1.0,mediterraneo,0.6566,0.6566,True
04175_01325,41.75,13.25,41.7,13.2,1.0,0.17006,0.00726,0.00661,0.01083,0.0,0.0,0.04094,9232,1698,0.18393,14520,550.1,226.6,945.8,176.8,9.37,0.1675,0.4128,0.4109,0.0088,0.0,0.0,0.0,0.0839,0.1052,0.0938,0.1181,0.2019,0.2383,0.1009,0.058,-0.2641,-0.0579,0.7694,0.9883,mediterraneo,0.8181,0.8085,True
04175_01335,41.75,13.35,41.7,13.3,1.0,0.20717,0.01656,0.0368,0.00206,0.0,0.0,0.08291,9239,2407,0.26053,14520,602.0,267.7,1748.7,245.4,11.97,0.0331,0.5814,0.2618,0.0939,0.0272,0.0026,0.0,0.0518,0.0646,0.1039,0.1236,0.191,0.2559,0.1434,0.0656,-0.3209,-0.1434,0.9013,0.977,appenninico,0.7236,0.707,True
04175_01345,41.75,13.45,41.7,13.4,1.0,0.5585,0.00898,0.01959,0.0,0.0,0.0,0.0355,9239,5424,0.58707,14520,995.3,337.8,1997.9,367.8,16.07,0.0,0.1731,0.2663,0.2663,0.2284,0.066,0.0,0.0338,0.0447,0.1101,0.1555,0.2039,0.2394,0.1323,0.0803,-0.3698,-0.1126,0.9787,0.9945,appenninico,0.8371,0.8325,True
04175_01355,41.75,13.55,41.7,13.5,1.0,0.57662,0.01331,0.0131,0.00281,0.0,0.0,0.07457,9240,5572,0.60303,14520,890.5,268.1,1942.1,436.1,18.23,0.088,0.2527,0.1707,0.1897,0.2553,0.0435,0.0,0.0559,0.1813,0.1506,0.1788,0.2113,0.1225,0.059,0.0406,-0.222,0.2394,0.9142,0.9934,appenninico,0.7555,0.7505,True
04175_01365,41.75,13.65,41.7,13.6,1.0,0.21113,0.01916,0.01938,0.0,0.0,0.0,0.06854,9236,2306,0.24967,14520,745.0,272.7,1933.8,491.5,14.71,0.1231,0.43,0.1558,0.0752,0.1032,0.1127,0.0,0.0421,0.0668,0.0877,0.0821,0.1843,0.3341,0.1515,0.0514,-0.3634,-0.2356,0.8655,0.9769,appenninico,0.6335,0.6189,True
04175_01375,41.75,13.75,41.7,13.7,1.0,0.42829,0.04524,0.02933,0.05304,0.0,0.0,0.03886,9239,4646,0.50286,14520,1189.6,424.6,1947.4,392.6,16.87,0.0,0.0817,0.2307,0.1548,0.3501,0.1827,0.0,0.0886,0.1103,0.1473,0.0974,0.1563,0.2123,0.1366,0.0512,-0.1833,-0.0284,0.9581,0.9746,appenninico,0.7754,0.7557,True
04175_01385,41.75,13.85,41.7,13.8,1.0,0.51575,0.00509,0.10848,0.02815,0.0,0.0,0.06355,9237,5813,0.62932,14520,1437.9,495.7,2218.6,291.4,20.22,0.0,0.0123,0.029,0.1716,0.4815,0.295,0.0106,0.1255,0.1326,0.1099,0.0868,0.154,0.1826,0.1231,0.0855,-0.0666,-0.0485,0.9693,0.9894,appenninico,0.7045,0.697,True
04175_01395,41.75,13.95,41.7,13.9,1.0,0.45434,0.01547,0.0712,0.06546,0.0,0.0,0.10939,9242,5000,0.54101,14520,1491.3,965.5,2273.6,334.4,18.77,0.0,0.0,0.0,0.2632,0.3322,0.3295,0.0752,0.1317,0.175,0.1395,0.1011,0.1216,0.168,0.0886,0.0745,-0.006,0.0716,0.9738,0.9863,appenninico,0.6459,0.6371,True
04175_01405,41.75,14.05,41.7,14.0,1.0,0.37625,0.0,0.0078,0.12657,0.0,0.0,0.2474,9236,3547,0.38405,14520,1166.1,801.2,2183.6,327.8,12.44,0.0,0.0,0.2537,0.4255,0.1745,0.1292,0.0171,0.0823,0.103,0.1926,0.2715,0.1259,0.0947,0.074,0.056,-0.1918,0.2884,0.8463,0.999,appenninico,0.8539,0.853,True
04175_01415,41.75,14.15,41.7,14.1,1.0,0.3892,0.01072,0.00249,0.04774,0.0,0.0,0.04417,9237,3717,0.40241,14520,939.9,592.0,1295.5,126.5,10.03,0.0,0.0008,0.4081,0.5632,0.028,0.0,0.0,0.0819,0.0978,0.1686,0.1065,0.0742,0.1337,0.2075,0.1298,0.0008,-0.0866,0.8773,0.993,appenninico,0.9752,0.9684,True
04175_01425,41.75,14.25,41.7,14.2,1.0,0.48782,0.02923,0.00054,0.13381,0.0,0.0,0.08109,9237,4781,0.51759,14520,1010.1,502.3,1537.7,181.4,10.11,0.0,0.0149,0.2642,0.5899,0.1309,0.0,0.0,0.0881,0.0973,0.0938,0.1154,0.2017,0.1848,0.1268,0.0921,-0.1947,-0.0784,0.9226,0.9858,appenninico,0.9611,0.9475,True
04175_01435,41.75,14.35,41.7,14.3,1.0,0.41204,0.0563,0.0,0.09343,0.0,0.0,0.1284,9237,4326,0.46834,14520,923.9,460.1,1272.3,164.2,8.77,0.0,0.0543,0.3141,0.618,0.0136,0.0,0.0,0.127,0.1835,0.2002,0.1193,0.0942,0.1409,0.0818,0.0532,0.0171,0.1995,0.9136,0.9699,appenninico,0.9605,0.9316,True
04175_01445,41.75,14.45,41.7,14.4,1.0,0.21473,0.0,0.0,0.0144,0.0,0.0,0.27504,9235,1983,0.21473,14520,527.3,277.8,884.8,121.5,10.59,0.0136,0.7065,0.2799,0.0,0.0,0.0,0.0,0.0893,0.1536,0.1766,0.1567,0.1132,0.1051,0.1116,0.094,-0.0276,0.1454,0.9629,1.0,mediterraneo,0.8599,0.8599,True
04175_01455,41.75,14.55,41.7,14.5,1.0,0.19697,0.0,0.0,0.0382,0.0,0.0,0.07576,9240,1820,0.19697,14520,568.2,227.3,967.2,151.8,9.88,0.0521,0.4716,0.4737,0.0026,0.0,0.0,0.0,0.1226,0.1154,0.1291,0.1042,0.0822,0.0958,0.1651,0.1858,0.114,-0.0857,0.9547,1.0,mediterraneo,0.8574,0.8574,True
04175_01465,41.75,14.65,41.7,14.6,1.0,0.27368,0.0,0.0,0.03876,0.0,0.0,0.04644,9237,2528,0.27368,14520,648.0,235.1,969.0,155.1,9.52,0.0246,0.3274,0.6212,0.0268,0.0,0.0,0.0,0.113,0.1405,0.1407,0.1616,0.1178,0.1133,0.122,0.0911,-0.0394,0.0903,0.9831,1.0,appenninico,0.8195,0.8195,True
04175_01475,41.75,14.75,41.7,14.7,1.0,0.21919,0.00682,0.00508,0.0,0.0,0.0,0.11068,9243,2136,0.23109,14520,394.5,122.0,833.5,145.8,9.53,0.2969,0.6145,0.0886,0.0,0.0,0.0,0.0,0.1863,0.1358,0.1071,0.1419,0.1543,0.0734,0.0865,0.1147,0.0531,0.0898,0.9476,0.9915,mediterraneo,0.7654,0.7589,True
04175_01485,41.75,14.85,41.7,14.8,1.0,0.23661,0.01126,0.0,0.0,0.0,0.0,0.02857,9239,2290,0.24787,14520,494.6,116.0,882.9,157.4,10.42,0.1238,0.606,0.2702,0.0,0.0,0.0,0.0,0.1329,0.1604,0.1248,0.0476,0.0455,0.1122,0.2223,0.1541,0.2025,-0.1405,0.9771,0.9886,mediterraneo,0.8264,0.817,True
04175_01555,41.75,15.55,41.7,15.5,1.0,0.21498,0.00097,0.0,0.21163,0.0,0.15988,0.02317,9238,1995,0.21595,14520,358.8,23.0,708.2,198.5,8.08,0.3784,0.5262,0.0955,0.0,0.0,0.0,0.0,0.141,0.1109,0.0222,0.0126,0.0631,0.2892,0.2174,0.1435,0.0508,-0.4245,0.7437,0.9989,mediterraneo,0.7413,0.7405,True
04175_01565,41.75,15.65,41.7,15.6,1.0,0.70563,0.02024,0.0,0.08593,0.0,0.0,0.00054,9240,6707,0.72587,14520,747.7,365.7,1009.2,117.2,6.31,0.0,0.1119,0.8083,0.0798,0.0,0.0,0.0,0.1553,0.0968,0.0188,0.0393,0.1086,0.1782,0.2464,0.1565,0.0739,-0.3775,0.764,0.993,appenninico,0.9148,0.9084,True
04175_01575,41.75,15.75,41.7,15.7,1.0,0.43655,0.00758,0.0,0.10881,0.0,0.0,0.00422,9236,4102,0.44413,14520,719.3,250.3,1052.6,175.2,7.76,0.0032,0.2741,0.6267,0.0959,0.0,0.0,0.0,0.2163,0.2487,0.069,0.1149,0.1749,0.1004,0.0382,0.0375,0.0976,0.1967,0.7311,0.9957,appenninico,0.8565,0.8528,True
04175_01585,41.75,15.85,41.7,15.8,1.0,0.60829,0.02782,0.01158,0.08843,0.0,0.00206,0.06332,9239,5984,0.64769,14520,656.6,354.9,980.2,105.1,8.14,0.0,0.2824,0.7068,0.0108,0.0,0.0,0.0,0.1978,0.1493,0.0331,0.0537,0.1675,0.1999,0.0942,0.1045,0.0341,-0.1349,0.8643,0.9884,appenninico,0.8517,0.8418,True
04175_01595,41.75,15.95,41.7,15.9,1.0,0.51819,0.0,0.02739,0.19485,0.0,0.00628,0.08292,9238,5040,0.54558,14520,681.7,257.4,1008.0,116.6,9.1,0.0012,0.1975,0.7383,0.0629,0.0,0.0,0.0,0.1215,0.2348,0.0901,0.0668,0.1628,0.2399,0.0578,0.0262,-0.0766,0.0625,0.835,0.9975,appenninico,0.8831,0.8809,True
04175_01605,41.75,16.05,41.7,16.0,0.9549,0.4039,0.01537,0.00844,0.18171,0.0,0.06039,0.06894,9240,3952,0.42771,14520,507.3,0.0,858.2,246.7,9.31,0.2324,0.2668,0.5008,0.0,0.0,0.0,0.0,0.0551,0.1357,0.1818,0.1747,0.2198,0.166,0.0394,0.0274,-0.2953,0.2302,0.8129,0.99,mediterraneo,0.8053,0.7972,True
04175_01615,41.75,16.15,41.7,16.1,0.4682,0.03075,0.11974,0.16326,0.00909,0.0,0.03962,0.00628,9237,2898,0.31375,14641,144.5,0.0,674.2,190.1,6.26,0.7719,0.2111,0.017,0.0,0.0,0.0,0.0,0.0969,0.1502,0.2107,0.2173,0.1973,0.071,0.0207,0.0358,-0.1786,0.3832,0.4784,0.8786,mediterraneo,0.6193,0.5441,True
04185_01285,41.85,12.85,41.8,12.8,1.0,0.15692,0.0,0.0,0.0,0.0,0.0,0.03091,9221,1447,0.15692,14400,349.0,143.7,759.1,95.4,5.67,0.2816,0.682,0.0364,0.0,0.0,0.0,0.0,0.1138,0.1389,0.052,0.0388,0.0813,0.2406,0.2276,0.1071,0.0114,-0.3068,0.6197,1.0,mediterraneo,0.7673,0.7673,True
04185_01295,41.85,12.95,41.8,12.9,1.0,0.32976,0.0,0.01452,0.0,0.0,0.0,0.15485,9228,3177,0.34428,14400,559.3,245.6,1140.6,219.0,12.03,0.0722,0.5299,0.3133,0.0847,0.0,0.0,0.0,0.0502,0.103,0.2176,0.1459,0.1364,0.1592,0.1378,0.0499,-0.1899,0.1119,0.8774,0.9979,mediterraneo,0.8229,0.8212,True
04185_01305,41.85,13.05,41.8,13.0,1.0,0.163,0.00683,0.00748,0.0,0.0,0.0,0.03264,9221,1635,0.17731,14400,447.9,235.1,1189.8,188.9,10.29,0.2751,0.5263,0.1626,0.0359,0.0,0.0,0.0,0.0812,0.0831,0.1018,0.0995,0.1153,0.2243,0.1935,0.1013,-0.1383,-0.1906,0.8599,0.9883,mediterraneo,0.7665,0.7575,True
04185_01315,41.85,13.15,41.8,13.1,1.0,0.42341,0.00531,0.03458,0.01507,0.0,0.0,0.15133,9225,4274,0.4633,14400,843.5,269.0,1409.6,232.5,15.14,0.0008,0.166,0.3968,0.3821,0.0543,0.0,0.0,0.1223,0.1539,0.05,0.0611,0.2154,0.2354,0.1055,0.0564,-0.1603,-0.1117,0.9325,0.9934,appenninico,0.905,0.899,True
04185_01325,41.85,13.25,41.8,13.2,1.0,0.63,0.01409,0.01897,0.03035,0.0,0.0,0.14967,9227,6118,0.66306,14400,950.2,568.3,1532.2,188.8,14.82,0.0,0.0048,0.3976,0.4869,0.1107,0.0,0.0,0.1411,0.0789,0.053,0.1099,0.2201,0.1683,0.107,0.1216,-0.1416,-0.1333,0.9465,0.9933,appenninico,0.9616,0.9552,True
04185_01335,41.85,13.35,41.8,13.3,1.0,0.79293,0.018,0.0,0.01778,0.00455,0.0,0.01973,9224,7480,0.81093,14400,1443.7,611.6,2139.1,296.0,20.35,0.0,0.0,0.0333,0.1987,0.4276,0.3318,0.0086,0.1046,0.0787,0.1277,0.1089,0.1257,0.1395,0.1686,0.1463,-0.0341,-0.1129,0.9934,0.9945,appenninico,0.6935,0.6897,True
04185_01345,41.85,13.45,41.8,13.4,1.0,0.58805,0.0,0.0,0.01518,0.0,0.0,0.09098,9222,5423,0.58805,14400,994.0,389.0,2050.1,418.5,19.01,0.0,0.1998,0.3156,0.1488,0.2279,0.1067,0.0012,0.136,0.2084,0.1371,0.0844,0.0665,0.1876,0.1094,0.0706,0.0858,0.0476,0.9896,1.0,appenninico,0.7942,0.7942,True
04185_01355,41.85,13.55,41.8,13.5,1.0,0.56114,0.0,0.0,0.05887,0.0,0.0,0.12533,9224,5176,0.56114,14400,1011.6,320.0,2020.0,425.9,17.87,0.0,0.2497,0.1797,0.1831,0.3035,0.0838,0.0002,0.1043,0.2377,0.0613,0.043,0.154,0.2296,0.1262,0.0439,-0.049,-0.0586,0.9589,1.0,appenninico,0.7868,0.7868,True
04185_01365,41.85,13.65,41.8,13.6,1.0,0.74314,0.0,0.0,0.03025,0.0,0.0,0.0476,9223,6854,0.74314,14400,1430.4,778.6,1993.5,294.9,17.58,0.0,0.0,0.0124,0.2485,0.3915,0.3475,0.0,0.142,0.2651,0.0832,0.0343,0.061,0.2188,0.1298,0.0659,0.1512,-0.0444,0.9457,1.0,appenninico,0.6973,0.6973,True
04185_01375,41.85,13.75,41.8,13.7,1.0,0.60904,0.02634,0.00661,0.17071,0.0,0.0,0.07175,9226,5923,0.64199,14400,1502.2,1106.2,1988.2,194.8,16.56,0.0,0.0,0.0,0.0526,0.6206,0.3268,0.0,0.1065,0.1857,0.153,0.0693,0.0994,0.1367,0.149,0.1004,0.0656,0.0191,0.9659,0.9892,appenninico,0.6782,0.6709,True
04185_01385,41.85,13.85,41.8,13.8,1.0,0.5045,0.009,0.00455,0.21117,0.0,0.0,0.0929,9225,4779,0.51805,14400,1698.1,977.1,2246.3,239.9,18.11,0.0,0.0,0.0,0.0191,0.2823,0.6142,0.0844,0.101,0.1521,0.1567,0.1111,0.0653,0.1683,0.1491,0.0964,0.0235,0.0063,0.9792,0.9952,appenninico,0.445,0.4429,True
04185_01395,41.85,13.95,41.8,13.9,1.0,0.35998,0.0,0.01844,0.40597,0.0,0.0,0.03113,9220,3489,0.37842,14400,1678.6,1045.9,2246.8,215.1,16.11,0.0,0.0,0.0,0.0078,0.3381,0.5979,0.0562,0.0774,0.2067,0.1527,0.0548,0.045,0.1458,0.2348,0.0828,0.0948,-0.0581,0.9398,0.9976,appenninico,0.4757,0.4746,True
04185_01405,41.85,14.05,41.8,14.0,1.0,0.28734,0.03176,0.00434,0.29493,0.0,0.0,0.04531,9226,2984,0.32344,14400,1464.6,938.7,2134.1,236.1,12.39,0.0,0.0,0.0,0.0287,0.7382,0.1897,0.0435,0.0981,0.2319,0.1759,0.0914,0.1034,0.1293,0.1169,0.0532,0.0437,0.1632,0.8123,0.9748,appenninico,0.714,0.696,True
04185_01415,41.85,14.15,41.8,14.1,1.0,0.48677,0.0,0.0,0.11906,0.0,0.0,0.11017,9222,4489,0.48677,14400,1167.4,726.5,1866.4,294.2,10.51,0.0,0.0,0.2624,0.2863,0.3632,0.0881,0.0,0.0529,0.0481,0.1463,0.2839,0.1653,0.0996,0.0896,0.1142,-0.279,0.1403,0.9538,1.0,appenninico,0.8707,0.8707,True
04185_01425,41.85,14.25,41.8,14.2,1.0,0.39129,0.0,0.02753,0.13148,0.0,0.0,0.1809,9226,3864,0.41882,14400,1079.1,644.4,1733.4,250.5,11.31,0.0,0.0,0.3048,0.3663,0.3106,0.0183,0.0,0.1304,0.0932,0.0963,0.1222,0.0657,0.0805,0.1717,0.24,0.1579,-0.1534,0.9834,0.9967,appenninico,0.9254,0.9223,True
04185_01435,41.85,14.35,41.8,14.3,1.0,0.19306,0.0,0.09388,0.15469,0.0,0.0,0.11523,9225,2647,0.28694,14400,990.4,569.4,1581.8,174.3,10.08,0.0,0.0037,0.2985,0.5951,0.1027,0.0,0.0,0.1139,0.1256,0.1384,0.1925,0.1517,0.1092,0.0856,0.0831,-0.1033,0.1463,0.9529,0.9836,appenninico,0.9682,0.9523,True
04185_01445,41.85,14.45,41.8,14.4,1.0,0.19913,0.01864,0.01583,0.17919,0.0,0.0,0.18363,9225,2155,0.2336,14400,872.8,396.5,1403.3,207.7,13.51,0.0,0.0929,0.473,0.3647,0.0694,0.0,0.0,0.0626,0.1447,0.2185,0.1095,0.1153,0.149,0.1349,0.0654,-0.098,0.1132,0.9912,0.9767,appenninico,0.9288,0.9072,True
04185_01455,41.85,14.55,41.8,14.5,1.0,0.34573,0.00564,0.02082,0.01962,0.0,0.0,0.11047,9224,3433,0.37219,14400,569.7,164.2,1151.0,223.5,12.39,0.1385,0.4181,0.3613,0.082,0.0,0.0,0.0,0.1015,0.1728,0.2426,0.131,0.0933,0.0876,0.0768,0.0944,0.0433,0.2585,0.9679,0.9934,mediterraneo,0.8059,0.8006,True
04185_01465,41.85,14.65,41.8,14.6,1.0,0.35068,0.0,0.02234,0.0,0.0,0.0,0.02733,9222,3440,0.37302,14400,511.4,127.4,1037.5,199.5,11.25,0.1762,0.4826,0.3203,0.0208,0.0,0.0,0.0,0.174,0.2225,0.0646,0.0293,0.0503,0.1881,0.1442,0.1269,0.2261,-0.1279,0.9516,0.997,mediterraneo,0.8079,0.8055,True
04185_01475,41.85,14.75,41.8,14.7,1.0,0.19751,0.00672,0.02267,0.0,0.0,0.0,0.03818,9220,2092,0.2269,14400,411.8,145.6,945.9,127.1,9.39,0.1789,0.7374,0.0822,0.0015,0.0,0.0,0.0,0.1578,0.1575,0.1669,0.1207,0.1226,0.0853,0.0618,0.1275,0.0983,0.1537,0.9512,0.9876,mediterraneo,0.8001,0.7902,True
04185_01565,41.85,15.65,41.8,15.6,1.0,0.2442,0.0,0.0,0.07786,0.0,0.23704,0.11841,9222,2252,0.2442,14400,344.7,0.0,907.3,239.2,7.49,0.4574,0.3969,0.1453,0.0003,0.0,0.0,0.0,0.1824,0.2323,0.0347,0.0155,0.0585,0.1799,0.1421,0.1546,0.2682,-0.178,0.7434,1.0,mediterraneo,0.7199,0.7199,True
04185_01585,41.85,15.85,41.8,15.8,1.0,0.10733,0.00184,0.00889,0.17042,0.0,0.00737,0.10733,9224,1089,0.11806,14400,212.0,-0.0,670.2,169.8,7.92,0.6933,0.2969,0.0099,0.0,0.0,0.0,0.0,0.2496,0.1336,0.0282,0.0108,0.0368,0.1601,0.2096,0.1712,0.3108,-0.3173,0.7219,0.9923,mediterraneo,0.6426,0.6377,True
04185_01595,41.85,15.95,41.8,15.9,1.0,0.62448,0.02592,0.144,0.0,0.0,0.0,0.0051,9222,7326,0.7944,14400,532.7,134.8,833.5,152.0,10.57,0.0628,0.5688,0.3684,0.0,0.0,0.0,0.0,0.1827,0.1678,0.087,0.0352,0.0779,0.1669,0.139,0.1436,0.184,-0.1313,0.8895,0.9828,mediterraneo,0.8496,0.835,True
04185_01605,41.85,16.05,41.8,16.0,1.0,0.62333,0.1261,0.13141,0.0,0.0,0.0,0.00065,9223,8124,0.88084,14400,441.6,34.3,823.3,204.9,9.99,0.3243,0.3971,0.2786,0.0,0.0,0.0,0.0,0.159,0.2097,0.2135,0.0877,0.0286,0.0364,0.0903,0.1747,0.32,0.1891,0.941,0.9568,mediterraneo,0.7666,0.7335,True
04185_01615,41.85,16.15,41.8,16.1,0.8237,0.02547,0.1538,0.11966,0.01149,0.0,0.01788,0.03826,9226,2758,0.29893,14520,139.7,-0.3,623.1,135.5,6.83,0.8434,0.1562,0.0004,0.0,0.0,0.0,0.0,0.1606,0.1954,0.2342,0.1306,0.0473,0.039,0.0605,0.1323,0.2297,0.2906,0.6897,0.8514,mediterraneo,0.597,0.5083,True
04195_01285,41.95,12.85,41.9,12.8,1.0,0.23496,0.0,0.0,0.00663,0.0,0.0,0.12307,9206,2163,0.23496,14280,384.3,115.5,971.9,149.2,10.86,0.3561,0.5644,0.0723,0.0072,0.0,0.0,0.0,0.0906,0.0783,0.0717,0.1122,0.1222,0.1596,0.1978,0.1675,-0.0541,-0.2285,0.9087,1.0,mediterraneo,0.745,0.745,True
04195_01295,41.95,12.95,41.9,12.9,1.0,0.50462,0.00945,0.00478,0.0,0.0,0.0,0.19757,9207,4777,0.51885,14280,652.4,304.6,1244.7,228.1,14.69,0.0,0.5052,0.2989,0.1939,0.002,0.0,0.0,0.094,0.1595,0.1732,0.0611,0.0843,0.1895,0.1437,0.0946,0.0149,-0.0152,0.9188,0.995,appenninico,0.7827,0.7788,True
04195_01305,41.95,13.05,41.9,13.0,1.0,0.55427,0.01389,0.00336,0.00434,0.0,0.0,0.04005,9214,5266,0.57152,14280,599.8,326.7,1422.1,269.0,12.92,0.0,0.7014,0.161,0.0577,0.0799,0.0,0.0,0.0916,0.1201,0.1298,0.07,0.0984,0.2429,0.1673,0.0799,-0.0916,-0.1335,0.9513,0.9936,mediterraneo,0.7957,0.7906,True
04195_01315,41.95,13.15,41.9,13.1,1.0,0.65548,0.03041,0.01434,0.14923,0.0,0.0,0.05409,9207,6447,0.70023,14280,1274.6,389.9,1764.5,301.2,13.73,0.0,0.0461,0.1088,0.1137,0.6667,0.0647,0.0,0.1379,0.1151,0.0355,0.0371,0.1603,0.2819,0.1479,0.0843,-0.1097,-0.268,0.9325,0.9881,appenninico,0.8308,0.8209,True
04195_01325,41.95,13.25,41.9,13.2,1.0,0.77494,0.0,0.0,0.07849,0.0114,0.0,0.06568,9211,7138,0.77494,14280,1333.4,656.2,1948.8,242.2,17.55,0.0,0.0,0.072,0.1792,0.642,0.1068,0.0,0.1437,0.1569,0.1009,0.1028,0.1202,0.1656,0.1286,0.0813,0.0046,-0.0166,0.9589,1.0,appenninico,0.8253,0.8253,True
04195_01335,41.95,13.35,41.9,13.3,1.0,0.68915,0.00739,0.00337,0.0631,0.00587,0.0,0.02151,9207,6444,0.69991,14280,1271.2,573.0,2001.6,361.1,17.77,0.0,0.0021,0.2303,0.1877,0.333,0.2468,0.0001,0.1384,0.2788,0.1501,0.0814,0.08,0.1329,0.0786,0.0598,0.1518,0.1912,0.9334,0.9971,appenninico,0.7648,0.7626,True
04195_01345,41.95,13.45,41.9,13.4,1.0,0.34003,0.0,0.01346,0.05255,0.0,0.0,0.10227,9211,3256,0.35349,14280,886.4,489.4,1771.3,293.9,13.24,0.0,0.0599,0.5723,0.1964,0.1375,0.0339,0.0,0.1199,0.2673,0.1252,0.0315,0.0444,0.2174,0.1528,0.0414,0.1176,-0.0011,0.7154,0.9981,appenninico,0.9031,0.9014,True
04195_01355,41.95,13.55,41.9,13.5,1.0,0.24881,0.0,0.00163,0.03376,0.0,0.0,0.06839,9212,2307,0.25044,14280,805.6,647.4,1760.0,211.1,7.74,0.0,0.0,0.7383,0.2022,0.0523,0.0072,0.0,0.2496,0.1979,0.1299,0.113,0.0422,0.1108,0.0733,0.0834,0.2566,0.1344,0.4183,0.9997,appenninico,0.9502,0.9499,True
04195_01365,41.95,13.65,41.9,13.6,1.0,0.22937,0.01292,0.01303,0.0669,0.0,0.0,0.19961,9208,2351,0.25532,14280,861.0,648.2,1589.5,213.5,8.96,0.0,0.0,0.602,0.3286,0.0694,0.0,0.0,0.196,0.2008,0.0647,0.0319,0.0525,0.1434,0.1534,0.1572,0.277,-0.1382,0.5984,0.9848,appenninico,0.9595,0.9449,True
04195_01375,41.95,13.75,41.9,13.7,1.0,0.26764,0.02128,0.0367,0.19642,0.0,0.0,0.17904,9210,2999,0.32562,14280,1284.7,634.1,1928.9,234.8,16.28,0.0,0.0,0.0422,0.3415,0.5067,0.1097,0.0,0.0804,0.1406,0.1524,0.0479,0.0369,0.1687,0.278,0.0951,0.0528,-0.1848,0.97,0.978,appenninico,0.8452,0.8266,True
04195_01385,41.95,13.85,41.9,13.8,1.0,0.43822,0.05418,0.01574,0.15353,0.0,0.0,0.20098,9210,4680,0.50814,14280,1351.3,485.0,2160.0,360.9,21.72,0.0,0.0116,0.071,0.2894,0.3663,0.2174,0.0442,0.1234,0.1908,0.152,0.0386,0.0484,0.1693,0.1608,0.1169,0.147,-0.0511,0.9862,0.9718,appenninico,0.7413,0.7204,True
04195_01395,41.95,13.95,41.9,13.9,1.0,0.4058,0.05307,0.03885,0.25103,0.0,0.0,0.14597,9214,4586,0.49772,14280,1279.1,497.2,2053.1,360.2,19.29,0.0,0.0443,0.1223,0.23,0.3804,0.2189,0.004,0.1372,0.1997,0.1409,0.0798,0.052,0.0864,0.2088,0.0951,0.1767,0.0009,0.9786,0.9694,appenninico,0.7619,0.7386,True
04195_01405,41.95,14.05,41.9,14.0,1.0,0.50022,0.00869,0.0,0.13977,0.0,0.0,0.08047,9208,4686,0.50891,14280,1445.1,826.3,2122.5,274.1,17.27,0.0,0.0,0.005,0.1988,0.4888,0.2897,0.0176,0.1062,0.2243,0.1647,0.0284,0.0343,0.2082,0.1803,0.0536,0.1016,-0.0161,0.9352,0.9957,appenninico,0.7063,0.7033,True
04195_01415,41.95,14.15,41.9,14.1,1.0,0.56881,0.01682,0.00575,0.15259,0.0,0.0,0.05188,9214,5449,0.59138,14280,1216.2,618.3,1957.4,248.4,12.0,0.0,0.0,0.1341,0.309,0.5102,0.0467,0.0,0.1876,0.125,0.1868,0.0914,0.024,0.0346,0.1307,0.22,0.3336,0.0291,0.9674,0.9924,appenninico,0.8841,0.8774,True
04195_01425,41.95,14.25,41.9,14.2,1.0,0.35462,0.00543,0.0,0.05431,0.0,0.0,0.07473,9207,3315,0.36005,14280,987.5,529.9,1609.3,204.6,10.48,0.0,0.0171,0.3305,0.5011,0.1513,0.0001,0.0,0.1143,0.1746,0.212,0.1556,0.0927,0.0668,0.0886,0.0954,0.0576,0.2507,0.9778,0.9962,appenninico,0.954,0.9504,True
04195_01435,41.95,14.35,41.9,14.3,1.0,0.49984,0.0,0.00054,0.05724,0.0,0.0,0.05463,9207,4607,0.50038,14280,659.3,250.9,1350.6,232.0,12.82,0.0588,0.3688,0.4473,0.0963,0.0289,0.0,0.0,0.1106,0.1548,0.1603,0.09,0.0464,0.0491,0.2215,0.1672,0.2036,-0.0398,0.9637,0.9999,appenninico,0.7818,0.7817,True
04195_01445,41.95,14.45,41.9,14.4,1.0,0.27818,0.00228,0.0,0.05212,0.0,0.0,0.07079,9210,2583,0.28046,14280,673.7,311.7,1360.9,232.0,11.47,0.0,0.4668,0.3641,0.137,0.0321,0.0,0.0,0.1376,0.1544,0.2951,0.1029,0.0372,0.0411,0.0784,0.1534,0.2179,0.2662,0.9762,0.998,appenninico,0.7903,0.7887,True
04195_01455,41.95,14.55,41.9,14.5,1.0,0.3624,0.0,0.01281,0.0,0.0,0.0,0.02726,9208,3455,0.37521,14280,492.5,181.3,896.7,137.4,11.17,0.087,0.7081,0.2048,0.0,0.0,0.0,0.0,0.1086,0.1368,0.1575,0.1461,0.1293,0.1183,0.1083,0.0951,-0.0401,0.1023,0.9693,0.9983,mediterraneo,0.8341,0.8327,True
04195_01465,41.95,14.65,41.9,14.6,1.0,0.27258,0.00315,0.01433,0.0,0.0,0.0,0.02812,9212,2672,0.29006,14280,305.7,57.2,699.1,133.4,10.46,0.4973,0.4842,0.0184,0.0,0.0,0.0,0.0,0.1127,0.1142,0.1679,0.1492,0.1154,0.1179,0.1042,0.1185,-0.0314,0.083,0.9416,0.9948,mediterraneo,0.7016,0.698,True
04195_01595,41.95,15.95,41.9,15.9,0.376,0.00792,0.06253,0.05525,0.0,0.0,0.00803,0.0,9212,1158,0.1257,14280,69.7,0.0,432.0,112.8,3.64,0.9254,0.0746,0.0,0.0,0.0,0.0,0.0,0.2753,0.2256,0.1067,0.0144,0.0127,0.0468,0.1535,0.1652,0.5107,-0.0361,0.3651,0.8537,mediterraneo,0.5724,0.4887,True
04195_01605,41.95,16.05,41.9,16.0,0.4435,0.0,0.16918,0.00423,0.0,0.0,0.00022,0.01455,9209,1597,0.17341,14280,49.2,0.0,303.7,73.7,3.59,0.9996,0.0004,0.0,0.0,0.0,0.0,0.0,0.1746,0.2081,0.1692,0.0721,0.0545,0.0734,0.1334,0.1146,0.2473,0.1045,0.3738,0.7549,mediterraneo,0.5501,0.4153,True
04205_01195,42.05,11.95,42.0,11.9,0.8041,0.30554,0.0,0.0,0.02772,0.0,0.01685,0.09674,9200,2811,0.30554,14280,129.8,0.0,524.2,124.1,6.14,0.8982,0.1018,0.0,0.0,0.0,0.0,0.0,0.0311,0.0473,0.1284,0.1545,0.1752,0.1763,0.2064,0.081,-0.2966,-0.1206,0.6061,1.0,mediterraneo,0.5805,0.5805,True
04205_01205,42.05,12.05,42.0,12.0,1.0,0.34102,0.0,0.0,0.00304,0.0,0.00565,0.0936,9199,3137,0.34102,14520,192.9,4.7,491.0,114.4,5.88,0.8443,0.1557,0.0,0.0,0.0,0.0,0.0,0.0667,0.0773,0.1373,0.1544,0.1876,0.1615,0.1357,0.0795,-0.238,-0.0082,0.6528,1.0,mediterraneo,0.5967,0.5967,True
04205_01215,42.05,12.15,42.0,12.1,1.0,0.22338,0.0,0.0,0.02784,0.0,0.01729,0.01218,9195,2054,0.22338,14280,211.5,37.4,414.8,61.7,4.09,0.9425,0.0575,0.0,0.0,0.0,0.0,0.0,0.0247,0.0744,0.1946,0.1796,0.1116,0.1371,0.2173,0.0608,-0.2199,0.0198,0.5359,1.0,mediterraneo,0.5672,0.5672,True
04205_01275,42.05,12.75,42.0,12.7,1.0,0.12599,0.0,0.0,0.0,0.0,0.0,0.01544,9199,1159,0.12599,14400,225.5,74.0,1123.9,144.0,7.75,0.8373,0.1256,0.0303,0.0068,0.0,0.0,0.0,0.092,0.0645,0.0789,0.0951,0.0872,0.2137,0.2553,0.1134,-0.0833,-0.3094,0.8036,1.0,mediterraneo,0.5986,0.5986,True
04205_01285,42.05,12.85,42.0,12.8,1.0,0.68968,0.0,0.00304,0.00381,0.0,0.0,0.08644,9197,6371,0.69272,14400,725.8,162.7,1353.9,253.8,16.24,0.0453,0.2841,0.3809,0.2799,0.0098,0.0,0.0,0.0796,0.0741,0.1432,0.1651,0.1481,0.1726,0.1174,0.0999,-0.1891,0.003,0.9758,0.9998,appenninico,0.8319,0.8317,True
04205_01295,42.05,12.95,42.0,12.9,1.0,0.41626,0.00261,0.00402,0.0,0.0,0.0,0.26747,9201,3891,0.42289,14400,609.7,274.4,1123.9,191.5,13.84,0.0103,0.4885,0.4253,0.0758,0.0,0.0,0.0,0.0963,0.1276,0.1334,0.0866,0.1259,0.1685,0.1614,0.1002,-0.0507,-0.0645,0.9534,0.998,appenninico,0.7755,0.7739,True
04205_01305,42.05,13.05,42.0,13.0,1.0,0.45387,0.0,0.00925,0.02589,0.0,0.0,0.0532,9192,4257,0.46312,14400,686.5,319.9,1366.3,190.4,9.55,0.0,0.2542,0.6189,0.1144,0.0125,0.0,0.0,0.1223,0.1394,0.1121,0.0719,0.0759,0.1385,0.205,0.1349,0.0908,-0.1418,0.7043,0.999,appenninico,0.8655,0.8646,True
04205_01315,42.05,13.15,42.0,13.1,1.0,0.71587,0.00467,0.0,0.16239,0.0,0.0,0.06424,9200,6629,0.72054,14400,1251.3,623.8,1808.0,265.9,17.43,0.0,0.0,0.1333,0.2638,0.5313,0.0716,0.0,0.2306,0.1683,0.0358,0.018,0.0869,0.2717,0.1025,0.0862,0.1231,-0.1929,0.9739,0.9984,appenninico,0.8635,0.8621,True
04205_01325,42.05,13.25,42.0,13.2,1.0,0.24902,0.00359,0.00664,0.16166,0.0,0.0,0.22737,9192,2383,0.25925,14400,1047.2,711.7,1642.5,254.3,11.61,0.0,0.0,0.3483,0.3477,0.3024,0.0015,0.0,0.1079,0.3339,0.1376,0.0568,0.0836,0.16,0.0758,0.0444,0.1423,0.1953,0.8702,0.9953,appenninico,0.9361,0.9317,True
04205_01375,42.05,13.75,42.0,13.7,1.0,0.1379,0.0261,0.01566,0.2509,0.0,0.0,0.17303,9195,1652,0.17966,14400,1013.1,445.9,1638.8,224.0,14.56,0.0,0.021,0.3462,0.3969,0.2344,0.0014,0.0,0.1084,0.2369,0.1589,0.0538,0.0541,0.1225,0.1657,0.0997,0.1698,0.0457,0.962,0.9593,appenninico,0.938,0.8998,True
04205_01385,42.05,13.85,42.0,13.8,1.0,0.06614,0.06614,0.0025,0.16242,0.0,0.0,0.1547,9192,1239,0.13478,14400,602.0,287.2,1401.7,275.1,11.35,0.0064,0.6082,0.2185,0.1138,0.0531,0.0,0.0,0.178,0.2012,0.1815,0.1121,0.0589,0.0363,0.0533,0.1787,0.2887,0.2078,0.7375,0.8764,appenninico,0.733,0.6424,True
04205_01395,42.05,13.95,42.0,13.9,1.0,0.05623,0.04633,0.04318,0.03209,0.0,0.0,0.22515,9194,1340,0.14574,14400,697.5,328.1,1953.6,397.5,11.7,0.0,0.5767,0.2308,0.066,0.0533,0.0733,0.0,0.1074,0.1612,0.0391,0.0245,0.0938,0.2887,0.2159,0.0694,-0.0484,-0.3092,0.6834,0.9057,appenninico,0.6986,0.6327,True
04205_01405,42.05,14.05,42.0,14.0,1.0,0.33815,0.01142,0.07187,0.11689,0.04621,0.0,0.10503,9197,3876,0.42144,14400,1503.9,592.7,2783.0,520.2,17.83,0.0,0.0001,0.082,0.261,0.3099,0.1445,0.2024,0.0539,0.1022,0.0541,0.0391,0.1071,0.223,0.3223,0.0984,-0.1094,-0.405,0.9715,0.9847,appenninico,0.6498,0.6399,True
04205_01415,42.05,14.15,42.0,14.1,1.0,0.16687,0.00892,0.02371,0.10726,0.01838,0.0,0.08691,9193,1834,0.1995,14400,1544.6,355.1,2649.6,660.0,21.88,0.0,0.1047,0.1368,0.0815,0.1788,0.186,0.3122,0.0684,0.107,0.2407,0.3539,0.1244,0.0464,0.0113,0.0479,-0.221,0.5084,0.9895,0.9829,appenninico,0.4883,0.48,True
04205_01435,42.05,14.35,42.0,14.3,1.0,0.34087,0.0,0.00576,0.01022,0.0,0.0,0.00859,9197,3188,0.34663,14400,409.9,106.5,1009.8,184.2,10.94,0.3249,0.5108,0.1526,0.0117,0.0,0.0,0.0,0.0762,0.1544,0.1727,0.0955,0.044,0.073,0.2507,0.1336,0.1198,-0.0448,0.9353,0.9992,mediterraneo,0.7572,0.7566,True
04205_01445,42.05,14.45,42.0,14.4,1.0,0.11202,0.00359,0.0,0.0,0.0,0.0,0.05177,9195,1063,0.11561,14400,411.9,151.3,876.5,145.5,9.0,0.2445,0.6284,0.1271,0.0,0.0,0.0,0.0,0.1551,0.1757,0.1924,0.1285,0.0905,0.0535,0.075,0.1294,0.154,0.2072,0.9515,0.9922,mediterraneo,0.783,0.7769,True
04205_01455,42.05,14.55,42.0,14.5,1.0,0.10799,0.0,0.0,0.0,0.0,0.0,0.05372,9195,993,0.10799,14400,278.6,106.2,640.5,99.8,8.33,0.6587,0.3392,0.0022,0.0,0.0,0.0,0.0,0.1857,0.1513,0.1462,0.123,0.083,0.0749,0.0755,0.1605,0.189,0.0939,0.8974,1.0,mediterraneo,0.6526,0.6526,True
04215_01185,42.15,11.85,42.1,11.8,1.0,0.24513,0.0,0.0,0.01906,0.0,0.00849,0.07394,9183,2251,0.24513,14400,195.5,7.9,541.9,114.4,7.69,0.7855,0.2145,0.0,0.0,0.0,0.0,0.0,0.1308,0.0859,0.0539,0.0646,0.0981,0.1771,0.2204,0.1693,0.0422,-0.3126,0.8258,1.0,mediterraneo,0.6144,0.6144,True
04215_01195,42.15,11.95,42.1,11.9,1.0,0.44011,0.0,0.0,0.01417,0.0,0.00589,0.16469,9175,4038,0.44011,14400,322.3,75.1,634.6,114.3,9.56,0.4176,0.5782,0.0042,0.0,0.0,0.0,0.0,0.126,0.1587,0.147,0.1434,0.1321,0.0913,0.0948,0.1066,0.0174,0.1255,0.946,1.0,mediterraneo,0.7249,0.7249,True
04215_01205,42.15,12.05,42.1,12.0,1.0,0.48109,0.0,0.0,0.01417,0.0,0.0,0.13711,9175,4414,0.48109,14520,292.3,102.9,590.2,93.4,8.13,0.5962,0.4038,0.0,0.0,0.0,0.0,0.0,0.0876,0.1017,0.1247,0.0994,0.1139,0.1712,0.1682,0.1333,-0.0519,-0.1224,0.8603,1.0,mediterraneo,0.6711,0.6711,True
04215_01215,42.15,12.15,42.1,12.1,1.0,0.41356,0.0,0.0,0.0,0.0,0.0,0.0209,9186,3799,0.41356,14280,362.9,160.0,607.1,97.5,5.29,0.1964,0.8034,0.0002,0.0,0.0,0.0,0.0,0.0763,0.1116,0.1545,0.1795,0.131,0.108,0.1185,0.1206,-0.0965,0.0798,0.6433,1.0,mediterraneo,0.7911,0.7911,True
04215_01225,42.15,12.25,42.1,12.2,1.0,0.14076,0.0,0.0,0.0,0.0,0.0,0.00708,9179,1292,0.14076,14400,243.2,160.0,600.9,102.3,3.59,0.7023,0.2976,0.0001,0.0,0.0,0.0,0.0,0.0542,0.077,0.1445,0.1561,0.1844,0.1852,0.128,0.0705,-0.2714,0.0014,0.4176,1.0,mediterraneo,0.6393,0.6393,True
04215_01235,42.15,12.35,42.1,12.3,1.0,0.10181,0.0,0.0024,0.0,0.0,0.0,0.00011,9184,957,0.10421,14400,238.2,138.6,427.9,39.9,3.99,0.919,0.081,0.0,0.0,0.0,0.0,0.0,0.1394,0.1036,0.1342,0.1467,0.0927,0.1179,0.1306,0.1349,0.0305,0.0015,0.4942,0.9988,mediterraneo,0.5743,0.5736,True
04215_01245,42.15,12.45,42.1,12.4,1.0,0.15675,0.0,0.0,0.01373,0.0,0.0,0.01176,9180,1439,0.15675,14400,250.4,114.5,389.8,42.1,5.36,0.8738,0.1262,0.0,0.0,0.0,0.0,0.0,0.0786,0.1354,0.1895,0.1116,0.0792,0.0891,0.1943,0.1223,0.0404,0.0224,0.7668,1.0,mediterraneo,0.5879,0.5879,True
04215_01255,42.15,12.55,42.1,12.5,1.0,0.16472,0.0,0.0,0.0,0.0,0.0,0.01819,9179,1512,0.16472,14520,139.8,22.0,289.0,59.9,6.08,1.0,0.0,0.0,0.0,0.0,0.0,0.0,0.0602,0.1434,0.2126,0.1364,0.1193,0.1548,0.1035,0.0697,-0.1165,0.1543,0.7272,1.0,mediterraneo,0.55,0.55,True
04215_01285,42.15,12.85,42.1,12.8,1.0,0.50349,0.0,0.0,0.00229,0.0,0.0,0.04543,9178,4621,0.50349,14400,654.5,252.3,1359.9,240.0,13.78,0.0132,0.4749,0.3268,0.1723,0.0128,0.0,0.0,0.129,0.1621,0.0616,0.0388,0.0705,0.1483,0.2401,0.1497,0.1494,-0.2567,0.9466,1.0,appenninico,0.7819,0.7819,True
04215_01295,42.15,12.95,42.1,12.9,1.0,0.47398,0.01557,0.00664,0.0,0.0,0.0,0.21304,9186,4558,0.49619,14400,830.2,472.4,1226.9,136.0,12.8,0.0,0.0317,0.6557,0.3108,0.0019,0.0,0.0,0.0767,0.1593,0.1758,0.1087,0.1015,0.142,0.1352,0.1009,-0.0177,0.0601,0.9356,0.9915,appenninico,0.9544,0.9463,True
04215_01305,42.15,13.05,42.1,13.0,1.0,0.74771,0.0,0.00577,0.0,0.0,0.0,0.06961,9180,6917,0.75348,14400,817.8,531.0,1424.9,175.5,13.03,0.0,0.1083,0.5799,0.2878,0.024,0.0,0.0,0.0745,0.1219,0.1603,0.1045,0.1233,0.1929,0.1425,0.08,-0.1127,-0.0211,0.9369,0.9996,appenninico,0.9241,0.9237,True
04215_01315,42.15,13.15,42.1,13.1,1.0,0.7951,0.0,0.0,0.0,0.0,0.0,0.06801,9175,7295,0.7951,14400,933.0,621.4,1366.7,147.8,13.79,0.0,0.0,0.4129,0.5166,0.0705,0.0,0.0,0.1347,0.1621,0.1307,0.07,0.0881,0.1976,0.1311,0.0858,0.036,-0.0352,0.9644,1.0,appenninico,0.9688,0.9688,True
04215_01325,42.15,13.25,42.1,13.2,1.0,0.39323,0.0,0.00871,0.0538,0.0,0.0,0.093,9183,3691,0.40194,14400,884.3,633.9,1594.8,159.7,12.51,0.0,0.0,0.6359,0.3092,0.0549,0.0,0.0,0.1116,0.1883,0.0903,0.0678,0.1101,0.2193,0.1365,0.0762,-0.0212,-0.0692,0.8494,0.9989,appenninico,0.96,0.9589,True
04215_01335,42.15,13.35,42.1,13.3,1.0,0.20314,0.02091,0.00937,0.07995,0.00915,0.0,0.14791,9181,2143,0.23342,14400,1415.8,691.2,2468.1,478.3,18.34,0.0,0.0,0.1519,0.2986,0.1333,0.2825,0.1336,0.1,0.0838,0.0561,0.07,0.1831,0.3015,0.1233,0.0821,-0.2322,-0.2314,0.9673,0.9756,appenninico,0.6436,0.6279,True
04215_01345,42.15,13.45,42.1,13.4,1.0,0.20747,0.00632,0.0073,0.17676,0.16315,0.0,0.04051,9182,2030,0.22109,14400,1609.0,830.5,2312.1,338.9,18.09,0.0,0.0,0.0094,0.1751,0.2598,0.447,0.1086,0.096,0.1276,0.1219,0.1697,0.2272,0.1477,0.0519,0.058,-0.2304,0.1333,0.9532,0.9912,appenninico,0.5411,0.5363,True
04215_01355,42.15,13.55,42.1,13.5,1.0,0.27912,0.05545,0.01917,0.32607,0.0,0.0,0.10339,9179,3247,0.35374,14400,1478.8,896.9,2243.0,243.7,15.22,0.0,0.0,0.0001,0.0994,0.6151,0.2584,0.0271,0.1099,0.1406,0.1079,0.0939,0.1172,0.2417,0.1409,0.048,-0.1104,-0.0755,0.8931,0.9581,appenninico,0.7004,0.6711,True
04215_01365,42.15,13.65,42.1,13.6,1.0,0.38928,0.01329,0.0,0.31783,0.0,0.0,0.1172,9181,3696,0.40257,14400,1229.5,479.3,2326.0,441.0,16.39,0.0,0.0468,0.2091,0.278,0.2333,0.1766,0.0562,0.1172,0.2994,0.1237,0.1026,0.133,0.137,0.0435,0.0436,0.0547,0.2453,0.9719,0.9917,appenninico,0.7571,0.7508,True
04215_01375,42.15,13.75,42.1,13.7,1.0,0.25637,0.04509,0.02363,0.12721,0.0,0.0,0.26977,9182,2985,0.32509,14400,737.1,300.8,1245.6,200.5,15.22,0.0,0.3292,0.4301,0.2366,0.0041,0.0,0.0,0.0665,0.2223,0.1565,0.0854,0.0843,0.2309,0.1101,0.0441,-0.0526,0.0733,0.9445,0.9617,appenninico,0.8462,0.8138,True
04215_01385,42.15,13.85,42.1,13.8,1.0,0.17529,0.10158,0.05422,0.05988,0.0,0.0,0.13936,9185,3041,0.33109,14400,504.8,220.4,1705.0,280.2,12.96,0.2368,0.4883,0.1731,0.0649,0.035,0.0019,0.0,0.1084,0.1196,0.1318,0.0847,0.0855,0.2037,0.1567,0.1095,-0.0253,-0.1074,0.7843,0.9151,mediterraneo,0.7489,0.6853,True
04215_01395,42.15,13.95,42.1,13.9,1.0,0.32908,0.05305,0.05621,0.04575,0.0,0.0,0.26024,9180,4024,0.43834,14400,974.7,263.0,2050.3,475.3,17.31,0.0033,0.2739,0.2581,0.1509,0.1638,0.1478,0.0022,0.1608,0.3209,0.0883,0.0126,0.0394,0.1863,0.1145,0.0773,0.2686,0.024,0.9896,0.9633,appenninico,0.7449,0.7176,True
04215_01405,42.15,14.05,42.1,14.0,1.0,0.33678,0.01133,0.01111,0.2275,0.05611,0.0,0.11571,9178,3297,0.35922,14400,1132.4,456.8,2653.8,430.0,17.38,0.0,0.021,0.3485,0.2835,0.2176,0.072,0.0574,0.1562,0.151,0.029,0.0098,0.0387,0.125,0.2688,0.2215,0.2965,-0.3808,0.9822,0.9906,appenninico,0.8349,0.8271,True
04215_01415,42.15,14.15,42.1,14.1,1.0,0.42229,0.05588,0.03943,0.09019,0.14639,0.0,0.03562,9181,4752,0.5176,14400,1406.1,415.8,2723.8,533.4,24.95,0.0,0.0652,0.1317,0.1889,0.2405,0.2351,0.1386,0.2029,0.2325,0.1747,0.1171,0.0682,0.0312,0.0532,0.1201,0.2857,0.2706,0.9951,0.9692,appenninico,0.6309,0.6115,True
04215_01425,42.15,14.25,42.1,14.2,1.0,0.13821,0.0,0.0,0.0,0.0,0.0,0.06567,9182,1269,0.13821,14400,372.5,149.2,1143.4,119.2,10.3,0.2769,0.6856,0.0335,0.004,0.0,0.0,0.0,0.1332,0.1928,0.1618,0.1522,0.1472,0.0974,0.0459,0.0697,-0.0047,0.2414,0.9466,1.0,mediterraneo,0.7676,0.7676,True
04225_01185,42.25,11.85,42.2,11.8,1.0,0.17263,0.0,0.0,0.0,0.0,0.0,0.01037,9164,1582,0.17263,14520,128.6,8.1,335.1,67.4,5.68,0.9912,0.0088,0.0,0.0,0.0,0.0,0.0,0.1009,0.0955,0.1106,0.0828,0.1177,0.1413,0.1847,0.1665,0.0082,-0.1693,0.7543,1.0,mediterraneo,0.5526,0.5526,True
04225_01195,42.25,11.95,42.2,11.9,1.0,0.24951,0.0,0.00338,0.0,0.0,0.0,0.23022,9174,2320,0.25289,14520,188.8,37.2,399.9,56.0,5.67,0.9748,0.0252,0.0,0.0,0.0,0.0,0.0,0.1121,0.1256,0.1294,0.1092,0.1114,0.1403,0.1463,0.1256,-0.0,-0.0365,0.6954,0.9993,mediterraneo,0.5576,0.5572,True
04225_01205,42.25,12.05,42.2,12.0,1.0,0.29938,0.0,0.0,0.0,0.0,0.0,0.10034,9169,2745,0.29938,14641,331.5,135.1,612.7,84.0,5.75,0.3681,0.6314,0.0005,0.0,0.0,0.0,0.0,0.1313,0.0964,0.0569,0.0651,0.1164,0.1771,0.1893,0.1675,0.028,-0.2664,0.7463,1.0,mediterraneo,0.7396,0.7396,True
04225_01215,42.25,12.15,42.2,12.1,1.0,0.22142,0.0,0.0,0.0,0.0,0.0,0.03079,9159,2028,0.22142,14399,435.7,288.7,668.4,67.6,3.88,0.0008,0.9683,0.0309,0.0,0.0,0.0,0.0,0.1029,0.1194,0.1026,0.1855,0.178,0.1722,0.0771,0.0623,-0.21,0.0774,0.5786,1.0,mediterraneo,0.8513,0.8513,True
04225_01235,42.25,12.35,42.2,12.3,1.0,0.19718,0.0,0.0,0.0,0.0,0.0,0.00273,9164,1807,0.19718,14520,216.9,76.6,289.0,29.3,2.97,1.0,0.0,0.0,0.0,0.0,0.0,0.0,0.1381,0.0899,0.1388,0.2154,0.1345,0.0429,0.061,0.1795,0.0102,0.1391,0.2858,1.0,mediterraneo,0.55,0.55,True
04225_01245,42.25,12.45,42.2,12.4,1.0,0.2383,0.0,0.0,0.0,0.0,0.0,0.00295,9165,2184,0.2383,14520,176.8,31.0,604.3,57.2,6.16,0.9875,0.0125,0.0001,0.0,0.0,0.0,0.0,0.0837,0.1724,0.1593,0.0784,0.0528,0.1392,0.2029,0.1113,0.0805,-0.0474,0.6935,1.0,mediterraneo,0.5538,0.5538,True
04225_01255,42.25,12.55,42.2,12.5,1.0,0.20554,0.0,0.0,0.0,0.0,0.0,0.006,9171,1885,0.20554,14641,145.7,29.5,671.3,91.8,6.9,0.9646,0.0329,0.0026,0.0,0.0,0.0,0.0,0.1147,0.181,0.1447,0.0857,0.1163,0.1413,0.1284,0.0878,0.0242,0.0459,0.7062,1.0,mediterraneo,0.5608,0.5608,True
04225_01275,42.25,12.75,42.2,12.7,1.0,0.3517,0.0,0.0,0.00251,0.0,0.0,0.02553,9164,3223,0.3517,14520,403.1,91.0,955.9,183.8,12.48,0.3337,0.508,0.1535,0.0048,0.0,0.0,0.0,0.1018,0.0876,0.0768,0.1321,0.1881,0.1729,0.1361,0.1047,-0.1675,-0.1032,0.9556,1.0,mediterraneo,0.7564,0.7564,True
04225_01285,42.25,12.85,42.2,12.8,1.0,0.47383,0.0,0.0,0.00087,0.0,0.0,0.02116,9170,4345,0.47383,14520,522.7,244.5,863.9,113.5,10.88,0.0125,0.7191,0.2685,0.0,0.0,0.0,0.0,0.1037,0.0793,0.0799,0.1273,0.1294,0.1773,0.1847,0.1183,-0.1045,-0.1716,0.9219,1.0,mediterraneo,0.8598,0.8598,True
04225_01295,42.25,12.95,42.2,12.9,1.0,0.5479,0.00873,0.0,0.0,0.0,0.0,0.08828,9164,5101,0.55663,14520,760.0,413.5,1468.0,200.4,14.34,0.0,0.2661,0.4977,0.2076,0.0286,0.0,0.0,0.0938,0.1171,0.1314,0.0828,0.0747,0.1419,0.2235,0.1347,0.0382,-0.1515,0.9437,0.9961,appenninico,0.8644,0.861,True
04225_01305,42.25,13.05,42.2,13.0,1.0,0.74435,0.0,0.0,0.00415,0.0,0.0,0.04354,9165,6822,0.74435,14520,793.3,441.0,1500.8,205.1,15.89,0.0,0.1833,0.5233,0.2537,0.0396,0.0,0.0,0.1011,0.1243,0.1559,0.1338,0.0877,0.1281,0.1594,0.1096,-0.0066,0.0136,0.9532,1.0,appenninico,0.8945,0.8945,True
04225_01315,42.25,13.15,42.2,13.1,1.0,0.59084,0.03293,0.01439,0.02279,0.0,0.0,0.06674,9170,5852,0.63816,14520,903.1,523.0,1595.3,239.0,13.35,0.0,0.0367,0.586,0.2028,0.1745,0.0,0.0,0.109,0.1216,0.0735,0.1041,0.1714,0.179,0.1368,0.1045,-0.1103,-0.1013,0.9606,0.986,appenninico,0.9298,0.9168,True
04225_01325,42.25,13.25,42.2,13.2,1.0,0.53327,0.00316,0.02421,0.13809,0.01167,0.0,0.04232,9168,5140,0.56064,14520,1271.5,649.3,1987.8,279.3,16.28,0.0,0.0,0.118,0.2815,0.4646,0.136,0.0,0.0826,0.1526,0.0885,0.0711,0.1073,0.2089,0.198,0.0911,-0.0509,-0.173,0.9629,0.9964,appenninico,0.8293,0.8263,True
04225_01335,42.25,13.35,42.2,13.3,1.0,0.46229,0.0,0.0,0.25019,0.0,0.0,0.08263,9161,4235,0.46229,14520,1489.1,792.4,2161.7,279.0,17.58,0.0,0.0,0.0213,0.1556,0.4361,0.3733,0.0137,0.1559,0.2619,0.0495,0.0169,0.0578,0.1676,0.1931,0.0973,0.2236,-0.1374,0.9817,1.0,appenninico,0.6588,0.6588,True
04225_01345,42.25,13.45,42.2,13.4,1.0,0.20781,0.02411,0.02258,0.28504,0.00415,0.0,0.17356,9167,2333,0.2545,14520,1489.4,565.8,2198.5,367.7,15.25,0.0,0.0143,0.1,0.0911,0.3736,0.3562,0.0648,0.2146,0.3231,0.1271,0.0357,0.0575,0.1146,0.0539,0.0734,0.3391,0.2034,0.9014,0.9719,appenninico,0.6204,0.603,True
04225_01355,42.25,13.55,42.2,13.5,1.0,0.3483,0.0,0.01548,0.10346,0.0,0.0,0.1088,9173,3337,0.36378,14520,938.8,528.2,1508.5,302.6,9.81,0.0,0.1758,0.3568,0.1276,0.3397,0.0,0.0,0.1095,0.3355,0.0852,0.0425,0.0901,0.1838,0.0946,0.0588,0.1436,0.0814,0.7406,0.9979,appenninico,0.8608,0.859,True
04225_01365,42.25,13.65,42.2,13.6,1.0,0.17883,0.04157,0.03753,0.1078,0.0,0.0,0.26754,9165,2364,0.25793,14520,875.9,492.4,1293.5,155.1,11.3,0.0,0.0621,0.5112,0.4191,0.0076,0.0,0.0,0.1271,0.2322,0.0556,0.0404,0.1376,0.2876,0.0749,0.0446,-0.0441,-0.0629,0.8291,0.9524,appenninico,0.9485,0.9034,True
04225_01375,42.25,13.75,42.2,13.7,1.0,0.08989,0.00971,0.05956,0.20247,0.0,0.0,0.25134,9167,1459,0.15916,14520,673.8,326.0,1241.1,216.0,10.32,0.0,0.3533,0.5126,0.1312,0.0029,0.0,0.0,0.1387,0.2632,0.1711,0.0743,0.0765,0.1145,0.0853,0.0765,0.1715,0.197,0.7953,0.966,appenninico,0.8326,0.8043,True
04225_01385,42.25,13.85,42.2,13.8,1.0,0.30689,0.05391,0.01855,0.02466,0.0,0.0,0.16468,9163,3476,0.37935,14520,627.5,187.8,1423.6,248.2,16.12,0.0414,0.4738,0.3311,0.1319,0.0218,0.0,0.0,0.0816,0.1263,0.2406,0.1359,0.0715,0.1269,0.1701,0.0473,-0.0581,0.1362,0.9789,0.962,appenninico,0.7596,0.7307,True
04225_01395,42.25,13.95,42.2,13.9,1.0,0.08932,0.02334,0.0,0.0,0.0,0.0,0.02127,9169,1033,0.11266,14520,294.0,92.3,655.4,104.9,8.1,0.5564,0.4402,0.0034,0.0,0.0,0.0,0.0,0.1546,0.1425,0.1154,0.1344,0.0914,0.0629,0.1537,0.1452,0.136,0.012,0.8744,0.9482,mediterraneo,0.6832,0.6478,True
04225_01405,42.25,14.05,42.2,14.0,1.0,0.24098,0.01614,0.00164,0.02737,0.0,0.0,0.05332,9171,2373,0.25876,14520,381.5,64.8,1338.8,285.9,9.72,0.5467,0.2293,0.1529,0.0595,0.0116,0.0,0.0,0.2219,0.1613,0.0984,0.0411,0.0389,0.0681,0.1643,0.2061,0.3779,-0.1228,0.8842,0.9841,mediterraneo,0.6718,0.6611,True
04225_01415,42.25,14.15,42.2,14.1,1.0,0.18813,0.00033,0.01124,0.0,0.0,0.0,0.06155,9164,1830,0.1997,14520,361.7,98.2,1270.1,188.0,9.68,0.483,0.3853,0.1184,0.0129,0.0004,0.0,0.0,0.1668,0.1987,0.145,0.0986,0.056,0.0471,0.1049,0.1829,0.2825,0.0908,0.928,0.9968,mediterraneo,0.7076,0.7053,True
04235_01175,42.35,11.75,42.3,11.7,1.0,0.19253,0.00328,0.0119,0.0,0.0,0.0,0.0,9157,1902,0.20771,14400,111.8,31.1,212.5,34.2,3.69,1.0,0.0,0.0,0.0,0.0,0.0,0.0,0.0815,0.0705,0.1103,0.1347,0.0994,0.1103,0.2255,0.1678,-0.0211,-0.1705,0.5232,0.9932,mediterraneo,0.55,0.5463,True
04235_01195,42.35,11.95,42.3,11.9,1.0,0.20494,0.0,0.0,0.0482,0.0,0.0,0.06809,9149,1875,0.20494,14400,164.7,85.1,274.0,25.5,2.71,1.0,0.0,0.0,0.0,0.0,0.0,0.0,0.11,0.0992,0.1763,0.1301,0.089,0.0805,0.1353,0.1795,0.0669,0.0256,0.3458,1.0,mediterraneo,0.55,0.55,True
04235_01215,42.35,12.15,42.3,12.1,1.0,0.43158,0.04142,0.00634,0.0,0.0,0.0,0.00863,9150,4386,0.47934,14280,606.6,311.3,983.2,127.7,6.79,0.0,0.5497,0.4448,0.0055,0.0,0.0,0.0,0.0866,0.0689,0.0596,0.0428,0.0665,0.1383,0.322,0.2153,0.1019,-0.4476,0.7473,0.9777,appenninico,0.7579,0.741,True
04235_01225,42.35,12.25,42.3,12.2,1.0,0.18619,0.0,0.0,0.0,0.0,0.0,0.0,9152,1704,0.18619,14400,477.5,263.2,955.7,137.2,5.54,0.0448,0.7562,0.1966,0.0024,0.0,0.0,0.0,0.0715,0.1652,0.3015,0.2496,0.1146,0.0434,0.0305,0.0237,-0.1183,0.5287,0.7673,1.0,mediterraneo,0.8458,0.8458,True
04235_01235,42.35,12.35,42.3,12.3,1.0,0.10702,0.0,0.0,0.0,0.0,0.0,0.0,9148,979,0.10702,14400,222.9,94.1,338.3,43.7,2.27,0.9529,0.0471,0.0,0.0,0.0,0.0,0.0,0.1096,0.225,0.1429,0.1601,0.2154,0.1163,0.0144,0.0163,-0.1401,0.3214,0.2173,1.0,mediterraneo,0.5641,0.5641,True
04235_01245,42.35,12.45,42.3,12.4,1.0,0.1045,0.0,0.0,0.0,0.0,0.0,0.0,9158,957,0.1045,14400,101.4,31.0,249.9,45.3,4.6,1.0,0.0,0.0,0.0,0.0,0.0,0.0,0.1031,0.116,0.1424,0.1398,0.1162,0.1391,0.1317,0.1118,-0.0475,0.0177,0.4863,1.0,mediterraneo,0.55,0.55,True
04235_01255,42.35,12.55,42.3,12.5,1.0,0.1454,0.0,0.0,0.0,0.0,0.0,0.00262,9147,1330,0.1454,14520,183.7,40.9,665.1,94.0,8.98,0.9264,0.0689,0.0046,0.0,0.0,0.0,0.0,0.096,0.041,0.1001,0.1511,0.1485,0.1453,0.1808,0.1372,-0.1334,-0.148,0.8978,1.0,mediterraneo,0.5722,0.5722,True
04235_01265,42.35,12.65,42.3,12.6,1.0,0.36201,0.0,0.0,0.0,0.0,0.0,0.00918,9149,3312,0.36201,14280,349.8,114.7,1023.7,158.8,10.95,0.4568,0.4588,0.0798,0.0046,0.0,0.0,0.0,0.0499,0.0437,0.1037,0.1276,0.1062,0.1873,0.2509,0.1306,-0.1574,-0.2591,0.9327,1.0,mediterraneo,0.7158,0.7158,True
04235_01275,42.35,12.75,42.3,12.7,1.0,0.64992,0.01026,0.01878,0.00721,0.0,0.0,0.04575,9158,6218,0.67896,14400,769.6,381.5,1279.7,221.8,16.22,0.0,0.2722,0.4099,0.2981,0.0198,0.0,0.0,0.0986,0.1145,0.2038,0.1121,0.0844,0.1208,0.1598,0.106,0.0035,0.0448,0.9622,0.9948,appenninico,0.8677,0.8632,True
04235_01285,42.35,12.85,42.3,12.8,1.0,0.64317,0.00601,0.01158,0.00907,0.0,0.0,0.02721,9150,6046,0.66076,14400,600.6,379.7,902.0,142.4,13.61,0.0,0.4876,0.5123,0.0001,0.0,0.0,0.0,0.1203,0.1553,0.1768,0.068,0.0594,0.1407,0.1657,0.1138,0.1094,-0.012,0.8936,0.9968,appenninico,0.7793,0.7768,True
04235_01295,42.35,12.95,42.3,12.9,1.0,0.59144,0.00404,0.00404,0.01671,0.0,0.0,0.0296,9154,5488,0.59952,14400,627.5,391.4,1101.4,149.4,13.84,0.0,0.422,0.5551,0.0228,0.0,0.0,0.0,0.1149,0.1696,0.1282,0.0654,0.1337,0.1639,0.1175,0.1069,0.0154,-0.0142,0.9051,0.998,appenninico,0.8033,0.8017,True
04235_01305,42.35,13.05,42.3,13.0,1.0,0.65731,0.00688,0.01541,0.01191,0.01289,0.0,0.05661,9151,6219,0.6796,14400,1029.4,405.8,1880.9,385.0,15.75,0.0,0.1309,0.3076,0.2081,0.2539,0.0995,0.0,0.137,0.0604,0.0541,0.0991,0.104,0.1744,0.1952,0.1759,0.0002,-0.2873,0.964,0.9963,appenninico,0.8245,0.8214,True
04235_01315,42.35,13.15,42.3,13.1,1.0,0.52687,0.01747,0.02163,0.13226,0.00284,0.0,0.04391,9156,5182,0.56597,14400,1264.3,782.9,1887.5,185.4,13.77,0.0,0.0,0.0175,0.3276,0.6087,0.0462,0.0,0.1349,0.161,0.0841,0.1047,0.1548,0.1815,0.1125,0.0664,-0.0597,-0.0115,0.9124,0.9904,appenninico,0.8755,0.8671,True
04235_01325,42.35,13.25,42.3,13.2,1.0,0.41883,0.0,0.01137,0.08549,0.0,0.0,0.05433,9147,3935,0.4302,14400,1009.3,658.7,1886.0,269.6,13.53,0.0,0.0,0.4538,0.2588,0.274,0.0135,0.0,0.1091,0.2165,0.1856,0.1135,0.1225,0.112,0.0859,0.0549,0.0171,0.223,0.881,0.9987,appenninico,0.9269,0.9257,True
04235_01335,42.35,13.35,42.3,13.3,1.0,0.14016,0.06659,0.0,0.17171,0.0,0.0,0.08995,9161,1894,0.20675,14400,825.8,608.9,1499.7,182.1,9.46,0.0,0.0,0.7238,0.2274,0.0488,0.0,0.0,0.153,0.2257,0.0623,0.0516,0.0903,0.1919,0.1553,0.0699,0.1117,-0.0908,0.754,0.9195,appenninico,0.9565,0.8795,True
04235_01345,42.35,13.45,42.3,13.4,1.0,0.04602,0.04537,0.02088,0.10647,0.0,0.0,0.12079,9148,1027,0.11227,14400,753.1,569.2,1242.1,157.1,8.06,0.0,0.2,0.5899,0.2097,0.0005,0.0,0.0,0.0816,0.1505,0.0978,0.1379,0.1939,0.1952,0.0947,0.0484,-0.2164,0.0377,0.7062,0.8897,appenninico,0.8905,0.7923,True
04235_01355,42.35,13.55,42.3,13.5,1.0,0.03715,0.07638,0.01136,0.5106,0.0,0.0,0.10621,9152,1143,0.12489,14400,1084.2,566.4,1750.7,286.0,10.23,0.0,0.0436,0.2634,0.2891,0.3799,0.024,0.0,0.0532,0.0622,0.0534,0.0561,0.1791,0.3875,0.1484,0.0601,-0.3562,-0.3389,0.8981,0.8426,appenninico,0.8956,0.7546,True
04235_01375,42.35,13.75,42.3,13.7,1.0,0.23318,0.00623,0.00109,0.47128,0.0,0.0,0.13172,9156,2202,0.2405,14400,1176.4,356.4,1885.1,383.2,14.16,0.0,0.1089,0.1403,0.2386,0.3978,0.1144,0.0,0.0549,0.1352,0.1376,0.1422,0.1776,0.2729,0.0527,0.0268,-0.3088,0.0753,0.934,0.9933,appenninico,0.8097,0.8043,True
04235_01385,42.35,13.85,42.3,13.8,1.0,0.3585,0.00677,0.0,0.07616,0.0,0.0,0.13101,9152,3343,0.36527,14400,888.9,298.3,1789.4,381.4,15.54,0.0001,0.3158,0.2433,0.183,0.2301,0.0277,0.0,0.0897,0.1567,0.2642,0.1683,0.0907,0.0973,0.0619,0.0712,-0.0277,0.3229,0.9798,0.9954,appenninico,0.8075,0.8038,True
04245_01115,42.45,11.15,42.4,11.1,0.4837,0.13408,0.00941,0.0,0.0,0.0,0.09154,0.0,9144,1312,0.14349,14161,59.3,-1.5,538.6,109.2,4.34,0.9386,0.0614,0.0,0.0,0.0,0.0,0.0,0.1811,0.2357,0.163,0.0667,0.0291,0.0299,0.1412,0.1533,0.3644,0.1168,0.34,0.9836,mediterraneo,0.5684,0.5591,True
04245_01125,42.45,11.25,42.4,11.2,0.8669,0.10199,0.0528,0.01972,0.0,0.0,0.15535,0.0,9128,1593,0.17451,14280,48.8,-3.5,351.8,82.7,3.71,0.9845,0.0155,0.0,0.0,0.0,0.0,0.0,0.1208,0.0981,0.0891,0.0758,0.1043,0.2144,0.1756,0.1218,-0.0352,-0.2046,0.3426,0.9187,mediterraneo,0.5547,0.5096,True
04245_01135,42.45,11.35,42.4,11.3,0.9771,0.24331,0.0,0.00066,0.0,0.0,0.19314,0.0,9149,2232,0.24397,14280,60.3,-1.5,285.4,59.8,4.48,1.0,0.0,0.0,0.0,0.0,0.0,0.0,0.0899,0.1368,0.1789,0.1457,0.102,0.1448,0.1186,0.0832,-0.06,0.0985,0.4893,0.9999,mediterraneo,0.55,0.5499,True
04245_01145,42.45,11.45,42.4,11.4,1.0,0.26659,0.0,0.0,0.0,0.0,0.01807,0.0,9130,2434,0.26659,14280,92.3,1.5,424.0,65.1,3.86,0.9901,0.0099,0.0,0.0,0.0,0.0,0.0,0.0695,0.0982,0.1074,0.1144,0.1502,0.1939,0.1736,0.0928,-0.1683,-0.1194,0.4793,1.0,mediterraneo,0.553,0.553,True
04245_01155,42.45,11.55,42.4,11.5,1.0,0.2102,0.0,0.0,0.0,0.0,0.02803,0.00274,9134,1920,0.2102,14399,123.4,11.4,495.3,83.6,4.3,0.9598,0.0402,0.0,0.0,0.0,0.0,0.0,0.0407,0.0818,0.1433,0.1537,0.1312,0.2031,0.1799,0.0662,-0.2363,-0.0575,0.4721,1.0,mediterraneo,0.5621,0.5621,True
04245_01165,42.45,11.65,42.4,11.6,1.0,0.17024,0.0,0.0,0.0,0.0,0.0,0.02099,9146,1557,0.17024,14161,128.3,16.0,431.7,65.9,2.69,0.9864,0.0136,0.0,0.0,0.0,0.0,0.0,0.0262,0.0355,0.2146,0.1259,0.1049,0.2269,0.2023,0.0636,-0.2551,-0.078,0.2586,1.0,mediterraneo,0.5541,0.5541,True
04245_01175,42.45,11.75,42.4,11.7,1.0,0.16162,0.0,0.0,0.0,0.0,0.0,0.0081,9139,1477,0.16162,14280,199.9,70.9,431.1,73.4,3.65,0.9169,0.0831,0.0,0.0,0.0,0.0,0.0,0.0162,0.0394,0.1142,0.2653,0.1216,0.126,0.2135,0.1038,-0.2858,-0.0487,0.4585,1.0,mediterraneo,0.5749,0.5749,True
04245_01185,42.45,11.85,42.4,11.8,1.0,0.14839,0.00558,0.0,0.0,0.0,0.0,0.01116,9138,1407,0.15397,14280,236.9,103.3,414.0,68.0,3.18,0.7852,0.2148,0.0,0.0,0.0,0.0,0.0,0.0026,0.0143,0.1957,0.2837,0.095,0.1252,0.199,0.0845,-0.3174,0.0573,0.4004,0.9909,mediterraneo,0.6144,0.6088,True
04245_01215,42.45,12.15,42.4,12.1,1.0,0.1785,0.00197,0.0,0.0,0.0,0.0,0.00766,9143,1650,0.18047,14161,381.7,126.9,1038.1,131.6,5.46,0.2395,0.67,0.0866,0.0038,0.0,0.0,0.0,0.1662,0.165,0.1111,0.0533,0.0346,0.0775,0.1903,0.2019,0.3056,-0.1298,0.636,0.9973,mediterraneo,0.7814,0.7793,True
04245_01225,42.45,12.25,42.4,12.2,1.0,0.27702,0.0,0.0,0.0,0.0,0.0,0.00175,9133,2530,0.27702,14280,326.6,49.5,1076.1,158.7,5.92,0.4996,0.4341,0.0476,0.0187,0.0,0.0,0.0,0.1774,0.1885,0.2259,0.0889,0.0287,0.0291,0.0897,0.1718,0.3283,0.1915,0.5985,1.0,mediterraneo,0.6978,0.6978,True
04245_01235,42.45,12.35,42.4,12.3,1.0,0.21057,0.0,0.0,0.0,0.0,0.0,0.0,9142,1925,0.21057,14280,204.0,44.5,336.7,90.1,5.15,0.8943,0.1057,0.0,0.0,0.0,0.0,0.0,0.1396,0.1531,0.1463,0.1414,0.1203,0.1032,0.0771,0.1191,0.0422,0.1238,0.5869,1.0,mediterraneo,0.5817,0.5817,True
04245_01245,42.45,12.45,42.4,12.4,1.0,0.16181,0.0,0.0,0.0,0.0,0.00252,0.0,9134,1478,0.16181,14280,130.2,41.4,285.9,62.5,6.4,1.0,0.0,0.0,0.0,0.0,0.0,0.0,0.0806,0.0669,0.1238,0.177,0.127,0.1027,0.1445,0.1774,-0.075,-0.0434,0.7113,1.0,mediterraneo,0.55,0.55,True
04245_01255,42.45,12.55,42.4,12.5,1.0,0.47457,0.00842,0.05645,0.0,0.0,0.0,0.00941,9141,4931,0.53944,14399,378.8,80.9,1019.1,180.0,10.01,0.3793,0.5034,0.1104,0.0069,0.0,0.0,0.0,0.1051,0.0991,0.0618,0.066,0.1046,0.2321,0.1929,0.1383,-0.0395,-0.2857,0.9373,0.9909,mediterraneo,0.74,0.7333,True
04245_01265,42.45,12.65,42.4,12.6,1.0,0.51001,0.0081,0.02331,0.0,0.0,0.00963,0.0674,9139,4948,0.54142,14161,545.6,151.5,1154.9,242.2,13.43,0.1849,0.4051,0.3205,0.0895,0.0,0.0,0.0,0.082,0.1431,0.1104,0.0534,0.0777,0.1452,0.2513,0.1369,0.0654,-0.2062,0.9537,0.9941,mediterraneo,0.7882,0.7835,True
04245_01275,42.45,12.75,42.4,12.7,1.0,0.53742,0.00317,0.00383,0.02505,0.0,0.0,0.02954,9140,4976,0.54442,14280,672.7,368.0,1223.3,262.6,10.82,0.0,0.4744,0.2247,0.299,0.0019,0.0,0.0,0.0971,0.1678,0.2478,0.118,0.0911,0.1157,0.0959,0.0666,0.004,0.2288,0.7264,0.9982,appenninico,0.7987,0.7973,True
04245_01285,42.45,12.85,42.4,12.8,1.0,0.10312,0.0,0.0035,0.0,0.0,0.0,0.00296,9135,974,0.10662,14280,425.9,367.5,1039.5,88.9,3.94,0.0,0.945,0.0509,0.0041,0.0,0.0,0.0,0.0713,0.0261,0.0485,0.0908,0.1251,0.2237,0.2534,0.161,-0.1481,-0.4077,0.3593,0.9984,mediterraneo,0.8515,0.8501,True
04245_01295,42.45,12.95,42.4,12.9,1.0,0.65598,0.0,0.01849,0.0,0.0,0.0,0.02353,9139,6164,0.67447,14280,1090.2,435.2,2201.2,412.4,17.54,0.0,0.1445,0.2146,0.2504,0.2525,0.1268,0.0112,0.0558,0.0425,0.0505,0.1198,0.1529,0.2219,0.225,0.1317,-0.2203,-0.3208,0.9298,0.9986,appenninico,0.7939,0.7928,True
04245_01305,42.45,13.05,42.4,13.0,1.0,0.67239,0.01739,0.01542,0.02253,0.0,0.0,0.05688,9142,6447,0.7052,14280,1069.9,446.3,2099.5,390.5,23.18,0.0,0.0961,0.3214,0.2306,0.224,0.1269,0.001,0.0802,0.0982,0.1684,0.1876,0.1284,0.1102,0.1336,0.0935,-0.1289,0.0947,0.9879,0.9927,appenninico,0.8221,0.8161,True
04245_01315,42.45,13.15,42.4,13.1,1.0,0.47158,0.02574,0.00646,0.13054,0.0,0.0,0.05147,9131,4600,0.50378,14280,1249.6,611.8,1806.5,216.1,14.82,0.0,0.0,0.041,0.4099,0.4958,0.0534,0.0,0.1604,0.2028,0.1202,0.0602,0.1159,0.164,0.0932,0.0832,0.0905,0.0409,0.9179,0.9866,appenninico,0.8863,0.8744,True
04245_01325,42.45,13.25,42.4,13.2,1.0,0.30218,0.01203,0.02372,0.33793,0.0,0.0,0.0574,9147,3091,0.33793,14280,971.0,676.6,1486.6,170.1,12.66,0.0,0.0,0.3932,0.4822,0.1246,0.0,0.0,0.1249,0.1795,0.1438,0.108,0.1215,0.1626,0.092,0.0677,-0.0144,0.0962,0.8963,0.9876,appenninico,0.9616,0.9497,True
04245_01335,42.45,13.35,42.4,13.3,1.0,0.15332,0.05848,0.03822,0.40138,0.0,0.0,0.10536,9131,2283,0.25002,14280,1214.1,666.6,2121.4,279.3,13.83,0.0,0.0,0.1873,0.2427,0.5174,0.044,0.0086,0.0983,0.1073,0.0556,0.0817,0.1363,0.2263,0.179,0.1156,-0.1034,-0.2388,0.9251,0.9339,appenninico,0.8738,0.816,True
04245_01345,42.45,13.45,42.4,13.4,1.0,0.23042,0.03096,0.00449,0.48731,0.0,0.0,0.06302,9140,2430,0.26587,14280,1492.9,838.8,2607.8,347.2,18.19,0.0,0.0,0.0066,0.1884,0.4821,0.2146,0.1083,0.1453,0.1528,0.0969,0.0716,0.1975,0.1809,0.0643,0.0907,-0.0602,-0.0018,0.9747,0.97,appenninico,0.671,0.6509,True
04245_01355,42.45,13.55,42.4,13.5,1.0,0.17538,0.04179,0.00766,0.33895,0.0,0.0,0.03315,9140,2055,0.22483,14280,1736.9,800.6,2868.2,424.0,22.41,0.0,0.0,0.0143,0.1275,0.2213,0.3264,0.3106,0.1143,0.1319,0.1331,0.0752,0.1493,0.1462,0.1082,0.1418,0.0015,-0.0406,0.9941,0.9518,appenninico,0.4333,0.4124,True
04245_01365,42.45,13.65,42.4,13.6,1.0,0.29853,0.00821,0.00405,0.37021,0.00755,0.0,0.02648,9138,2840,0.31079,14280,1428.8,423.9,2539.5,516.7,17.65,0.0,0.0634,0.1905,0.0923,0.0967,0.4512,0.106,0.1764,0.22,0.1001,0.0603,0.1458,0.1072,0.0542,0.1359,0.1658,0.0753,0.92,0.9927,appenninico,0.531,0.5271,True
04245_01375,42.45,13.75,42.4,13.7,1.0,0.39573,0.01992,0.02375,0.14548,0.0,0.0,0.02518,9135,4014,0.4394,14280,1147.8,357.0,2544.0,519.8,17.05,0.0,0.181,0.2471,0.1183,0.2237,0.1764,0.0536,0.1522,0.2344,0.173,0.0913,0.0912,0.0605,0.0856,0.1118,0.2028,0.1985,0.947,0.986,appenninico,0.7058,0.6959,True
04245_01385,42.45,13.85,42.4,13.8,1.0,0.26463,0.01958,0.00799,0.0,0.0,0.0,0.0291,9141,2671,0.2922,14280,499.6,200.5,1320.4,187.8,11.83,0.0648,0.6864,0.2023,0.045,0.0015,0.0,0.0,0.1985,0.1867,0.1609,0.1453,0.0998,0.0495,0.0532,0.106,0.1713,0.243,0.9721,0.9819,mediterraneo,0.8285,0.8135,True
04255_01135,42.55,11.35,42.5,11.3,1.0,0.33779,0.0,0.0,0.0,0.0,0.00219,0.00153,9124,3082,0.33779,14400,68.4,8.3,239.3,41.7,3.88,1.0,0.0,0.0,0.0,0.0,0.0,0.0,0.0849,0.1131,0.1166,0.1178,0.1182,0.1563,0.1619,0.131,-0.0524,-0.0907,0.5103,1.0,mediterraneo,0.55,0.55,True
04255_01145,42.55,11.45,42.5,11.4,1.0,0.24172,0.0,0.0,0.0,0.0,0.00395,0.0,9118,2204,0.24172,14400,140.4,40.0,386.1,66.7,5.06,0.9662,0.0338,0.0,0.0,0.0,0.0,0.0,0.1054,0.0924,0.0881,0.1066,0.1075,0.1519,0.2049,0.1433,-0.0199,-0.1854,0.7072,1.0,mediterraneo,0.5601,0.5601,True
04255_01155,42.55,11.55,42.5,11.5,1.0,0.49666,0.0,0.0,0.0,0.0,0.0,0.00088,9129,4534,0.49666,14520,262.0,100.6,508.5,77.2,7.35,0.7021,0.2979,0.0,0.0,0.0,0.0,0.0,0.1099,0.1375,0.1321,0.1156,0.1312,0.1467,0.1215,0.1055,-0.0377,0.0125,0.8118,1.0,mediterraneo,0.6394,0.6394,True
04255_01165,42.55,11.65,42.5,11.6,1.0,0.34396,0.0,0.0,0.0,0.0,0.0,0.0,9129,3140,0.34396,14280,233.1,87.8,360.7,48.7,3.84,0.8932,0.1068,0.0,0.0,0.0,0.0,0.0,0.0864,0.0467,0.0536,0.1685,0.1326,0.1065,0.1653,0.2404,-0.0381,-0.2151,0.4367,1.0,mediterraneo,0.582,0.582,True
04255_01175,42.55,11.75,42.5,11.7,1.0,0.1782,0.0,0.0,0.0,0.0,0.0,0.00373,9119,1625,0.1782,14400,375.9,223.3,537.6,57.2,4.25,0.1249,0.8751,0.0,0.0,0.0,0.0,0.0,0.081,0.0304,0.0377,0.1741,0.1755,0.1298,0.1908,0.1808,-0.1682,-0.2416,0.5581,1.0,mediterraneo,0.8125,0.8125,True
04255_01215,42.55,12.15,42.5,12.1,1.0,0.18075,0.0,0.0,0.0,0.0,0.0,0.0,9123,1649,0.18075,14280,296.3,101.4,504.2,81.6,5.91,0.5206,0.4794,0.0,0.0,0.0,0.0,0.0,0.1134,0.1493,0.2026,0.1672,0.1398,0.103,0.0536,0.0711,-0.0653,0.2547,0.691,1.0,mediterraneo,0.6938,0.6938,True
04255_01225,42.55,12.25,42.5,12.2,1.0,0.17728,0.0,0.0,0.0,0.0,0.0,0.03298,9127,1618,0.17728,14400,129.3,52.0,379.1,55.7,4.78,0.9983,0.0017,0.0,0.0,0.0,0.0,0.0,0.1011,0.1073,0.1698,0.1513,0.0964,0.1006,0.1537,0.1199,-0.0124,0.0427,0.5023,1.0,mediterraneo,0.5505,0.5505,True
04255_01235,42.55,12.35,42.5,12.3,1.0,0.38437,0.0,0.00153,0.0,0.0,0.00625,0.00252,9124,3521,0.3859,14400,325.6,55.5,751.1,127.6,7.7,0.4364,0.5265,0.0372,0.0,0.0,0.0,0.0,0.0407,0.0877,0.1393,0.124,0.1235,0.2256,0.1866,0.0726,-0.2246,-0.1062,0.8297,0.9998,mediterraneo,0.721,0.7209,True
04255_01245,42.55,12.45,42.5,12.4,1.0,0.3458,0.0,0.0,0.0,0.0,0.00482,0.00417,9121,3154,0.3458,14400,304.5,63.4,630.7,88.4,8.31,0.4834,0.5161,0.0005,0.0,0.0,0.0,0.0,0.0678,0.1018,0.1681,0.1512,0.13,0.1541,0.1316,0.0954,-0.141,0.0349,0.9153,1.0,mediterraneo,0.705,0.705,True
04255_01255,42.55,12.55,42.5,12.5,1.0,0.11187,0.0,0.0,0.0,0.0,0.0,0.00394,9127,1021,0.11187,14520,155.3,78.5,439.2,60.5,4.87,0.9575,0.0425,0.0,0.0,0.0,0.0,0.0,0.1432,0.1887,0.1559,0.0864,0.1304,0.1396,0.0885,0.0674,0.0354,0.1128,0.531,1.0,mediterraneo,0.5628,0.5628,True
04255_01265,42.55,12.65,42.5,12.6,1.0,0.12616,0.0,0.02565,0.0,0.0,0.0,0.0365,9123,1385,0.15181,14280,266.6,106.5,908.8,157.4,7.89,0.7396,0.1887,0.0716,0.0001,0.0,0.0,0.0,0.1026,0.0775,0.0469,0.0686,0.1901,0.1699,0.162,0.1824,-0.0742,-0.2697,0.7334,0.9916,mediterraneo,0.6317,0.6264,True
04255_01275,42.55,12.75,42.5,12.7,1.0,0.48443,0.02401,0.04496,0.0,0.0,0.0,0.01579,9120,5047,0.5534,14400,451.8,185.2,966.8,153.1,13.79,0.1369,0.7046,0.1527,0.0058,0.0,0.0,0.0,0.132,0.1227,0.1352,0.0958,0.0985,0.1229,0.1667,0.1263,0.056,-0.0566,0.8886,0.9851,mediterraneo,0.8151,0.803,True
04255_01285,42.55,12.85,42.5,12.8,1.0,0.6362,0.0,0.06366,0.04263,0.0,0.0,0.07594,9126,6387,0.69986,14400,899.4,305.5,1628.3,281.4,17.82,0.0,0.1776,0.3357,0.3082,0.1774,0.0011,0.0,0.0943,0.0488,0.03,0.1165,0.1697,0.2053,0.1866,0.1488,-0.165,-0.2982,0.9827,0.9955,appenninico,0.8848,0.8808,True
04255_01295,42.55,12.95,42.5,12.9,1.0,0.63768,0.0,0.0034,0.05735,0.0,0.0,0.01667,9119,5846,0.64108,14400,1249.9,816.6,1837.1,270.7,16.99,0.0,0.0,0.0831,0.3576,0.4514,0.108,0.0,0.1401,0.2094,0.1308,0.0723,0.0994,0.0967,0.1441,0.1072,0.1515,0.0363,0.8667,0.9997,appenninico,0.8526,0.8523,True
04255_01305,42.55,13.05,42.5,13.0,1.0,0.52675,0.05229,0.0148,0.03859,0.00417,0.0,0.0308,9122,5417,0.59384,14400,1186.8,639.2,2065.7,269.9,15.34,0.0,0.0,0.0927,0.5128,0.2976,0.0953,0.0015,0.1431,0.1369,0.078,0.1299,0.106,0.1229,0.1578,0.1253,0.0436,-0.0667,0.9373,0.9767,appenninico,0.8824,0.8618,True
04255_01315,42.55,13.15,42.5,13.1,1.0,0.53122,0.02519,0.01785,0.06473,0.0,0.0,0.0529,9130,5243,0.57426,14400,982.6,714.4,1815.3,205.1,13.57,0.0,0.0,0.3984,0.484,0.0953,0.0224,0.0,0.1151,0.1037,0.1378,0.1475,0.126,0.1074,0.1321,0.1305,-0.0286,0.0143,0.9404,0.9875,appenninico,0.9502,0.9383,True
04255_01325,42.55,13.25,42.5,13.2,1.0,0.54941,0.02095,0.0,0.09872,0.0,0.0,0.01568,9117,5200,0.57036,14400,1023.7,799.4,1443.4,136.8,10.54,0.0,0.0,0.2273,0.6755,0.0972,0.0,0.0,0.1064,0.1086,0.1354,0.1161,0.0921,0.1617,0.1821,0.0977,-0.0339,-0.0739,0.8777,0.9908,appenninico,0.9741,0.9651,True
04255_01335,42.55,13.35,42.5,13.3,1.0,0.27296,0.0229,0.02181,0.17916,0.0,0.0,0.26901,9126,2899,0.31767,14400,1384.4,865.0,2301.8,195.7,11.81,0.0,0.0,0.0064,0.0995,0.8175,0.0538,0.0228,0.0955,0.1159,0.0789,0.0936,0.125,0.2319,0.1563,0.103,-0.1112,-0.176,0.8558,0.9785,appenninico,0.8171,0.7995,True
04255_01345,42.55,13.45,42.5,13.4,1.0,0.76369,0.01106,0.00909,0.12412,0.0,0.0,0.0768,9128,7155,0.78384,14400,1282.7,607.5,2144.1,302.2,19.63,0.0,0.0,0.0957,0.3365,0.4036,0.1503,0.0139,0.133,0.1225,0.197,0.1873,0.0902,0.0651,0.0875,0.1174,0.0359,0.206,0.9889,0.9959,appenninico,0.8158,0.8125,True
04255_01355,42.55,13.55,42.5,13.5,1.0,0.69565,0.00318,0.00428,0.11435,0.0,0.0,0.12729,9121,6413,0.70311,14400,960.4,296.8,1705.3,302.8,18.35,0.0003,0.1213,0.3389,0.2838,0.2451,0.0107,0.0,0.1516,0.1406,0.1362,0.105,0.0914,0.0824,0.131,0.1619,0.1473,0.0078,0.9925,0.9986,appenninico,0.8902,0.889,True
04255_01365,42.55,13.65,42.5,13.6,1.0,0.34985,0.00285,0.01293,0.02828,0.0,0.0,0.02488,9124,3336,0.36563,14400,503.8,187.5,1636.8,253.6,11.32,0.1491,0.629,0.1226,0.073,0.026,0.0003,0.0,0.1432,0.1894,0.2064,0.183,0.0855,0.0333,0.0608,0.0983,0.1122,0.3271,0.9351,0.9963,mediterraneo,0.7773,0.7744,True
04255_01375,42.55,13.75,42.5,13.7,1.0,0.36614,0.0,0.00888,0.0,0.0,0.0,0.00778,9125,3422,0.37502,14400,408.2,172.7,740.9,109.7,11.81,0.1825,0.7828,0.0347,0.0,0.0,0.0,0.0,0.1261,0.1323,0.1355,0.0876,0.0592,0.1275,0.1695,0.1623,0.1217,-0.0837,0.9589,0.9988,mediterraneo,0.797,0.796,True
04255_01385,42.55,13.85,42.5,13.8,1.0,0.10371,0.0,0.0,0.0,0.0,0.0,0.0308,9122,946,0.10371,14400,338.8,118.2,697.0,102.4,11.51,0.3865,0.6053,0.0082,0.0,0.0,0.0,0.0,0.1686,0.1513,0.1241,0.1584,0.128,0.0821,0.0733,0.1143,0.0621,0.1374,0.9673,1.0,mediterraneo,0.7345,0.7345,True
04265_01105,42.65,11.05,42.6,11.0,0.5862,0.08043,0.1057,0.0,0.0,0.0,0.08153,0.0,9101,1694,0.18613,14520,26.8,-1.5,417.5,68.7,2.68,0.9812,0.0188,0.0,0.0,0.0,0.0,0.0,0.1275,0.1534,0.0965,0.0358,0.0423,0.2172,0.2468,0.0805,0.0695,-0.2326,0.202,0.858,mediterraneo,0.5556,0.4767,True
04265_01115,42.65,11.15,42.6,11.1,0.9995,0.28908,0.0,0.0,0.0,0.0,0.03015,0.0,9122,2637,0.28908,14280,81.0,0.0,398.0,71.0,5.07,0.9912,0.0088,0.0,0.0,0.0,0.0,0.0,0.0939,0.153,0.162,0.0782,0.0686,0.1901,0.1599,0.0943,0.0117,-0.038,0.5648,1.0,mediterraneo,0.5526,0.5526,True
04265_01125,42.65,11.25,42.6,11.2,1.0,0.31443,0.0,0.0,0.0,0.0,0.0,0.00252,9118,2867,0.31443,14400,182.5,34.9,440.1,69.2,5.63,0.9579,0.0421,0.0,0.0,0.0,0.0,0.0,0.0626,0.1087,0.1442,0.1034,0.1203,0.1973,0.1989,0.0646,-0.1577,-0.0867,0.7981,1.0,mediterraneo,0.5626,0.5626,True
04265_01135,42.65,11.35,42.6,11.3,1.0,0.2715,0.0,0.0,0.0,0.0,0.0,0.01243,9094,2469,0.2715,14400,255.6,62.4,569.5,125.1,7.0,0.6538,0.3462,0.0,0.0,0.0,0.0,0.0,0.033,0.0897,0.2014,0.146,0.1271,0.2107,0.1527,0.0393,-0.2644,0.0409,0.8622,1.0,mediterraneo,0.6539,0.6539,True
04265_01145,42.65,11.45,42.6,11.4,1.0,0.14735,0.0,0.0,0.0,0.0,0.0,0.00713,9121,1344,0.14735,14400,187.9,62.6,479.4,75.5,5.53,0.9107,0.0893,0.0,0.0,0.0,0.0,0.0,0.0613,0.1166,0.153,0.1398,0.1139,0.1476,0.1729,0.0948,-0.112,-0.0108,0.7325,1.0,mediterraneo,0.5768,0.5768,True
04265_01155,42.65,11.55,42.6,11.5,1.0,0.22298,0.0,0.0,0.0,0.0,0.0,0.01538,9104,2030,0.22298,14520,274.6,126.8,575.5,81.3,6.26,0.6878,0.3122,0.0,0.0,0.0,0.0,0.0,0.0773,0.1024,0.1319,0.1192,0.1369,0.1377,0.1708,0.1239,-0.0842,-0.0675,0.7939,1.0,mediterraneo,0.6437,0.6437,True
04265_01165,42.65,11.65,42.6,11.6,1.0,0.31418,0.0,0.0,0.0,0.0,0.0,0.00736,9103,2860,0.31418,14280,301.2,168.0,531.2,57.4,5.45,0.5326,0.4674,0.0,0.0,0.0,0.0,0.0,0.069,0.03,0.0932,0.2007,0.1464,0.0905,0.1654,0.2048,-0.1237,-0.1257,0.595,1.0,mediterraneo,0.6902,0.6902,True
04265_01175,42.65,11.75,42.6,11.7,1.0,0.27346,0.0,0.0,0.0,0.0,0.0,0.00922,9113,2492,0.27346,14400,461.6,272.5,645.3,53.4,4.28,0.003,0.9863,0.0107,0.0,0.0,0.0,0.0,0.113,0.0858,0.0532,0.09,0.1443,0.1282,0.194,0.1915,0.0103,-0.2478,0.4976,1.0,mediterraneo,0.8496,0.8496,True
04265_01185,42.65,11.85,42.6,11.8,1.0,0.16019,0.0,0.0,0.0,0.0,0.0,0.0,9114,1460,0.16019,14400,456.8,304.5,655.9,83.8,4.54,0.0,0.9759,0.0241,0.0,0.0,0.0,0.0,0.0575,0.1115,0.2926,0.182,0.0833,0.08,0.1102,0.0829,-0.0773,0.2825,0.6158,1.0,mediterraneo,0.8512,0.8512,True
04265_01195,42.65,11.95,42.6,11.9,1.0,0.12397,0.0,0.0,0.0,0.0,0.0,0.0,9107,1129,0.12397,14400,389.0,304.5,688.2,111.7,2.75,0.0,0.9512,0.0488,0.0,0.0,0.0,0.0,0.0575,0.0585,0.0505,0.0758,0.2459,0.32,0.123,0.0687,-0.3878,-0.2613,0.3465,1.0,mediterraneo,0.8524,0.8524,True
04265_01205,42.65,12.05,42.6,12.0,1.0,0.14634,0.0,0.0,0.0,0.0,0.0,0.00011,9109,1333,0.14634,14520,523.2,305.3,640.3,53.3,4.16,0.0,0.9552,0.0448,0.0,0.0,0.0,0.0,0.1115,0.1276,0.1711,0.1463,0.0691,0.1169,0.1351,0.1223,0.0332,0.0658,0.5602,1.0,mediterraneo,0.8522,0.8522,True
04265_01215,42.65,12.15,42.6,12.1,1.0,0.22549,0.0,0.0,0.00911,0.0,0.0,0.04819,9109,2054,0.22549,14280,303.5,92.0,519.6,93.4,8.37,0.5034,0.4966,0.0,0.0,0.0,0.0,0.0,0.1429,0.1958,0.1732,0.146,0.1142,0.0821,0.0519,0.0939,0.0722,0.2465,0.8146,1.0,mediterraneo,0.699,0.699,True
04265_01225,42.65,12.25,42.6,12.2,1.0,0.16568,0.0,0.0,0.0,0.0,0.0,0.05841,9108,1509,0.16568,14400,201.7,73.5,719.9,111.2,6.42,0.8485,0.1447,0.0068,0.0,0.0,0.0,0.0,0.0655,0.0719,0.096,0.0853,0.0838,0.212,0.2605,0.125,-0.0899,-0.3007,0.7107,1.0,mediterraneo,0.5958,0.5958,True
04265_01235,42.65,12.35,42.6,12.3,1.0,0.68764,0.00439,0.02558,0.00274,0.0,0.0,0.0191,9108,6536,0.71761,14400,536.5,331.6,983.3,129.6,10.31,0.0,0.7076,0.2868,0.0056,0.0,0.0,0.0,0.0945,0.1472,0.2024,0.1015,0.0767,0.1654,0.1294,0.0829,-0.0102,0.0738,0.9135,0.9967,mediterraneo,0.8629,0.8601,True
04265_01245,42.65,12.45,42.6,12.4,1.0,0.16775,0.0,0.0,0.0,0.0,0.0,0.0045,9115,1529,0.16775,14400,375.4,170.4,610.3,55.1,5.77,0.0412,0.9583,0.0006,0.0,0.0,0.0,0.0,0.1061,0.1387,0.1389,0.1639,0.1216,0.1085,0.1083,0.114,-0.0306,0.0897,0.7838,1.0,mediterraneo,0.8378,0.8378,True
04265_01255,42.65,12.55,42.6,12.5,1.0,0.31939,0.0067,0.00637,0.0,0.0,0.0,0.05532,9111,3029,0.33246,14520,433.6,153.8,1072.5,197.7,9.36,0.2659,0.4954,0.2167,0.022,0.0,0.0,0.0,0.0759,0.0846,0.106,0.1142,0.1116,0.1727,0.2139,0.1212,-0.0971,-0.1798,0.8706,0.994,mediterraneo,0.7756,0.7709,True
04265_01265,42.65,12.65,42.6,12.6,1.0,0.49171,0.03174,0.11686,0.02219,0.0,0.0,0.11192,9105,5830,0.64031,14280,652.2,221.4,1115.7,178.3,16.22,0.0097,0.4141,0.4937,0.0824,0.0,0.0,0.0,0.1033,0.1472,0.1643,0.1076,0.103,0.1246,0.1608,0.0892,0.0036,0.0322,0.9758,0.9785,appenninico,0.8023,0.7851,True
04265_01275,42.65,12.75,42.6,12.7,1.0,0.63351,0.01054,0.01669,0.00274,0.0,0.00318,0.05479,9108,6018,0.66074,14400,652.5,229.0,1326.6,226.7,17.03,0.0453,0.3976,0.4077,0.1407,0.0088,0.0,0.0,0.064,0.0974,0.1908,0.1248,0.1083,0.1299,0.1672,0.1177,-0.0819,0.007,0.9667,0.9947,appenninico,0.7854,0.7812,True
04265_01285,42.65,12.85,42.6,12.8,1.0,0.63253,0.0,0.02656,0.04939,0.0,0.02382,0.054,9111,6005,0.65909,14400,919.1,245.0,1649.4,356.7,20.9,0.0383,0.2029,0.2026,0.3062,0.2485,0.0015,0.0,0.1348,0.1086,0.0626,0.0767,0.1054,0.1568,0.1965,0.1585,0.0569,-0.2307,0.9844,0.998,appenninico,0.8417,0.84,True
04265_01295,42.65,12.95,42.6,12.9,1.0,0.56323,0.00296,0.0,0.05477,0.0,0.0,0.07212,9110,5158,0.56619,14400,1031.2,698.7,1577.1,167.4,14.25,0.0,0.0,0.2562,0.5692,0.1747,0.0,0.0,0.0769,0.1288,0.1813,0.1291,0.0999,0.106,0.1736,0.1045,-0.0293,0.0454,0.9463,0.9987,appenninico,0.9611,0.9599,True
04265_01305,42.65,13.05,42.6,13.0,1.0,0.48539,0.00538,0.0,0.12742,0.0,0.0,0.10633,9104,4468,0.49077,14400,1133.4,696.8,1563.1,153.0,14.43,0.0,0.0,0.0442,0.5972,0.3586,0.0,0.0,0.1011,0.154,0.1203,0.1043,0.0756,0.1136,0.1948,0.1363,0.0743,-0.073,0.9068,0.9973,appenninico,0.944,0.9415,True
04265_01315,42.65,13.15,42.6,13.1,1.0,0.48223,0.02995,0.02337,0.23447,0.0,0.0,0.04213,9114,4881,0.53555,14400,1331.3,841.9,1888.5,205.8,17.8,0.0,0.0,0.0117,0.2806,0.5967,0.1109,0.0,0.0926,0.1474,0.1459,0.143,0.0859,0.1441,0.1536,0.0875,-0.0329,0.0318,0.9812,0.9838,appenninico,0.8322,0.8187,True
04265_01325,42.65,13.25,42.6,13.2,1.0,0.55642,0.00406,0.0,0.01054,0.0,0.0,0.02283,9110,5106,0.56048,14400,983.0,716.9,1468.2,112.6,11.23,0.0,0.0,0.2117,0.7409,0.0474,0.0,0.0,0.1005,0.1188,0.1807,0.1264,0.0825,0.112,0.1592,0.12,0.02,0.0328,0.9188,0.9982,appenninico,0.9823,0.9805,True
04265_01335,42.65,13.35,42.6,13.3,1.0,0.40705,0.01076,0.0113,0.11765,0.0,0.0,0.01921,9112,3910,0.42911,14400,1596.0,900.6,2438.4,395.1,19.22,0.0,0.0,0.0,0.2283,0.271,0.3088,0.1919,0.1371,0.0803,0.0507,0.067,0.0998,0.1928,0.2272,0.1451,0.0133,-0.3252,0.9919,0.9924,appenninico,0.5551,0.5509,True
04265_01345,42.65,13.45,42.6,13.4,1.0,0.64774,0.00472,0.00769,0.10951,0.0,0.0,0.08095,9104,6010,0.66015,14400,1410.7,746.4,2393.3,356.0,19.46,0.0,0.0,0.0278,0.3113,0.3772,0.1963,0.0874,0.1331,0.1638,0.1981,0.211,0.078,0.0491,0.0594,0.1075,0.0607,0.3003,0.9951,0.9976,appenninico,0.719,0.7173,True
04265_01355,42.65,13.55,42.6,13.5,1.0,0.639,0.00022,0.0,0.01757,0.0,0.0,0.07784,9108,5822,0.63922,14400,875.1,432.6,1414.7,154.6,15.59,0.0,0.0381,0.514,0.429,0.0188,0.0,0.0,0.1256,0.1483,0.1263,0.1169,0.1346,0.1667,0.1101,0.0715,-0.0487,0.0338,0.9888,0.9999,appenninico,0.9561,0.956,True
04265_01365,42.65,13.65,42.6,13.6,1.0,0.26081,0.00955,0.00088,0.03996,0.0,0.0,0.00955,9110,2471,0.27124,14400,527.5,217.3,1412.9,216.7,12.3,0.0524,0.7158,0.1537,0.0573,0.0208,0.0,0.0,0.0933,0.1251,0.1641,0.2261,0.1593,0.1125,0.0576,0.062,-0.1753,0.2389,0.9686,0.991,mediterraneo,0.8152,0.8079,True
04275_01015,42.75,10.15,42.7,10.1,0.5866,0.13393,0.01989,0.01494,0.0,0.0,0.36465,0.0,9102,1536,0.16876,14399,224.4,0.0,993.1,251.0,11.73,0.6388,0.2593,0.0988,0.0031,0.0,0.0,0.0,0.1375,0.0684,0.0854,0.1111,0.1873,0.1447,0.1137,0.1519,-0.0805,-0.1074,0.6034,0.9661,mediterraneo,0.6625,0.64,True
04275_01025,42.75,10.25,42.7,10.2,0.5772,0.16563,0.00427,0.04889,0.0,0.0,0.23665,0.0,9123,1996,0.21879,14520,78.1,-0.2,632.3,107.9,7.41,0.9552,0.0433,0.0015,0.0,0.0,0.0,0.0,0.1181,0.1349,0.1765,0.1324,0.147,0.0977,0.082,0.1114,-0.0241,0.1418,0.5477,0.9839,mediterraneo,0.5635,0.5544,True
04275_01035,42.75,10.35,42.7,10.3,0.5486,0.04845,0.02962,0.05792,0.01178,0.0,0.12499,0.04085,9081,1235,0.13599,14520,59.8,-1.0,496.3,89.1,6.02,0.9696,0.0304,0.0,0.0,0.0,0.0,0.0,0.1153,0.1198,0.1115,0.0948,0.123,0.1719,0.1546,0.109,-0.0366,-0.0927,0.5028,0.9243,mediterraneo,0.5591,0.5168,True
04275_01125,42.75,11.25,42.7,11.2,1.0,0.18318,0.0,0.0,0.0,0.0,0.04024,0.00418,9095,1666,0.18318,14520,139.1,13.0,457.0,88.4,5.55,0.9355,0.0645,0.0,0.0,0.0,0.0,0.0,0.1289,0.1611,0.0868,0.0327,0.0434,0.1654,0.2465,0.1351,0.1579,-0.243,0.7552,1.0,mediterraneo,0.5694,0.5694,True
04275_01135,42.75,11.35,42.7,11.3,1.0,0.37925,0.0,0.0,0.0,0.0,0.00022,0.0,9097,3450,0.37925,14520,347.3,72.4,648.0,130.5,8.29,0.3575,0.6342,0.0083,0.0,0.0,0.0,0.0,0.1413,0.1524,0.0961,0.0629,0.0824,0.1101,0.1697,0.1851,0.1814,-0.1352,0.9112,1.0,mediterraneo,0.7432,0.7432,True
04275_01145,42.75,11.45,42.7,11.4,1.0,0.43641,0.0033,0.00605,0.00352,0.0,0.0,0.0,9097,4055,0.44576,14520,479.1,204.5,807.9,113.3,9.05,0.0715,0.7893,0.1393,0.0,0.0,0.0,0.0,0.0778,0.1163,0.1542,0.13,0.1396,0.1898,0.1172,0.0751,-0.1586,0.021,0.955,0.9975,mediterraneo,0.8356,0.8335,True
04275_01155,42.75,11.55,42.7,11.5,1.0,0.352,0.00539,0.04158,0.00099,0.0,0.0,0.00891,9091,3627,0.39897,14641,537.0,207.4,918.2,134.6,9.77,0.0314,0.6464,0.3213,0.001,0.0,0.0,0.0,0.0473,0.1168,0.1686,0.1008,0.1395,0.2065,0.1498,0.0706,-0.185,-0.0242,0.9729,0.9914,mediterraneo,0.8565,0.8491,True
04275_01165,42.75,11.65,42.7,11.6,1.0,0.51248,0.03134,0.07675,0.0,0.0,0.0,0.05113,9095,5644,0.62057,14399,635.1,252.0,1092.3,194.9,9.96,0.0385,0.3863,0.5107,0.0646,0.0,0.0,0.0,0.0796,0.0773,0.0873,0.1453,0.1542,0.1864,0.1688,0.101,-0.1856,-0.1297,0.9544,0.9812,appenninico,0.7912,0.7763,True
04275_01175,42.75,11.75,42.7,11.7,1.0,0.2577,0.0,0.02188,0.0,0.0,0.0,0.02748,9096,2543,0.27958,14520,462.7,272.7,818.5,91.4,5.93,0.0216,0.89,0.0884,0.0,0.0,0.0,0.0,0.1126,0.1819,0.223,0.1598,0.0929,0.0679,0.0787,0.0832,0.0415,0.287,0.7292,0.9961,mediterraneo,0.8479,0.8446,True
04275_01185,42.75,11.85,42.7,11.8,1.0,0.20458,0.01034,0.01199,0.0,0.0,0.00044,0.00297,9092,2063,0.22691,14520,399.2,237.4,738.0,87.3,5.64,0.1879,0.7914,0.0207,0.0,0.0,0.0,0.0,0.1209,0.1011,0.1696,0.096,0.0673,0.1454,0.1798,0.1198,0.0373,-0.0555,0.6238,0.986,mediterraneo,0.7947,0.7836,True
04275_01195,42.75,11.95,42.7,11.9,1.0,0.50737,0.00748,0.0231,0.0,0.0,0.00231,0.00924,9092,4891,0.53795,14520,456.3,171.5,696.8,109.5,7.13,0.1366,0.8454,0.018,0.0,0.0,0.0,0.0,0.1233,0.155,0.1261,0.1023,0.12,0.1455,0.1061,0.1217,0.0227,0.0142,0.6793,0.9944,mediterraneo,0.8099,0.8054,True
04275_01205,42.75,12.05,42.7,12.0,1.0,0.28025,0.0,0.0,0.0,0.0,0.0,0.03055,9099,2550,0.28025,14641,282.2,119.0,566.3,123.2,6.72,0.6459,0.3541,0.0,0.0,0.0,0.0,0.0,0.1505,0.22,0.1862,0.0971,0.0862,0.1019,0.0734,0.0846,0.1386,0.2106,0.7232,1.0,mediterraneo,0.6562,0.6562,True
04275_01215,42.75,12.15,42.7,12.1,1.0,0.40934,0.0,0.00319,0.0,0.0,0.0,0.0222,9100,3754,0.41253,14399,285.1,97.9,701.3,135.6,7.99,0.5927,0.3893,0.018,0.0,0.0,0.0,0.0,0.0604,0.0805,0.0719,0.1243,0.1416,0.199,0.2261,0.0961,-0.1928,-0.2259,0.8424,0.9996,mediterraneo,0.6731,0.6728,True
04275_01225,42.75,12.25,42.7,12.2,1.0,0.52975,0.00242,0.0044,0.0,0.0,0.0,0.0649,9091,4878,0.53657,14520,376.3,96.0,741.8,153.3,9.62,0.349,0.5913,0.0598,0.0,0.0,0.0,0.0,0.0506,0.0617,0.1738,0.1512,0.1421,0.1788,0.1615,0.0804,-0.2312,-0.0226,0.8765,0.9985,mediterraneo,0.7484,0.7473,True
04275_01235,42.75,12.35,42.7,12.3,1.0,0.41965,0.0,0.00539,0.0,0.0,0.0,0.00055,9098,3867,0.42504,14520,357.0,131.5,756.7,134.2,9.09,0.376,0.6045,0.0194,0.0,0.0,0.0,0.0,0.1213,0.1606,0.1605,0.1369,0.1077,0.0908,0.1064,0.1158,0.0536,0.117,0.9395,0.9994,mediterraneo,0.7381,0.7377,True
04275_01245,42.75,12.45,42.7,12.4,1.0,0.16799,0.0,0.00451,0.0,0.0,0.0,0.00374,9090,1568,0.1725,14520,265.2,137.5,500.4,63.8,7.15,0.7236,0.2764,0.0,0.0,0.0,0.0,0.0,0.0996,0.1814,0.115,0.0857,0.1092,0.1358,0.1656,0.1076,0.0363,-0.0323,0.8824,0.9987,mediterraneo,0.6329,0.6321,True
04275_01255,42.75,12.55,42.7,12.5,1.0,0.33949,0.00517,0.01342,0.05314,0.0,0.0,0.07679,9090,3255,0.35808,14641,507.1,201.0,1108.0,247.1,9.8,0.269,0.3783,0.2544,0.0982,0.0,0.0,0.0,0.0529,0.0758,0.1189,0.0877,0.0977,0.2373,0.2454,0.0842,-0.1683,-0.2425,0.8757,0.9945,mediterraneo,0.7574,0.7532,True
04275_01265,42.75,12.65,42.7,12.6,1.0,0.14166,0.0333,0.12342,0.00725,0.0,0.0,0.00571,9099,2715,0.29838,14399,429.9,256.6,1005.8,131.1,9.03,0.0471,0.8417,0.0998,0.0114,0.0,0.0,0.0,0.1228,0.1597,0.2112,0.1468,0.0973,0.0676,0.0793,0.1153,0.0714,0.2263,0.8578,0.9514,mediterraneo,0.838,0.7973,True
04275_01275,42.75,12.75,42.7,12.7,1.0,0.2976,0.02232,0.04606,0.0,0.0,0.0,0.01385,9096,3329,0.36598,14520,458.1,237.0,1140.0,210.7,9.09,0.3346,0.4142,0.2129,0.0384,0.0,0.0,0.0,0.1547,0.1274,0.0929,0.0709,0.0408,0.098,0.1966,0.2188,0.2454,-0.1921,0.6687,0.9785,mediterraneo,0.7508,0.7347,True
04275_01285,42.75,12.85,42.7,12.8,1.0,0.55883,0.02463,0.0287,0.02892,0.0,0.0,0.12965,9094,5567,0.61216,14520,785.0,276.5,1677.0,304.1,19.82,0.0214,0.2847,0.3573,0.2512,0.0784,0.007,0.0,0.0972,0.0783,0.1615,0.1069,0.0806,0.137,0.2101,0.1284,-0.0058,-0.1149,0.984,0.9876,appenninico,0.8355,0.8251,True
04275_01295,42.75,12.95,42.7,12.9,1.0,0.56656,0.01517,0.01022,0.05639,0.0,0.00451,0.11751,9097,5385,0.59195,14520,944.0,391.6,1587.5,211.2,19.53,0.0,0.0626,0.3444,0.4851,0.1079,0.0,0.0,0.1088,0.1795,0.2149,0.1124,0.075,0.0784,0.155,0.076,0.0759,0.1649,0.9782,0.9927,appenninico,0.9416,0.9347,True
04275_01305,42.75,13.05,42.7,13.0,1.0,0.49335,0.00264,0.0,0.00011,0.0,0.0,0.03309,9097,4512,0.49599,14520,833.1,491.3,1290.5,165.6,13.66,0.0,0.0862,0.5509,0.3565,0.0063,0.0,0.0,0.1565,0.1403,0.0756,0.0732,0.1353,0.1762,0.1266,0.1163,0.026,-0.1078,0.9093,0.9987,appenninico,0.9369,0.9357,True
04275_01315,42.75,13.15,42.7,13.1,1.0,0.33157,0.0,0.0,0.21771,0.0,0.0,0.03322,9090,3014,0.33157,14520,1125.4,591.8,1799.8,326.5,13.96,0.0,0.0014,0.3286,0.2168,0.3708,0.0824,0.0,0.1084,0.1137,0.0942,0.0445,0.0656,0.2068,0.2337,0.1331,0.0357,-0.2749,0.8266,1.0,appenninico,0.8697,0.8697,True
04275_01325,42.75,13.25,42.7,13.2,1.0,0.47418,0.0033,0.0222,0.27319,0.0,0.0,0.07308,9100,4547,0.49968,14520,1178.1,624.8,1782.3,281.9,16.49,0.0,0.0,0.227,0.2569,0.4785,0.0376,0.0,0.0971,0.1033,0.168,0.2027,0.0971,0.0872,0.114,0.1307,-0.0418,0.1221,0.9625,0.9961,appenninico,0.8906,0.8871,True
04275_01335,42.75,13.35,42.7,13.3,1.0,0.71763,0.0,0.01903,0.02277,0.0,0.0,0.18821,9091,6697,0.73666,14520,1073.9,390.9,2040.2,331.6,20.91,0.0,0.0632,0.271,0.3322,0.257,0.076,0.0006,0.1726,0.1559,0.0868,0.0927,0.1028,0.1032,0.1139,0.1721,0.1709,-0.0429,0.9959,0.9987,appenninico,0.8688,0.8677,True
04275_01345,42.75,13.45,42.7,13.4,1.0,0.68723,0.0,0.00011,0.0,0.0,0.0,0.10931,9093,6250,0.68734,14520,789.8,260.0,1668.7,260.8,18.59,0.0076,0.2463,0.4144,0.2665,0.0641,0.001,0.0,0.1708,0.1435,0.1399,0.1325,0.067,0.0684,0.1231,0.1548,0.1808,0.0562,0.9917,1.0,appenninico,0.8646,0.8646,True
04275_01355,42.75,13.55,42.7,13.5,1.0,0.67366,0.01275,0.02462,0.14948,0.0,0.0,0.10068,9098,6469,0.71103,14520,975.6,313.1,1797.2,277.7,17.74,0.0,0.0826,0.3448,0.3653,0.1844,0.0229,0.0,0.1255,0.1134,0.0837,0.0675,0.0664,0.147,0.2287,0.1679,0.1055,-0.2481,0.9921,0.9938,appenninico,0.906,0.9004,True
04275_01365,42.75,13.65,42.7,13.6,1.0,0.44085,0.01033,0.02661,0.0122,0.0,0.0,0.02001,9096,4346,0.47779,14520,647.5,224.2,1802.5,310.5,14.16,0.0274,0.588,0.197,0.1017,0.0772,0.0087,0.0,0.1269,0.2067,0.2819,0.1602,0.0609,0.0404,0.0413,0.0817,0.1304,0.4243,0.9512,0.9918,appenninico,0.7167,0.7108,True
04285_01075,42.85,10.75,42.8,10.7,0.2896,0.13,0.02128,0.0,0.0,0.0,0.06065,0.0,9069,1372,0.15128,14400,21.4,-1.0,310.7,51.0,2.2,0.9997,0.0003,0.0,0.0,0.0,0.0,0.0,0.1087,0.0746,0.1013,0.0854,0.0811,0.1041,0.195,0.2499,0.1329,-0.229,0.2262,0.9648,mediterraneo,0.5501,0.5307,True
04285_01085,42.85,10.85,42.8,10.8,1.0,0.66612,0.0,0.0,0.0,0.0,0.22061,0.0,9075,6045,0.66612,14400,217.5,-0.1,621.1,136.4,11.84,0.7169,0.2822,0.0008,0.0,0.0,0.0,0.0,0.0875,0.1052,0.113,0.1043,0.1275,0.1539,0.1684,0.1403,-0.0486,-0.1173,0.9172,1.0,mediterraneo,0.6349,0.6349,True
04285_01095,42.85,10.95,42.8,10.9,1.0,0.41735,0.0065,0.0,0.0,0.0,0.13743,0.0,9081,3849,0.42385,14400,124.5,0.5,535.5,94.0,8.14,0.946,0.054,0.0,0.0,0.0,0.0,0.0,0.0947,0.1374,0.2099,0.1747,0.1257,0.0918,0.0906,0.0751,-0.0716,0.2269,0.8069,0.9962,mediterraneo,0.5662,0.564,True
04285_01115,42.85,11.15,42.8,11.1,1.0,0.26766,0.0,0.03962,0.0,0.0,0.14044,0.00627,9086,2792,0.30728,14280,134.3,7.7,551.8,100.2,6.27,0.9305,0.0695,0.0,0.0,0.0,0.0,0.0,0.0617,0.0607,0.0987,0.1564,0.1563,0.1779,0.1833,0.1052,-0.2132,-0.1392,0.6552,0.9936,mediterraneo,0.5709,0.5672,True
04285_01125,42.85,11.25,42.8,11.2,1.0,0.17526,0.0,0.00463,0.0,0.0,0.00551,0.01411,9072,1632,0.17989,14400,102.9,18.5,446.3,62.7,5.3,0.9909,0.0091,0.0,0.0,0.0,0.0,0.0,0.0793,0.1273,0.194,0.1198,0.132,0.1762,0.0972,0.0741,-0.1212,0.096,0.6809,0.9987,mediterraneo,0.5527,0.552,True
04285_01135,42.85,11.35,42.8,11.3,1.0,0.18451,0.0,0.0,0.0,0.0,0.0,0.01804,9089,1677,0.18451,14400,177.5,30.5,356.3,70.1,6.47,0.9748,0.0252,0.0,0.0,0.0,0.0,0.0,0.1138,0.1056,0.1039,0.105,0.0916,0.1676,0.18,0.1326,-0.0059,-0.1446,0.8119,1.0,mediterraneo,0.5576,0.5576,True
04285_01145,42.85,11.45,42.8,11.4,1.0,0.3579,0.01564,0.04627,0.02159,0.0,0.0,0.0,9078,3811,0.41981,14400,564.3,167.3,1157.3,248.6,9.72,0.1765,0.421,0.2581,0.1443,0.0,0.0,0.0,0.123,0.0705,0.0471,0.0461,0.0824,0.1514,0.2815,0.1981,0.0936,-0.4082,0.9657,0.9852,mediterraneo,0.7738,0.7623,True
04285_01155,42.85,11.55,42.8,11.5,1.0,0.56379,0.03335,0.03313,0.03434,0.0,0.0,0.0044,9085,5726,0.63027,14520,829.0,423.1,1574.5,193.3,10.21,0.0,0.1175,0.5537,0.2827,0.0461,0.0,0.0,0.1038,0.1305,0.1251,0.0964,0.0969,0.148,0.1441,0.1551,0.0388,-0.0788,0.9649,0.9841,appenninico,0.9184,0.9038,True
04285_01165,42.85,11.65,42.8,11.6,1.0,0.5322,0.08134,0.14496,0.02389,0.0,0.0,0.00914,9085,6891,0.7585,14280,893.6,398.0,1726.7,269.3,10.31,0.0,0.1097,0.4753,0.2646,0.141,0.0094,0.0,0.0795,0.1315,0.2336,0.1866,0.1436,0.1059,0.0721,0.0471,-0.1475,0.2868,0.9672,0.9636,appenninico,0.9046,0.8717,True
04285_01185,42.85,11.85,42.8,11.8,1.0,0.25851,0.01289,0.02181,0.00859,0.0,0.0,0.08624,9079,2662,0.29321,14400,483.0,272.2,775.8,103.6,8.76,0.018,0.8322,0.1499,0.0,0.0,0.0,0.0,0.088,0.0348,0.099,0.1416,0.0994,0.1425,0.2141,0.1805,-0.0641,-0.2218,0.9331,0.9853,mediterraneo,0.8522,0.8397,True
04285_01195,42.85,11.95,42.8,11.9,1.0,0.47825,0.00705,0.02676,0.00451,0.0,0.0,0.03083,9081,4650,0.51206,14400,451.4,227.5,818.3,148.6,7.88,0.1444,0.649,0.2067,0.0,0.0,0.0,0.0,0.1471,0.2095,0.216,0.165,0.0992,0.0606,0.0362,0.0665,0.0849,0.3593,0.9185,0.9939,mediterraneo,0.8171,0.8121,True
04285_01205,42.85,12.05,42.8,12.0,1.0,0.33546,0.0,0.0,0.0,0.0,0.0,0.04849,9074,3044,0.33546,14520,313.4,174.8,554.1,80.8,7.76,0.5395,0.4605,0.0,0.0,0.0,0.0,0.0,0.0781,0.1219,0.1274,0.1136,0.0997,0.1568,0.2064,0.0962,-0.0603,-0.0966,0.7903,1.0,mediterraneo,0.6882,0.6882,True
04285_01215,42.85,12.15,42.8,12.1,1.0,0.66314,0.0,0.02257,0.0,0.0,0.0,0.03271,9081,6227,0.68571,14280,450.1,167.2,692.8,94.9,9.06,0.0909,0.8855,0.0236,0.0,0.0,0.0,0.0,0.0765,0.0958,0.1235,0.0969,0.1136,0.1537,0.2166,0.1235,-0.0582,-0.1538,0.9239,0.9984,mediterraneo,0.8239,0.8226,True
04285_01225,42.85,12.25,42.8,12.2,1.0,0.62131,0.00066,0.03424,0.0,0.0,0.0,0.08399,9084,5961,0.65621,14400,493.7,213.3,834.3,118.6,8.95,0.0281,0.7659,0.206,0.0,0.0,0.0,0.0,0.1038,0.1373,0.2175,0.1212,0.0715,0.0791,0.1365,0.1333,0.0864,0.1156,0.9475,0.9971,mediterraneo,0.8519,0.8494,True
04285_01235,42.85,12.35,42.8,12.3,1.0,0.177,0.0,0.0,0.0,0.0,0.0,0.01223,9079,1607,0.177,14400,277.0,138.5,636.3,115.2,6.02,0.6017,0.3945,0.0038,0.0,0.0,0.0,0.0,0.1258,0.2327,0.2008,0.1288,0.0798,0.0389,0.1054,0.0877,0.1592,0.2687,0.6791,1.0,mediterraneo,0.6697,0.6697,True
04285_01245,42.85,12.45,42.8,12.4,1.0,0.21716,0.0,0.0,0.0,0.0,0.0,0.0,9081,1972,0.21716,14400,312.5,138.0,632.3,106.7,7.66,0.5154,0.48,0.0046,0.0,0.0,0.0,0.0,0.0973,0.0605,0.0532,0.1117,0.1331,0.1641,0.201,0.1791,-0.0607,-0.2786,0.8652,1.0,mediterraneo,0.6956,0.6956,True
04285_01255,42.85,12.55,42.8,12.5,1.0,0.24915,0.0,0.01497,0.03061,0.0,0.00275,0.06474,9083,2399,0.26412,14520,455.1,247.8,1089.4,165.5,7.37,0.1094,0.716,0.1525,0.022,0.0,0.0,0.0,0.1437,0.203,0.15,0.0617,0.0613,0.0981,0.1414,0.1409,0.2196,0.0314,0.8351,0.9972,mediterraneo,0.8192,0.8169,True
04285_01275,42.85,12.75,42.8,12.7,1.0,0.15606,0.0,0.03436,0.03733,0.0,0.0,0.00628,9080,1729,0.19042,14400,415.0,208.1,1417.5,298.8,7.67,0.6036,0.1853,0.1042,0.0724,0.0344,0.0,0.0,0.0213,0.008,0.0143,0.0275,0.0763,0.2463,0.4456,0.1606,-0.1214,-0.7065,0.4795,0.991,mediterraneo,0.6353,0.6296,True
04285_01285,42.85,12.85,42.8,12.8,1.0,0.57725,0.00639,0.02588,0.14283,0.0,0.0,0.05021,9081,5535,0.60952,14400,955.3,342.9,1420.9,203.8,16.66,0.0,0.0524,0.3545,0.4788,0.1142,0.0,0.0,0.0877,0.1087,0.1937,0.1891,0.0655,0.0749,0.1437,0.1367,0.0065,0.1114,0.9703,0.9953,appenninico,0.9441,0.9397,True
04285_01295,42.85,12.95,42.8,12.9,1.0,0.53883,0.01014,0.00452,0.02567,0.0,0.01179,0.11127,9077,5024,0.55349,14400,759.4,346.2,1396.3,239.8,19.49,0.0,0.292,0.4502,0.1972,0.0606,0.0,0.0,0.0729,0.0876,0.1766,0.1613,0.0689,0.0857,0.1821,0.1648,0.0088,-0.0068,0.9825,0.995,appenninico,0.8516,0.8473,True
04285_01305,42.85,13.05,42.8,13.0,1.0,0.37591,0.02566,0.00462,0.08148,0.0,0.0,0.17034,9082,3689,0.40619,14400,934.8,460.2,1454.9,218.1,14.78,0.0,0.0797,0.3495,0.4563,0.1145,0.0,0.0,0.1012,0.1766,0.1184,0.0803,0.1091,0.1589,0.1461,0.1094,0.0244,-0.0405,0.9645,0.9836,appenninico,0.9335,0.9182,True
04285_01315,42.85,13.15,42.8,13.1,1.0,0.42488,0.01189,0.01816,0.29081,0.0,0.0,0.03368,9085,4133,0.45493,14400,1323.7,688.0,1929.0,285.1,20.3,0.0,0.0,0.1011,0.2195,0.4893,0.1901,0.0,0.1122,0.115,0.1085,0.0809,0.1034,0.1399,0.2143,0.1259,0.022,-0.16,0.9778,0.9915,appenninico,0.7885,0.7818,True
04285_01325,42.85,13.25,42.8,13.2,1.0,0.11561,0.02909,0.03427,0.36357,0.0,0.0,0.03251,9074,1624,0.17897,14400,1606.2,800.4,2467.5,324.7,23.28,0.0,0.0,0.0066,0.0749,0.4382,0.3415,0.1388,0.0588,0.0971,0.1727,0.1715,0.0818,0.1229,0.1979,0.0974,-0.0916,0.0087,0.9231,0.9498,appenninico,0.5589,0.5308,True
04285_01335,42.85,13.35,42.8,13.3,1.0,0.69306,0.00496,0.00991,0.03954,0.0,0.0,0.08216,9080,6428,0.70793,14400,880.6,436.2,1475.9,196.4,16.93,0.0,0.0518,0.5506,0.319,0.0786,0.0,0.0,0.1172,0.1372,0.177,0.1717,0.0878,0.0809,0.0737,0.1544,0.0538,0.1611,0.9897,0.9975,appenninico,0.94,0.9376,True
04285_01345,42.85,13.45,42.8,13.4,1.0,0.41836,0.01585,0.08466,0.02158,0.0,0.0,0.18067,9083,4713,0.51887,14400,509.6,217.5,973.4,134.5,13.95,0.0565,0.6708,0.2699,0.0028,0.0,0.0,0.0,0.1014,0.1242,0.1789,0.1627,0.1278,0.1466,0.0865,0.0719,-0.1095,0.1461,0.9769,0.9842,mediterraneo,0.8458,0.8324,True
04285_01355,42.85,13.55,42.8,13.5,1.0,0.29163,0.00551,0.0554,0.00837,0.0,0.0,0.10529,9080,3201,0.35254,14400,403.0,112.0,1122.4,200.2,13.18,0.3315,0.5219,0.108,0.0387,0.0,0.0,0.0,0.1479,0.1366,0.1132,0.14,0.0925,0.075,0.1437,0.1511,0.1068,-0.0004,0.954,0.9882,mediterraneo,0.7464,0.7376,True
04295_01075,42.95,10.75,42.9,10.7,0.785,0.45959,0.00927,0.0,0.0,0.0,0.0,0.0,9058,4247,0.46886,14280,66.6,-1.0,303.3,69.5,4.06,0.9999,0.0001,0.0,0.0,0.0,0.0,0.0,0.0534,0.1137,0.166,0.1593,0.1343,0.1782,0.1315,0.0636,-0.1928,0.0594,0.4892,0.9951,mediterraneo,0.55,0.5473,True
04295_01085,42.95,10.85,42.9,10.8,1.0,0.19546,0.0011,0.00507,0.0,0.0,0.08427,0.00265,9066,1828,0.20163,14280,78.9,-1.5,500.0,79.9,4.05,0.9814,0.0186,0.0,0.0,0.0,0.0,0.0,0.1403,0.0848,0.0519,0.0826,0.1032,0.1596,0.2058,0.1718,0.052,-0.272,0.4154,0.9974,mediterraneo,0.5556,0.5542,True
04295_01095,42.95,10.95,42.9,10.9,1.0,0.3875,0.00176,0.01973,0.0,0.0,0.03858,0.0032,9071,3710,0.40899,14280,113.0,22.7,465.0,69.2,6.04,0.9726,0.0274,0.0,0.0,0.0,0.0,0.0,0.1165,0.1357,0.1667,0.1451,0.136,0.1099,0.0957,0.0944,-0.0393,0.1268,0.6534,0.9965,mediterraneo,0.5582,0.5562,True
04295_01115,42.95,11.15,42.9,11.1,1.0,0.33411,0.02934,0.01897,0.0,0.0,0.17141,0.00739,9066,3467,0.38242,14161,166.6,28.0,611.1,97.3,6.15,0.9048,0.0949,0.0003,0.0,0.0,0.0,0.0,0.0942,0.0964,0.1024,0.1191,0.1334,0.1391,0.1582,0.1572,-0.0425,-0.1184,0.6788,0.9783,mediterraneo,0.5786,0.566,True
04295_01125,42.95,11.25,42.9,11.2,1.0,0.36751,0.0,0.03819,0.0,0.0,0.00055,0.0,9061,3676,0.4057,14280,134.2,45.0,362.1,45.7,5.18,0.9977,0.0023,0.0,0.0,0.0,0.0,0.0,0.0951,0.1335,0.1788,0.1259,0.1026,0.1254,0.1308,0.1079,-0.0144,0.0682,0.7109,0.9953,mediterraneo,0.5507,0.5481,True
04295_01135,42.95,11.35,42.9,11.3,1.0,0.20461,0.0,0.00552,0.0,0.0,0.0,0.00055,9066,1905,0.21013,14280,138.8,52.0,362.3,57.2,4.85,0.9737,0.0263,0.0,0.0,0.0,0.0,0.0,0.1283,0.1367,0.15,0.0723,0.0877,0.1507,0.1733,0.101,0.051,-0.0561,0.6413,0.9987,mediterraneo,0.5579,0.5572,True
04295_01145,42.95,11.45,42.9,11.4,1.0,0.21302,0.0,0.0,0.0,0.0,0.0,0.02107,9065,1931,0.21302,14280,230.3,88.9,625.7,96.7,5.93,0.7881,0.2114,0.0005,0.0,0.0,0.0,0.0,0.132,0.0986,0.0989,0.0955,0.1005,0.1194,0.2008,0.1543,0.0587,-0.1654,0.7732,1.0,mediterraneo,0.6136,0.6136,True
04295_01155,42.95,11.55,42.9,11.5,1.0,0.2672,0.04169,0.03705,0.0,0.0,0.0,0.02647,9068,3137,0.34594,14399,408.6,138.6,1174.5,176.9,9.0,0.3273,0.5373,0.1192,0.0161,0.0,0.0,0.0,0.1446,0.0481,0.072,0.0604,0.0858,0.1008,0.2149,0.2736,0.1774,-0.3445,0.9457,0.9645,mediterraneo,0.7537,0.7269,True
04295_01165,42.95,11.65,42.9,11.6,1.0,0.28237,0.07948,0.14141,0.0,0.0,0.0,0.07804,9059,4559,0.50326,14161,677.3,297.6,1410.4,257.7,9.04,0.0008,0.4433,0.3443,0.1768,0.0349,0.0,0.0,0.2807,0.1878,0.1308,0.1078,0.0437,0.0228,0.0723,0.1541,0.3968,0.1514,0.9429,0.9465,appenninico,0.7997,0.7569,True
04295_01175,42.95,11.75,42.9,11.7,1.0,0.11116,0.00915,0.01709,0.0,0.0,0.0,0.04488,9068,1246,0.1374,14280,463.7,306.2,829.2,107.0,7.23,0.0,0.879,0.121,0.0,0.0,0.0,0.0,0.1403,0.1569,0.1752,0.097,0.0433,0.0697,0.1547,0.1629,0.212,0.0364,0.8473,0.9771,mediterraneo,0.856,0.8364,True
04295_01185,42.95,11.85,42.9,11.8,1.0,0.45932,0.00386,0.03958,0.00606,0.0,0.0,0.03947,9070,4560,0.50276,14280,602.0,292.2,1136.9,139.5,9.88,0.0004,0.5006,0.4725,0.0264,0.0,0.0,0.0,0.0722,0.1644,0.1638,0.1086,0.0701,0.1389,0.2015,0.0806,-0.0082,-0.0004,0.9276,0.9941,appenninico,0.7757,0.7711,True
04295_01195,42.95,11.95,42.9,11.9,1.0,0.23404,0.0,0.0021,0.00397,0.0,0.0,0.00033,9067,2141,0.23614,14280,302.0,239.7,587.6,55.9,4.64,0.5791,0.4209,0.0,0.0,0.0,0.0,0.0,0.1148,0.1578,0.1834,0.1108,0.0778,0.1064,0.1523,0.0967,0.0623,0.0805,0.6354,0.9996,mediterraneo,0.6763,0.676,True
04295_01205,42.95,12.05,42.9,12.0,1.0,0.51572,0.0032,0.0043,0.0,0.0,0.0,0.0075,9067,4744,0.52322,14399,406.7,238.1,679.2,78.4,6.39,0.1041,0.8901,0.0058,0.0,0.0,0.0,0.0,0.1017,0.0903,0.1173,0.133,0.1153,0.1333,0.1648,0.1444,-0.0346,-0.086,0.841,0.9981,mediterraneo,0.8191,0.8175,True
04295_01215,42.95,12.15,42.9,12.1,1.0,0.56351,0.0,0.03532,0.0,0.0,0.0,0.05044,9061,5426,0.59883,14161,456.0,220.9,856.9,127.1,8.55,0.1515,0.7234,0.1251,0.0,0.0,0.0,0.0,0.1278,0.141,0.1633,0.1121,0.0838,0.1116,0.1421,0.1183,0.0722,0.0377,0.8887,0.9971,mediterraneo,0.8108,0.8084,True
04295_01225,42.95,12.25,42.9,12.2,1.0,0.34924,0.01334,0.02095,0.0,0.0,0.01753,0.05633,9071,3479,0.38353,14280,316.0,178.4,615.2,100.0,7.94,0.5332,0.4646,0.0022,0.0,0.0,0.0,0.0,0.1214,0.1402,0.1842,0.1249,0.0907,0.0914,0.1243,0.1228,0.0684,0.1004,0.8461,0.9886,mediterraneo,0.6901,0.6822,True
04295_01245,42.95,12.45,42.9,12.4,1.0,0.40798,0.00298,0.06903,0.0,0.0,0.01422,0.0,9069,4353,0.47999,14280,326.0,154.5,642.9,114.7,9.28,0.4868,0.5029,0.0103,0.0,0.0,0.0,0.0,0.1069,0.0834,0.0945,0.1017,0.0961,0.1525,0.2242,0.1407,-0.0103,-0.21,0.8807,0.9913,mediterraneo,0.7045,0.6984,True
04295_01255,42.95,12.55,42.9,12.5,1.0,0.2436,0.00474,0.08745,0.0,0.0,0.00562,0.0,9068,3045,0.33579,14399,346.9,188.4,718.5,120.4,8.1,0.3998,0.57,0.0301,0.0,0.0,0.0,0.0,0.1034,0.2087,0.1999,0.0984,0.0819,0.135,0.1204,0.0523,0.043,0.17,0.7845,0.9834,mediterraneo,0.7315,0.7194,True
04295_01275,42.95,12.75,42.9,12.7,1.0,0.32351,0.01556,0.0117,0.01379,0.0,0.0,0.0406,9063,3179,0.35077,14280,501.4,205.4,1122.4,253.0,11.1,0.325,0.3291,0.2599,0.0859,0.0,0.0,0.0,0.0884,0.0365,0.0369,0.0875,0.1381,0.1906,0.2132,0.2088,-0.0744,-0.3905,0.7489,0.9872,mediterraneo,0.7439,0.7344,True
04295_01285,42.95,12.85,42.9,12.8,1.0,0.53486,0.02581,0.03706,0.08195,0.0,0.0,0.03111,9066,5419,0.59773,14280,864.9,506.9,1288.6,151.6,13.93,0.0,0.0354,0.5689,0.3778,0.0179,0.0,0.0,0.0871,0.1092,0.1648,0.1166,0.0678,0.1177,0.1823,0.1546,0.038,-0.0521,0.96,0.9861,appenninico,0.9547,0.9414,True
04295_01295,42.95,12.95,42.9,12.9,1.0,0.42937,0.01103,0.0,0.12879,0.0,0.0,0.07608,9069,3994,0.4404,14280,988.6,514.8,1496.6,187.4,15.91,0.0,0.0047,0.3773,0.4539,0.1641,0.0,0.0,0.08,0.1043,0.156,0.1328,0.1004,0.1697,0.1739,0.0829,-0.1028,-0.0296,0.9658,0.9937,appenninico,0.9546,0.9486,True
04295_01305,42.95,13.05,42.9,13.0,1.0,0.38303,0.00828,0.05617,0.05109,0.0,0.0,0.08309,9062,4055,0.44748,14280,974.9,480.0,1572.7,247.9,19.66,0.0,0.0368,0.3849,0.3628,0.2155,0.0,0.0,0.0785,0.1304,0.1793,0.1053,0.0635,0.1179,0.1725,0.1525,0.0655,-0.021,0.9852,0.9891,appenninico,0.9337,0.9235,True
04295_01315,42.95,13.15,42.9,13.1,1.0,0.40243,0.05008,0.03144,0.26222,0.0,0.0,0.09388,9065,4387,0.48395,14280,1236.6,636.4,2144.1,312.1,21.83,0.0,0.0,0.13,0.3924,0.3333,0.1321,0.0123,0.157,0.1238,0.0481,0.0541,0.1235,0.1848,0.1702,0.1385,0.0499,-0.2313,0.9881,0.9709,appenninico,0.8391,0.8147,True
04295_01325,42.95,13.25,42.9,13.2,1.0,0.36546,0.01081,0.00176,0.3981,0.0,0.0,0.07686,9068,3428,0.37803,14280,1413.7,613.8,2314.4,356.2,26.41,0.0,0.0,0.0901,0.2076,0.3599,0.3031,0.0393,0.1695,0.1863,0.145,0.1384,0.1084,0.0474,0.074,0.131,0.1528,0.1775,0.9971,0.9926,appenninico,0.6908,0.6857,True
04295_01335,42.95,13.35,42.9,13.3,1.0,0.33311,0.00617,0.03617,0.0118,0.0,0.0,0.05138,9069,3405,0.37545,14280,650.1,367.1,1230.4,137.7,11.57,0.0,0.4009,0.5433,0.055,0.0008,0.0,0.0,0.1201,0.1545,0.212,0.1281,0.0664,0.0717,0.1145,0.1327,0.1225,0.1584,0.9618,0.9911,appenninico,0.8124,0.8052,True
04295_01345,42.95,13.45,42.9,13.4,1.0,0.34459,0.01986,0.00386,0.0,0.0,0.0,0.07315,9063,3338,0.36831,14280,570.4,312.2,891.4,101.4,11.65,0.0,0.6015,0.3985,0.0,0.0,0.0,0.0,0.1026,0.111,0.1652,0.1228,0.097,0.1018,0.1561,0.1435,0.0287,0.002,0.9679,0.986,mediterraneo,0.8699,0.8577,True
04295_01355,42.95,13.55,42.9,13.5,1.0,0.25386,0.0,0.00199,0.0,0.0,0.0,0.0705,9064,2319,0.25585,14280,474.9,212.4,1089.9,140.5,11.62,0.0756,0.7576,0.154,0.0128,0.0,0.0,0.0,0.1464,0.1434,0.1387,0.1594,0.0935,0.0728,0.106,0.1398,0.0878,0.0965,0.95,0.9996,mediterraneo,0.8318,0.8315,True
04305_01055,43.05,10.55,43.0,10.5,0.7167,0.08046,0.00288,0.04427,0.0,0.0,0.01372,0.0,9036,1153,0.12761,14520,31.6,-1.4,385.1,58.3,2.11,0.9932,0.0068,0.0,0.0,0.0,0.0,0.0,0.0853,0.0275,0.0222,0.0472,0.1629,0.2246,0.2768,0.1534,-0.1418,-0.4789,0.1953,0.977,mediterraneo,0.552,0.5393,True
04305_01065,43.05,10.65,43.0,10.6,1.0,0.15932,0.0,0.00309,0.0,0.0,0.05381,0.00177,9051,1470,0.16241,14280,99.3,4.2,637.5,119.0,4.85,0.9239,0.0744,0.0016,0.0,0.0,0.0,0.0,0.0635,0.0608,0.1722,0.203,0.1813,0.148,0.0988,0.0724,-0.2796,0.1022,0.4457,0.999,mediterraneo,0.5728,0.5722,True
04305_01075,43.05,10.75,43.0,10.7,1.0,0.63695,0.00442,0.00685,0.0,0.0,0.04574,0.00199,9051,5867,0.64822,14400,126.0,26.5,362.0,62.9,6.14,0.9873,0.0127,0.0,0.0,0.0,0.0,0.0,0.1087,0.0872,0.0952,0.122,0.1177,0.1486,0.1817,0.1388,-0.0432,-0.1426,0.7738,0.9978,mediterraneo,0.5538,0.5526,True
04305_01085,43.05,10.85,43.0,10.8,1.0,0.46965,0.01203,0.03808,0.0,0.0,0.06325,0.00121,9060,4709,0.51976,14400,234.4,49.0,557.9,92.0,6.82,0.7546,0.2454,0.0,0.0,0.0,0.0,0.0,0.088,0.0824,0.0943,0.125,0.1421,0.1362,0.1987,0.1333,-0.0885,-0.1546,0.7839,0.9906,mediterraneo,0.6236,0.6177,True
04305_01095,43.05,10.95,43.0,10.9,1.0,0.73594,0.00442,0.03469,0.0,0.0,0.0,0.0053,9051,7015,0.77505,14400,338.4,67.5,852.0,152.5,8.39,0.4486,0.4942,0.0572,0.0,0.0,0.0,0.0,0.0447,0.0639,0.1424,0.1503,0.1593,0.2045,0.1749,0.0599,-0.2859,-0.0703,0.8538,0.9963,mediterraneo,0.7183,0.7156,True
04305_01105,43.05,11.05,43.0,11.0,1.0,0.76198,0.0,0.02048,0.0,0.0,0.00144,0.05391,9033,7068,0.78246,14520,448.4,120.9,793.9,117.2,9.25,0.1518,0.7926,0.0556,0.0,0.0,0.0,0.0,0.0774,0.0884,0.1123,0.1608,0.1686,0.1641,0.14,0.0885,-0.2013,-0.0305,0.9374,0.9987,mediterraneo,0.8072,0.8062,True
04305_01115,43.05,11.15,43.0,11.1,1.0,0.63872,0.01964,0.06729,0.0,0.0,0.01986,0.02592,9065,6578,0.72565,14280,413.9,147.8,798.4,102.0,9.27,0.1204,0.8303,0.0493,0.0,0.0,0.0,0.0,0.0822,0.1269,0.1992,0.1523,0.1393,0.1155,0.1068,0.0778,-0.1023,0.1585,0.9564,0.9886,mediterraneo,0.8163,0.807,True
04305_01125,43.05,11.25,43.0,11.2,1.0,0.4333,0.12412,0.14576,0.0,0.0,0.09541,0.06029,9056,6368,0.70318,14400,318.9,123.1,604.2,100.6,9.37,0.431,0.5688,0.0001,0.0,0.0,0.0,0.0,0.081,0.1322,0.1331,0.1309,0.1561,0.2031,0.1127,0.0509,-0.1838,0.0273,0.896,0.9455,mediterraneo,0.7206,0.6813,True
04305_01135,43.05,11.35,43.0,11.3,1.0,0.54966,0.0,0.02477,0.0,0.0,0.00111,0.02787,9042,5194,0.57443,14400,214.8,81.0,521.1,87.6,7.14,0.8184,0.1816,0.0,0.0,0.0,0.0,0.0,0.091,0.1126,0.1643,0.1254,0.1125,0.1161,0.1796,0.0985,-0.0429,0.0007,0.8203,0.9978,mediterraneo,0.6045,0.6032,True
04305_01145,43.05,11.45,43.0,11.4,1.0,0.53107,0.0,0.0,0.0,0.0,0.0,0.01666,9061,4812,0.53107,14400,351.7,137.1,661.5,125.5,7.15,0.4025,0.572,0.0255,0.0,0.0,0.0,0.0,0.1172,0.124,0.1178,0.0835,0.0834,0.1456,0.1812,0.1472,0.0658,-0.1252,0.8822,1.0,mediterraneo,0.7305,0.7305,True
04305_01155,43.05,11.55,43.0,11.5,1.0,0.27808,0.00221,0.0052,0.0,0.0,0.0,0.00896,9044,2582,0.28549,14520,322.2,155.2,593.0,83.5,7.29,0.487,0.513,0.0,0.0,0.0,0.0,0.0,0.1138,0.1441,0.1366,0.1088,0.0915,0.096,0.1525,0.1567,0.0929,-0.0151,0.8713,0.9972,mediterraneo,0.7039,0.7019,True
04305_01175,43.05,11.75,43.0,11.7,1.0,0.17952,0.0,0.00928,0.0,0.0,0.0,0.11125,9052,1709,0.1888,14400,462.7,276.8,716.9,101.7,6.96,0.04,0.8577,0.1023,0.0,0.0,0.0,0.0,0.103,0.0917,0.0808,0.0857,0.1025,0.2275,0.1783,0.1304,-0.0675,-0.233,0.8411,0.9975,mediterraneo,0.8431,0.841,True
04305_01185,43.05,11.85,43.0,11.8,1.0,0.26954,0.00365,0.00509,0.0,0.0,0.0,0.03958,9045,2517,0.27828,14400,391.7,248.3,850.5,123.1,5.79,0.2426,0.677,0.0804,0.0,0.0,0.0,0.0,0.1697,0.2655,0.1844,0.1303,0.0829,0.0389,0.0373,0.0909,0.2229,0.3467,0.7829,0.9958,mediterraneo,0.7812,0.7779,True
04305_01205,43.05,12.05,43.0,12.0,1.0,0.14171,0.0,0.0,0.0,0.0,0.0,0.0,9054,1283,0.14171,14520,310.5,253.7,644.3,67.9,4.08,0.6224,0.3749,0.0028,0.0,0.0,0.0,0.0,0.1596,0.0998,0.1399,0.1443,0.093,0.0817,0.0994,0.1824,0.1113,0.0246,0.4949,1.0,mediterraneo,0.6635,0.6635,True
04305_01215,43.05,12.15,43.0,12.1,1.0,0.2611,0.0,0.0,0.0,0.0,0.02121,0.00464,9054,2364,0.2611,14280,312.5,215.0,591.0,67.6,5.85,0.5448,0.4552,0.0,0.0,0.0,0.0,0.0,0.099,0.0809,0.1968,0.126,0.1193,0.1453,0.136,0.0968,-0.0823,0.0355,0.6164,1.0,mediterraneo,0.6866,0.6866,True
04305_01225,43.05,12.25,43.0,12.2,1.0,0.09993,0.0,0.00674,0.0,0.0,0.0,0.00122,9046,965,0.10667,14400,248.9,205.4,515.5,42.1,3.9,0.8943,0.1057,0.0,0.0,0.0,0.0,0.0,0.0867,0.0864,0.1643,0.1445,0.106,0.1159,0.1615,0.1346,-0.0472,-0.0145,0.4644,0.9968,mediterraneo,0.5817,0.5798,True
04305_01265,43.05,12.65,43.0,12.6,1.0,0.17416,0.02542,0.10708,0.0,0.0,0.0,0.05525,9049,2775,0.30666,14280,531.6,187.4,1288.0,319.7,11.82,0.3165,0.3539,0.1541,0.1388,0.0366,0.0,0.0,0.0884,0.0914,0.087,0.0631,0.1011,0.2992,0.1654,0.1044,-0.1333,-0.2647,0.7551,0.9618,mediterraneo,0.706,0.679,True
04305_01275,43.05,12.75,43.0,12.7,1.0,0.49354,0.00939,0.02043,0.00751,0.0,0.0,0.01513,9055,4739,0.52336,14400,579.5,278.8,1110.3,159.2,14.61,0.0055,0.5879,0.3638,0.0428,0.0,0.0,0.0,0.0836,0.0874,0.1786,0.1313,0.084,0.1075,0.1952,0.1325,-0.0192,-0.0346,0.9739,0.9936,mediterraneo,0.8558,0.8503,True
04305_01285,43.05,12.85,43.0,12.8,1.0,0.34755,0.02364,0.00884,0.05999,0.0,0.0,0.02629,9052,3440,0.38003,14400,855.8,463.2,1538.3,154.3,12.73,0.0,0.0405,0.6769,0.2428,0.0398,0.0,0.0,0.0723,0.1272,0.1681,0.1111,0.0914,0.1501,0.1719,0.1079,-0.0354,-0.0191,0.8936,0.9833,appenninico,0.944,0.9282,True
04305_01295,43.05,12.95,43.0,12.9,1.0,0.48691,0.0032,0.0,0.11278,0.0,0.0,0.06307,9053,4437,0.49011,14400,963.1,547.7,1426.5,171.5,17.03,0.0,0.0043,0.402,0.5028,0.0908,0.0,0.0,0.1233,0.1197,0.1118,0.1345,0.1077,0.1063,0.1426,0.1542,0.0359,-0.0372,0.9114,0.9984,appenninico,0.9645,0.963,True
04305_01305,43.05,13.05,43.0,13.0,1.0,0.31536,0.0,0.01702,0.04652,0.0,0.0,0.08519,9050,3008,0.33238,14400,654.8,397.0,1114.7,143.6,14.0,0.0,0.414,0.5274,0.0586,0.0,0.0,0.0,0.1014,0.1152,0.1852,0.144,0.0741,0.0747,0.1459,0.1596,0.067,0.0605,0.9531,0.9974,appenninico,0.808,0.8059,True
04305_01315,43.05,13.15,43.0,13.1,1.0,0.30036,0.00917,0.04851,0.18687,0.0,0.0,0.15571,9049,3240,0.35804,14400,850.5,361.6,1571.6,252.7,16.22,0.0,0.1476,0.4744,0.2701,0.1078,0.0,0.0,0.154,0.1184,0.0797,0.0848,0.0534,0.1147,0.2331,0.162,0.165,-0.212,0.9762,0.9868,appenninico,0.901,0.8891,True
04305_01325,43.05,13.25,43.0,13.2,1.0,0.44367,0.00309,0.00928,0.16468,0.0,0.0,0.0708,9054,4129,0.45604,14400,815.6,354.9,1603.6,320.1,15.08,0.0,0.3556,0.3085,0.1638,0.172,0.0001,0.0,0.136,0.1677,0.1933,0.1238,0.0789,0.0661,0.0863,0.148,0.1487,0.1704,0.9399,0.9973,appenninico,0.8165,0.8143,True
04305_01335,43.05,13.35,43.0,13.3,1.0,0.19129,0.00376,0.0,0.0,0.0,0.0,0.05028,9049,1765,0.19505,14400,476.0,273.7,751.0,76.7,9.68,0.003,0.941,0.056,0.0,0.0,0.0,0.0,0.1572,0.1456,0.1333,0.1449,0.1273,0.0765,0.0791,0.1361,0.0734,0.1112,0.9473,0.9952,mediterraneo,0.8519,0.8478,True
04305_01345,43.05,13.45,43.0,13.4,1.0,0.14672,0.00155,0.0,0.0,0.0,0.0,0.09469,9051,1342,0.14827,14400,366.2,183.2,831.3,104.0,9.48,0.2916,0.6844,0.024,0.0,0.0,0.0,0.0,0.1642,0.136,0.1418,0.1167,0.1187,0.0756,0.0975,0.1494,0.1108,0.0674,0.9083,0.9974,mediterraneo,0.7637,0.7617,True
04305_01355,43.05,13.55,43.0,13.5,1.0,0.10019,0.0,0.0,0.0,0.0,0.0,0.02121,9053,907,0.10019,14400,288.8,93.5,582.3,96.2,8.38,0.5936,0.4064,0.0,0.0,0.0,0.0,0.0,0.1304,0.1352,0.1658,0.1449,0.0817,0.0894,0.119,0.1337,0.0817,0.0897,0.9158,1.0,mediterraneo,0.6719,0.6719,True
04315_01055,43.15,10.55,43.1,10.5,0.6162,0.13112,0.03442,0.02109,0.0,0.0,0.04674,0.0,9007,1681,0.18663,14520,39.2,0.0,363.3,60.7,2.39,0.9981,0.0019,0.0,0.0,0.0,0.0,0.0,0.1426,0.0745,0.0425,0.0474,0.1004,0.136,0.2703,0.1864,0.1033,-0.3778,0.2497,0.9482,mediterraneo,0.5506,0.5221,True
04315_01065,43.15,10.65,43.1,10.6,1.0,0.69659,0.01073,0.0209,0.0,0.0,0.03284,0.01039,9044,6586,0.72822,14280,246.1,23.6,554.8,117.0,9.14,0.6422,0.3578,0.0,0.0,0.0,0.0,0.0,0.0966,0.1132,0.139,0.1269,0.112,0.0883,0.1763,0.1477,0.0196,-0.0336,0.8906,0.9949,mediterraneo,0.6573,0.6539,True
04315_01075,43.15,10.75,43.1,10.7,1.0,0.45317,0.01747,0.01592,0.0,0.0,0.15714,0.01836,9043,4400,0.48656,14400,215.0,59.2,554.5,93.5,7.87,0.8077,0.1923,0.0,0.0,0.0,0.0,0.0,0.0748,0.0669,0.1289,0.1634,0.1254,0.1598,0.1572,0.1237,-0.1459,-0.0646,0.8881,0.9894,mediterraneo,0.6077,0.6013,True
04315_01085,43.15,10.85,43.1,10.8,1.0,0.58675,0.0,0.03572,0.0,0.0,0.03915,0.01261,9043,5629,0.62247,14400,399.9,152.0,870.7,153.7,9.09,0.3294,0.5354,0.1351,0.0,0.0,0.0,0.0,0.0968,0.081,0.0609,0.1004,0.1492,0.1729,0.2343,0.1044,-0.1198,-0.2498,0.9477,0.9971,mediterraneo,0.7578,0.7556,True
04315_01095,43.15,10.95,43.1,10.9,1.0,0.80151,0.01186,0.04344,0.0,0.0,0.00033,0.05043,9023,7731,0.85681,14400,642.6,354.1,1054.5,131.0,11.52,0.0,0.42,0.5354,0.0446,0.0,0.0,0.0,0.1103,0.1241,0.1199,0.1035,0.115,0.1454,0.1624,0.1193,-0.0086,-0.0682,0.9661,0.994,appenninico,0.8052,0.8004,True
04315_01105,43.15,11.05,43.1,11.0,1.0,0.73763,0.0,0.00652,0.0,0.0,0.0,0.01657,9052,6736,0.74415,14520,498.2,297.8,1056.8,121.5,9.82,0.0003,0.8262,0.1625,0.011,0.0,0.0,0.0,0.1519,0.1491,0.1727,0.1511,0.1106,0.0478,0.08,0.1367,0.1033,0.1766,0.9356,0.9996,mediterraneo,0.8553,0.855,True
04315_01115,43.15,11.15,43.1,11.1,1.0,0.388,0.04272,0.06579,0.0,0.0,0.0,0.03096,9013,4475,0.49651,14280,346.5,254.4,636.2,63.4,5.66,0.2629,0.7363,0.0008,0.0,0.0,0.0,0.0,0.1274,0.1446,0.1573,0.106,0.0868,0.107,0.1347,0.1363,0.0887,0.0294,0.6873,0.9719,mediterraneo,0.7712,0.7495,True
04315_01125,43.15,11.25,43.1,11.2,1.0,0.33919,0.2487,0.24274,0.0,0.0,0.0,0.02961,9051,7518,0.83063,14400,331.3,151.8,601.4,103.1,9.13,0.4117,0.5882,0.0001,0.0,0.0,0.0,0.0,0.1177,0.1961,0.1747,0.111,0.0871,0.0989,0.136,0.0785,0.0789,0.1332,0.8726,0.9105,mediterraneo,0.7265,0.6615,True
04315_01135,43.15,11.35,43.1,11.3,1.0,0.55569,0.0,0.00388,0.0,0.0,0.09588,0.032,9032,5054,0.55957,14400,281.9,114.0,507.3,81.1,7.7,0.6267,0.3733,0.0,0.0,0.0,0.0,0.0,0.094,0.1307,0.162,0.1055,0.1277,0.1394,0.1602,0.0804,-0.0574,0.0138,0.9133,0.9997,mediterraneo,0.662,0.6618,True
04315_01155,43.15,11.55,43.1,11.5,1.0,0.25304,0.0,0.0,0.0,0.0,0.0,0.08855,9034,2286,0.25304,14520,256.6,144.6,388.8,56.3,7.35,0.7377,0.2623,0.0,0.0,0.0,0.0,0.0,0.1193,0.0763,0.1028,0.1104,0.1173,0.1232,0.1823,0.1684,0.0077,-0.1557,0.8757,1.0,mediterraneo,0.6287,0.6287,True
04315_01165,43.15,11.65,43.1,11.6,1.0,0.27206,0.0,0.00431,0.0,0.0,0.0,0.01305,9042,2499,0.27637,14280,375.2,266.0,643.8,65.4,6.29,0.0983,0.8997,0.002,0.0,0.0,0.0,0.0,0.1281,0.1008,0.0814,0.0996,0.122,0.1791,0.1459,0.143,-0.0205,-0.1533,0.8333,0.9992,mediterraneo,0.8206,0.8199,True
04315_01175,43.15,11.75,43.1,11.7,1.0,0.19402,0.00432,0.04615,0.0,0.0,0.0,0.00697,9035,2209,0.24449,14400,369.0,250.0,585.8,85.5,5.48,0.2727,0.7273,0.0,0.0,0.0,0.0,0.0,0.1489,0.1794,0.1833,0.1311,0.0703,0.0613,0.084,0.1417,0.1707,0.1836,0.7235,0.9861,mediterraneo,0.7682,0.7575,True
04315_01215,43.15,12.15,43.1,12.1,1.0,0.10024,0.0,0.0,0.0,0.0,0.0,0.0,9038,906,0.10024,14280,282.4,243.9,605.0,58.7,2.99,0.8054,0.1944,0.0002,0.0,0.0,0.0,0.0,0.0597,0.0588,0.0909,0.1108,0.1794,0.2141,0.1931,0.0932,-0.2472,-0.2018,0.2944,1.0,mediterraneo,0.6084,0.6084,True
04315_01225,43.15,12.25,43.1,12.2,1.0,0.23591,0.0,0.01705,0.00376,0.0,0.0,0.00775,9033,2285,0.25296,14400,319.7,220.4,667.9,85.6,7.18,0.5224,0.4734,0.0042,0.0,0.0,0.0,0.0,0.051,0.064,0.1685,0.1458,0.1483,0.157,0.1551,0.1103,-0.1934,-0.0274,0.6969,0.9966,mediterraneo,0.6935,0.6911,True
04315_01235,43.15,12.35,43.1,12.3,1.0,0.29485,0.01626,0.01139,0.00476,0.0,0.0,0.04479,9042,2916,0.3225,14400,424.0,243.9,957.8,117.9,9.97,0.1392,0.7981,0.0569,0.0058,0.0,0.0,0.0,0.0794,0.107,0.1343,0.1193,0.1263,0.1983,0.1549,0.0806,-0.1392,-0.0611,0.9031,0.9856,mediterraneo,0.8096,0.7979,True
04315_01255,43.15,12.55,43.1,12.5,1.0,0.19973,0.0031,0.02057,0.0,0.0,0.0,0.01969,9042,2020,0.2234,14520,368.7,206.4,691.5,117.7,8.94,0.3509,0.6183,0.0308,0.0,0.0,0.0,0.0,0.0705,0.0579,0.1019,0.1641,0.1313,0.1264,0.2084,0.1396,-0.1299,-0.1412,0.8058,0.9919,mediterraneo,0.7463,0.7403,True
04315_01265,43.15,12.65,43.1,12.6,1.0,0.33842,0.00288,0.00919,0.0,0.0,0.0,0.03254,9036,3167,0.35049,14280,545.1,259.5,861.2,117.9,11.8,0.0176,0.663,0.3193,0.0,0.0,0.0,0.0,0.1089,0.0825,0.0925,0.1077,0.1155,0.1458,0.1847,0.1625,-0.0137,-0.1813,0.9784,0.9966,mediterraneo,0.8606,0.8577,True
04315_01275,43.15,12.75,43.1,12.7,1.0,0.2323,0.0042,0.00288,0.00044,0.0,0.0,0.01593,9040,2164,0.23938,14400,583.0,391.4,893.5,107.1,9.56,0.0,0.609,0.391,0.0,0.0,0.0,0.0,0.0888,0.1237,0.1709,0.1534,0.0798,0.0991,0.1568,0.1275,0.0075,0.0508,0.8651,0.995,mediterraneo,0.8696,0.8653,True
04315_01285,43.15,12.85,43.1,12.8,1.0,0.51755,0.01118,0.06465,0.08325,0.0,0.0,0.10904,9033,5360,0.59338,14400,784.9,441.0,1564.3,192.9,17.88,0.0,0.1794,0.5822,0.2035,0.0349,0.0,0.0,0.0856,0.0981,0.113,0.1141,0.1112,0.1207,0.1967,0.1606,-0.0074,-0.1356,0.9838,0.9898,appenninico,0.8939,0.8848,True
04315_01295,43.15,12.95,43.1,12.9,1.0,0.59066,0.01539,0.01483,0.06564,0.0,0.0,0.08601,9034,5609,0.62088,14400,851.9,376.3,1377.1,225.3,21.29,0.0,0.1744,0.356,0.4206,0.0491,0.0,0.0,0.117,0.1155,0.1455,0.1248,0.0892,0.1045,0.1478,0.1557,0.0589,-0.0189,0.9696,0.9926,appenninico,0.9052,0.8985,True
04315_01305,43.15,13.05,43.1,13.0,1.0,0.11922,0.0,0.0,0.01017,0.0,0.0,0.01626,9042,1078,0.11922,14400,501.0,296.2,1193.9,114.9,9.7,0.0004,0.8495,0.1401,0.0099,0.0,0.0,0.0,0.1103,0.1254,0.1979,0.1265,0.0623,0.068,0.1382,0.1715,0.1302,0.0698,0.9202,1.0,mediterraneo,0.8543,0.8543,True
04315_01315,43.15,13.15,43.1,13.1,1.0,0.38311,0.04882,0.01406,0.20423,0.0,0.0,0.09221,9034,4029,0.44599,14400,662.1,296.0,1146.6,184.2,16.0,0.0049,0.388,0.4953,0.1118,0.0,0.0,0.0,0.1406,0.1307,0.1479,0.1097,0.1254,0.1109,0.1046,0.1303,0.0472,0.0443,0.974,0.9711,appenninico,0.8164,0.7928,True
04315_01325,43.15,13.25,43.1,13.2,1.0,0.11393,0.00354,0.0,0.00022,0.0,0.0,0.06592,9041,1062,0.11747,14400,382.7,208.5,1077.1,108.8,9.31,0.2174,0.7531,0.0229,0.0067,0.0,0.0,0.0,0.1553,0.1624,0.1516,0.1154,0.0787,0.0911,0.1188,0.1267,0.1383,0.0756,0.9151,0.9925,mediterraneo,0.7843,0.7784,True
04325_01055,43.25,10.55,43.2,10.5,0.8023,0.02757,0.06045,0.01982,0.0,0.0,0.0,0.0,9033,974,0.10784,14641,18.7,0.0,149.0,23.4,0.99,1.0,0.0,0.0,0.0,0.0,0.0,0.0,0.0523,0.0574,0.0974,0.1169,0.1385,0.1949,0.2287,0.1138,-0.1966,-0.2317,0.0666,0.8507,mediterraneo,0.55,0.4679,True
04325_01065,43.25,10.65,43.2,10.6,1.0,0.61641,0.00686,0.02314,0.0,0.0,0.01395,0.00022,9033,5839,0.64641,14399,205.3,26.7,613.9,123.8,8.64,0.7628,0.2365,0.0008,0.0,0.0,0.0,0.0,0.1288,0.0911,0.101,0.0981,0.1288,0.1203,0.1611,0.1709,0.0326,-0.1356,0.828,0.9956,mediterraneo,0.6213,0.6186,True
04325_01075,43.25,10.75,43.2,10.7,1.0,0.59091,0.00621,0.04457,0.0,0.0,0.14557,0.00388,9020,5788,0.64169,14520,287.1,54.4,556.5,118.1,9.7,0.5355,0.4645,0.0,0.0,0.0,0.0,0.0,0.1453,0.1199,0.1126,0.0605,0.0782,0.1567,0.1802,0.1467,0.1024,-0.155,0.9515,0.9941,mediterraneo,0.6894,0.6853,True
04325_01085,43.25,10.85,43.2,10.8,1.0,0.39485,0.01642,0.01998,0.0,0.0,0.11708,0.02475,9011,3886,0.43125,14520,377.1,104.2,859.6,133.2,9.39,0.2994,0.6309,0.0697,0.0,0.0,0.0,0.0,0.1257,0.1393,0.1259,0.0783,0.075,0.1161,0.1817,0.158,0.1235,-0.0975,0.9542,0.9882,mediterraneo,0.7637,0.7547,True
04325_01095,43.25,10.95,43.2,10.9,1.0,0.44816,0.03696,0.02766,0.0,0.0,0.06175,0.02789,9037,4634,0.51278,14520,356.6,123.8,786.2,124.2,9.7,0.3676,0.5869,0.0455,0.0,0.0,0.0,0.0,0.1364,0.1705,0.2016,0.0888,0.0556,0.0834,0.1279,0.1357,0.1744,0.1048,0.9434,0.9793,mediterraneo,0.742,0.7266,True
04325_01105,43.25,11.05,43.2,11.0,1.0,0.40948,0.0,0.05306,0.0,0.0,0.0,0.03563,9009,4167,0.46254,14641,372.6,172.6,727.9,100.7,8.1,0.242,0.7196,0.0384,0.0,0.0,0.0,0.0,0.1132,0.1187,0.1208,0.0971,0.1134,0.1363,0.1685,0.132,0.0149,-0.0868,0.9163,0.9943,mediterraneo,0.7793,0.7749,True
04325_01115,43.25,11.15,43.2,11.1,1.0,0.73525,0.00376,0.03564,0.0,0.0,0.0,0.02369,9035,6999,0.77465,14399,403.1,235.3,600.1,78.2,7.7,0.0867,0.9133,0.0001,0.0,0.0,0.0,0.0,0.0912,0.1683,0.1657,0.1082,0.1029,0.1651,0.1411,0.0577,-0.0446,0.0628,0.8912,0.9965,mediterraneo,0.8241,0.8212,True
04325_01125,43.25,11.25,43.2,11.2,1.0,0.25538,0.02752,0.02697,0.0,0.0,0.0,0.0,9010,2792,0.30987,14520,248.8,176.4,530.6,77.4,4.93,0.8133,0.1867,0.0,0.0,0.0,0.0,0.0,0.0634,0.1415,0.2204,0.1506,0.0969,0.1119,0.1366,0.0787,-0.0601,0.1619,0.5116,0.9734,mediterraneo,0.606,0.5899,True
04325_01165,43.25,11.65,43.2,11.6,1.0,0.40237,0.01574,0.06043,0.0,0.0,0.0,0.03482,9019,4316,0.47854,14399,367.1,209.6,547.3,61.8,6.15,0.1408,0.8592,0.0,0.0,0.0,0.0,0.0,0.0799,0.112,0.1173,0.1076,0.1166,0.1461,0.1962,0.1242,-0.0533,-0.1167,0.791,0.9855,mediterraneo,0.8078,0.7961,True
04325_01175,43.25,11.75,43.2,11.7,1.0,0.10047,0.00354,0.03301,0.0,0.0,0.0,0.01163,9028,1237,0.13702,14520,292.4,243.5,474.4,42.6,3.51,0.7157,0.2843,0.0,0.0,0.0,0.0,0.0,0.0793,0.1806,0.2024,0.143,0.1108,0.1281,0.0986,0.0572,-0.0578,0.2145,0.4743,0.9815,mediterraneo,0.6353,0.6235,True
04325_01205,43.25,12.05,43.2,12.0,1.0,0.30347,0.0,0.12108,0.00488,0.0,0.01031,0.17374,9019,3829,0.42455,14641,472.1,258.7,972.6,180.9,10.79,0.233,0.5075,0.25,0.0095,0.0,0.0,0.0,0.0723,0.063,0.1038,0.1203,0.1592,0.2575,0.1505,0.0735,-0.2647,-0.1523,0.8148,0.9857,mediterraneo,0.7902,0.7789,True
04325_01215,43.25,12.15,43.2,12.1,1.0,0.49634,0.0,0.01352,0.0031,0.0,0.03092,0.089,9022,4600,0.50986,14399,459.9,262.2,884.6,135.1,11.47,0.109,0.7215,0.1695,0.0,0.0,0.0,0.0,0.1081,0.1308,0.1599,0.1378,0.1498,0.1273,0.114,0.0723,-0.088,0.0966,0.8918,0.9987,mediterraneo,0.8258,0.8247,True
04325_01225,43.25,12.25,43.2,12.2,1.0,0.54998,0.0,0.02305,0.00643,0.0,0.0,0.04887,9024,5171,0.57303,14520,472.0,268.3,818.5,111.0,11.27,0.0517,0.8108,0.1375,0.0,0.0,0.0,0.0,0.1083,0.1164,0.1363,0.0828,0.0946,0.1261,0.1836,0.1519,0.0608,-0.1038,0.9578,0.998,mediterraneo,0.8414,0.8397,True
04325_01235,43.25,12.35,43.2,12.3,1.0,0.3469,0.0,0.0143,0.01641,0.0,0.10676,0.04446,9020,3258,0.3612,14520,390.2,215.4,943.3,136.3,11.59,0.2742,0.6488,0.0729,0.0041,0.0,0.0,0.0,0.0988,0.1923,0.1584,0.1079,0.0804,0.121,0.1408,0.1005,0.0603,0.0733,0.855,0.998,mediterraneo,0.7704,0.7689,True
04325_01245,43.25,12.45,43.2,12.4,1.0,0.37555,0.0,0.0102,0.0,0.0,0.0,0.08843,9024,3481,0.38575,14520,447.0,209.5,860.8,147.7,10.57,0.2129,0.6239,0.1632,0.0,0.0,0.0,0.0,0.0641,0.0333,0.0684,0.1839,0.1504,0.1406,0.2143,0.145,-0.1964,-0.2019,0.8708,0.9987,mediterraneo,0.7943,0.7933,True
04325_01255,43.25,12.55,43.2,12.5,1.0,0.34597,0.0,0.00244,0.00377,0.0,0.0,0.09777,9021,3143,0.34841,14641,537.9,277.5,829.8,104.0,10.92,0.0176,0.6935,0.2889,0.0,0.0,0.0,0.0,0.1068,0.1112,0.1703,0.1684,0.1139,0.1008,0.1129,0.1158,-0.037,0.105,0.9561,0.9996,mediterraneo,0.8592,0.8589,True
04325_01265,43.25,12.65,43.2,12.6,1.0,0.28928,0.01019,0.01917,0.0,0.0,0.0,0.03146,9026,2876,0.31864,14399,439.5,279.0,704.4,72.6,8.63,0.0022,0.9741,0.0238,0.0,0.0,0.0,0.0,0.0947,0.1308,0.1371,0.0926,0.0971,0.1418,0.1703,0.1356,0.0204,-0.0756,0.8515,0.989,mediterraneo,0.8506,0.8412,True
04325_01275,43.25,12.75,43.2,12.7,1.0,0.16973,0.03736,0.01463,0.02251,0.0,0.0,0.05565,9020,2000,0.22172,14520,548.7,360.2,1277.7,150.2,9.49,0.0,0.7242,0.2302,0.0441,0.0015,0.0,0.0,0.1141,0.1009,0.1043,0.0687,0.0839,0.1471,0.2391,0.1419,0.0451,-0.2236,0.7623,0.9546,mediterraneo,0.8496,0.811,True
04325_01285,43.25,12.85,43.2,12.8,1.0,0.52837,0.04355,0.03557,0.12821,0.0,0.0,0.05375,9024,5482,0.60749,14520,871.6,411.2,1423.5,241.5,20.37,0.0,0.1532,0.4125,0.3177,0.1167,0.0,0.0,0.1031,0.1505,0.1663,0.1075,0.0591,0.1202,0.1893,0.104,0.0624,0.0024,0.9851,0.9792,appenninico,0.9007,0.882,True
04325_01295,43.25,12.95,43.2,12.9,1.0,0.38344,0.0041,0.02084,0.0511,0.0,0.0,0.08037,9021,3684,0.40838,14520,595.3,275.1,1240.7,214.1,14.6,0.0163,0.5583,0.3261,0.0977,0.0016,0.0,0.0,0.1373,0.1764,0.1856,0.1496,0.0657,0.0559,0.0914,0.1382,0.1527,0.1926,0.9251,0.9949,mediterraneo,0.836,0.8317,True
04325_01305,43.25,13.05,43.2,13.0,1.0,0.25335,0.0,0.00133,0.05034,0.0,0.0,0.03637,9019,2297,0.25468,14520,501.4,264.1,1121.8,188.9,10.25,0.0222,0.7466,0.1729,0.0583,0.0,0.0,0.0,0.0835,0.0776,0.0916,0.1324,0.1207,0.1712,0.1727,0.1503,-0.0917,-0.1634,0.8584,0.9997,mediterraneo,0.8374,0.8371,True
04325_01315,43.25,13.15,43.2,13.1,1.0,0.34571,0.01829,0.01219,0.06595,0.0,0.0,0.05442,9022,3394,0.37619,14520,490.9,213.3,972.0,166.5,12.88,0.1229,0.599,0.2758,0.0023,0.0,0.0,0.0,0.1584,0.1402,0.1534,0.1844,0.1321,0.0631,0.0708,0.0976,0.0227,0.2036,0.9439,0.9862,mediterraneo,0.8263,0.8149,True
04335_01055,43.35,10.55,43.3,10.5,1.0,0.34503,0.0,0.03577,0.0,0.0,0.01395,0.00354,9031,3439,0.3808,14520,105.3,0.0,601.7,107.5,4.64,0.933,0.0668,0.0002,0.0,0.0,0.0,0.0,0.0782,0.0338,0.036,0.1564,0.1714,0.1816,0.1961,0.1465,-0.2057,-0.2654,0.5363,0.9953,mediterraneo,0.5701,0.5674,True
04335_01065,43.35,10.65,43.3,10.6,1.0,0.38657,0.0,0.0397,0.00056,0.0,0.0,0.01212,8992,3833,0.42627,14280,171.8,19.9,599.8,118.9,7.55,0.8547,0.1453,0.0,0.0,0.0,0.0,0.0,0.0606,0.0761,0.1671,0.1474,0.1235,0.1761,0.166,0.0834,-0.182,-0.0219,0.8333,0.9953,mediterraneo,0.5936,0.5908,True
04335_01075,43.35,10.75,43.3,10.7,1.0,0.3625,0.00278,0.01543,0.01266,0.0,0.01288,0.01421,9007,3429,0.38071,14400,166.6,38.3,603.8,117.1,6.96,0.8679,0.132,0.0001,0.0,0.0,0.0,0.0,0.0885,0.115,0.1613,0.1286,0.1442,0.1431,0.1235,0.096,-0.1032,0.0425,0.8328,0.9961,mediterraneo,0.5896,0.5873,True
04335_01085,43.35,10.85,43.3,10.8,1.0,0.17676,0.0,0.01344,0.0,0.0,0.01367,0.01344,9001,1712,0.1902,14400,177.4,62.2,550.1,78.7,7.03,0.93,0.07,0.0,0.0,0.0,0.0,0.0,0.1259,0.1109,0.0817,0.0979,0.1454,0.1449,0.1771,0.1162,-0.0312,-0.1335,0.8432,0.9965,mediterraneo,0.571,0.569,True
04335_01095,43.35,10.95,43.3,10.9,1.0,0.4441,0.01865,0.04186,0.0,0.0,0.09659,0.04497,9007,4545,0.50461,14400,277.0,99.2,551.2,93.5,8.23,0.604,0.396,0.0,0.0,0.0,0.0,0.0,0.1195,0.0927,0.0866,0.1354,0.1614,0.1471,0.1393,0.118,-0.0944,-0.0806,0.9187,0.9866,mediterraneo,0.6688,0.6598,True
04335_01105,43.35,11.05,43.3,11.0,1.0,0.31194,0.0,0.03148,0.0,0.0,0.02494,0.01718,9021,3098,0.34342,14520,274.3,186.3,511.1,47.9,5.39,0.7609,0.2391,0.0,0.0,0.0,0.0,0.0,0.1393,0.133,0.1618,0.1434,0.0998,0.0961,0.0894,0.1372,0.0622,0.1022,0.7173,0.9954,mediterraneo,0.6217,0.6188,True
04335_01115,43.35,11.15,43.3,11.1,1.0,0.39549,0.0,0.06253,0.0,0.0,0.0,0.04831,9004,4124,0.45802,14280,316.4,174.4,670.9,128.1,5.52,0.6284,0.3518,0.0198,0.0,0.0,0.0,0.0,0.1578,0.0919,0.0864,0.0601,0.0656,0.1292,0.2085,0.2004,0.1677,-0.2529,0.6894,0.9932,mediterraneo,0.6625,0.658,True
04335_01125,43.35,11.25,43.3,11.2,1.0,0.48144,0.0,0.00433,0.0,0.0,0.0,0.01089,8998,4371,0.48577,14400,321.6,190.8,656.3,87.4,5.8,0.4962,0.4931,0.0108,0.0,0.0,0.0,0.0,0.1033,0.1439,0.1902,0.1383,0.1115,0.1026,0.114,0.0963,-0.0111,0.1414,0.7855,0.9996,mediterraneo,0.7018,0.7015,True
04335_01135,43.35,11.35,43.3,11.3,1.0,0.19898,0.0,0.01764,0.0,0.0,0.0,0.00421,9016,1953,0.21662,14400,302.4,183.2,455.2,52.5,5.61,0.4888,0.5112,0.0,0.0,0.0,0.0,0.0,0.0512,0.1449,0.1726,0.098,0.1038,0.2239,0.1649,0.0407,-0.15,-0.008,0.8138,0.9959,mediterraneo,0.7034,0.7005,True
04335_01145,43.35,11.45,43.3,11.4,1.0,0.19165,0.00411,0.07488,0.0,0.0,0.0,0.00522,9001,2436,0.27064,14400,282.5,182.6,622.1,71.8,5.14,0.6652,0.3338,0.001,0.0,0.0,0.0,0.0,0.0406,0.0581,0.1416,0.1667,0.1336,0.159,0.2025,0.0981,-0.2151,-0.089,0.7259,0.9824,mediterraneo,0.6505,0.6391,True
04335_01155,43.35,11.55,43.3,11.5,1.0,0.44241,0.00466,0.02827,0.0,0.0,0.0,0.00443,9021,4288,0.47534,14520,314.4,193.0,589.9,65.0,5.86,0.4703,0.5297,0.0,0.0,0.0,0.0,0.0,0.0858,0.0976,0.1158,0.162,0.1344,0.1625,0.1571,0.0847,-0.1552,-0.0336,0.8013,0.9946,mediterraneo,0.7089,0.7051,True
04335_01165,43.35,11.65,43.3,11.6,1.0,0.74875,0.00422,0.0622,0.0,0.0,0.0,0.06653,9003,7339,0.81517,14280,435.0,252.3,635.3,74.7,8.28,0.0419,0.9536,0.0045,0.0,0.0,0.0,0.0,0.0806,0.116,0.1502,0.1228,0.111,0.1633,0.1629,0.0934,-0.0854,-0.0246,0.9377,0.9949,mediterraneo,0.8377,0.8334,True
04335_01175,43.35,11.75,43.3,11.7,1.0,0.12697,0.0,0.00889,0.0,0.0,0.0,0.01111,9002,1223,0.13586,14400,295.5,248.8,533.0,42.2,3.39,0.7427,0.2573,0.0,0.0,0.0,0.0,0.0,0.0666,0.1604,0.2352,0.1558,0.0915,0.1174,0.11,0.0631,-0.0537,0.2256,0.4533,0.9967,mediterraneo,0.6272,0.6251,True
04335_01195,43.35,11.95,43.3,11.9,1.0,0.28285,0.05559,0.08733,0.0,0.0,0.00244,0.15557,9012,3837,0.42577,14400,464.7,242.5,1005.3,174.5,10.56,0.2677,0.477,0.2496,0.0057,0.0,0.0,0.0,0.1009,0.0775,0.1019,0.0863,0.1627,0.1591,0.1688,0.1428,-0.0841,-0.1659,0.7818,0.9571,mediterraneo,0.7807,0.7472,True
04335_01205,43.35,12.05,43.3,12.0,1.0,0.66826,0.00966,0.05351,0.0,0.0,0.0,0.14478,9007,6588,0.73143,14520,649.0,298.8,1076.1,156.8,14.86,0.0004,0.395,0.5403,0.0643,0.0,0.0,0.0,0.1165,0.1034,0.1401,0.1129,0.1135,0.1517,0.1514,0.1104,-0.0338,-0.0435,0.9904,0.993,appenninico,0.8147,0.809,True
04335_01215,43.35,12.15,43.3,12.1,1.0,0.60375,0.0,0.0,0.0,0.0,0.0,0.02288,9002,5435,0.60375,14280,423.5,264.5,797.3,113.3,11.7,0.1474,0.7677,0.0849,0.0,0.0,0.0,0.0,0.1548,0.111,0.1031,0.1889,0.1425,0.0856,0.094,0.1201,-0.0223,0.0773,0.9207,1.0,mediterraneo,0.81,0.81,True
04335_01225,43.35,12.25,43.3,12.2,1.0,0.33725,0.0,0.00677,0.0,0.0,0.0,0.0,9011,3100,0.34402,14400,341.9,241.0,642.4,83.0,7.0,0.4153,0.5812,0.0035,0.0,0.0,0.0,0.0,0.1583,0.1081,0.0898,0.1521,0.1533,0.0841,0.0991,0.1552,0.0257,0.0038,0.7224,0.999,mediterraneo,0.7256,0.7249,True
04335_01235,43.35,12.35,43.3,12.3,1.0,0.30656,0.0,0.01177,0.0,0.0,0.0,0.06909,9003,2866,0.31833,14400,380.0,234.5,702.8,99.7,8.82,0.2678,0.7127,0.0194,0.0,0.0,0.0,0.0,0.0628,0.0231,0.09,0.1963,0.0989,0.1002,0.2407,0.188,-0.0991,-0.2002,0.8175,0.9982,mediterraneo,0.7705,0.7691,True
04335_01245,43.35,12.45,43.3,12.4,1.0,0.37845,0.0,0.04782,0.00599,0.0,0.0,0.06357,9013,3842,0.42627,14400,528.3,286.7,760.9,89.3,11.28,0.0022,0.7552,0.2426,0.0,0.0,0.0,0.0,0.1083,0.1197,0.1147,0.1418,0.1108,0.115,0.1481,0.1416,-0.0018,-0.031,0.948,0.9944,mediterraneo,0.8615,0.8567,True
04335_01255,43.35,12.55,43.3,12.5,1.0,0.11899,0.04951,0.03419,0.06549,0.0,0.0,0.03319,9009,1826,0.20269,14520,574.0,393.6,976.4,153.8,9.08,0.0,0.6174,0.3614,0.0212,0.0,0.0,0.0,0.1269,0.1582,0.1364,0.1141,0.105,0.1633,0.1124,0.0838,-0.0053,0.0455,0.6322,0.9305,mediterraneo,0.8628,0.8028,True
04335_01265,43.35,12.65,43.3,12.6,1.0,0.28573,0.02565,0.0724,0.0,0.0,0.0,0.03976,9005,3456,0.38378,14280,583.8,393.9,929.0,106.4,9.65,0.0,0.5817,0.4174,0.0008,0.0,0.0,0.0,0.0904,0.1162,0.1709,0.1328,0.1289,0.1661,0.1097,0.085,-0.108,0.0623,0.8704,0.9739,mediterraneo,0.8706,0.8479,True
04335_01275,43.35,12.75,43.3,12.7,1.0,0.40882,0.01777,0.02266,0.06686,0.0,0.0,0.0974,9004,4045,0.44925,14400,723.9,381.0,1552.4,252.4,16.64,0.0,0.4092,0.3317,0.2171,0.042,0.0,0.0,0.0981,0.0938,0.0975,0.1113,0.1291,0.2,0.1415,0.1288,-0.0956,-0.1324,0.8832,0.9876,appenninico,0.8134,0.8033,True
04335_01285,43.35,12.85,43.3,12.8,1.0,0.24445,0.0131,0.04085,0.02065,0.0,0.0,0.08104,9008,2688,0.2984,14400,475.6,299.3,1002.9,117.6,11.91,0.0001,0.8548,0.1414,0.0038,0.0,0.0,0.0,0.1285,0.145,0.1561,0.1689,0.1026,0.0813,0.0967,0.1208,0.0385,0.1375,0.9101,0.9822,mediterraneo,0.8562,0.841,True
04335_01295,43.35,12.95,43.3,12.9,1.0,0.13577,0.01121,0.0423,0.00833,0.0,0.0,0.06516,9008,1705,0.18928,14400,396.1,192.8,1011.9,136.1,11.26,0.2269,0.682,0.0865,0.0046,0.0,0.0,0.0,0.0904,0.1171,0.1799,0.1203,0.0922,0.1115,0.1486,0.1401,0.0188,0.0183,0.8474,0.974,mediterraneo,0.7851,0.7647,True
04335_01305,43.35,13.05,43.3,13.0,1.0,0.60409,0.01554,0.00744,0.0846,0.0,0.0,0.04208,9007,5648,0.62707,14400,718.3,224.8,1473.3,249.5,17.23,0.0279,0.3182,0.3858,0.2472,0.0209,0.0,0.0,0.1392,0.1471,0.1265,0.0924,0.089,0.1088,0.1669,0.13,0.1066,-0.0395,0.9736,0.9932,appenninico,0.8294,0.8238,True
04335_01315,43.35,13.15,43.3,13.1,1.0,0.26835,0.0,0.0,0.01743,0.0,0.0,0.03064,9007,2417,0.26835,14400,481.7,238.9,975.0,125.2,10.27,0.0199,0.8328,0.1417,0.0056,0.0,0.0,0.0,0.1241,0.1393,0.1387,0.1265,0.0804,0.1134,0.1357,0.1418,0.0786,0.0144,0.9324,1.0,mediterraneo,0.8497,0.8497,True
04335_01325,43.35,13.25,43.3,13.2,1.0,0.20468,0.00799,0.00189,0.01265,0.0,0.0,0.04804,9014,1934,0.21456,14400,387.0,116.4,819.4,170.1,9.07,0.3981,0.4519,0.1501,0.0,0.0,0.0,0.0,0.1552,0.1931,0.1781,0.1679,0.0939,0.048,0.0569,0.1068,0.1233,0.2763,0.8615,0.9902,mediterraneo,0.7382,0.731,True
04345_01035,43.45,10.35,43.4,10.3,0.3353,0.12321,0.0051,0.11745,0.0,0.0,0.00255,0.00299,9025,2218,0.24576,14280,44.9,0.0,334.0,78.2,3.01,0.993,0.007,0.0,0.0,0.0,0.0,0.0,0.0488,0.0708,0.0649,0.1163,0.1481,0.2097,0.2049,0.1367,-0.1934,-0.2608,0.3216,0.9709,mediterraneo,0.5521,0.536,True
04345_01045,43.45,10.45,43.4,10.4,0.9884,0.13774,0.0069,0.04632,0.0,0.0,0.12215,0.02717,8981,1715,0.19096,14280,121.3,0.0,371.6,76.2,6.18,0.9846,0.0154,0.0,0.0,0.0,0.0,0.0,0.0654,0.1218,0.1698,0.1389,0.1402,0.1473,0.1341,0.0826,-0.1336,0.0591,0.7595,0.9788,mediterraneo,0.5546,0.5428,True
04345_01055,43.45,10.55,43.4,10.5,1.0,0.22806,0.0,0.06188,0.0,0.0,0.02677,0.01377,9002,2610,0.28994,14399,201.9,25.0,666.4,148.5,6.75,0.7444,0.2448,0.0108,0.0,0.0,0.0,0.0,0.1151,0.0351,0.024,0.0646,0.1276,0.1504,0.2278,0.2554,0.041,-0.4294,0.7971,0.9893,mediterraneo,0.6272,0.6205,True
04345_01065,43.45,10.65,43.4,10.6,1.0,0.60403,0.0,0.00624,0.0,0.0,0.00045,0.04767,8978,5479,0.61027,14161,330.6,87.9,671.0,141.7,8.97,0.4489,0.5391,0.012,0.0,0.0,0.0,0.0,0.141,0.1484,0.2097,0.1281,0.0787,0.0579,0.0877,0.1485,0.1467,0.1771,0.9215,0.9995,mediterraneo,0.7159,0.7155,True
04345_01075,43.45,10.75,43.4,10.7,1.0,0.1431,0.00823,0.01557,0.00934,0.0,0.0,0.00011,8994,1501,0.1669,14280,175.1,58.4,614.5,110.0,5.89,0.8676,0.1316,0.0008,0.0,0.0,0.0,0.0,0.1429,0.1826,0.168,0.1331,0.0692,0.0557,0.0967,0.1519,0.183,0.1535,0.781,0.983,mediterraneo,0.5898,0.5798,True
04345_01085,43.45,10.85,43.4,10.8,1.0,0.1667,0.00067,0.0,0.0,0.0,0.02947,0.0,8992,1505,0.16737,14280,199.4,77.8,551.6,81.7,7.42,0.8946,0.1054,0.0,0.0,0.0,0.0,0.0,0.1183,0.1017,0.0919,0.0961,0.1115,0.13,0.1737,0.1768,0.0468,-0.1634,0.8815,0.999,mediterraneo,0.5816,0.581,True
04345_01095,43.45,10.95,43.4,10.9,1.0,0.58214,0.01913,0.02347,0.0,0.0,0.04516,0.0,8991,5617,0.62474,14280,399.6,163.6,635.3,90.9,7.87,0.1623,0.8314,0.0064,0.0,0.0,0.0,0.0,0.1094,0.1042,0.0909,0.1087,0.1471,0.1225,0.1543,0.1629,-0.0144,-0.118,0.9148,0.9905,mediterraneo,0.8017,0.7941,True
04345_01105,43.45,11.05,43.4,11.0,1.0,0.26065,0.0,0.0,0.0,0.0,0.00868,0.0,8989,2343,0.26065,14399,239.6,78.8,614.8,89.8,6.84,0.8047,0.1941,0.0012,0.0,0.0,0.0,0.0,0.1394,0.199,0.1749,0.1376,0.1205,0.0687,0.0593,0.1007,0.0836,0.2375,0.8071,1.0,mediterraneo,0.6086,0.6086,True
04345_01115,43.45,11.15,43.4,11.1,1.0,0.128,0.0,0.02644,0.0,0.0,0.0,0.0,9000,1390,0.15444,14161,171.3,78.5,317.8,47.9,5.39,0.9981,0.0019,0.0,0.0,0.0,0.0,0.0,0.129,0.1322,0.0956,0.1061,0.1186,0.1318,0.1413,0.1454,0.0429,-0.0761,0.6797,0.9914,mediterraneo,0.5506,0.5459,True
04345_01125,43.45,11.25,43.4,11.2,1.0,0.3273,0.04844,0.08777,0.0,0.0,0.0,0.00289,9001,4172,0.46351,14280,338.7,153.8,633.7,121.6,6.91,0.5014,0.4823,0.0163,0.0,0.0,0.0,0.0,0.1063,0.0644,0.0542,0.1108,0.1549,0.1738,0.2033,0.1323,-0.1169,-0.2479,0.8553,0.9644,mediterraneo,0.7004,0.6755,True
04345_01135,43.45,11.35,43.4,11.3,1.0,0.64189,0.00657,0.0602,0.0,0.0,0.0,0.0,8986,6368,0.70866,14280,451.0,256.9,667.1,78.8,8.82,0.0202,0.9527,0.0272,0.0,0.0,0.0,0.0,0.094,0.115,0.1479,0.1469,0.119,0.1486,0.1281,0.1006,-0.0851,0.0266,0.9328,0.9934,mediterraneo,0.8454,0.8398,True
04345_01145,43.45,11.45,43.4,11.4,1.0,0.63821,0.01,0.1087,0.0,0.0,0.0,0.02345,8997,6810,0.75691,14280,493.2,253.3,817.1,104.9,10.13,0.0131,0.7992,0.1877,0.0,0.0,0.0,0.0,0.1059,0.081,0.1031,0.118,0.1487,0.1617,0.1528,0.1287,-0.0961,-0.1201,0.9557,0.9895,mediterraneo,0.8555,0.8465,True
04345_01155,43.45,11.55,43.4,11.5,1.0,0.57539,0.03116,0.10971,0.0,0.0,0.0,0.01346,8987,6437,0.71626,14399,429.0,161.2,842.7,130.2,9.97,0.208,0.6924,0.0996,0.0,0.0,0.0,0.0,0.1213,0.1805,0.2042,0.1381,0.1048,0.0831,0.0805,0.0875,0.0517,0.233,0.896,0.9815,mediterraneo,0.7926,0.7779,True
04345_01165,43.45,11.65,43.4,11.6,1.0,0.4642,0.00634,0.04603,0.0,0.0,0.0,0.02958,8994,4646,0.51657,14161,315.2,153.5,622.7,85.9,6.7,0.5382,0.4582,0.0036,0.0,0.0,0.0,0.0,0.1383,0.1546,0.1232,0.0657,0.0734,0.1028,0.1851,0.1569,0.1706,-0.095,0.7822,0.9925,mediterraneo,0.6887,0.6835,True
04345_01175,43.45,11.75,43.4,11.7,1.0,0.3751,0.0,0.04825,0.0,0.0,0.0,0.08371,8995,3808,0.42335,14280,337.3,168.0,622.3,87.2,6.68,0.4335,0.5644,0.002,0.0,0.0,0.0,0.0,0.1109,0.1792,0.196,0.1052,0.0955,0.0889,0.1161,0.1082,0.0866,0.1442,0.7335,0.9943,mediterraneo,0.72,0.7159,True
04345_01185,43.45,11.85,43.4,11.8,1.0,0.09195,0.00334,0.04325,0.0,0.0,0.0,0.01045,8994,1246,0.13854,14280,290.0,202.0,824.0,97.5,3.79,0.8123,0.1541,0.0337,0.0,0.0,0.0,0.0,0.1527,0.1996,0.0655,0.0397,0.0536,0.1442,0.2144,0.1303,0.2067,-0.1719,0.3316,0.9784,mediterraneo,0.6081,0.595,True
04345_01195,43.45,11.95,43.4,11.9,1.0,0.52658,0.03981,0.03603,0.0,0.0,0.0,0.14146,8992,5417,0.60242,14280,524.1,262.3,973.0,156.0,11.61,0.0739,0.6246,0.2877,0.0138,0.0,0.0,0.0,0.0886,0.1122,0.0993,0.0964,0.0853,0.1603,0.2249,0.1331,-0.0028,-0.1899,0.936,0.9805,mediterraneo,0.8388,0.8224,True
04345_01205,43.45,12.05,43.4,12.0,1.0,0.75996,0.0,0.02525,0.01424,0.0,0.0,0.03003,8990,7059,0.78521,14399,588.1,300.6,1074.2,186.2,13.12,0.0,0.5302,0.4162,0.0535,0.0,0.0,0.0,0.1596,0.1194,0.1489,0.1457,0.0834,0.0511,0.1011,0.1907,0.1584,0.0662,0.9518,0.9984,mediterraneo,0.8574,0.856,True
04345_01215,43.45,12.15,43.4,12.1,1.0,0.42025,0.0,0.01223,0.0,0.0,0.0,0.02279,8997,3891,0.43248,14161,445.7,282.0,771.4,106.9,10.05,0.0888,0.8206,0.0905,0.0,0.0,0.0,0.0,0.1598,0.1036,0.0955,0.1684,0.1042,0.0774,0.102,0.1891,0.0898,-0.0011,0.88,0.9986,mediterraneo,0.8278,0.8266,True
04345_01225,43.45,12.25,43.4,12.2,1.0,0.2463,0.01535,0.02648,0.0,0.0,0.0,0.05117,8989,2590,0.28813,14280,371.3,261.7,708.8,85.6,6.86,0.2852,0.7053,0.0095,0.0,0.0,0.0,0.0,0.066,0.1134,0.1143,0.1661,0.1259,0.1042,0.1678,0.1423,-0.0767,-0.0329,0.6855,0.9821,mediterraneo,0.7649,0.7512,True
04345_01235,43.45,12.35,43.4,12.3,1.0,0.56659,0.01467,0.07148,0.0,0.0,0.0,0.08137,8996,5872,0.65274,14280,549.4,337.4,803.7,85.9,10.81,0.0,0.7146,0.2854,0.0,0.0,0.0,0.0,0.0687,0.0626,0.1355,0.1765,0.1179,0.1111,0.1703,0.1574,-0.102,-0.0593,0.9679,0.9889,mediterraneo,0.8643,0.8547,True
04345_01245,43.45,12.45,43.4,12.4,1.0,0.33178,0.03492,0.14637,0.00278,0.0,0.0,0.04716,8991,4613,0.51307,14280,620.8,383.3,842.6,83.0,11.51,0.0,0.41,0.59,0.0,0.0,0.0,0.0,0.0666,0.0622,0.1463,0.1591,0.1053,0.096,0.2185,0.1461,-0.0729,-0.0859,0.9712,0.9687,appenninico,0.8065,0.7813,True
04345_01255,43.45,12.55,43.4,12.5,1.0,0.50017,0.00278,0.02459,0.00033,0.0,0.0,0.05863,8989,4742,0.52754,14399,674.6,382.5,1013.4,111.6,13.38,0.0,0.2677,0.7092,0.0231,0.0,0.0,0.0,0.1066,0.1578,0.156,0.1099,0.0885,0.1371,0.12,0.124,0.0435,0.0415,0.9801,0.9964,appenninico,0.8575,0.8544,True
04345_01265,43.45,12.65,43.4,12.6,1.0,0.44027,0.00734,0.00156,0.07086,0.0,0.0,0.18487,8990,4038,0.44917,14161,725.2,336.9,1648.4,261.5,18.76,0.0,0.3736,0.4027,0.1583,0.0643,0.0012,0.0,0.0924,0.1419,0.1109,0.0861,0.104,0.1856,0.1466,0.1325,-0.0069,-0.1076,0.9746,0.9957,appenninico,0.82,0.8165,True
04345_01275,43.45,12.75,43.4,12.7,1.0,0.58871,0.0,0.01223,0.09293,0.0,0.0,0.12561,8996,5406,0.60094,14280,742.3,353.6,1692.8,249.0,22.08,0.0,0.3296,0.4546,0.151,0.0609,0.0039,0.0,0.0989,0.1438,0.2023,0.1277,0.079,0.1162,0.0996,0.1326,0.0402,0.1253,0.9826,0.999,appenninico,0.8336,0.8328,True
04345_01285,43.45,12.85,43.4,12.8,1.0,0.1743,0.02345,0.01112,0.00634,0.0,0.0,0.07248,8996,1879,0.20887,14280,423.8,253.5,769.2,93.4,9.05,0.0443,0.8942,0.0616,0.0,0.0,0.0,0.0,0.101,0.1358,0.175,0.1625,0.0875,0.1,0.1372,0.101,-0.0046,0.1072,0.8875,0.9693,mediterraneo,0.8399,0.8141,True
04345_01295,43.45,12.95,43.4,12.9,1.0,0.31554,0.02379,0.08939,0.0,0.0,0.0,0.15699,8994,3856,0.42872,14280,437.3,176.4,849.2,128.5,15.06,0.1352,0.7396,0.1252,0.0,0.0,0.0,0.0,0.1061,0.0976,0.1353,0.1488,0.0846,0.1042,0.1492,0.174,0.035,-0.0346,0.9647,0.9757,mediterraneo,0.8157,0.7959,True
04345_01305,43.45,13.05,43.4,13.0,1.0,0.14032,0.00923,0.05381,0.0,0.0,0.0,0.05793,8994,1829,0.20336,14280,318.8,109.0,864.8,114.8,10.94,0.4686,0.5121,0.0193,0.0,0.0,0.0,0.0,0.1282,0.1606,0.1576,0.1478,0.0734,0.0713,0.1158,0.1454,0.1201,0.11,0.9303,0.9754,mediterraneo,0.7104,0.6929,True
04355_01035,43.55,10.35,43.5,10.3,0.948,0.24443,0.00301,0.02082,0.0,0.0,0.01403,0.00356,8980,2409,0.26826,14400,46.6,-2.1,380.1,65.3,2.99,0.9931,0.0069,0.0,0.0,0.0,0.0,0.0,0.2009,0.1251,0.0172,0.0134,0.0859,0.1846,0.1788,0.1941,0.2058,-0.3451,0.3224,0.9933,mediterraneo,0.5521,0.5484,True
04355_01045,43.55,10.45,43.5,10.4,1.0,0.22467,0.0,0.09576,0.0,0.0,0.02603,0.00612,8991,2881,0.32043,14400,102.7,1.0,459.0,100.0,5.94,0.9243,0.0757,0.0,0.0,0.0,0.0,0.0,0.1204,0.1677,0.1902,0.1018,0.0696,0.0768,0.1292,0.1443,0.148,0.0975,0.7297,0.9851,mediterraneo,0.5727,0.5642,True
04355_01055,43.55,10.55,43.5,10.5,1.0,0.13069,0.00602,0.02219,0.0,0.0,0.0,0.00691,8968,1425,0.1589,14520,89.4,10.1,421.8,68.7,5.0,0.9726,0.0274,0.0,0.0,0.0,0.0,0.0,0.1353,0.1467,0.1241,0.0477,0.0538,0.1259,0.2089,0.1577,0.1779,-0.1494,0.6862,0.9835,mediterraneo,0.5582,0.549,True
04355_01075,43.55,10.75,43.5,10.7,1.0,0.16967,0.0,0.03683,0.0,0.0,0.0,0.0,8988,1856,0.2065,14400,90.4,31.5,235.6,39.1,5.65,1.0,0.0,0.0,0.0,0.0,0.0,0.0,0.1105,0.1003,0.0998,0.125,0.1146,0.1229,0.1863,0.1407,-0.0109,-0.114,0.6822,0.9911,mediterraneo,0.55,0.5451,True
04355_01085,43.55,10.85,43.5,10.8,1.0,0.37839,0.01168,0.00278,0.0,0.0,0.0,0.00345,8988,3531,0.39285,14400,177.5,65.2,516.4,82.7,7.25,0.9076,0.0924,0.0,0.0,0.0,0.0,0.0,0.1337,0.1122,0.0729,0.0946,0.1019,0.1461,0.1786,0.16,0.055,-0.1821,0.8827,0.9922,mediterraneo,0.5777,0.5732,True
04355_01095,43.55,10.95,43.5,10.9,1.0,0.32353,0.00201,0.01883,0.00524,0.0,0.01493,0.0,8976,3091,0.34437,14400,216.0,49.0,558.0,122.6,6.98,0.7401,0.2599,0.0,0.0,0.0,0.0,0.0,0.1623,0.1918,0.1992,0.0973,0.0512,0.0599,0.1012,0.1371,0.238,0.1716,0.8499,0.9958,mediterraneo,0.628,0.6254,True
04355_01105,43.55,11.05,43.5,11.0,1.0,0.11786,0.0,0.0262,0.0,0.0,0.0,0.01539,8968,1292,0.14406,14520,117.1,54.1,285.3,39.4,5.8,1.0,0.0,0.0,0.0,0.0,0.0,0.0,0.1263,0.1084,0.1203,0.1217,0.1096,0.1133,0.1448,0.1556,0.0376,-0.0503,0.7468,0.9909,mediterraneo,0.55,0.545,True
04355_01115,43.55,11.15,43.5,11.1,1.0,0.13242,0.0,0.10814,0.0,0.0,0.0,0.0,8979,2160,0.24056,14280,245.8,78.1,414.1,75.7,8.01,0.7127,0.2873,0.0,0.0,0.0,0.0,0.0,0.0745,0.1066,0.1173,0.1216,0.1182,0.142,0.1705,0.1494,-0.0517,-0.1001,0.8972,0.9775,mediterraneo,0.6362,0.6219,True
04355_01125,43.55,11.25,43.5,11.2,1.0,0.44878,0.00846,0.10067,0.0,0.0,0.0,0.00668,8980,5010,0.55791,14400,347.3,157.4,584.2,82.5,8.02,0.2881,0.7119,0.0,0.0,0.0,0.0,0.0,0.1106,0.1235,0.1073,0.0949,0.0969,0.1366,0.1904,0.1398,0.0356,-0.1274,0.9162,0.9872,mediterraneo,0.7636,0.7538,True
04355_01135,43.55,11.35,43.5,11.3,1.0,0.51337,0.05406,0.05774,0.0,0.0,0.0,0.0,8972,5609,0.62517,14400,489.4,214.3,911.5,152.7,10.51,0.0815,0.6806,0.2373,0.0006,0.0,0.0,0.0,0.0932,0.1144,0.1102,0.0955,0.1184,0.1348,0.1954,0.1383,-0.011,-0.1328,0.9683,0.9738,mediterraneo,0.8373,0.8154,True
04355_01145,43.55,11.45,43.5,11.4,1.0,0.50562,0.00523,0.03128,0.0,0.0,0.0,0.0354,8983,4870,0.54213,14400,369.6,122.0,815.4,181.2,8.52,0.445,0.3928,0.1622,0.0,0.0,0.0,0.0,0.132,0.2029,0.2182,0.1118,0.0752,0.0722,0.0799,0.1078,0.1547,0.2389,0.8617,0.9947,mediterraneo,0.7246,0.7208,True
04355_01155,43.55,11.55,43.5,11.5,1.0,0.15279,0.00167,0.02641,0.0,0.0,0.0,0.0068,8973,1623,0.18087,14520,187.4,119.0,451.0,47.2,4.85,0.9804,0.0196,0.0,0.0,0.0,0.0,0.0,0.1238,0.1275,0.1401,0.1352,0.1075,0.1039,0.1106,0.1514,0.0394,0.037,0.6438,0.9904,mediterraneo,0.5559,0.5506,True
04355_01165,43.55,11.65,43.5,11.6,1.0,0.24098,0.00279,0.03966,0.0,0.0,0.0,0.04545,8976,2544,0.28343,14280,315.7,138.0,1014.3,170.5,6.76,0.7107,0.1886,0.0971,0.0036,0.0,0.0,0.0,0.0348,0.0578,0.1007,0.1387,0.1786,0.2159,0.1956,0.0779,-0.3068,-0.1657,0.6817,0.9905,mediterraneo,0.6407,0.6346,True
04355_01175,43.55,11.75,43.5,11.7,1.0,0.40294,0.03386,0.09522,0.0,0.0,0.0,0.08163,8979,4777,0.53202,14400,438.2,167.5,1198.8,207.5,8.9,0.3943,0.3717,0.2024,0.0315,0.0,0.0,0.0,0.0568,0.0908,0.1213,0.1787,0.1925,0.1601,0.1242,0.0757,-0.2661,0.0226,0.7595,0.9751,mediterraneo,0.7339,0.7156,True
04355_01185,43.55,11.85,43.5,11.8,1.0,0.19967,0.0,0.0941,0.0,0.0,0.0,0.07639,8980,2638,0.29377,14400,347.0,201.0,716.9,110.6,6.86,0.471,0.5019,0.0272,0.0,0.0,0.0,0.0,0.0623,0.0941,0.1344,0.1756,0.1446,0.1534,0.1462,0.0895,-0.1894,0.0066,0.7014,0.984,mediterraneo,0.7101,0.6987,True
04355_01195,43.55,11.95,43.5,11.9,1.0,0.65568,0.0,0.05013,0.0,0.0,0.0,0.07931,8977,6336,0.70581,14400,561.5,270.8,1170.4,147.4,12.27,0.0153,0.6409,0.3099,0.0338,0.0,0.0,0.0,0.0805,0.0997,0.1156,0.1303,0.1625,0.1733,0.1443,0.0938,-0.1643,-0.0601,0.9777,0.9964,mediterraneo,0.8524,0.8493,True
04355_01205,43.55,12.05,43.5,12.0,1.0,0.24404,0.00479,0.00957,0.0,0.0,0.0,0.10888,8982,2321,0.2584,14520,399.2,302.8,701.8,79.1,6.56,0.0,0.9826,0.0174,0.0,0.0,0.0,0.0,0.1115,0.1766,0.1502,0.1842,0.1319,0.1249,0.0539,0.0668,-0.0713,0.2228,0.6648,0.9935,mediterraneo,0.8509,0.8454,True
04355_01215,43.55,12.15,43.5,12.1,1.0,0.11953,0.01948,0.00512,0.0,0.0,0.0,0.0148,8985,1295,0.14413,14280,373.1,285.3,987.1,125.2,4.62,0.271,0.651,0.0763,0.0018,0.0,0.0,0.0,0.0542,0.0435,0.0676,0.0985,0.1636,0.3265,0.1943,0.0519,-0.3511,-0.3019,0.3605,0.9644,mediterraneo,0.7722,0.7447,True
04355_01225,43.55,12.25,43.5,12.2,1.0,0.54423,0.00156,0.00401,0.0,0.0,0.0,0.12277,8976,4935,0.5498,14400,611.0,292.1,1194.5,202.4,12.07,0.0042,0.5072,0.3986,0.09,0.0,0.0,0.0,0.0461,0.0332,0.1111,0.1883,0.1288,0.1522,0.2389,0.1014,-0.2327,-0.1528,0.876,0.9989,appenninico,0.774,0.7731,True
04355_01235,43.55,12.35,43.5,12.3,1.0,0.62728,0.0,0.03318,0.0,0.0,0.0,0.06359,8980,5931,0.66046,14400,708.2,442.5,968.9,97.4,11.64,0.0,0.1339,0.8356,0.0305,0.0,0.0,0.0,0.0919,0.0862,0.1617,0.1716,0.1086,0.0953,0.1279,0.1569,-0.0377,0.0376,0.9735,0.9975,appenninico,0.9047,0.9024,True
04355_01245,43.55,12.45,43.5,12.4,1.0,0.45376,0.0,0.03555,0.01415,0.0,0.0,0.10798,8974,4391,0.48931,14400,657.1,344.1,1198.7,121.2,13.71,0.0,0.3255,0.6533,0.0212,0.0,0.0,0.0,0.1178,0.1354,0.1393,0.0927,0.0778,0.1438,0.1539,0.1393,0.0685,-0.0529,0.9799,0.9964,appenninico,0.8371,0.8341,True
04355_01255,43.55,12.55,43.5,12.5,1.0,0.46069,0.01481,0.03953,0.10267,0.0,0.0,0.20178,8980,4625,0.51503,14520,695.9,270.9,1507.1,271.2,20.99,0.0043,0.4521,0.3389,0.1304,0.0744,0.0,0.0,0.1303,0.1619,0.1128,0.1207,0.1402,0.1339,0.0844,0.1158,0.0033,0.0524,0.9857,0.989,appenninico,0.7879,0.7792,True
04355_01265,43.55,12.65,43.5,12.6,1.0,0.3886,0.0,0.01615,0.01236,0.0,0.0,0.11213,8981,3635,0.40475,14280,461.5,205.4,1149.1,208.5,14.42,0.1842,0.6126,0.1394,0.0637,0.0,0.0,0.0,0.1322,0.1451,0.1732,0.1171,0.0642,0.1097,0.1249,0.1335,0.1066,0.0642,0.9242,0.998,mediterraneo,0.7857,0.7841,True
04355_01275,43.55,12.75,43.5,12.7,1.0,0.24468,0.0,0.0509,0.0,0.0,0.0,0.05279,8979,2654,0.29558,14400,435.1,248.4,766.7,81.7,9.79,0.0265,0.9362,0.0373,0.0,0.0,0.0,0.0,0.1318,0.1156,0.1351,0.1329,0.1062,0.1184,0.1231,0.1369,0.0253,0.0054,0.9322,0.9914,mediterraneo,0.8439,0.8366,True
04355_01285,43.55,12.85,43.5,12.8,1.0,0.22906,0.0,0.01905,0.00067,0.0,0.0,0.04545,8976,2227,0.24811,14400,366.4,185.2,789.5,87.3,9.41,0.2181,0.7667,0.0152,0.0,0.0,0.0,0.0,0.0975,0.0992,0.1788,0.1623,0.0957,0.0841,0.1304,0.1522,0.0037,0.0659,0.9055,0.9962,mediterraneo,0.7853,0.7823,True
04355_01295,43.55,12.95,43.5,12.9,1.0,0.11777,0.0,0.01994,0.00301,0.0,0.0,0.02028,8975,1236,0.13771,14400,278.4,123.0,744.8,104.6,8.6,0.6899,0.2912,0.019,0.0,0.0,0.0,0.0,0.1111,0.096,0.2006,0.193,0.0663,0.0346,0.0819,0.2165,0.1087,0.1541,0.8678,0.9928,mediterraneo,0.6441,0.6395,True
04365_01035,43.65,10.35,43.6,10.3,1.0,0.04193,0.10651,0.06099,0.0,0.0,0.0,0.00516,8919,1868,0.20943,14400,4.3,-2.7,24.6,5.5,0.73,1.0,0.0,0.0,0.0,0.0,0.0,0.0,0.0174,0.0262,0.3459,0.0581,0.0116,0.0814,0.3401,0.1192,-0.0112,-0.0683,0.0239,0.8583,mediterraneo,0.55,0.4721,True
04365_01065,43.65,10.65,43.6,10.6,1.0,0.04537,0.00758,0.07993,0.0,0.0,0.0,0.00178,8970,1192,0.13288,14280,29.0,3.6,141.7,22.7,1.91,1.0,0.0,0.0,0.0,0.0,0.0,0.0,0.1104,0.1337,0.0705,0.0783,0.1198,0.178,0.174,0.1353,0.0006,-0.18,0.2226,0.9557,mediterraneo,0.55,0.5256,True
04365_01075,43.65,10.75,43.6,10.7,1.0,0.1227,0.02363,0.1616,0.0,0.0,0.0,0.00546,8973,2763,0.30793,14400,78.2,9.0,234.5,48.8,6.01,1.0,0.0,0.0,0.0,0.0,0.0,0.0,0.1403,0.1716,0.1157,0.0666,0.0837,0.1397,0.1633,0.1191,0.1208,-0.063,0.6681,0.9546,mediterraneo,0.55,0.525,True
04365_01085,43.65,10.85,43.6,10.8,1.0,0.15961,0.00815,0.10656,0.0,0.0,0.0,0.0,8953,2456,0.27432,14400,89.6,19.2,241.5,45.3,6.52,1.0,0.0,0.0,0.0,0.0,0.0,0.0,0.1428,0.1532,0.1034,0.09,0.1037,0.1209,0.152,0.134,0.0956,-0.0566,0.7535,0.9731,mediterraneo,0.55,0.5352,True
04365_01095,43.65,10.95,43.6,10.9,1.0,0.08435,0.0,0.03648,0.0,0.0,0.0,0.0,8963,1083,0.12083,14400,79.3,26.1,194.9,32.6,5.12,1.0,0.0,0.0,0.0,0.0,0.0,0.0,0.1211,0.1081,0.1349,0.1113,0.1024,0.1161,0.1556,0.1505,0.041,-0.0551,0.6968,0.9849,mediterraneo,0.55,0.5417,True
04365_01105,43.65,11.05,43.6,11.0,1.0,0.12076,0.0,0.09099,0.0,0.0,0.0,0.00647,8968,1899,0.21175,14520,150.3,55.0,291.6,45.4,7.14,1.0,0.0,0.0,0.0,0.0,0.0,0.0,0.1017,0.1205,0.1169,0.1143,0.1132,0.1203,0.1662,0.1468,0.0129,-0.0718,0.8775,0.9785,mediterraneo,0.55,0.5382,True
04365_01115,43.65,11.15,43.6,11.1,1.0,0.11395,0.00625,0.04163,0.0,0.0,0.0,0.0,8960,1450,0.16183,14280,210.5,63.0,414.4,65.9,7.41,0.9246,0.0754,0.0,0.0,0.0,0.0,0.0,0.1078,0.197,0.1173,0.0576,0.0877,0.1652,0.1622,0.1052,0.0771,-0.061,0.8604,0.9775,mediterraneo,0.5726,0.5597,True
04365_01125,43.65,11.25,43.6,11.2,1.0,0.12316,0.18758,0.11558,0.0,0.0,0.0,0.01037,8972,3825,0.42632,14400,238.2,84.6,514.7,66.0,7.15,0.8803,0.1197,0.0,0.0,0.0,0.0,0.0,0.1409,0.1461,0.1493,0.0863,0.0887,0.1178,0.135,0.1359,0.1133,-0.0009,0.8922,0.8764,mediterraneo,0.5859,0.5135,True
04365_01135,43.65,11.35,43.6,11.3,1.0,0.48683,0.09685,0.09384,0.0,0.0,0.0,0.01462,8962,6072,0.67752,14400,395.8,106.3,795.7,157.3,11.16,0.3285,0.5549,0.1166,0.0,0.0,0.0,0.0,0.1021,0.126,0.0965,0.0779,0.1051,0.1764,0.179,0.137,0.0027,-0.168,0.9561,0.9573,mediterraneo,0.7573,0.725,True
04365_01145,43.65,11.45,43.6,11.4,1.0,0.23426,0.0,0.10737,0.0,0.0,0.0,0.00703,8960,3061,0.34163,14400,222.8,107.0,716.7,102.6,6.19,0.8342,0.1566,0.0092,0.0,0.0,0.0,0.0,0.1122,0.1811,0.2231,0.1322,0.1153,0.0834,0.0674,0.0854,0.0325,0.2622,0.7281,0.9843,mediterraneo,0.6002,0.5908,True
04365_01155,43.65,11.55,43.6,11.5,1.0,0.29569,0.01674,0.10667,0.0,0.0,0.0,0.0771,8962,3756,0.4191,14520,452.8,118.5,1369.0,265.5,10.98,0.4072,0.3081,0.2087,0.0697,0.0063,0.0,0.0,0.0513,0.0085,0.024,0.0768,0.1743,0.2599,0.266,0.1392,-0.2658,-0.4782,0.8894,0.9773,mediterraneo,0.7171,0.7008,True
04365_01165,43.65,11.65,43.6,11.6,1.0,0.72615,0.04325,0.10009,0.03009,0.0,0.0,0.06554,8972,7801,0.86949,14280,1039.3,356.7,1588.7,271.7,17.69,0.0,0.0698,0.2419,0.3553,0.3331,0.0,0.0,0.098,0.1044,0.1785,0.1355,0.1118,0.1405,0.1283,0.1032,-0.0575,0.0501,0.9951,0.9818,appenninico,0.9101,0.8935,True
04365_01175,43.65,11.75,43.6,11.7,1.0,0.69162,0.02499,0.0945,0.0,0.0,0.0,0.03157,8963,7270,0.81111,14400,716.2,320.9,1302.8,226.7,13.92,0.0,0.3499,0.4173,0.2212,0.0117,0.0,0.0,0.1331,0.2202,0.1844,0.1653,0.1328,0.0595,0.0301,0.0747,0.0521,0.3415,0.9766,0.9865,appenninico,0.8375,0.8262,True
04365_01185,43.65,11.85,43.6,11.8,1.0,0.44018,0.01094,0.10257,0.0,0.0,0.0,0.0356,8960,4961,0.55369,14400,473.5,269.0,985.4,138.4,11.79,0.0425,0.7699,0.1844,0.0031,0.0,0.0,0.0,0.098,0.0928,0.1019,0.1094,0.1044,0.1235,0.2007,0.1693,0.0116,-0.1663,0.9268,0.9858,mediterraneo,0.8456,0.8336,True
04365_01195,43.65,11.95,43.6,11.9,1.0,0.70792,0.02913,0.02768,0.01908,0.0,0.0,0.00971,8960,6852,0.76473,14400,883.5,465.0,1413.0,199.2,13.62,0.0,0.0792,0.4742,0.3819,0.0646,0.0,0.0,0.0903,0.1515,0.1703,0.1204,0.1197,0.1099,0.1508,0.087,-0.0242,0.0755,0.9907,0.9887,appenninico,0.9348,0.9242,True
04365_01205,43.65,12.05,43.6,12.0,1.0,0.43654,0.01585,0.04722,0.08226,0.0,0.0,0.02958,8959,4476,0.49961,14520,565.2,380.5,1048.6,124.3,9.73,0.0,0.6727,0.3108,0.0165,0.0,0.0,0.0,0.0629,0.1085,0.1228,0.1273,0.1516,0.1718,0.1784,0.0768,-0.1722,-0.0688,0.9302,0.9873,mediterraneo,0.8614,0.8505,True
04365_01215,43.65,12.15,43.6,12.1,1.0,0.79335,0.0,0.00011,0.00312,0.0,0.0,0.00546,8967,7115,0.79346,14280,846.6,404.4,1449.6,192.9,15.17,0.0,0.1158,0.4824,0.365,0.0368,0.0,0.0,0.0733,0.082,0.1364,0.0999,0.1075,0.1746,0.1957,0.1306,-0.0835,-0.1508,0.9889,1.0,appenninico,0.924,0.924,True
04365_01225,43.65,12.25,43.6,12.2,1.0,0.73915,0.00167,0.0,0.0,0.0,0.0,0.04173,8963,6640,0.74082,14400,774.5,451.6,1237.8,138.6,15.38,0.0,0.1065,0.7138,0.1778,0.0019,0.0,0.0,0.116,0.118,0.1667,0.1638,0.1127,0.0764,0.0961,0.1502,0.0243,0.1121,0.9868,0.9994,appenninico,0.9214,0.9208,True
04365_01235,43.65,12.35,43.6,12.3,1.0,0.54441,0.0,0.01328,0.0,0.0,0.0,0.08536,8962,4998,0.55769,14400,591.4,358.4,923.7,111.1,12.4,0.0,0.5596,0.4394,0.001,0.0,0.0,0.0,0.1309,0.124,0.1431,0.1576,0.1099,0.0876,0.1007,0.1463,0.0399,0.0762,0.9653,0.9988,mediterraneo,0.8717,0.8707,True
04365_01245,43.65,12.45,43.6,12.4,1.0,0.29894,0.0,0.01562,0.0097,0.0,0.0,0.1401,8965,2820,0.31456,14400,461.2,283.5,789.3,89.8,10.35,0.0096,0.922,0.0684,0.0,0.0,0.0,0.0,0.1239,0.1044,0.1455,0.1534,0.1028,0.1048,0.1269,0.1382,0.0092,0.0262,0.9042,0.9975,mediterraneo,0.8505,0.8484,True
04365_01255,43.65,12.55,43.6,12.5,1.0,0.25518,0.01003,0.02598,0.01014,0.0,0.0,0.05797,8970,2612,0.29119,14520,387.7,220.9,969.1,123.3,11.14,0.2281,0.6979,0.0685,0.0055,0.0,0.0,0.0,0.1217,0.1405,0.162,0.1217,0.1075,0.1194,0.1078,0.1194,0.0293,0.0732,0.9056,0.9869,mediterraneo,0.7836,0.7733,True
04365_01265,43.65,12.65,43.6,12.6,1.0,0.20324,0.00592,0.04319,0.00714,0.0,0.0,0.06004,8960,2261,0.25235,14280,316.1,148.0,794.5,99.2,10.09,0.5057,0.4822,0.012,0.0,0.0,0.0,0.0,0.1411,0.1285,0.1209,0.1245,0.0937,0.1155,0.1603,0.1155,0.0454,-0.0229,0.8662,0.9856,mediterraneo,0.6988,0.6887,True
04365_01275,43.65,12.75,43.6,12.7,1.0,0.34665,0.05355,0.07174,0.0415,0.0,0.0,0.09729,8963,4230,0.47194,14400,415.7,91.0,974.6,202.3,14.76,0.3451,0.4642,0.1762,0.0144,0.0,0.0,0.0,0.1305,0.1944,0.0936,0.0885,0.1176,0.1964,0.0832,0.0959,0.0195,0.0029,0.9446,0.964,mediterraneo,0.7516,0.7245,True
04365_01285,43.65,12.85,43.6,12.8,1.0,0.13109,0.00022,0.00145,0.0,0.0,0.0,0.04943,8963,1190,0.13276,14400,279.9,71.7,591.5,111.3,9.07,0.5942,0.4058,0.0,0.0,0.0,0.0,0.0,0.1421,0.1422,0.1521,0.1334,0.0658,0.0564,0.1254,0.1826,0.1736,0.0538,0.9131,0.999,mediterraneo,0.6717,0.671,True
04375_01025,43.75,10.25,43.7,10.2,0.2699,0.02527,0.06316,0.01543,0.0,0.0,0.06227,0.04785,8945,929,0.10386,14520,1.8,-0.5,21.8,3.8,0.27,1.0,0.0,0.0,0.0,0.0,0.0,0.0,0.0,0.0714,0.4286,0.0,0.0,0.2143,0.2857,0.0,-0.0881,0.0154,0.001,0.8405,mediterraneo,0.55,0.4623,True
04375_01035,43.75,10.35,43.7,10.3,1.0,0.06205,0.07958,0.08694,0.0,0.0,0.01016,0.02824,8960,2048,0.22857,14520,7.0,-3.2,198.1,18.2,0.99,1.0,0.0,0.0,0.0,0.0,0.0,0.0,0.0322,0.1085,0.2085,0.1034,0.1136,0.1695,0.2169,0.0475,-0.1833,-0.0195,0.0406,0.8939,mediterraneo,0.55,0.4916,True
04375_01045,43.75,10.45,43.7,10.4,1.0,0.03358,0.05923,0.09738,0.0,0.0,0.03503,0.02811,8965,1705,0.19019,14520,92.1,-0.5,827.5,153.6,6.71,0.883,0.1021,0.0149,0.0,0.0,0.0,0.0,0.087,0.0643,0.0888,0.0941,0.0969,0.2049,0.2037,0.1602,-0.0617,-0.2717,0.3908,0.8965,mediterraneo,0.5858,0.5252,True
04375_01055,43.75,10.55,43.7,10.5,1.0,0.07548,0.27685,0.11143,0.0,0.0,0.01714,0.19677,8929,4141,0.46376,14641,309.1,1.0,920.6,214.7,15.73,0.5192,0.3686,0.1108,0.0014,0.0,0.0,0.0,0.1235,0.1513,0.1462,0.1351,0.122,0.0947,0.1035,0.1236,0.0346,0.0964,0.9098,0.8387,mediterraneo,0.6994,0.5866,True
04375_01065,43.75,10.65,43.7,10.6,1.0,0.13087,0.01908,0.06226,0.0,0.0,0.0,0.00312,8963,1902,0.21221,14399,28.4,3.1,361.8,36.6,2.17,0.9985,0.0015,0.0,0.0,0.0,0.0,0.0,0.1045,0.1483,0.1847,0.1492,0.0677,0.0809,0.1532,0.1114,0.0618,0.1039,0.2113,0.9629,mediterraneo,0.5505,0.5301,True
04375_01075,43.75,10.75,43.7,10.7,1.0,0.14505,0.0293,0.16003,0.0,0.0,0.0,0.04708,8942,2990,0.33438,14520,38.6,9.6,119.0,24.5,2.06,1.0,0.0,0.0,0.0,0.0,0.0,0.0,0.1067,0.1273,0.1806,0.1688,0.0931,0.1152,0.1171,0.0912,-0.0312,0.1265,0.244,0.9542,mediterraneo,0.55,0.5248,True
04375_01095,43.75,10.95,43.7,10.9,1.0,0.01731,0.0077,0.12405,0.0,0.0,0.0,0.0,8956,1335,0.14906,14520,99.9,13.5,613.1,114.5,4.61,0.9092,0.0903,0.0006,0.0,0.0,0.0,0.0,0.0451,0.0448,0.1028,0.1462,0.1508,0.2194,0.1887,0.1022,-0.2625,-0.1815,0.5534,0.9455,mediterraneo,0.5774,0.5459,True
04375_01105,43.75,11.05,43.7,11.0,1.0,0.059,0.03632,0.23455,0.0,0.0,0.0,0.00402,8949,2952,0.32987,14641,117.2,19.5,407.2,63.7,6.75,0.985,0.015,0.0,0.0,0.0,0.0,0.0,0.1015,0.1341,0.14,0.1351,0.1092,0.1268,0.1322,0.121,-0.0114,0.0201,0.7789,0.9369,mediterraneo,0.5545,0.5195,True
04375_01115,43.75,11.15,43.7,11.1,1.0,0.04216,0.00995,0.1654,0.0,0.0,0.0,0.0,8942,1945,0.21751,14399,115.2,28.0,396.6,87.1,4.36,0.9663,0.0337,0.0,0.0,0.0,0.0,0.0,0.1395,0.1794,0.1242,0.1062,0.0776,0.0975,0.1487,0.1269,0.1427,0.0194,0.5193,0.9505,mediterraneo,0.5601,0.5324,True
04375_01135,43.75,11.35,43.7,11.3,1.0,0.2117,0.0,0.11099,0.0,0.0,0.0,0.00569,8956,2890,0.32269,14520,233.9,44.5,691.4,132.6,8.78,0.699,0.2919,0.0092,0.0,0.0,0.0,0.0,0.1302,0.103,0.0878,0.0743,0.1358,0.1492,0.1863,0.1333,0.0023,-0.175,0.8445,0.9828,mediterraneo,0.6408,0.6298,True
04375_01145,43.75,11.45,43.7,11.4,1.0,0.21637,0.00324,0.10634,0.0,0.0,0.0,0.00056,8943,2915,0.32595,14520,230.7,71.0,497.0,89.9,8.63,0.7736,0.2264,0.0,0.0,0.0,0.0,0.0,0.0918,0.0856,0.1155,0.1406,0.1333,0.1534,0.1587,0.121,-0.1057,-0.0784,0.8916,0.9812,mediterraneo,0.6179,0.6063,True
04375_01155,43.75,11.55,43.7,11.5,1.0,0.43813,0.21465,0.16685,0.00704,0.0,0.0,0.00893,8954,7339,0.81963,14641,807.9,197.0,1484.9,305.4,13.84,0.0255,0.2658,0.2988,0.2955,0.1143,0.0,0.0,0.1358,0.0559,0.0478,0.0554,0.1077,0.1359,0.2495,0.212,0.081,-0.3789,0.9883,0.9244,appenninico,0.8424,0.7787,True
04375_01165,43.75,11.65,43.7,11.6,1.0,0.61196,0.04259,0.11738,0.00246,0.0,0.0,0.03991,8945,6905,0.77193,14399,819.6,388.4,1388.6,183.1,13.47,0.0,0.129,0.5309,0.3125,0.0276,0.0,0.0,0.0831,0.231,0.2444,0.1323,0.0969,0.0656,0.0507,0.096,0.0798,0.3435,0.9882,0.9786,appenninico,0.9177,0.8981,True
04375_01175,43.75,11.75,43.7,11.7,1.0,0.27652,0.01643,0.10037,0.0,0.0,0.0,0.0,8947,3519,0.39332,14520,517.4,323.7,1119.3,139.0,8.73,0.0,0.7354,0.2552,0.0094,0.0,0.0,0.0,0.0782,0.1282,0.1503,0.1219,0.1209,0.1935,0.1291,0.078,-0.1219,0.0048,0.8587,0.9768,mediterraneo,0.8604,0.8404,True
04375_01185,43.75,11.85,43.7,11.8,1.0,0.50285,0.06343,0.12172,0.0,0.0,0.0,0.0153,8955,6161,0.688,14520,711.9,327.1,1310.4,246.6,13.15,0.0,0.3893,0.337,0.2592,0.0145,0.0,0.0,0.0457,0.0382,0.121,0.1538,0.1655,0.1979,0.179,0.0988,-0.2773,-0.1349,0.9114,0.9681,appenninico,0.8253,0.799,True
04375_01195,43.75,11.95,43.7,11.9,1.0,0.55941,0.0589,0.10462,0.0256,0.0,0.0,0.05913,8947,6468,0.72293,14520,899.5,502.7,1296.0,163.5,14.87,0.0,0.0271,0.4713,0.4837,0.0178,0.0,0.0,0.1132,0.1017,0.1147,0.1024,0.1411,0.1497,0.1441,0.1331,-0.0391,-0.0875,0.9917,0.9724,appenninico,0.9628,0.9362,True
04375_01205,43.75,12.05,43.7,12.0,1.0,0.57018,0.0304,0.04549,0.00469,0.0,0.0,0.05174,8948,5781,0.64607,14641,888.5,484.8,1397.4,189.8,13.52,0.0,0.0521,0.513,0.3565,0.0784,0.0,0.0,0.0876,0.1135,0.1084,0.1039,0.1611,0.1961,0.1539,0.0755,-0.158,-0.0874,0.9829,0.9847,appenninico,0.9418,0.9274,True
04375_01215,43.75,12.15,43.7,12.1,1.0,0.39112,0.00313,0.01375,0.0256,0.0,0.0,0.07143,8946,3650,0.408,14399,811.4,408.1,1354.4,180.8,12.75,0.0,0.1465,0.5234,0.3175,0.0125,0.0,0.0,0.1445,0.1279,0.1968,0.1774,0.1081,0.0802,0.0675,0.0976,0.0146,0.2241,0.9836,0.9964,appenninico,0.9133,0.91,True
04375_01225,43.75,12.25,43.7,12.2,1.0,0.40505,0.00424,0.01084,0.0477,0.0,0.0,0.05742,8952,3761,0.42013,14520,771.8,377.8,1211.8,168.8,10.68,0.0,0.1738,0.5718,0.2541,0.0004,0.0,0.0,0.1128,0.0781,0.082,0.0776,0.1003,0.1851,0.2038,0.1603,-0.0036,-0.2623,0.9802,0.9962,appenninico,0.9019,0.8985,True
04375_01235,43.75,12.35,43.7,12.3,1.0,0.19537,0.0,0.07332,0.00536,0.0,0.0,0.10573,8947,2404,0.26869,14520,660.0,314.6,1401.9,210.6,10.53,0.0,0.4605,0.3871,0.1382,0.0143,0.0,0.0,0.0899,0.1348,0.1868,0.2136,0.1798,0.098,0.0508,0.0461,-0.1863,0.2894,0.9732,0.9864,appenninico,0.7944,0.7836,True
04375_01245,43.75,12.45,43.7,12.4,1.0,0.24508,0.0,0.06769,0.0,0.0,0.0,0.09495,8952,2800,0.31277,14520,395.2,182.5,738.6,90.6,11.33,0.1472,0.8313,0.0215,0.0,0.0,0.0,0.0,0.1134,0.1635,0.1579,0.111,0.1064,0.1294,0.1147,0.1036,0.0251,0.0723,0.9515,0.9892,mediterraneo,0.8069,0.7982,True
04375_01255,43.75,12.55,43.7,12.5,1.0,0.2895,0.00458,0.03589,0.0,0.0,0.0,0.06228,8943,2951,0.32997,14641,323.6,118.1,627.6,88.4,11.87,0.4061,0.5933,0.0005,0.0,0.0,0.0,0.0,0.116,0.1118,0.16,0.1398,0.0777,0.0884,0.1415,0.1648,0.0751,0.016,0.9696,0.9911,mediterraneo,0.7281,0.7216,True
04375_01265,43.75,12.65,43.7,12.6,1.0,0.16341,0.0,0.01921,0.0,0.0,0.0,0.08902,8953,1635,0.18262,14399,282.9,84.8,598.4,103.2,9.85,0.5538,0.4462,0.0,0.0,0.0,0.0,0.0,0.138,0.1184,0.1317,0.1206,0.0924,0.1109,0.1312,0.1568,0.0794,-0.0183,0.9267,0.9947,mediterraneo,0.6839,0.6803,True
04375_01275,43.75,12.75,43.7,12.7,1.0,0.23628,0.03387,0.04583,0.0,0.0,0.0,0.05153,8947,2827,0.31598,14520,322.9,92.9,652.4,123.6,10.56,0.4939,0.4834,0.0227,0.0,0.0,0.0,0.0,0.1398,0.1647,0.133,0.0903,0.1014,0.1257,0.1252,0.1201,0.0906,0.0121,0.9607,0.966,mediterraneo,0.703,0.6791,True
04375_01285,43.75,12.85,43.7,12.8,1.0,0.13652,0.0,0.00335,0.0,0.0,0.0,0.03664,8951,1252,0.13987,14520,206.4,48.0,551.1,95.8,8.31,0.836,0.164,0.0,0.0,0.0,0.0,0.0,0.1116,0.1383,0.1561,0.1607,0.1379,0.1237,0.0873,0.0844,-0.0732,0.1374,0.842,0.9988,mediterraneo,0.5992,0.5985,True
04385_00755,43.85,7.55,43.8,7.5,0.8725,0.07064,0.02944,0.22167,0.01489,0.0,0.21037,0.15909,8932,2874,0.32175,14400,435.4,5.0,1368.1,279.8,22.22,0.3756,0.3733,0.1697,0.0743,0.0071,0.0,0.0,0.0654,0.1489,0.2016,0.1238,0.1183,0.1427,0.1369,0.0624,-0.0986,0.1151,0.9784,0.9427,mediterraneo,0.723,0.6816,True
04385_00765,43.85,7.65,43.8,7.6,1.0,0.20884,0.08293,0.0319,0.0,0.0,0.04857,0.15355,8935,2892,0.32367,14400,327.4,5.2,830.6,160.9,17.95,0.4533,0.4917,0.055,0.0,0.0,0.0,0.0,0.0533,0.0695,0.1599,0.1577,0.1145,0.1074,0.2057,0.132,-0.1068,-0.0582,0.9819,0.931,mediterraneo,0.7168,0.6673,True
04385_00775,43.85,7.75,43.8,7.7,0.9295,0.0471,0.06713,0.28653,0.0,0.0,0.11468,0.04587,8938,3582,0.40076,14400,487.0,0.0,1294.0,308.4,16.63,0.3173,0.2935,0.2919,0.0922,0.0051,0.0,0.0,0.0483,0.1378,0.154,0.1713,0.1886,0.1634,0.0935,0.043,-0.2607,0.1406,0.9267,0.9224,mediterraneo,0.7433,0.6856,True
04385_00785,43.85,7.85,43.8,7.8,0.7186,0.11423,0.0,0.08433,0.05723,0.0,0.08131,0.04659,8929,1773,0.19856,14400,220.8,0.0,991.2,237.9,11.95,0.6815,0.2165,0.1002,0.0017,0.0,0.0,0.0,0.0406,0.119,0.1886,0.1499,0.1608,0.1883,0.1136,0.0393,-0.2549,0.1052,0.6886,0.9788,mediterraneo,0.6501,0.6363,True
04385_01025,43.85,10.25,43.8,10.2,0.5676,0.0,0.04927,0.08353,0.0,0.0,0.0,0.0,8991,1194,0.1328,14400,2.3,-3.2,86.9,4.5,0.38,1.0,0.0,0.0,0.0,0.0,0.0,0.0,0.0,0.0,0.1071,0.1696,0.2768,0.3393,0.0804,0.0268,-0.6087,-0.1261,0.0078,0.8758,mediterraneo,0.55,0.4817,True
04385_01035,43.85,10.35,43.8,10.3,1.0,0.06181,0.07919,0.21402,0.0,0.0,0.00258,0.0046,8915,3165,0.35502,14400,82.6,-3.9,450.7,112.8,6.66,0.9323,0.0677,0.0,0.0,0.0,0.0,0.0,0.1078,0.09,0.0904,0.1167,0.1703,0.1696,0.1461,0.1091,-0.1276,-0.1133,0.5053,0.9141,mediterraneo,0.5703,0.5213,True
04385_01045,43.85,10.45,43.8,10.4,1.0,0.11804,0.03662,0.21559,0.0,0.0,0.02621,0.00818,8929,3306,0.37025,14400,99.5,4.0,515.9,110.8,7.63,0.9188,0.0812,0.0,0.0,0.0,0.0,0.0,0.1119,0.1387,0.1607,0.126,0.1576,0.1407,0.0852,0.0791,-0.0787,0.1094,0.5951,0.9462,mediterraneo,0.5744,0.5435,True
04385_01085,43.85,10.85,43.8,10.8,1.0,0.06735,0.0,0.15841,0.0,0.0,0.0,0.0,8939,2018,0.22576,14400,100.5,11.5,489.4,103.8,5.54,0.9322,0.0678,0.0,0.0,0.0,0.0,0.0,0.0908,0.1186,0.0845,0.125,0.1137,0.19,0.1973,0.0801,-0.1071,-0.1387,0.4882,0.9649,mediterraneo,0.5703,0.5503,True
04385_01095,43.85,10.95,43.8,10.9,1.0,0.06955,0.0,0.15982,0.0,0.0,0.0,0.0,8929,2048,0.22937,14400,150.6,37.1,636.4,138.1,6.23,0.8308,0.1664,0.0028,0.0,0.0,0.0,0.0,0.139,0.215,0.1334,0.0755,0.0943,0.1116,0.1363,0.0949,0.1383,0.0601,0.553,0.9652,mediterraneo,0.6009,0.58,True
04385_01115,43.85,11.15,43.8,11.1,1.0,0.08266,0.01421,0.06387,0.0,0.0,0.0,0.03669,8940,1437,0.16074,14280,98.2,32.5,552.7,101.5,4.29,0.9324,0.0676,0.0,0.0,0.0,0.0,0.0,0.0339,0.0368,0.1039,0.175,0.1375,0.1849,0.186,0.1422,-0.2371,-0.1726,0.3182,0.958,mediterraneo,0.5703,0.5463,True
04385_01125,43.85,11.25,43.8,11.2,1.0,0.27998,0.051,0.14571,0.0,0.0,0.0,0.01603,8922,4253,0.47669,14400,332.3,36.5,929.1,196.0,11.31,0.4607,0.4495,0.0886,0.0012,0.0,0.0,0.0,0.0669,0.0561,0.1064,0.1568,0.1402,0.1498,0.1853,0.1386,-0.156,-0.133,0.8506,0.958,mediterraneo,0.7159,0.6858,True
04385_01135,43.85,11.35,43.8,11.3,1.0,0.41351,0.0,0.15241,0.0,0.0,0.0,0.03343,8943,5061,0.56592,14400,432.0,87.6,911.4,157.0,12.17,0.2117,0.6504,0.1371,0.0008,0.0,0.0,0.0,0.071,0.0896,0.136,0.1122,0.1416,0.1797,0.1767,0.0933,-0.149,-0.0933,0.9815,0.9865,mediterraneo,0.7931,0.7824,True
04385_01145,43.85,11.45,43.8,11.4,1.0,0.51607,0.00437,0.02374,0.0,0.0,0.0,0.01859,8929,4859,0.54418,14400,428.7,97.9,986.6,197.1,12.56,0.2997,0.4897,0.2006,0.0101,0.0,0.0,0.0,0.114,0.1152,0.1398,0.1279,0.1339,0.1399,0.1197,0.1097,-0.0511,0.0175,0.9673,0.9958,mediterraneo,0.7677,0.7645,True
04385_01155,43.85,11.55,43.8,11.5,1.0,0.59693,0.02394,0.06981,0.0,0.0,0.0,0.00358,8939,6174,0.69068,14520,478.4,123.7,1074.5,203.4,15.06,0.2234,0.4941,0.2612,0.0213,0.0,0.0,0.0,0.1248,0.0932,0.0759,0.0558,0.0721,0.1664,0.255,0.1569,0.0733,-0.3067,0.982,0.9863,mediterraneo,0.7907,0.7799,True
04385_01165,43.85,11.65,43.8,11.6,1.0,0.67708,0.10357,0.11555,0.0,0.0,0.0,0.02318,8931,8004,0.8962,14280,911.1,382.8,1648.2,210.9,15.96,0.0,0.0619,0.4289,0.4144,0.0937,0.0011,0.0,0.1134,0.1024,0.0957,0.1103,0.1401,0.153,0.1484,0.1366,-0.0498,-0.1114,0.9906,0.9647,appenninico,0.939,0.9059,True
04385_01175,43.85,11.75,43.8,11.7,1.0,0.54235,0.08068,0.25389,0.00638,0.0,0.0,0.03525,8937,7837,0.87692,14400,1000.7,441.5,1649.4,253.1,18.18,0.0,0.0375,0.3525,0.3759,0.2301,0.004,0.0,0.0933,0.1127,0.1274,0.1127,0.1463,0.1794,0.1175,0.1106,-0.1113,-0.0337,0.9924,0.9625,appenninico,0.9301,0.8952,True
04385_01185,43.85,11.85,43.8,11.8,1.0,0.52498,0.10148,0.27173,0.00022,0.0,0.0,0.06933,8928,8019,0.89819,14400,874.6,370.1,1450.2,232.2,18.95,0.0,0.1081,0.4886,0.2773,0.126,0.0,0.0,0.1307,0.1545,0.1668,0.1215,0.1076,0.0852,0.1176,0.116,0.0745,0.1044,0.9907,0.9566,appenninico,0.9134,0.8738,True
04385_01195,43.85,11.95,43.8,11.9,1.0,0.49362,0.02562,0.14597,0.00962,0.0,0.0,0.05213,8940,5947,0.66521,14400,716.8,366.8,1283.3,166.1,15.55,0.0,0.2683,0.5998,0.1226,0.0092,0.0,0.0,0.132,0.1145,0.1462,0.1418,0.0905,0.0895,0.153,0.1325,0.0521,0.0162,0.9835,0.9794,appenninico,0.8612,0.8435,True
04385_01205,43.85,12.05,43.8,12.0,1.0,0.44917,0.03997,0.07031,0.00817,0.0,0.0,0.02833,8932,4997,0.55945,14520,766.1,237.8,1374.4,281.2,13.52,0.0054,0.3457,0.2962,0.2904,0.0622,0.0,0.0,0.1834,0.1521,0.1357,0.0962,0.0839,0.0767,0.1141,0.1578,0.2031,0.0329,0.9853,0.9759,appenninico,0.8334,0.8133,True
04385_01215,43.85,12.15,43.8,12.1,1.0,0.52201,0.00717,0.02038,0.0,0.0,0.0,0.0756,8929,4907,0.54956,14280,610.0,192.4,1148.6,174.2,14.74,0.032,0.4709,0.4478,0.0493,0.0,0.0,0.0,0.1277,0.1293,0.1619,0.0939,0.0927,0.0934,0.1322,0.169,0.1187,0.0003,0.9856,0.9949,appenninico,0.7652,0.7613,True
04385_01225,43.85,12.25,43.8,12.2,1.0,0.14746,0.00492,0.0,0.00772,0.0,0.0,0.13527,8938,1362,0.15238,14400,516.0,233.9,1097.1,137.5,9.59,0.04,0.6973,0.2547,0.008,0.0,0.0,0.0,0.1016,0.0945,0.1551,0.1377,0.0833,0.0744,0.1781,0.1753,0.0596,-0.0333,0.9615,0.9919,mediterraneo,0.8487,0.8418,True
04385_01235,43.85,12.35,43.8,12.3,1.0,0.21981,0.01343,0.01041,0.04421,0.0,0.0,0.10498,8935,2177,0.24365,14400,733.6,271.1,1410.3,238.2,11.01,0.0042,0.323,0.4376,0.1879,0.0473,0.0,0.0,0.1556,0.1582,0.1749,0.1151,0.043,0.0523,0.1181,0.1828,0.2404,0.0808,0.9885,0.9841,appenninico,0.8387,0.8254,True
04385_01245,43.85,12.45,43.8,12.4,0.9835,0.08296,0.00258,0.02004,0.00291,0.0,0.0,0.11252,8932,943,0.10558,14400,475.7,179.5,857.0,126.7,9.95,0.0741,0.7518,0.1741,0.0,0.0,0.0,0.0,0.1118,0.1067,0.1423,0.1752,0.1547,0.0791,0.0976,0.1327,-0.0537,0.0975,0.9756,0.9844,mediterraneo,0.8365,0.8235,True
04385_01255,43.85,12.55,43.8,12.5,1.0,0.11382,0.0,0.00157,0.01365,0.0,0.0,0.0836,8935,1031,0.11539,14520,293.0,114.7,625.9,100.4,10.02,0.565,0.4337,0.0013,0.0,0.0,0.0,0.0,0.1304,0.141,0.1413,0.1307,0.1432,0.1156,0.0927,0.1051,-0.0152,0.092,0.9357,0.9993,mediterraneo,0.6806,0.6801,True
04395_00755,43.95,7.55,43.9,7.5,0.1764,0.21446,0.22242,0.09989,0.16794,0.05852,0.0315,0.12444,8920,4788,0.53677,14280,864.3,192.1,1591.9,320.2,25.8,0.019,0.2319,0.285,0.2877,0.1764,0.0,0.0,0.1073,0.0907,0.121,0.1642,0.1268,0.1267,0.1459,0.1173,-0.0784,-0.0139,0.9931,0.8871,appenninico,0.8523,0.7561,True
04395_00765,43.95,7.65,43.9,7.6,0.7899,0.33812,0.09709,0.22365,0.07265,0.0,0.00336,0.14047,8920,5877,0.65886,14280,901.2,144.4,2023.2,417.2,24.54,0.0396,0.2485,0.2571,0.1998,0.189,0.0655,0.0004,0.08,0.0867,0.1356,0.1684,0.203,0.1305,0.1159,0.0798,-0.2249,0.059,0.9948,0.9462,appenninico,0.7834,0.7413,True
04395_00775,43.95,7.75,43.9,7.7,1.0,0.65127,0.08668,0.13927,0.01088,0.0,0.0,0.06313,8918,7823,0.87722,14280,916.4,395.4,1617.8,244.7,22.5,0.0,0.0977,0.406,0.3558,0.1403,0.0002,0.0,0.1328,0.1269,0.1101,0.1315,0.165,0.1198,0.0887,0.1252,-0.0321,0.0339,0.9964,0.9674,appenninico,0.9194,0.8894,True
04395_00785,43.95,7.85,43.9,7.8,1.0,0.60274,0.0,0.10716,0.14707,0.0,0.0,0.06244,8921,6333,0.7099,14280,747.8,133.5,1444.9,262.4,22.53,0.0435,0.2597,0.399,0.2523,0.0454,0.0,0.0,0.0729,0.1517,0.1841,0.1388,0.1184,0.1326,0.1261,0.0755,-0.0798,0.1158,0.9957,0.9925,appenninico,0.8366,0.8303,True
04395_00795,43.95,7.95,43.9,7.9,1.0,0.44092,0.0,0.012,0.03722,0.0,0.012,0.0796,8920,4040,0.45292,14280,417.0,61.0,1008.8,185.1,16.59,0.305,0.5155,0.1721,0.0074,0.0,0.0,0.0,0.1107,0.1788,0.1561,0.1257,0.1723,0.1378,0.0786,0.04,-0.0951,0.169,0.9917,0.9987,mediterraneo,0.7653,0.7643,True
04395_00805,43.95,8.05,43.9,8.0,0.972,0.14023,0.01031,0.10896,0.0,0.0,0.00504,0.18316,8921,2315,0.2595,14399,313.1,0.0,968.3,218.9,14.79,0.5507,0.3204,0.1261,0.0028,0.0,0.0,0.0,0.0877,0.1721,0.2004,0.1192,0.1164,0.1708,0.1039,0.0294,-0.0937,0.1666,0.9364,0.9691,mediterraneo,0.6904,0.6691,True
04395_00815,43.95,8.15,43.9,8.1,0.4127,0.01345,0.00975,0.11544,0.0,0.0,0.08866,0.02746,8922,1237,0.13864,14161,64.4,0.0,555.3,109.5,5.47,0.9439,0.0561,0.0,0.0,0.0,0.0,0.0,0.0332,0.1677,0.2184,0.105,0.116,0.1915,0.1404,0.0279,-0.1611,0.1186,0.3854,0.9408,mediterraneo,0.5668,0.5332,True
04395_01025,43.95,10.25,43.9,10.2,0.9795,0.22038,0.01662,0.13658,0.0,0.0,0.00168,0.0,8903,3326,0.37358,14280,178.1,-1.0,1095.6,233.1,11.24,0.77,0.1461,0.0751,0.0089,0.0,0.0,0.0,0.1127,0.0836,0.0599,0.0953,0.1613,0.2274,0.1492,0.1106,-0.1408,-0.2093,0.5693,0.9706,mediterraneo,0.6206,0.6024,True
04395_01035,43.95,10.35,43.9,10.3,1.0,0.51673,0.02074,0.17429,0.06668,0.0,0.0,0.01494,8968,6383,0.71176,14280,544.9,27.5,1293.1,308.6,18.97,0.2903,0.2485,0.3192,0.1386,0.0034,0.0,0.0,0.1076,0.0959,0.0957,0.1285,0.1772,0.1741,0.1229,0.0981,-0.1491,-0.0602,0.9661,0.9805,mediterraneo,0.7422,0.7277,True
04395_01045,43.95,10.45,43.9,10.4,1.0,0.59027,0.0,0.19507,0.0,0.0,0.0,0.01644,8879,6973,0.78534,14280,414.7,53.8,1000.1,223.0,16.77,0.3674,0.4033,0.2143,0.015,0.0,0.0,0.0,0.1021,0.1178,0.1406,0.1656,0.1854,0.1353,0.0674,0.0858,-0.1552,0.1194,0.9794,0.9876,mediterraneo,0.7467,0.7374,True
04395_01055,43.95,10.55,43.9,10.5,1.0,0.47641,0.0,0.23597,0.0,0.0,0.0,0.02068,8946,6373,0.71238,14399,395.1,30.0,1000.9,254.6,16.85,0.4225,0.3362,0.2053,0.036,0.0,0.0,0.0,0.0861,0.103,0.0802,0.1256,0.1573,0.1619,0.169,0.1169,-0.1193,-0.1227,0.9409,0.9834,mediterraneo,0.7245,0.7125,True
04395_01065,43.95,10.65,43.9,10.6,1.0,0.64635,0.0,0.19737,0.0,0.0,0.0,0.0,8907,7515,0.84372,14161,587.8,58.5,1103.8,228.6,16.59,0.1273,0.3849,0.3955,0.0924,0.0,0.0,0.0,0.0697,0.1043,0.2188,0.1766,0.1159,0.1134,0.1227,0.0787,-0.1289,0.1642,0.9855,0.9883,mediterraneo,0.8086,0.7991,True
04395_01075,43.95,10.75,43.9,10.7,1.0,0.53208,0.00314,0.21747,0.0,0.0,0.0,0.00493,8916,6711,0.75269,14280,528.9,68.8,1030.0,213.8,15.01,0.1576,0.4574,0.3485,0.0365,0.0,0.0,0.0,0.0602,0.0536,0.1355,0.1439,0.1422,0.1679,0.1824,0.1143,-0.1876,-0.1076,0.9807,0.9845,mediterraneo,0.811,0.7984,True
04395_01085,43.95,10.85,43.9,10.8,1.0,0.25272,0.00829,0.28106,0.0,0.0,0.0,0.0,8927,4839,0.54207,14280,353.3,47.3,1079.1,249.7,11.26,0.505,0.319,0.1434,0.0326,0.0,0.0,0.0,0.0449,0.1404,0.2356,0.1803,0.1712,0.1364,0.0645,0.0268,-0.238,0.2915,0.8615,0.9703,mediterraneo,0.6975,0.6768,True
04395_01095,43.95,10.95,43.9,10.9,1.0,0.26058,0.0,0.05387,0.0,0.0,0.0,0.0,8911,2802,0.31445,14280,215.1,41.0,1031.6,198.3,7.63,0.7029,0.2405,0.0544,0.0021,0.0,0.0,0.0,0.0162,0.0057,0.0634,0.1805,0.2544,0.1747,0.2026,0.1025,-0.4206,-0.2046,0.5202,0.9914,mediterraneo,0.6412,0.6357,True
04395_01105,43.95,11.05,43.9,11.0,1.0,0.40049,0.0,0.13985,0.0,0.0,0.0,0.0186,8924,4822,0.54034,14399,387.6,42.5,1040.8,289.6,11.83,0.4636,0.2503,0.2421,0.044,0.0,0.0,0.0,0.0375,0.0562,0.133,0.1756,0.2136,0.1985,0.127,0.0585,-0.3692,-0.0127,0.7632,0.9871,mediterraneo,0.712,0.7028,True
04395_01115,43.95,11.15,43.9,11.1,1.0,0.41802,0.01591,0.19321,0.02297,0.0,0.0,0.07453,8923,5596,0.62714,14161,423.1,71.6,913.4,191.3,14.9,0.298,0.49,0.211,0.001,0.0,0.0,0.0,0.0371,0.0736,0.1953,0.1717,0.1016,0.0975,0.1857,0.1375,-0.1123,0.0138,0.9714,0.9783,mediterraneo,0.7709,0.7542,True
04395_01125,43.95,11.25,43.9,11.2,1.0,0.50651,0.00785,0.05182,0.0,0.0,0.0,0.00123,8916,5048,0.56618,14280,361.1,148.0,675.4,98.0,9.65,0.3482,0.6405,0.0112,0.0,0.0,0.0,0.0,0.129,0.1174,0.1582,0.1285,0.0767,0.11,0.138,0.1423,0.0692,0.0165,0.8553,0.992,mediterraneo,0.746,0.74,True
04395_01135,43.95,11.35,43.9,11.3,1.0,0.38251,0.0,0.02096,0.0,0.0,0.0,0.0,8920,3599,0.40347,14280,297.6,183.2,795.7,107.3,7.4,0.6746,0.3028,0.0225,0.0,0.0,0.0,0.0,0.1059,0.1553,0.1948,0.1241,0.0381,0.0646,0.193,0.1241,0.1357,0.0681,0.698,0.9974,mediterraneo,0.6487,0.647,True
04395_01145,43.95,11.45,43.9,11.4,1.0,0.29582,0.0,0.04887,0.0,0.0,0.0,0.0,8921,3075,0.34469,14280,298.7,160.6,930.1,107.9,7.11,0.6005,0.3819,0.0175,0.0001,0.0,0.0,0.0,0.0984,0.1084,0.1087,0.1579,0.097,0.1145,0.2043,0.1109,-0.0343,-0.0652,0.7205,0.9929,mediterraneo,0.6707,0.6659,True
04395_01155,43.95,11.55,43.9,11.5,1.0,0.77162,0.0,0.02064,0.0,0.0,0.0,0.01761,8915,7063,0.79226,14399,568.0,154.6,1170.6,227.0,15.36,0.1067,0.4966,0.2881,0.1085,0.0,0.0,0.0,0.0633,0.05,0.0743,0.1414,0.1505,0.1471,0.2047,0.1686,-0.1384,-0.2242,0.9832,0.9987,mediterraneo,0.8052,0.8042,True
04395_01165,43.95,11.65,43.9,11.6,1.0,0.77361,0.01714,0.07886,0.03484,0.0,0.0,0.03562,8927,7763,0.86961,14161,800.4,306.8,1232.6,173.3,16.47,0.0,0.1519,0.5137,0.3338,0.0006,0.0,0.0,0.1244,0.1161,0.1325,0.1157,0.1123,0.1532,0.1244,0.1214,-0.0143,-0.0222,0.9892,0.9905,appenninico,0.9135,0.9048,True
04395_01175,43.95,11.75,43.9,11.7,1.0,0.66386,0.02649,0.1367,0.04736,0.0,0.0,0.08866,8910,7369,0.82705,14280,815.8,401.2,1213.5,166.2,18.95,0.0,0.1184,0.5407,0.3406,0.0003,0.0,0.0,0.1126,0.1149,0.1322,0.151,0.1238,0.0766,0.1253,0.1634,0.0215,0.0267,0.9919,0.9837,appenninico,0.9256,0.9105,True
04395_01185,43.95,11.85,43.9,11.8,1.0,0.41078,0.02006,0.15322,0.00605,0.0,0.0,0.16465,8922,5211,0.58406,14280,604.4,266.5,1055.6,155.7,16.47,0.0067,0.5013,0.4471,0.0449,0.0,0.0,0.0,0.1248,0.124,0.1636,0.1782,0.1165,0.0809,0.0936,0.1184,-0.0034,0.146,0.9874,0.9783,appenninico,0.7721,0.7553,True
04395_01195,43.95,11.95,43.9,11.9,1.0,0.27564,0.01099,0.13541,0.00336,0.0,0.0,0.07522,8921,3765,0.42204,14280,550.9,195.0,935.7,162.3,13.5,0.0751,0.5257,0.3974,0.0018,0.0,0.0,0.0,0.0976,0.1258,0.1376,0.0662,0.0809,0.134,0.1979,0.1599,0.0777,-0.1352,0.9811,0.9774,mediterraneo,0.8469,0.8278,True
04395_01205,43.95,12.05,43.9,12.0,1.0,0.50583,0.00796,0.03016,0.0,0.0,0.0,0.04978,8920,4852,0.54395,14399,553.6,177.1,946.1,138.6,15.64,0.0313,0.6128,0.3529,0.003,0.0,0.0,0.0,0.1276,0.1281,0.1525,0.1516,0.1082,0.0801,0.1089,0.143,0.0462,0.088,0.9887,0.9936,mediterraneo,0.8575,0.852,True
04395_01215,43.95,12.15,43.9,12.1,1.0,0.32272,0.0,0.08586,0.0,0.0,0.0,0.06569,8921,3645,0.40858,14161,355.5,97.9,642.3,114.0,12.86,0.3416,0.6546,0.0037,0.0,0.0,0.0,0.0,0.1204,0.1234,0.1681,0.1569,0.1049,0.0847,0.1152,0.1264,0.0204,0.1021,0.975,0.9895,mediterraneo,0.7476,0.7398,True
04395_01225,43.95,12.25,43.9,12.2,1.0,0.2061,0.0,0.03375,0.00931,0.0,0.0,0.1294,8918,2139,0.23985,14280,371.2,91.9,867.5,123.0,11.05,0.2807,0.6751,0.0441,0.0,0.0,0.0,0.0,0.132,0.1222,0.1409,0.1149,0.0852,0.1036,0.1527,0.1486,0.0849,-0.0221,0.9643,0.993,mediterraneo,0.7679,0.7625,True
04395_01235,43.95,12.35,43.9,12.3,1.0,0.17904,0.0065,0.02668,0.0093,0.0,0.0,0.09832,8920,1893,0.21222,14280,267.6,92.3,640.2,93.6,9.85,0.6745,0.3239,0.0016,0.0,0.0,0.0,0.0,0.1179,0.125,0.1776,0.11,0.0862,0.0751,0.1389,0.1693,0.1147,0.0306,0.9092,0.9861,mediterraneo,0.6477,0.6387,True
04405_00765,44.05,7.65,44.0,7.6,0.1278,0.01572,0.57286,0.02683,0.1566,0.01448,0.02739,0.13247,8908,5482,0.61541,14400,1345.0,739.3,2305.4,301.5,23.84,0.0,0.0,0.0487,0.305,0.4409,0.1875,0.0179,0.1348,0.0916,0.0995,0.104,0.1276,0.1294,0.1557,0.1575,0.0209,-0.1207,0.9958,0.7651,appenninico,0.7826,0.5988,True
04405_00775,44.05,7.75,44.0,7.7,0.9458,0.40056,0.16966,0.12067,0.21281,0.04764,0.0,0.02438,8900,6149,0.69089,14400,1367.2,542.6,2253.9,373.9,23.12,0.0,0.0025,0.1117,0.2567,0.3306,0.2495,0.049,0.0738,0.1467,0.1868,0.1382,0.1184,0.1321,0.1246,0.0795,-0.0755,0.1125,0.9973,0.9299,appenninico,0.7212,0.6706,True
04405_00785,44.05,7.85,44.0,7.8,1.0,0.61222,0.00977,0.13922,0.08409,0.0,0.0,0.11283,8907,6780,0.76121,14400,949.3,274.0,1864.5,310.2,20.82,0.0013,0.1414,0.3112,0.333,0.1877,0.0254,0.0,0.1293,0.1907,0.1481,0.1359,0.1658,0.1203,0.0388,0.0712,-0.0347,0.2114,0.9961,0.9876,appenninico,0.881,0.8701,True
04405_00795,44.05,7.95,44.0,7.9,1.0,0.73313,0.00741,0.01998,0.02324,0.0,0.0,0.06411,8907,6774,0.76052,14400,604.4,133.9,1420.7,244.0,19.66,0.0912,0.4552,0.314,0.1281,0.0115,0.0,0.0,0.0898,0.1266,0.1656,0.137,0.1744,0.1222,0.0956,0.0888,-0.1184,0.1072,0.9942,0.9963,appenninico,0.7321,0.7294,True
04405_00805,44.05,8.05,44.0,8.0,1.0,0.4932,0.0,0.06449,0.02977,0.0,0.0,0.18234,8901,4964,0.55769,14520,377.4,48.2,1056.0,195.2,17.64,0.3991,0.46,0.1326,0.0083,0.0,0.0,0.0,0.1335,0.0889,0.1316,0.1463,0.2223,0.1287,0.0618,0.0868,-0.1632,0.0862,0.9835,0.9942,mediterraneo,0.7348,0.7305,True
04405_00815,44.05,8.15,44.0,8.1,0.9541,0.14653,0.0,0.17348,0.01673,0.0,0.09252,0.13148,8906,2850,0.32001,14280,162.1,0.0,668.9,140.0,11.91,0.8187,0.1796,0.0018,0.0,0.0,0.0,0.0,0.1246,0.1334,0.0961,0.1537,0.2278,0.1258,0.0617,0.0769,-0.1584,0.0988,0.7697,0.9729,mediterraneo,0.6046,0.5882,True
04405_00995,44.05,9.95,44.0,9.9,0.472,0.08818,0.02905,0.04155,0.0,0.0,0.02241,0.00653,8880,1410,0.15878,14400,48.0,-0.4,408.8,94.3,4.3,0.958,0.042,0.0,0.0,0.0,0.0,0.0,0.1069,0.1617,0.1661,0.0745,0.1084,0.1837,0.1165,0.0822,-0.0124,0.0299,0.2813,0.9412,mediterraneo,0.5626,0.5295,True
04405_01005,44.05,10.05,44.0,10.0,0.6889,0.0723,0.0,0.0884,0.0,0.0,0.00529,0.00642,8880,1427,0.1607,14520,60.1,-1.2,571.1,108.4,4.57,0.9389,0.0611,0.0,0.0,0.0,0.0,0.0,0.0386,0.0407,0.121,0.1437,0.1356,0.2467,0.1973,0.0765,-0.2937,-0.1799,0.2981,0.9725,mediterraneo,0.5683,0.5527,True
04405_01015,44.05,10.15,44.0,10.1,0.9969,0.31632,0.0379,0.12539,0.00022,0.0,0.0,0.0584,8972,4303,0.47961,14280,329.7,0.0,1199.1,260.2,17.21,0.499,0.3152,0.1763,0.0095,0.0,0.0,0.0,0.0821,0.0449,0.0771,0.0994,0.1652,0.2166,0.1722,0.1425,-0.1751,-0.254,0.7761,0.9672,mediterraneo,0.7067,0.6835,True
04405_01025,44.05,10.25,44.0,10.2,1.0,0.54723,0.00011,0.01141,0.01582,0.0,0.02791,0.18215,8850,4945,0.55875,14400,862.1,67.5,1746.4,352.4,27.1,0.0519,0.2149,0.2576,0.2876,0.1813,0.0067,0.0,0.0862,0.0805,0.1353,0.1165,0.1467,0.1553,0.1666,0.1127,-0.1208,-0.0852,0.9976,0.9989,appenninico,0.8304,0.8295,True
04405_01035,44.05,10.35,44.0,10.3,1.0,0.78981,0.0,0.01203,0.02002,0.0,0.0,0.09345,8892,7130,0.80184,14400,828.6,183.0,1814.3,275.8,24.46,0.0062,0.2098,0.4112,0.2768,0.0881,0.0078,0.0,0.1287,0.1338,0.1608,0.1568,0.1257,0.0877,0.0858,0.1206,0.0069,0.1368,0.9964,0.9992,appenninico,0.8721,0.8714,True
04405_01045,44.05,10.45,44.0,10.4,1.0,0.63553,0.0,0.02905,0.0,0.0,0.0,0.0,8917,5926,0.66458,14400,460.8,121.5,1184.3,227.4,16.59,0.2997,0.4391,0.2153,0.0458,0.0,0.0,0.0,0.1115,0.1225,0.13,0.1479,0.12,0.1309,0.1158,0.1214,-0.0325,0.029,0.9295,0.9978,mediterraneo,0.7593,0.7576,True
04405_01055,44.05,10.55,44.0,10.5,1.0,0.77612,0.0,0.05841,0.0,0.0,0.0,0.00549,8920,7444,0.83453,14520,519.4,93.5,1415.6,261.6,18.49,0.2338,0.4081,0.2772,0.0678,0.0132,0.0,0.0,0.0404,0.0444,0.0962,0.2004,0.1431,0.1189,0.2108,0.1459,-0.1961,-0.1307,0.9662,0.9965,mediterraneo,0.7689,0.7662,True
04405_01065,44.05,10.65,44.0,10.6,1.0,0.76009,0.0,0.03678,0.01192,0.0,0.0,0.07851,8891,7085,0.79687,14280,770.1,148.1,1705.6,319.5,22.18,0.0549,0.2986,0.2875,0.2611,0.095,0.0029,0.0,0.0691,0.0849,0.1128,0.1513,0.1503,0.1388,0.1739,0.119,-0.1451,-0.0794,0.9936,0.9977,appenninico,0.8087,0.8068,True
04405_01075,44.05,10.75,44.0,10.7,1.0,0.82747,0.00562,0.02303,0.0,0.0,0.0,0.01292,8903,7622,0.85612,14400,813.1,314.4,1537.4,223.9,19.08,0.0,0.1785,0.4903,0.2761,0.0551,0.0,0.0,0.1182,0.1254,0.1357,0.093,0.1114,0.1535,0.1585,0.1042,-0.0027,-0.0552,0.9921,0.997,appenninico,0.8958,0.8931,True
04405_01085,44.05,10.85,44.0,10.8,1.0,0.71384,0.02608,0.13555,0.00438,0.0,0.0,0.0,8897,7789,0.87547,14400,957.8,213.6,1713.9,258.1,17.2,0.006,0.0526,0.4142,0.3371,0.1852,0.0049,0.0,0.0693,0.0937,0.1514,0.1363,0.1796,0.2012,0.0875,0.081,-0.228,0.0339,0.9848,0.9848,appenninico,0.9225,0.9085,True
04405_01095,44.05,10.95,44.0,10.9,1.0,0.88587,0.01121,0.08924,0.0,0.0,0.0,0.0,8920,8798,0.98632,14400,879.8,260.2,1394.1,193.4,19.62,0.0015,0.0818,0.4209,0.4656,0.0303,0.0,0.0,0.0915,0.0726,0.113,0.1312,0.1336,0.1341,0.1411,0.1829,-0.0552,-0.1111,0.9923,0.9926,appenninico,0.9407,0.9337,True
04405_01105,44.05,11.05,44.0,11.0,1.0,0.84886,0.02146,0.08877,0.00393,0.0,0.0,0.0,8899,8535,0.95909,14520,848.2,359.7,1310.3,176.6,19.0,0.0,0.0884,0.512,0.3888,0.0108,0.0,0.0,0.0833,0.1041,0.1823,0.1723,0.1225,0.0693,0.1255,0.1406,-0.0363,0.1064,0.9931,0.9898,appenninico,0.9374,0.9278,True
04405_01115,44.05,11.15,44.0,11.1,1.0,0.67457,0.04325,0.14581,0.00258,0.0,0.0,0.00809,8902,7688,0.86363,14280,592.9,184.5,1278.0,200.2,16.22,0.0529,0.5026,0.3662,0.0767,0.0017,0.0,0.0,0.0814,0.1048,0.1439,0.1647,0.1512,0.1221,0.1323,0.0996,-0.1297,0.046,0.9853,0.979,mediterraneo,0.8323,0.8148,True
04405_01125,44.05,11.25,44.0,11.2,1.0,0.49742,0.05521,0.11423,0.0,0.0,0.0,0.02637,8912,5943,0.66686,14400,532.6,253.3,1105.1,187.4,10.86,0.0623,0.6298,0.2633,0.0447,0.0,0.0,0.0,0.0341,0.0829,0.194,0.1552,0.1386,0.1676,0.1897,0.038,-0.2569,0.0269,0.941,0.9707,mediterraneo,0.8334,0.809,True
04405_01135,44.05,11.35,44.0,11.3,1.0,0.54854,0.03382,0.05843,0.01528,0.0,0.0,0.01101,8900,5703,0.64079,14400,597.4,234.2,1123.7,214.8,12.54,0.0832,0.4253,0.3969,0.0946,0.0,0.0,0.0,0.0788,0.1085,0.1362,0.1267,0.1372,0.1683,0.1678,0.0765,-0.1394,-0.0415,0.938,0.9822,mediterraneo,0.8212,0.8066,True
04405_01145,44.05,11.45,44.0,11.4,1.0,0.75286,0.00606,0.10954,0.01437,0.0,0.0,0.03479,8910,7738,0.86846,14400,764.5,298.6,1180.0,184.1,17.11,0.0001,0.1944,0.5445,0.2609,0.0,0.0,0.0,0.0912,0.0848,0.1059,0.1354,0.1271,0.1374,0.1818,0.1364,-0.0749,-0.1186,0.9857,0.9919,appenninico,0.8948,0.8876,True
04405_01155,44.05,11.55,44.0,11.5,1.0,0.74171,0.00831,0.04325,0.00303,0.0,0.0,0.11954,8901,7061,0.79327,14520,728.0,337.2,1150.5,149.9,17.25,0.0,0.1989,0.6638,0.1373,0.0,0.0,0.0,0.1241,0.1362,0.1618,0.1249,0.1244,0.0903,0.1001,0.1381,0.0418,0.0853,0.9902,0.9947,appenninico,0.8872,0.8825,True
04405_01165,44.05,11.65,44.0,11.6,1.0,0.64958,0.01023,0.09384,0.02484,0.0,0.0,0.10598,8898,6706,0.75365,14280,682.3,264.0,1232.2,205.0,16.06,0.0125,0.3679,0.4469,0.1702,0.0025,0.0,0.0,0.1225,0.1218,0.1447,0.1031,0.0772,0.0915,0.1595,0.1798,0.1231,-0.045,0.9839,0.9904,appenninico,0.8207,0.8128,True
04405_01175,44.05,11.75,44.0,11.7,1.0,0.33427,0.03187,0.13925,0.00673,0.0,0.0,0.04623,8912,4504,0.50539,14400,565.3,260.7,988.8,137.5,14.63,0.0071,0.6115,0.3695,0.0119,0.0,0.0,0.0,0.1177,0.0993,0.1468,0.1814,0.1022,0.0632,0.1284,0.161,0.0287,0.0588,0.9821,0.9705,mediterraneo,0.8634,0.8379,True
04405_01185,44.05,11.85,44.0,11.8,1.0,0.27521,0.03997,0.12553,0.0,0.0,0.0,0.00719,8906,3925,0.44071,14400,429.0,160.5,787.6,114.1,14.15,0.1465,0.7816,0.0719,0.0,0.0,0.0,0.0,0.1128,0.1146,0.131,0.1652,0.0946,0.0913,0.1484,0.1422,0.0174,0.0158,0.9783,0.9631,mediterraneo,0.8096,0.7797,True
04405_01195,44.05,11.95,44.0,11.9,1.0,0.19088,0.0,0.22705,0.0,0.0,0.0,0.03898,8901,3720,0.41793,14400,353.2,120.3,688.9,109.8,13.8,0.3336,0.6547,0.0117,0.0,0.0,0.0,0.0,0.1124,0.099,0.147,0.1745,0.1059,0.0713,0.1242,0.1658,0.023,0.0498,0.9724,0.9728,mediterraneo,0.7505,0.7301,True
04405_01205,44.05,12.05,44.0,12.0,1.0,0.11407,0.0,0.0,0.00314,0.0,0.0,0.04816,8907,1016,0.11407,14520,256.6,65.0,678.2,107.6,10.36,0.6719,0.3256,0.0025,0.0,0.0,0.0,0.0,0.1252,0.1091,0.1589,0.1445,0.0615,0.0632,0.1424,0.1952,0.1377,0.0149,0.9395,1.0,mediterraneo,0.6486,0.6486,True
04405_01225,44.05,12.25,44.0,12.2,1.0,0.21303,0.0,0.01101,0.0,0.0,0.0,0.05135,8900,1994,0.22404,14400,213.6,44.2,481.4,86.1,10.86,0.8253,0.1747,0.0,0.0,0.0,0.0,0.0,0.1045,0.1179,0.166,0.1122,0.0775,0.124,0.1605,0.1375,0.0376,-0.0149,0.9406,0.9975,mediterraneo,0.6024,0.6009,True
04415_00745,44.15,7.45,44.1,7.4,0.7226,0.05712,0.05521,0.02541,0.1537,0.03643,0.0,0.13964,8894,1225,0.13774,14400,2138.4,1113.0,3003.1,366.9,28.03,0.0,0.0,0.0,0.0037,0.0838,0.258,0.6546,0.1142,0.1795,0.1864,0.0561,0.0709,0.1347,0.157,0.1013,0.109,0.0304,0.9964,0.8906,appenninico,0.1654,0.1473,True
04415_00755,44.15,7.55,44.1,7.5,0.5286,0.1697,0.21907,0.00101,0.1453,0.04195,0.0,0.2067,8892,3466,0.38978,14400,1659.0,853.4,2716.6,352.8,23.32,0.0,0.0,0.0015,0.1003,0.3505,0.3582,0.1895,0.1083,0.1422,0.1692,0.1523,0.0911,0.0775,0.1331,0.1264,0.0454,0.1058,0.9968,0.8594,appenninico,0.5109,0.4391,True
04415_00765,44.15,7.65,44.1,7.6,0.4752,0.02824,0.17743,0.04388,0.29692,0.03657,0.00315,0.09192,8888,2218,0.24955,14400,1861.9,858.0,2628.8,339.1,23.64,0.0,0.0,0.002,0.0546,0.1548,0.3816,0.407,0.1019,0.1117,0.1193,0.1213,0.1132,0.1694,0.1586,0.1047,-0.0631,-0.0685,0.996,0.8135,appenninico,0.3107,0.2528,True
04415_00775,44.15,7.75,44.1,7.7,1.0,0.10474,0.15401,0.14749,0.1557,0.02329,0.0,0.13084,8889,3611,0.40624,14400,1774.8,974.4,2613.2,385.4,23.05,0.0,0.0,0.0,0.0682,0.3049,0.2851,0.3419,0.1033,0.1656,0.123,0.1296,0.2018,0.1336,0.0772,0.0659,-0.1215,0.1139,0.9933,0.8871,appenninico,0.4197,0.3723,True
04415_00785,44.15,7.85,44.1,7.8,1.0,0.38702,0.02711,0.05016,0.16241,0.04004,0.0,0.14779,8891,4128,0.46429,14400,1496.2,763.0,2502.5,411.7,23.42,0.0,0.0,0.0443,0.2594,0.2988,0.2535,0.144,0.1062,0.1355,0.1483,0.151,0.2028,0.0991,0.0848,0.0723,-0.1278,0.1508,0.9958,0.98,appenninico,0.6344,0.6217,True
04415_00795,44.15,7.95,44.1,7.9,1.0,0.55017,0.0,0.14837,0.06322,0.0,0.0,0.07087,8890,6210,0.69854,14400,1148.7,541.5,2126.1,306.8,22.06,0.0,0.0017,0.2367,0.3576,0.3173,0.0812,0.0055,0.1428,0.1055,0.084,0.1845,0.2073,0.0988,0.0698,0.1073,-0.1187,0.0803,0.9935,0.9894,appenninico,0.8777,0.8684,True
04415_00805,44.15,8.05,44.1,8.0,1.0,0.77928,0.00495,0.07897,0.01417,0.0,0.0,0.10575,8889,7673,0.8632,14520,777.0,117.2,1691.6,278.7,22.11,0.0326,0.2435,0.3998,0.2559,0.0655,0.0027,0.0,0.1083,0.1536,0.1412,0.1252,0.1518,0.1298,0.1096,0.0807,-0.0594,0.0826,0.9939,0.994,appenninico,0.8464,0.8413,True
04415_00815,44.15,8.15,44.1,8.1,1.0,0.52645,0.0,0.11445,0.0,0.0,0.07506,0.15046,8886,5695,0.6409,14280,649.7,70.6,1375.1,269.7,19.12,0.1153,0.3156,0.3832,0.1701,0.0158,0.0,0.0,0.1057,0.1227,0.1289,0.1257,0.1622,0.1692,0.1134,0.0722,-0.1326,0.0232,0.9796,0.9911,appenninico,0.7658,0.759,True
04415_00825,44.15,8.25,44.1,8.2,0.79,0.09853,0.03599,0.0947,0.01833,0.0,0.08008,0.10156,8891,2038,0.22922,14400,209.6,0.0,1155.2,234.3,11.96,0.7412,0.1727,0.0693,0.0167,0.0,0.0,0.0,0.0651,0.1864,0.1667,0.2082,0.1868,0.1141,0.0507,0.0221,-0.2109,0.3069,0.7192,0.9401,mediterraneo,0.6268,0.5893,True
04415_00835,44.15,8.35,44.1,8.3,0.3079,0.122,0.0,0.03039,0.0,0.0,0.02409,0.00799,8885,1354,0.15239,14400,51.4,0.0,376.3,95.8,4.52,0.9772,0.0228,0.0,0.0,0.0,0.0,0.0,0.0339,0.0948,0.1468,0.135,0.201,0.2167,0.1432,0.0285,-0.3367,-0.004,0.2871,0.99,mediterraneo,0.5568,0.5512,True
04415_00965,44.15,9.65,44.1,9.6,0.5715,0.0958,0.08223,0.18061,0.0,0.0,0.06608,0.02165,8914,3197,0.35864,14280,189.7,0.0,719.1,214.5,10.51,0.6761,0.2973,0.0267,0.0,0.0,0.0,0.0,0.0982,0.0789,0.106,0.1261,0.1571,0.2013,0.137,0.0953,-0.1677,-0.0971,0.576,0.9175,mediterraneo,0.6486,0.5951,True
04415_00975,44.15,9.75,44.1,9.7,0.9472,0.33577,0.06556,0.35743,0.0,0.0,0.01224,0.03009,8908,6759,0.75876,14400,305.2,0.0,808.9,183.4,14.89,0.5852,0.3251,0.0897,0.0,0.0,0.0,0.0,0.1304,0.1456,0.1647,0.1338,0.0876,0.105,0.1388,0.0942,0.0439,0.0858,0.9231,0.9548,mediterraneo,0.6789,0.6482,True
04415_00985,44.15,9.85,44.1,9.8,0.9754,0.12432,0.01408,0.30146,0.0,0.0,0.0,0.05619,8880,3906,0.43986,14400,136.1,-3.8,603.1,122.4,9.72,0.8888,0.111,0.0001,0.0,0.0,0.0,0.0,0.1098,0.0993,0.1461,0.1454,0.1441,0.141,0.1202,0.0941,-0.1006,0.0377,0.7654,0.9577,mediterraneo,0.5833,0.5586,True
04415_00995,44.15,9.95,44.1,9.9,1.0,0.29223,0.00293,0.13468,0.0,0.0,0.00709,0.01791,8880,3817,0.42984,14400,163.1,0.5,659.4,157.4,9.91,0.7985,0.196,0.0055,0.0,0.0,0.0,0.0,0.108,0.0682,0.107,0.1224,0.1311,0.1758,0.1617,0.1259,-0.0988,-0.1361,0.7112,0.9826,mediterraneo,0.6107,0.6001,True
04415_01005,44.15,10.05,44.1,10.0,1.0,0.66115,0.0134,0.12691,0.0,0.0,0.0,0.00146,8880,7117,0.80146,14520,360.1,33.7,938.9,163.2,15.29,0.4,0.5181,0.0806,0.0012,0.0,0.0,0.0,0.1214,0.1165,0.1213,0.0827,0.0997,0.136,0.1647,0.1577,0.0664,-0.112,0.9753,0.9879,mediterraneo,0.7336,0.7247,True
04415_01015,44.15,10.15,44.1,10.1,1.0,0.50755,0.00631,0.04583,0.08874,0.0,0.0,0.11374,8880,4970,0.55969,14280,738.7,148.2,1759.9,373.5,23.62,0.1212,0.3031,0.2291,0.2024,0.1365,0.0078,0.0,0.135,0.149,0.1026,0.0602,0.093,0.1516,0.1801,0.1285,0.0927,-0.1316,0.9882,0.9931,appenninico,0.7506,0.7454,True
04415_01025,44.15,10.25,44.1,10.2,1.0,0.6383,0.0,0.01549,0.02795,0.0,0.0,0.06646,8908,5824,0.65379,14400,896.5,366.5,1860.5,294.2,19.04,0.0,0.1078,0.512,0.2252,0.1197,0.0353,0.0,0.1467,0.1447,0.1473,0.1184,0.0946,0.1039,0.123,0.1214,0.0862,0.0556,0.9838,0.9988,appenninico,0.8886,0.8875,True
04415_01035,44.15,10.35,44.1,10.3,1.0,0.51526,0.00538,0.09861,0.00651,0.0,0.0,0.01941,8914,5520,0.61925,14400,673.8,280.1,1563.6,228.5,15.07,0.0055,0.4339,0.389,0.1538,0.0179,0.0,0.0,0.0798,0.1535,0.1568,0.1273,0.1371,0.159,0.1135,0.0729,-0.1066,0.083,0.9767,0.9899,appenninico,0.8003,0.7922,True
04415_01045,44.15,10.45,44.1,10.4,1.0,0.72814,0.0,0.04298,0.01452,0.0,0.0,0.05356,8887,6853,0.77112,14400,782.2,212.5,1678.6,314.4,19.82,0.0398,0.2868,0.2966,0.2869,0.0835,0.0064,0.0,0.0541,0.0286,0.0725,0.1737,0.1459,0.1531,0.2137,0.1584,-0.1939,-0.2274,0.9685,0.9972,appenninico,0.8236,0.8213,True
04415_01055,44.15,10.55,44.1,10.5,1.0,0.69986,0.01827,0.10546,0.09407,0.0,0.0,0.01184,8866,7302,0.82359,14520,1274.3,487.3,1976.4,279.9,20.24,0.0,0.0076,0.1014,0.2725,0.4984,0.12,0.0,0.1097,0.1431,0.1616,0.0979,0.0914,0.1313,0.1585,0.1065,0.0314,0.0039,0.9948,0.9881,appenninico,0.833,0.8231,True
04415_01065,44.15,10.65,44.1,10.6,1.0,0.43394,0.09075,0.1852,0.10401,0.0,0.0,0.03205,8893,6313,0.70989,14280,1369.1,756.9,2146.9,239.7,18.01,0.0,0.0,0.0281,0.216,0.5686,0.1852,0.0021,0.1183,0.1666,0.1247,0.0678,0.0824,0.1347,0.1614,0.1442,0.1142,-0.0696,0.9953,0.955,appenninico,0.7816,0.7464,True
04415_01075,44.15,10.75,44.1,10.7,1.0,0.60889,0.02868,0.10585,0.15478,0.0,0.0,0.02137,8890,6609,0.74342,14400,1260.4,576.3,2147.6,302.7,19.71,0.0,0.0012,0.1328,0.2969,0.4206,0.144,0.0045,0.1027,0.173,0.1595,0.1096,0.1115,0.1708,0.0819,0.0909,-0.0218,0.0925,0.9975,0.9832,appenninico,0.8246,0.8107,True
04415_01085,44.15,10.85,44.1,10.8,1.0,0.71472,0.02035,0.06567,0.08411,0.0,0.0,0.00933,8893,7121,0.80074,14400,1126.3,484.4,1933.5,324.3,20.65,0.0,0.0343,0.2538,0.2886,0.3342,0.0891,0.0,0.1473,0.1297,0.1691,0.1075,0.0768,0.0559,0.1357,0.178,0.1815,0.037,0.995,0.9895,appenninico,0.8611,0.8521,True
04415_01095,44.15,10.95,44.1,10.9,1.0,0.53698,0.03647,0.04334,0.0,0.0,0.0,0.0,8883,5479,0.61679,14400,688.3,311.6,1476.1,261.8,15.01,0.0,0.4888,0.2819,0.1812,0.048,0.0,0.0,0.1235,0.1223,0.1582,0.1802,0.1024,0.0841,0.0864,0.1428,0.0173,0.1298,0.9825,0.9817,appenninico,0.7831,0.7688,True
04415_01105,44.15,11.05,44.1,11.0,1.0,0.53189,0.009,0.03869,0.00214,0.0,0.0,0.0505,8891,5153,0.57958,14520,625.6,284.8,1279.5,191.4,12.26,0.0017,0.4953,0.4001,0.0985,0.0044,0.0,0.0,0.107,0.0906,0.1415,0.0809,0.0326,0.122,0.2208,0.2046,0.1415,-0.1919,0.9749,0.9928,appenninico,0.7799,0.7743,True
04415_01115,44.15,11.15,44.1,11.1,1.0,0.47589,0.05991,0.03282,0.0,0.0,0.0,0.03136,8897,5059,0.56862,14280,754.1,348.0,1263.2,186.0,12.78,0.0,0.2373,0.5268,0.2347,0.0013,0.0,0.0,0.1265,0.1317,0.2234,0.1011,0.0856,0.0643,0.1261,0.1413,0.1175,0.1215,0.9805,0.9708,appenninico,0.8786,0.8529,True
04415_01125,44.15,11.25,44.1,11.2,1.0,0.55297,0.04723,0.06511,0.00382,0.0,0.0,0.01102,8892,5916,0.66531,14400,827.0,363.4,1275.0,178.8,12.43,0.0,0.1144,0.5156,0.3657,0.0043,0.0,0.0,0.083,0.0896,0.1135,0.0748,0.0492,0.1677,0.2775,0.1447,0.0299,-0.2745,0.9878,0.9774,appenninico,0.9278,0.9068,True
04415_01135,44.15,11.35,44.1,11.3,1.0,0.36875,0.0,0.0367,0.05549,0.0,0.0,0.09343,8884,3602,0.40545,14400,732.2,406.5,1283.7,204.3,10.86,0.0,0.3293,0.4629,0.1908,0.017,0.0,0.0,0.0848,0.1148,0.1973,0.2016,0.1617,0.0858,0.0654,0.0886,-0.1397,0.2398,0.9712,0.9955,appenninico,0.8426,0.8388,True
04415_01145,44.15,11.45,44.1,11.4,1.0,0.68994,0.0,0.00944,0.00911,0.0,0.0,0.1231,8895,6221,0.69938,14400,600.8,203.9,1083.7,167.7,17.69,0.0279,0.4753,0.4577,0.039,0.0,0.0,0.0,0.1231,0.1099,0.122,0.1366,0.1155,0.1267,0.1453,0.1208,-0.0192,-0.0256,0.9867,0.9993,appenninico,0.766,0.7655,True
04415_01155,44.15,11.55,44.1,11.5,1.0,0.68148,0.00979,0.05041,0.00326,0.0,0.0,0.04883,8888,6592,0.74168,14520,588.2,186.9,1029.6,149.3,16.34,0.0249,0.4985,0.4562,0.0204,0.0,0.0,0.0,0.1095,0.1145,0.1452,0.1286,0.1232,0.0756,0.1418,0.1616,0.0357,0.009,0.9853,0.9933,mediterraneo,0.8602,0.8544,True
04415_01165,44.15,11.65,44.1,11.6,1.0,0.38559,0.01891,0.20349,0.0,0.0,0.0,0.01992,8885,5402,0.60799,14280,472.6,151.7,809.6,140.5,14.95,0.1295,0.659,0.2115,0.0,0.0,0.0,0.0,0.096,0.0993,0.1739,0.1583,0.1026,0.0869,0.1282,0.1549,0.0008,0.0592,0.9772,0.9755,mediterraneo,0.8217,0.8016,True
04415_01175,44.15,11.75,44.1,11.7,1.0,0.33348,0.00382,0.0685,0.0,0.0,0.0,0.01012,8891,3608,0.4058,14400,383.0,116.0,685.2,114.9,14.82,0.2496,0.7235,0.0269,0.0,0.0,0.0,0.0,0.104,0.1024,0.175,0.1568,0.0667,0.0661,0.1442,0.1848,0.0824,0.0391,0.9791,0.9892,mediterraneo,0.7765,0.7681,True
04415_01185,44.15,11.85,44.1,11.8,1.0,0.20459,0.00428,0.08654,0.0,0.0,0.0,0.05582,8886,2625,0.29541,14400,317.0,86.2,700.2,114.3,12.56,0.4599,0.5349,0.0053,0.0,0.0,0.0,0.0,0.1244,0.1328,0.1582,0.1414,0.0832,0.0761,0.1276,0.1563,0.0945,0.0606,0.9638,0.9817,mediterraneo,0.7124,0.6994,True
04415_01195,44.15,11.95,44.1,11.9,1.0,0.12465,0.0,0.0135,0.0,0.0,0.0,0.04106,8889,1228,0.13815,14400,181.5,35.1,459.9,88.4,8.78,0.8783,0.1217,0.0,0.0,0.0,0.0,0.0,0.1194,0.1278,0.1789,0.1473,0.0783,0.0655,0.1165,0.1662,0.1038,0.0979,0.8338,0.9951,mediterraneo,0.5865,0.5836,True
04425_00695,44.25,6.95,44.2,6.9,0.068,0.00282,0.31298,0.03436,0.11289,0.0712,0.0,0.03391,8876,3108,0.35016,14520,1921.2,978.7,2996.0,511.3,25.86,0.0,0.0,0.0,0.0742,0.2349,0.2753,0.4156,0.0924,0.1397,0.085,0.0994,0.1496,0.2109,0.1666,0.0563,-0.1384,-0.1043,0.9909,0.7716,appenninico,0.3648,0.2815,True
04425_00705,44.25,7.05,44.2,7.0,0.699,0.0098,0.15236,0.02096,0.04417,0.02017,0.0,0.17602,8874,1625,0.18312,14520,2107.0,997.8,2916.2,365.2,27.29,0.0,0.0,0.0,0.0038,0.1099,0.245,0.6413,0.1121,0.1128,0.1394,0.1853,0.1339,0.0959,0.1097,0.1108,-0.0705,0.0951,0.9978,0.7863,appenninico,0.1835,0.1443,True
04425_00715,44.25,7.15,44.2,7.1,0.9369,0.08607,0.08089,0.08979,0.01791,0.01374,0.0,0.28977,8876,2279,0.25675,14520,1967.6,895.2,2848.1,396.3,28.68,0.0,0.0,0.0012,0.0457,0.1377,0.2899,0.5255,0.1347,0.1585,0.1649,0.0682,0.0338,0.0944,0.2186,0.1269,0.1932,-0.0457,0.9963,0.9038,appenninico,0.2614,0.2363,True
04425_00725,44.25,7.25,44.2,7.2,1.0,0.0613,0.10096,0.14659,0.0,0.00699,0.0,0.13341,8875,2741,0.30885,14520,1998.8,958.0,3044.0,459.3,28.48,0.0,0.0,0.0,0.0346,0.2016,0.2478,0.516,0.181,0.1535,0.1097,0.1465,0.0916,0.0586,0.1063,0.1528,0.1621,0.0677,0.9972,0.8945,appenninico,0.2906,0.2599,True
04425_00735,44.25,7.35,44.2,7.3,1.0,0.44654,0.00563,0.03673,0.0,0.01285,0.0,0.14648,8875,4339,0.4889,14520,1440.8,728.2,2868.3,447.0,27.63,0.0,0.0,0.1005,0.2463,0.3345,0.1916,0.1271,0.1943,0.156,0.1355,0.1315,0.1117,0.0521,0.0781,0.1407,0.1659,0.1328,0.9767,0.9934,appenninico,0.6861,0.6816,True
04425_00745,44.25,7.45,44.2,7.4,1.0,0.54491,0.0018,0.05365,0.02908,0.00462,0.0,0.11653,8873,5327,0.60036,14520,1292.1,674.8,2425.2,365.7,24.73,0.0,0.0,0.1341,0.3269,0.332,0.1578,0.0492,0.1198,0.2245,0.1153,0.0685,0.0687,0.1443,0.1329,0.126,0.154,-0.0052,0.9824,0.9948,appenninico,0.7848,0.7807,True
04425_00755,44.25,7.55,44.2,7.5,1.0,0.63558,0.0,0.08122,0.0,0.01386,0.0,0.10094,8877,6363,0.7168,14520,1170.4,667.4,2353.2,293.1,22.34,0.0,0.0,0.1847,0.4056,0.3235,0.0747,0.0115,0.1003,0.1468,0.1179,0.0625,0.0727,0.1339,0.2064,0.1594,0.1106,-0.1483,0.9858,0.9943,appenninico,0.8787,0.8737,True
04425_00765,44.25,7.65,44.2,7.6,1.0,0.4845,0.10177,0.0541,0.00687,0.00304,0.0,0.09535,8873,5682,0.64037,14520,1354.5,634.3,2385.6,393.8,23.28,0.0,0.0,0.1313,0.2763,0.3098,0.2103,0.0723,0.131,0.1512,0.1932,0.0967,0.0488,0.0725,0.148,0.1586,0.1827,0.0595,0.9955,0.956,appenninico,0.7289,0.6968,True
04425_00775,44.25,7.75,44.2,7.7,1.0,0.41201,0.04845,0.02659,0.22702,0.00777,0.0,0.16336,8876,4323,0.48705,14520,1451.3,628.1,2423.2,426.1,22.43,0.0,0.0,0.132,0.1913,0.2609,0.3106,0.1052,0.1562,0.1673,0.1737,0.0805,0.0244,0.0501,0.1631,0.1845,0.2952,0.0187,0.9918,0.9724,appenninico,0.6337,0.6162,True
04425_00785,44.25,7.85,44.2,7.8,1.0,0.70745,0.03695,0.00946,0.01138,0.00034,0.0,0.12256,8877,6692,0.75386,14520,1193.5,598.4,1985.9,278.2,21.57,0.0,0.0001,0.1616,0.366,0.3863,0.086,0.0,0.1386,0.1745,0.1989,0.0853,0.0304,0.1083,0.1361,0.1279,0.1907,0.0792,0.9954,0.9871,appenninico,0.8737,0.8624,True
04425_00795,44.25,7.95,44.2,7.9,1.0,0.71686,0.01668,0.02491,0.04824,0.01623,0.0,0.1099,8872,6729,0.75845,14520,1166.0,592.0,1936.9,289.1,18.82,0.0,0.0003,0.201,0.3722,0.3344,0.0921,0.0,0.1199,0.1555,0.1763,0.1177,0.0656,0.0905,0.1516,0.1229,0.1059,0.0713,0.9948,0.9929,appenninico,0.8752,0.869,True
04425_00805,44.25,8.05,44.2,8.0,1.0,0.7378,0.0,0.11132,0.0,0.0,0.0,0.01149,8875,7536,0.84912,14641,816.0,480.2,1348.5,184.3,16.24,0.0,0.1493,0.5139,0.3156,0.0212,0.0,0.0,0.0972,0.1244,0.1701,0.1287,0.091,0.0818,0.1688,0.138,0.045,0.0293,0.9542,0.9934,appenninico,0.9114,0.9054,True
04425_00815,44.25,8.15,44.2,8.1,1.0,0.86873,0.0,0.02783,0.0,0.0,0.0,0.03211,8875,7957,0.89656,14399,887.6,428.4,1384.6,166.1,16.88,0.0,0.0088,0.5521,0.4027,0.0363,0.0,0.0,0.1151,0.1222,0.144,0.1016,0.0954,0.124,0.1716,0.1261,0.0338,-0.0476,0.9779,0.9984,appenninico,0.9633,0.9618,True
04425_00825,44.25,8.25,44.2,8.2,1.0,0.77845,0.01431,0.05973,0.0,0.0,0.0,0.06164,8874,7565,0.85249,14520,669.6,48.8,1346.9,223.2,17.61,0.0676,0.2918,0.493,0.1406,0.007,0.0,0.0,0.0861,0.146,0.1551,0.1474,0.1701,0.1142,0.093,0.0882,-0.1086,0.1334,0.9899,0.9923,appenninico,0.8069,0.8007,True
04425_00835,44.25,8.35,44.2,8.3,1.0,0.63048,0.0,0.14067,0.0,0.0,0.05136,0.0526,8879,6847,0.77115,14520,386.0,35.9,952.8,182.5,16.03,0.3758,0.4664,0.1561,0.0018,0.0,0.0,0.0,0.0999,0.1161,0.173,0.1573,0.1199,0.1137,0.1196,0.1006,-0.0597,0.0989,0.9822,0.9909,mediterraneo,0.7447,0.7379,True
04425_00845,44.25,8.45,44.2,8.4,0.3887,0.03855,0.02761,0.03821,0.0,0.0,0.08059,0.01815,8872,926,0.10437,14520,41.4,0.0,427.0,78.5,4.48,0.9802,0.0198,0.0,0.0,0.0,0.0,0.0,0.116,0.1569,0.2132,0.1746,0.1431,0.0798,0.029,0.0874,-0.0293,0.3084,0.3253,0.9156,mediterraneo,0.5559,0.509,True
04425_00945,44.25,9.45,44.2,9.4,0.5568,0.02963,0.04225,0.08281,0.0,0.0,0.08945,0.09531,8876,1373,0.15469,14520,97.9,0.0,676.2,128.6,8.48,0.9043,0.0947,0.001,0.0,0.0,0.0,0.0,0.075,0.0628,0.0918,0.1583,0.1546,0.1435,0.2168,0.0972,-0.1919,-0.1421,0.5337,0.905,mediterraneo,0.5788,0.5238,True
04425_00955,44.25,9.55,44.2,9.5,0.9373,0.3408,0.08585,0.24831,0.0,0.0,0.01361,0.12297,8888,5999,0.67496,14641,398.7,0.0,987.3,206.2,15.02,0.3158,0.5148,0.1673,0.002,0.0,0.0,0.0,0.095,0.0813,0.09,0.1311,0.1463,0.1605,0.1821,0.1136,-0.1217,-0.1375,0.9338,0.9498,mediterraneo,0.763,0.7247,True
04425_00965,44.25,9.65,44.2,9.6,1.0,0.49825,0.00857,0.40731,0.0,0.0,0.0,0.01738,8863,8102,0.91413,14399,364.9,112.5,791.0,116.3,15.1,0.3143,0.6504,0.0353,0.0,0.0,0.0,0.0,0.1368,0.1381,0.1361,0.1385,0.146,0.0871,0.1006,0.1168,0.0107,0.089,0.9754,0.9754,mediterraneo,0.7575,0.7389,True
04425_00975,44.25,9.75,44.2,9.7,1.0,0.22316,0.11378,0.42343,0.01601,0.0,0.0,0.0221,8868,6743,0.76037,14520,407.2,52.5,1189.3,230.8,14.62,0.3997,0.3927,0.1737,0.0339,0.0,0.0,0.0,0.0775,0.0473,0.1088,0.1477,0.1499,0.1756,0.1815,0.1117,-0.1912,-0.1419,0.9548,0.9347,mediterraneo,0.7303,0.6826,True
04425_00985,44.25,9.85,44.2,9.8,1.0,0.72624,0.01273,0.07466,0.02365,0.0,0.0,0.05563,8880,7225,0.81363,14520,569.7,43.6,1159.5,243.5,18.36,0.1472,0.4012,0.3467,0.1048,0.0,0.0,0.0,0.0653,0.1205,0.1718,0.1298,0.1601,0.1801,0.1137,0.0587,-0.1912,0.067,0.9919,0.9915,mediterraneo,0.7969,0.7901,True
04425_00995,44.25,9.95,44.2,9.9,1.0,0.51577,0.0,0.117,0.0,0.0,0.0,0.00788,8880,5619,0.63277,14520,220.0,45.0,655.2,118.1,9.89,0.7592,0.2399,0.0008,0.0,0.0,0.0,0.0,0.0886,0.1308,0.1534,0.1722,0.1491,0.0908,0.0954,0.1198,-0.0701,0.1295,0.8399,0.9908,mediterraneo,0.6222,0.6165,True
04425_01005,44.25,10.05,44.2,10.0,1.0,0.575,0.00045,0.0384,0.0,0.0,0.0,0.00788,8880,5451,0.61385,14641,329.0,68.1,948.2,198.8,12.33,0.5696,0.2996,0.1281,0.0028,0.0,0.0,0.0,0.0558,0.0287,0.0814,0.1623,0.1935,0.1622,0.1762,0.14,-0.257,-0.1853,0.9222,0.9967,mediterraneo,0.6849,0.6826,True
04425_01015,44.25,10.15,44.2,10.1,1.0,0.70473,0.00327,0.04786,0.00721,0.0,0.0,0.02275,8880,6712,0.75586,14399,617.5,143.3,1377.9,209.6,17.52,0.0419,0.4686,0.385,0.0982,0.0062,0.0,0.0,0.1074,0.0345,0.0553,0.1532,0.1765,0.1508,0.1634,0.159,-0.1493,-0.1987,0.9917,0.9958,appenninico,0.7609,0.7577,True
04425_01025,44.25,10.25,44.2,10.2,1.0,0.74323,0.0044,0.02289,0.05323,0.0,0.0,0.015,8868,6833,0.77052,14520,1154.5,484.6,1880.2,312.9,18.42,0.0,0.0154,0.2413,0.29,0.3621,0.0912,0.0,0.0725,0.0733,0.1402,0.1659,0.1616,0.1502,0.1326,0.1036,-0.1942,-0.003,0.9944,0.9971,appenninico,0.8636,0.8611,True
04425_01035,44.25,10.35,44.2,10.3,1.0,0.66129,0.02369,0.0897,0.10595,0.0,0.0,0.01873,8863,6866,0.77468,14520,1344.4,547.3,2095.8,286.8,19.82,0.0,0.004,0.0775,0.2087,0.5105,0.1965,0.0028,0.0713,0.0804,0.0987,0.0973,0.1166,0.189,0.206,0.1407,-0.0941,-0.222,0.9941,0.9866,appenninico,0.7777,0.7673,True
04425_01045,44.25,10.45,44.2,10.4,1.0,0.69959,0.02644,0.01418,0.13895,0.0,0.0,0.00349,8888,6579,0.74021,14520,1377.2,725.7,2069.0,285.8,17.47,0.0,0.0,0.0406,0.2608,0.4554,0.2369,0.0063,0.1274,0.2321,0.1667,0.1424,0.1051,0.0944,0.0657,0.0662,0.0723,0.2591,0.9951,0.9901,appenninico,0.7577,0.7502,True
04425_01055,44.25,10.55,44.2,10.5,1.0,0.56039,0.01836,0.06129,0.0,0.0,0.0,0.0,8876,5681,0.64004,14641,1118.1,630.8,1637.1,193.0,13.08,0.0,0.0,0.1603,0.4806,0.3584,0.0006,0.0,0.1107,0.0838,0.1854,0.1874,0.0826,0.0518,0.1321,0.1661,0.0322,0.0937,0.9904,0.988,appenninico,0.9377,0.9264,True
04425_01065,44.25,10.65,44.2,10.6,1.0,0.60511,0.03357,0.07841,0.00665,0.0,0.0,0.00315,8876,6365,0.71709,14399,1088.1,572.7,1832.9,228.9,15.32,0.0,0.0013,0.2272,0.4541,0.2978,0.0197,0.0,0.1505,0.0924,0.1399,0.1395,0.1031,0.068,0.1108,0.1957,0.1056,0.005,0.9915,0.9828,appenninico,0.9298,0.9138,True
04425_01075,44.25,10.75,44.2,10.7,1.0,0.41314,0.03837,0.04917,0.00945,0.0,0.0,0.00068,8888,4450,0.50068,14520,903.6,391.5,1875.1,311.7,14.09,0.0,0.1606,0.4381,0.2031,0.1766,0.0216,0.0,0.1881,0.1126,0.1818,0.2058,0.057,0.0172,0.0726,0.1649,0.1777,0.2156,0.9888,0.9759,appenninico,0.8722,0.8512,True
04425_01085,44.25,10.85,44.2,10.8,1.0,0.52507,0.0,0.00023,0.0,0.0,0.0,0.048,8875,4662,0.5253,14520,576.9,275.1,1131.9,161.3,11.53,0.0075,0.5999,0.3478,0.0448,0.0,0.0,0.0,0.1533,0.1281,0.1036,0.1261,0.1036,0.0926,0.1349,0.1578,0.0959,-0.0299,0.982,1.0,mediterraneo,0.8539,0.8539,True
04425_01095,44.25,10.95,44.2,10.9,1.0,0.45623,0.0,0.03358,0.0,0.0,0.0,0.01048,8875,4347,0.48981,14520,744.0,361.4,1128.9,145.2,11.4,0.0,0.1817,0.667,0.1512,0.0,0.0,0.0,0.1511,0.1082,0.1131,0.1226,0.1067,0.1284,0.1161,0.1538,0.0555,-0.0386,0.9679,0.9966,appenninico,0.8939,0.8909,True
04425_01105,44.25,11.05,44.2,11.0,1.0,0.46929,0.0,0.0,0.0,0.0,0.0,0.11665,8873,4164,0.46929,14641,520.0,206.5,1086.7,184.4,13.45,0.1083,0.5696,0.3027,0.0194,0.0,0.0,0.0,0.1079,0.093,0.19,0.1803,0.1411,0.0794,0.0916,0.1167,-0.073,0.1567,0.9777,1.0,mediterraneo,0.8278,0.8278,True
04425_01115,44.25,11.15,44.2,11.1,1.0,0.52886,0.0,0.01026,0.0,0.0,0.0,0.07057,8870,4782,0.53912,14399,439.2,167.2,822.1,135.5,12.48,0.1749,0.688,0.1371,0.0,0.0,0.0,0.0,0.1235,0.0923,0.1907,0.1249,0.066,0.0735,0.1673,0.1618,0.0979,0.0117,0.9695,0.999,mediterraneo,0.8044,0.8036,True
04425_01125,44.25,11.25,44.2,11.2,1.0,0.48806,0.00507,0.01442,0.0,0.0,0.0,0.00394,8876,4505,0.50755,14520,565.7,177.4,968.2,172.3,12.45,0.0688,0.4848,0.4306,0.0158,0.0,0.0,0.0,0.1256,0.1208,0.1527,0.0499,0.0328,0.1274,0.2223,0.1684,0.1777,-0.161,0.9804,0.9961,mediterraneo,0.8469,0.8436,True
04425_01135,44.25,11.35,44.2,11.3,1.0,0.43982,0.00992,0.00766,0.0089,0.0,0.0,0.02806,8874,4059,0.4574,14520,582.5,233.8,947.2,151.8,11.03,0.0241,0.5196,0.4512,0.005,0.0,0.0,0.0,0.143,0.1188,0.1572,0.1072,0.0469,0.0645,0.1571,0.2054,0.2056,-0.0325,0.9801,0.9937,mediterraneo,0.864,0.8586,True
04425_01145,44.25,11.45,44.2,11.4,1.0,0.38359,0.0,0.01183,0.14458,0.0,0.0,0.09759,8874,3509,0.39542,14520,487.1,208.2,961.7,136.8,11.55,0.0506,0.736,0.2092,0.0043,0.0,0.0,0.0,0.1515,0.1337,0.1824,0.1112,0.063,0.067,0.1288,0.1624,0.1773,0.0655,0.9811,0.9985,mediterraneo,0.8443,0.843,True
04425_01155,44.25,11.55,44.2,11.5,1.0,0.25214,0.0186,0.05174,0.02311,0.0,0.0,0.0514,8872,2861,0.32248,14641,335.2,83.7,703.2,125.8,12.21,0.4107,0.5702,0.0191,0.0,0.0,0.0,0.0,0.1516,0.098,0.1529,0.1302,0.0826,0.0914,0.1185,0.1748,0.1129,0.0088,0.9629,0.9776,mediterraneo,0.7277,0.7114,True
04425_01165,44.25,11.65,44.2,11.6,1.0,0.11645,0.01633,0.03401,0.0,0.0,0.0,0.10542,8879,1481,0.16679,14399,252.0,51.1,629.3,113.3,10.99,0.653,0.3469,0.0001,0.0,0.0,0.0,0.0,0.1608,0.1354,0.1422,0.1396,0.0818,0.0793,0.0989,0.162,0.1409,0.0722,0.9138,0.9653,mediterraneo,0.6541,0.6314,True
04435_00705,44.35,7.05,44.3,7.0,1.0,0.00361,0.23544,0.01998,0.15508,0.0,0.0,0.16704,8860,2295,0.25903,14400,1986.2,1028.3,2742.6,416.6,25.59,0.0,0.0,0.0,0.0342,0.2,0.211,0.5549,0.1119,0.1727,0.1124,0.1214,0.1456,0.121,0.1145,0.1005,-0.0156,0.0516,0.9957,0.7689,appenninico,0.2786,0.2142,True
04435_00715,44.35,7.15,44.3,7.1,1.0,0.0921,0.07043,0.01512,0.05011,0.08014,0.0,0.11682,8860,1574,0.17765,14400,1857.1,826.7,2616.6,424.4,25.2,0.0,0.0,0.0306,0.0701,0.149,0.3122,0.4381,0.1205,0.1688,0.1008,0.1359,0.2175,0.1562,0.0609,0.0396,-0.1629,0.122,0.9881,0.8966,appenninico,0.3282,0.2943,True
04435_00725,44.35,7.25,44.3,7.2,1.0,0.31414,0.01501,0.09696,0.0535,0.05554,0.0,0.16334,8859,3775,0.42611,14400,1431.8,733.3,2335.0,415.1,22.23,0.0,0.0,0.149,0.1612,0.3265,0.2539,0.1094,0.1567,0.1412,0.104,0.1418,0.2113,0.0916,0.0668,0.0865,-0.057,0.1103,0.9534,0.9798,appenninico,0.6586,0.6453,True
04435_00735,44.35,7.35,44.3,7.3,1.0,0.68145,0.01038,0.07089,0.0079,0.01072,0.0,0.06299,8859,6757,0.76272,14400,1069.8,657.3,1921.6,253.8,18.91,0.0,0.0,0.2749,0.4473,0.2432,0.0347,0.0,0.1367,0.1727,0.1244,0.12,0.1813,0.0934,0.0687,0.1028,-0.0027,0.121,0.9387,0.992,appenninico,0.9256,0.9182,True
04435_00745,44.35,7.45,44.3,7.4,1.0,0.51981,0.0,0.01603,0.0,0.0,0.0,0.02156,8857,4746,0.53584,14400,746.1,544.5,1444.2,168.5,11.31,0.0,0.1965,0.6178,0.1686,0.017,0.0,0.0,0.2045,0.1542,0.1484,0.1697,0.1029,0.0516,0.0531,0.1155,0.1417,0.2114,0.6955,0.9985,appenninico,0.8879,0.8866,True
04435_00755,44.35,7.55,44.3,7.5,1.0,0.21163,0.0,0.01084,0.0,0.0,0.0,0.00474,8860,1971,0.22247,14400,607.8,482.6,1159.0,106.4,4.82,0.0,0.6699,0.2997,0.0303,0.0,0.0,0.0,0.1722,0.1442,0.1354,0.1292,0.0428,0.0535,0.0935,0.2293,0.282,0.0399,0.3247,0.9976,appenninico,0.717,0.7153,True
04435_00765,44.35,7.65,44.3,7.6,1.0,0.15158,0.0,0.02223,0.0,0.0,0.0,0.0,8860,1540,0.17381,14400,561.5,428.4,1026.6,104.3,4.02,0.0,0.7562,0.2309,0.0128,0.0,0.0,0.0,0.2652,0.1817,0.1357,0.0651,0.0177,0.0397,0.079,0.2159,0.4683,0.0532,0.2988,0.9936,mediterraneo,0.8583,0.8528,True
04435_00775,44.35,7.75,44.3,7.7,1.0,0.38824,0.0,0.00666,0.0,0.0,0.0,0.0,8863,3500,0.3949,14400,584.2,417.0,1180.5,130.4,7.07,0.0,0.6583,0.3113,0.0304,0.0,0.0,0.0,0.1562,0.137,0.1742,0.103,0.0332,0.0567,0.1439,0.1959,0.2551,0.0225,0.5841,0.9992,mediterraneo,0.858,0.8573,True
04435_00785,44.35,7.85,44.3,7.8,1.0,0.48633,0.0,0.0,0.0,0.0,0.0,0.00915,8854,4306,0.48633,14400,594.9,362.3,1065.4,130.5,10.16,0.0,0.6031,0.3612,0.0358,0.0,0.0,0.0,0.1299,0.1229,0.1574,0.0791,0.0456,0.0827,0.1913,0.1911,0.1998,-0.0888,0.8933,1.0,mediterraneo,0.8592,0.8592,True
04435_00795,44.35,7.95,44.3,7.9,1.0,0.5981,0.0,0.03816,0.0,0.00102,0.0,0.01987,8858,5636,0.63626,14400,617.7,360.1,1081.8,158.7,12.27,0.0,0.5442,0.3864,0.0694,0.0,0.0,0.0,0.1453,0.17,0.1601,0.0832,0.0414,0.0921,0.143,0.1648,0.2214,0.015,0.9197,0.997,appenninico,0.763,0.7607,True
04435_00805,44.35,8.05,44.3,8.0,1.0,0.4237,0.0,0.14661,0.0,0.0,0.0,0.00293,8860,5053,0.57031,14520,599.1,359.7,1004.6,135.3,10.73,0.0,0.5439,0.4461,0.0099,0.0,0.0,0.0,0.1509,0.1238,0.124,0.0994,0.0746,0.1127,0.1534,0.1612,0.129,-0.0681,0.8968,0.9871,mediterraneo,0.8697,0.8585,True
04435_00815,44.35,8.15,44.3,8.1,1.0,0.69303,0.0,0.04558,0.0,0.0,0.0,0.02719,8864,6547,0.73861,14280,673.9,386.8,993.4,120.3,11.55,0.0,0.2702,0.6995,0.0303,0.0,0.0,0.0,0.1488,0.1382,0.1618,0.1214,0.082,0.0828,0.1113,0.1537,0.1311,0.0712,0.9452,0.9969,appenninico,0.8569,0.8542,True
04435_00825,44.35,8.25,44.3,8.2,1.0,0.61092,0.0,0.01557,0.0,0.0,0.0,0.08012,8862,5552,0.62649,14400,516.6,321.2,1011.1,117.5,11.16,0.0,0.7845,0.2105,0.005,0.0,0.0,0.0,0.1474,0.1573,0.1483,0.1078,0.0915,0.1012,0.124,0.1225,0.1103,0.0534,0.9183,0.9988,mediterraneo,0.8593,0.8583,True
04435_00835,44.35,8.35,44.3,8.3,1.0,0.85084,0.0,0.00011,0.0,0.0,0.0,0.03193,8863,7542,0.85095,14400,463.4,72.2,861.8,138.4,12.35,0.1072,0.7406,0.1522,0.0,0.0,0.0,0.0,0.1003,0.105,0.1474,0.1222,0.149,0.1273,0.1455,0.1034,-0.0802,-0.0016,0.9534,1.0,mediterraneo,0.8254,0.8254,True
04435_00845,44.35,8.45,44.3,8.4,0.9812,0.60713,0.0,0.07315,0.0,0.0,0.02472,0.02755,8858,6026,0.68028,14400,286.6,0.0,843.3,197.7,15.05,0.619,0.277,0.104,0.0,0.0,0.0,0.0,0.0794,0.1321,0.1479,0.1751,0.1684,0.1593,0.0892,0.0486,-0.2024,0.1331,0.9404,0.9946,mediterraneo,0.6695,0.6659,True
04435_00855,44.35,8.55,44.3,8.5,0.5657,0.10809,0.0,0.12717,0.0,0.0,0.07827,0.02767,8854,2083,0.23526,14520,116.3,0.0,646.1,140.9,7.41,0.8541,0.1455,0.0003,0.0,0.0,0.0,0.0,0.0511,0.0968,0.1454,0.1649,0.2069,0.2003,0.1031,0.0316,-0.332,0.0632,0.5472,0.973,mediterraneo,0.5937,0.5777,True
04435_00915,44.35,9.15,44.3,9.1,0.6159,0.32325,0.0,0.05147,0.0,0.0,0.02517,0.04447,8860,3320,0.37472,14280,157.4,0.0,715.3,169.3,12.84,0.774,0.2193,0.0067,0.0,0.0,0.0,0.0,0.0771,0.0968,0.1337,0.1407,0.1312,0.1487,0.1659,0.1059,-0.1191,-0.0428,0.6295,0.9931,mediterraneo,0.6181,0.6138,True
04435_00925,44.35,9.25,44.3,9.2,0.6903,0.39614,0.00992,0.02661,0.0,0.0,0.03372,0.03597,8868,3837,0.43267,14400,179.0,0.0,778.6,190.9,13.58,0.735,0.2362,0.0288,0.0,0.0,0.0,0.0,0.0842,0.1343,0.1463,0.1242,0.1395,0.1832,0.116,0.0723,-0.1279,0.0332,0.6882,0.9912,mediterraneo,0.6309,0.6253,True
04435_00935,44.35,9.35,44.3,9.3,0.9347,0.41855,0.00305,0.13324,0.0,0.0,0.00564,0.04806,8864,4918,0.55484,14400,220.7,0.0,756.9,177.5,15.48,0.7021,0.2595,0.0384,0.0,0.0,0.0,0.0,0.0959,0.1076,0.0983,0.1098,0.1396,0.1708,0.1681,0.1099,-0.0921,-0.116,0.8742,0.9866,mediterraneo,0.6413,0.6327,True
04435_00945,44.35,9.45,44.3,9.4,1.0,0.45803,0.01988,0.10055,0.07954,0.0,0.10021,0.1619,8851,5120,0.57846,14400,559.4,51.3,1357.7,250.9,18.71,0.1681,0.4088,0.3283,0.085,0.0099,0.0,0.0,0.0744,0.0697,0.1003,0.1174,0.1409,0.1839,0.1866,0.1267,-0.144,-0.1762,0.9934,0.9827,mediterraneo,0.7889,0.7753,True
04435_00955,44.35,9.55,44.3,9.5,1.0,0.60625,0.02483,0.01388,0.06805,0.0,0.00576,0.07877,8861,5715,0.64496,14520,610.5,274.0,1244.1,188.6,14.93,0.0108,0.5444,0.3486,0.0954,0.0008,0.0,0.0,0.1208,0.151,0.1738,0.1492,0.1111,0.1065,0.096,0.0916,-0.0026,0.1533,0.9797,0.9893,appenninico,0.7566,0.7485,True
04435_00965,44.35,9.65,44.3,9.6,1.0,0.71273,0.00907,0.09228,0.02086,0.0,0.0,0.06167,8821,7181,0.81408,14280,746.7,226.5,1625.3,310.1,17.54,0.0312,0.3473,0.3329,0.184,0.1042,0.0004,0.0,0.0461,0.0843,0.1076,0.1283,0.1159,0.1639,0.2582,0.0957,-0.1607,-0.1854,0.9906,0.9915,appenninico,0.8051,0.7983,True
04435_00975,44.35,9.75,44.3,9.7,1.0,0.69888,0.03999,0.0169,0.06669,0.0,0.0,0.00597,8877,6709,0.75577,14400,981.6,371.4,1586.4,270.2,17.43,0.0,0.0565,0.3864,0.3153,0.2418,0.0,0.0,0.0854,0.1026,0.1352,0.1568,0.1391,0.153,0.1211,0.1068,-0.1277,0.0126,0.9922,0.9857,appenninico,0.9218,0.9086,True
04435_00985,44.35,9.85,44.3,9.8,1.0,0.76092,0.0,0.02736,0.0,0.0,0.0,0.01509,8880,7000,0.78828,14400,572.2,189.7,1240.4,236.6,17.84,0.1488,0.4078,0.3408,0.1015,0.0011,0.0,0.0,0.1277,0.156,0.1778,0.1684,0.1428,0.0702,0.0513,0.1057,0.0022,0.2377,0.9688,0.9983,mediterraneo,0.7964,0.795,True
04435_00995,44.35,9.95,44.3,9.9,1.0,0.60315,0.0,0.00867,0.02083,0.0,0.0,0.00293,8880,5433,0.61182,14400,474.7,119.9,1834.0,298.8,12.44,0.3717,0.3301,0.1983,0.0794,0.0162,0.0044,0.0,0.0253,0.0448,0.0892,0.1556,0.1683,0.2155,0.2024,0.0989,-0.3141,-0.1987,0.8316,0.9993,mediterraneo,0.7154,0.7149,True
04435_01005,44.35,10.05,44.3,10.0,1.0,0.75912,0.00327,0.01836,0.11757,0.0,0.0,0.03176,8880,6933,0.78075,14520,1055.5,273.7,1845.3,414.1,22.17,0.0011,0.1778,0.2378,0.1649,0.3134,0.105,0.0,0.0943,0.124,0.0916,0.1449,0.128,0.1514,0.1896,0.0763,-0.1031,-0.068,0.9952,0.9978,appenninico,0.7957,0.7939,True
04435_01015,44.35,10.15,44.3,10.1,1.0,0.70079,0.01554,0.03345,0.0786,0.0,0.0,0.04381,8880,6658,0.74978,14280,1140.7,543.1,1985.0,267.8,18.8,0.0,0.0011,0.1965,0.426,0.31,0.0665,0.0,0.1272,0.104,0.1337,0.1567,0.1137,0.0884,0.1199,0.1565,0.0242,0.0258,0.9929,0.9926,appenninico,0.8968,0.8902,True
04435_01025,44.35,10.25,44.3,10.2,1.0,0.7088,0.01172,0.01983,0.11051,0.0,0.0,0.05509,8877,6572,0.74035,14400,1129.5,563.0,1971.0,243.3,16.06,0.0,0.0019,0.1824,0.4228,0.361,0.0318,0.0,0.1943,0.1361,0.119,0.122,0.0942,0.0666,0.1052,0.1626,0.1822,0.0345,0.9919,0.9947,appenninico,0.9136,0.9088,True
04435_01035,44.35,10.35,44.3,10.3,1.0,0.65832,0.0,0.039,0.00816,0.0,0.0,0.01474,8821,6151,0.69732,14400,918.3,442.8,1767.5,272.8,15.49,0.0,0.093,0.4462,0.3073,0.1283,0.0252,0.0,0.1556,0.1434,0.1618,0.1208,0.0807,0.0469,0.1156,0.1751,0.1843,0.0762,0.9857,0.9972,appenninico,0.9036,0.9011,True
04435_01045,44.35,10.45,44.3,10.4,1.0,0.51224,0.0,0.02855,0.02844,0.0,0.0,0.04164,8861,4792,0.54079,14400,818.5,384.2,1686.9,289.3,13.8,0.0,0.2651,0.3983,0.2215,0.1063,0.0088,0.0,0.1938,0.1155,0.1949,0.1454,0.0529,0.0289,0.1021,0.1666,0.225,0.1469,0.9867,0.9974,appenninico,0.8519,0.8497,True
04435_01055,44.35,10.55,44.3,10.5,1.0,0.40493,0.0,0.00926,0.0,0.0,0.0,0.01604,8851,3666,0.41419,14520,762.8,350.3,1404.9,207.3,12.09,0.0,0.2025,0.5911,0.1558,0.0506,0.0,0.0,0.1839,0.121,0.1296,0.1226,0.0924,0.0362,0.1101,0.2043,0.2154,0.0202,0.9913,0.9989,appenninico,0.8819,0.8809,True
04435_01065,44.35,10.65,44.3,10.6,1.0,0.46006,0.0,0.01523,0.00124,0.0,0.0,0.00068,8864,4213,0.47529,14280,738.0,283.5,1240.4,203.5,13.21,0.0024,0.2682,0.4943,0.2284,0.0067,0.0,0.0,0.1154,0.0968,0.172,0.1093,0.0451,0.0585,0.184,0.2189,0.1793,-0.0638,0.987,0.9984,appenninico,0.8652,0.8638,True
04435_01075,44.35,10.75,44.3,10.7,1.0,0.33108,0.0,0.0044,0.00327,0.0,0.0,0.01421,8868,2975,0.33548,14400,684.2,342.2,1015.5,121.2,11.12,0.0,0.2539,0.7079,0.0382,0.0,0.0,0.0,0.1087,0.1388,0.1436,0.16,0.1213,0.0943,0.1057,0.1277,-0.0044,0.0925,0.9674,0.9993,appenninico,0.863,0.8624,True
04435_01085,44.35,10.85,44.3,10.8,1.0,0.23352,0.0,0.01129,0.00124,0.0,0.0,0.06084,8860,2169,0.24481,14400,625.3,249.8,888.8,123.6,9.65,0.0084,0.3456,0.646,0.0,0.0,0.0,0.0,0.1079,0.1433,0.1881,0.1719,0.1088,0.0691,0.1095,0.1013,0.005,0.1853,0.9168,0.9977,appenninico,0.8232,0.8213,True
04435_01095,44.35,10.95,44.3,10.9,1.0,0.32961,0.0,0.00497,0.00294,0.0,0.0,0.08336,8853,2962,0.33458,14400,497.2,180.0,896.9,163.2,11.38,0.1359,0.5755,0.2886,0.0,0.0,0.0,0.0,0.1293,0.1001,0.1154,0.0884,0.0927,0.1192,0.1671,0.1879,0.0919,-0.1414,0.9534,0.9993,mediterraneo,0.8237,0.8231,True
04435_01105,44.35,11.05,44.3,11.0,1.0,0.34809,0.0,0.03963,0.01716,0.0,0.0,0.01163,8857,3434,0.38772,14520,591.2,232.2,902.4,148.0,10.32,0.0288,0.4566,0.5145,0.0001,0.0,0.0,0.0,0.1716,0.1454,0.1309,0.1413,0.1054,0.0467,0.1014,0.1572,0.1569,0.0941,0.958,0.9949,mediterraneo,0.8671,0.8627,True
04435_01115,44.35,11.15,44.3,11.1,1.0,0.50028,0.0,0.00113,0.00068,0.0,0.0,0.0514,8853,4439,0.50141,14280,445.8,128.5,813.7,143.2,13.6,0.1644,0.6733,0.1623,0.0,0.0,0.0,0.0,0.1392,0.1421,0.148,0.1527,0.1454,0.0984,0.0697,0.1046,-0.0082,0.1517,0.9707,0.9999,mediterraneo,0.8088,0.8087,True
04435_01125,44.35,11.25,44.3,11.2,1.0,0.53475,0.0,0.0,0.0,0.0,0.0,0.03125,8864,4740,0.53475,14400,288.4,83.0,661.4,121.3,12.72,0.5478,0.4491,0.0031,0.0,0.0,0.0,0.0,0.1069,0.1222,0.154,0.1284,0.093,0.1005,0.1526,0.1425,0.0396,0.0099,0.9286,1.0,mediterraneo,0.6858,0.6858,True
04435_01135,44.35,11.35,44.3,11.3,1.0,0.3739,0.0,0.0,0.01139,0.0,0.0,0.00609,8866,3315,0.3739,14400,310.9,115.4,679.0,99.5,10.92,0.4927,0.5003,0.0069,0.0,0.0,0.0,0.0,0.113,0.1336,0.1702,0.137,0.0624,0.064,0.1472,0.1726,0.1257,0.0475,0.9415,1.0,mediterraneo,0.7024,0.7024,True
04435_01145,44.35,11.45,44.3,11.4,1.0,0.33036,0.0,0.0,0.12051,0.0,0.0,0.19449,8854,2925,0.33036,14400,303.9,102.4,609.3,103.8,11.65,0.5286,0.471,0.0004,0.0,0.0,0.0,0.0,0.1154,0.1091,0.1654,0.1162,0.0731,0.101,0.1784,0.1414,0.0657,-0.0258,0.9562,1.0,mediterraneo,0.6914,0.6914,True
04435_01225,44.35,12.25,44.3,12.2,1.0,0.0,0.01117,0.09252,0.0,0.0,0.0,0.0,8863,919,0.10369,14400,0.6,-4.5,13.9,2.5,0.3,1.0,0.0,0.0,0.0,0.0,0.0,0.0,0.0,0.1429,0.2857,0.0,0.0,0.4286,0.1429,0.0,-0.0758,-0.1251,0.0005,0.9285,mediterraneo,0.55,0.5107,True
04445_00695,44.45,6.95,44.4,6.9,0.8959,0.0,0.10905,0.00791,0.14849,0.0,0.0,0.119,8849,1035,0.11696,14280,2142.5,1186.7,2984.7,363.6,24.08,0.0,0.0,0.0,0.0011,0.0881,0.2533,0.6575,0.128,0.1778,0.1555,0.0932,0.1109,0.1983,0.0806,0.0557,-0.0228,0.0918,0.9938,0.7635,appenninico,0.1651,0.1261,True
04445_00705,44.45,7.05,44.4,7.0,1.0,0.0,0.31155,0.03697,0.12661,0.01673,0.0,0.208,8846,3083,0.34852,14280,1824.3,935.3,2737.3,411.0,26.15,0.0,0.0,0.0,0.0842,0.2345,0.2853,0.396,0.1374,0.1201,0.1524,0.144,0.1015,0.0733,0.1334,0.138,0.0682,0.0582,0.995,0.7712,appenninico,0.377,0.2907,True
04445_00715,44.45,7.15,44.4,7.1,1.0,0.06637,0.30413,0.1082,0.19152,0.0,0.0,0.13884,8845,4234,0.4787,14280,1768.6,773.5,2657.1,414.4,24.13,0.0,0.0,0.0142,0.088,0.2577,0.3026,0.3375,0.1404,0.1329,0.1425,0.0911,0.0596,0.0848,0.1689,0.1798,0.1823,-0.0618,0.9968,0.8299,appenninico,0.4181,0.347,True
04445_00725,44.45,7.25,44.4,7.2,1.0,0.46575,0.04024,0.24248,0.04985,0.03572,0.0,0.10118,8846,6621,0.74847,14280,1206.1,651.7,2208.4,311.1,23.79,0.0,0.0,0.1637,0.384,0.3263,0.1179,0.0081,0.1374,0.1749,0.1704,0.1197,0.1229,0.097,0.0698,0.1078,0.0634,0.1639,0.9922,0.9704,appenninico,0.8524,0.8272,True
04445_00735,44.45,7.35,44.4,7.3,1.0,0.42523,0.0267,0.13179,0.0,0.0,0.0,0.05928,8840,5160,0.58372,14280,828.9,567.2,1411.7,186.4,14.83,0.0,0.0662,0.6028,0.2905,0.0405,0.0,0.0,0.1291,0.1156,0.1547,0.1525,0.1878,0.0994,0.0903,0.0706,-0.1089,0.1368,0.8319,0.9773,appenninico,0.9373,0.916,True
04445_00785,44.45,7.85,44.4,7.8,1.0,0.14137,0.0,0.0,0.0,0.0,0.0,0.0,8842,1250,0.14137,14280,375.7,247.5,565.7,45.8,3.38,0.0877,0.9123,0.0,0.0,0.0,0.0,0.0,0.1301,0.0838,0.1251,0.265,0.0871,0.0163,0.0711,0.2216,0.0604,0.1323,0.3745,1.0,mediterraneo,0.8237,0.8237,True
04445_00795,44.45,7.95,44.4,7.9,1.0,0.30062,0.0,0.03245,0.0,0.0,0.0,0.01481,8845,2946,0.33307,14280,461.3,241.0,709.3,97.9,9.62,0.0438,0.8741,0.0821,0.0,0.0,0.0,0.0,0.1159,0.0969,0.1117,0.0846,0.0949,0.1501,0.1798,0.1661,0.0431,-0.1716,0.8662,0.9951,mediterraneo,0.841,0.8369,True
04445_00805,44.45,8.05,44.4,8.0,1.0,0.32644,0.0,0.07446,0.0,0.0,0.0,0.08384,8850,3548,0.4009,14399,638.8,354.5,895.0,89.7,11.75,0.0,0.3289,0.6711,0.0,0.0,0.0,0.0,0.1089,0.0862,0.1119,0.1107,0.1126,0.1503,0.1659,0.1534,-0.023,-0.1335,0.9679,0.9907,appenninico,0.8349,0.8271,True
04445_00815,44.45,8.15,44.4,8.1,1.0,0.44446,0.0,0.06109,0.0052,0.0,0.0,0.01471,8840,4469,0.50555,14161,559.5,325.9,868.5,117.9,12.33,0.0,0.5803,0.4197,0.0,0.0,0.0,0.0,0.098,0.1527,0.1396,0.0887,0.0967,0.1151,0.153,0.1561,0.0761,-0.037,0.9461,0.994,mediterraneo,0.871,0.8658,True
04445_00825,44.45,8.25,44.4,8.2,1.0,0.47811,0.0,0.07047,0.0,0.0,0.0,0.08404,8841,4850,0.54858,14280,473.9,264.6,790.3,118.6,10.79,0.0193,0.7889,0.1918,0.0,0.0,0.0,0.0,0.1295,0.1509,0.1497,0.131,0.1334,0.1231,0.0946,0.0879,-0.0175,0.1104,0.9245,0.9936,mediterraneo,0.8538,0.8483,True
04445_00835,44.45,8.35,44.4,8.3,1.0,0.49271,0.0,0.1859,0.0,0.0,0.0,0.03096,8849,6005,0.67861,14280,482.9,256.3,847.9,121.2,8.63,0.0397,0.8096,0.1507,0.0,0.0,0.0,0.0,0.1532,0.1256,0.0881,0.0753,0.0883,0.1104,0.1721,0.187,0.1561,-0.1584,0.9099,0.9863,mediterraneo,0.8456,0.834,True
04445_00845,44.45,8.45,44.4,8.4,1.0,0.55532,0.0113,0.06837,0.0,0.0,0.0,0.13369,8849,5619,0.63499,14280,515.9,240.4,890.8,112.0,10.67,0.0022,0.7737,0.2241,0.0,0.0,0.0,0.0,0.1354,0.1396,0.1383,0.0935,0.0864,0.1155,0.1569,0.1345,0.0999,-0.0338,0.9322,0.9902,mediterraneo,0.8605,0.8521,True
04445_00855,44.45,8.55,44.4,8.5,1.0,0.70391,0.03845,0.0138,0.04999,0.0,0.01719,0.07114,8842,6686,0.75616,14399,790.0,264.5,1284.0,213.6,13.28,0.001,0.2007,0.4874,0.2833,0.0276,0.0,0.0,0.1292,0.1039,0.1006,0.1003,0.1203,0.1481,0.1402,0.1574,0.0158,-0.1158,0.9785,0.9864,appenninico,0.8905,0.8784,True
04445_00865,44.45,8.65,44.4,8.6,0.989,0.3835,0.06463,0.03842,0.15921,0.0,0.10418,0.13638,8850,4306,0.48655,14161,678.5,0.0,1186.1,291.0,17.78,0.1436,0.1843,0.4239,0.2482,0.0,0.0,0.0,0.0997,0.1101,0.1166,0.1758,0.1582,0.1018,0.1282,0.1096,-0.0983,0.0463,0.9792,0.9628,appenninico,0.7974,0.7677,True
04445_00875,44.45,8.75,44.4,8.7,0.7892,0.28276,0.02184,0.00883,0.09131,0.0,0.0998,0.13815,8838,2770,0.31343,14280,298.9,0.0,990.5,251.1,12.99,0.5286,0.3335,0.1307,0.0073,0.0,0.0,0.0,0.0581,0.0888,0.1426,0.1665,0.1738,0.1625,0.1308,0.0769,-0.2355,0.0259,0.7658,0.9812,mediterraneo,0.6962,0.6831,True
04445_00885,44.45,8.85,44.4,8.8,0.8689,0.20407,0.01188,0.09197,0.07579,0.0,0.08009,0.06674,8840,2722,0.30792,14280,250.2,0.0,986.3,247.0,12.48,0.6345,0.262,0.0853,0.0182,0.0,0.0,0.0,0.0259,0.0943,0.2141,0.1981,0.1498,0.1376,0.1243,0.0559,-0.2643,0.1702,0.7575,0.9754,mediterraneo,0.6594,0.6432,True
04445_00895,44.45,8.95,44.4,8.9,0.9838,0.31293,0.0,0.03727,0.03602,0.0,0.0,0.18566,8855,3101,0.3502,14280,208.5,0.0,795.8,138.9,14.27,0.7489,0.2455,0.0056,0.0,0.0,0.0,0.0,0.0848,0.0533,0.0943,0.1402,0.1641,0.1445,0.1645,0.1543,-0.1383,-0.1504,0.9188,0.9947,mediterraneo,0.6256,0.6223,True
04445_00905,44.45,9.05,44.4,9.0,1.0,0.64253,0.00362,0.02508,0.13445,0.0,0.00667,0.07536,8851,5941,0.67123,14399,523.6,69.8,1027.8,205.4,21.02,0.1667,0.4382,0.3743,0.0208,0.0,0.0,0.0,0.12,0.086,0.0816,0.1298,0.129,0.1544,0.1642,0.135,-0.0549,-0.1346,0.9912,0.9968,mediterraneo,0.8135,0.8109,True
04445_00915,44.45,9.15,44.4,9.1,1.0,0.7243,0.0,0.0,0.02174,0.0,0.0,0.09579,8832,6397,0.7243,14161,544.8,124.9,1124.9,208.5,18.28,0.1224,0.486,0.3339,0.0577,0.0,0.0,0.0,0.0922,0.1051,0.1583,0.1361,0.1405,0.1303,0.1286,0.1088,-0.0888,0.0273,0.9892,1.0,mediterraneo,0.8155,0.8155,True
04445_00925,44.45,9.25,44.4,9.2,1.0,0.63988,0.01142,0.1492,0.01108,0.0,0.0,0.06488,8847,7082,0.8005,14280,671.9,71.0,1232.5,310.4,20.37,0.1618,0.2527,0.2644,0.3184,0.0027,0.0,0.0,0.0738,0.0778,0.1254,0.1551,0.1212,0.1631,0.1806,0.1029,-0.1458,-0.0814,0.9877,0.9871,appenninico,0.7639,0.754,True
04445_00935,44.45,9.35,44.4,9.3,1.0,0.58473,0.02926,0.12268,0.0531,0.0,0.0,0.0514,8852,6521,0.73667,14280,772.0,109.7,1461.1,281.0,17.81,0.0609,0.2319,0.3221,0.3417,0.0436,0.0,0.0,0.0575,0.1227,0.1623,0.1232,0.1336,0.1769,0.1524,0.0714,-0.1592,0.0106,0.9858,0.9817,appenninico,0.8391,0.8237,True
04445_00945,44.45,9.45,44.4,9.4,1.0,0.60859,0.03115,0.11148,0.10071,0.0,0.0,0.06344,8827,6631,0.75122,14280,1038.2,214.6,1704.6,324.6,17.89,0.0047,0.1039,0.2422,0.3131,0.311,0.0251,0.0,0.1252,0.0799,0.0944,0.1338,0.1477,0.155,0.1218,0.1422,-0.0757,-0.0861,0.9904,0.9822,appenninico,0.8786,0.863,True
04445_00955,44.45,9.55,44.4,9.5,1.0,0.77522,0.0,0.01353,0.04419,0.0,0.0,0.02818,8871,6997,0.78875,14399,929.0,477.9,1650.7,223.8,17.0,0.0,0.0358,0.4842,0.3315,0.1468,0.0017,0.0,0.0842,0.1146,0.1507,0.1485,0.1526,0.162,0.0978,0.0896,-0.1465,0.0638,0.9909,0.9991,appenninico,0.9383,0.9375,True
04445_00965,44.45,9.65,44.4,9.6,1.0,0.55221,0.00779,0.02359,0.07868,0.0,0.0,0.03657,8859,5170,0.58359,14161,745.4,432.0,1418.6,210.2,12.17,0.0,0.3118,0.4366,0.2272,0.0243,0.0,0.0,0.1577,0.1609,0.1997,0.1228,0.074,0.0641,0.0819,0.1389,0.1682,0.1761,0.9528,0.9946,appenninico,0.8497,0.8451,True
04445_00975,44.45,9.75,44.4,9.7,1.0,0.60531,0.03074,0.00442,0.0,0.0,0.0,0.00284,8817,5647,0.64047,14280,780.0,370.5,1507.6,279.3,11.83,0.0,0.3585,0.2862,0.2685,0.0868,0.0,0.0,0.1815,0.0974,0.1175,0.0996,0.0313,0.0367,0.1545,0.2816,0.3339,-0.1217,0.9567,0.9877,appenninico,0.8293,0.8191,True
04445_00985,44.45,9.85,44.4,9.8,1.0,0.88813,0.02038,0.01223,0.01812,0.0,0.0,0.00091,8832,8132,0.92074,14280,845.4,295.8,1544.3,259.2,15.91,0.0002,0.1986,0.3966,0.296,0.1085,0.0,0.0,0.1444,0.0954,0.1057,0.1642,0.1175,0.0997,0.1067,0.1664,0.0289,-0.0054,0.9943,0.9938,appenninico,0.8842,0.8787,True
04445_00995,44.45,9.95,44.4,9.9,1.0,0.76813,0.008,0.03694,0.04291,0.0,0.0,0.0455,8880,7220,0.81307,14280,932.1,318.0,1816.7,266.7,17.22,0.0,0.1152,0.3291,0.4151,0.1237,0.0169,0.0,0.1529,0.0789,0.1014,0.0882,0.0941,0.1201,0.1675,0.1969,0.1105,-0.1744,0.9938,0.9953,appenninico,0.9071,0.9028,True
04445_01005,44.45,10.05,44.4,10.0,1.0,0.69065,0.01577,0.04099,0.01588,0.0,0.0,0.05372,8880,6637,0.74741,14399,1043.8,530.1,1680.0,237.6,14.84,0.0,0.0192,0.2861,0.4102,0.2825,0.002,0.0,0.1095,0.1653,0.2059,0.158,0.0627,0.0421,0.1064,0.1502,0.1341,0.1981,0.991,0.992,appenninico,0.9342,0.9267,True
04445_01015,44.45,10.15,44.4,10.1,1.0,0.67788,0.00362,0.03034,0.0,0.0,0.0,0.03974,8832,6287,0.71184,14161,981.2,501.3,1566.9,222.6,15.32,0.0,0.0419,0.3259,0.4611,0.171,0.0,0.0,0.1576,0.0785,0.1386,0.1769,0.0746,0.0453,0.1381,0.1903,0.1179,0.0151,0.9925,0.9966,appenninico,0.9412,0.938,True
04445_01025,44.45,10.25,44.4,10.2,1.0,0.55597,0.00374,0.00272,0.00374,0.0,0.0,0.03187,8817,4959,0.56243,14280,723.9,364.5,1141.5,164.8,13.06,0.0,0.2665,0.5613,0.1722,0.0,0.0,0.0,0.1438,0.1455,0.1932,0.1521,0.1025,0.0592,0.0791,0.1245,0.0831,0.2022,0.9868,0.9981,appenninico,0.8653,0.8637,True
04445_01035,44.45,10.35,44.4,10.3,1.0,0.43346,0.01456,0.0079,0.0,0.0,0.0,0.03556,8859,4039,0.45592,14280,631.7,299.7,1068.1,142.5,11.78,0.0001,0.4116,0.5397,0.0486,0.0,0.0,0.0,0.1571,0.1516,0.1448,0.1058,0.0609,0.0878,0.1455,0.1465,0.1759,0.0173,0.9693,0.9911,appenninico,0.8083,0.8011,True
04445_01045,44.45,10.45,44.4,10.4,1.0,0.39319,0.0,0.0,0.0,0.0,0.0,0.01961,8871,3488,0.39319,14280,627.2,345.9,982.3,110.9,11.08,0.0,0.3846,0.6074,0.0081,0.0,0.0,0.0,0.1299,0.1136,0.1409,0.1312,0.1023,0.1246,0.142,0.1156,0.0053,0.0012,0.956,1.0,appenninico,0.8159,0.8159,True
04445_01055,44.45,10.55,44.4,10.5,1.0,0.28991,0.0,0.0,0.00317,0.0,0.0,0.06095,8827,2559,0.28991,14399,524.3,299.7,929.7,118.1,10.83,0.0001,0.7423,0.257,0.0006,0.0,0.0,0.0,0.1755,0.1169,0.1052,0.1316,0.1418,0.1209,0.0929,0.1151,0.0168,0.0206,0.9603,1.0,mediterraneo,0.8627,0.8627,True
04445_01065,44.45,10.65,44.4,10.6,1.0,0.21012,0.0,0.0,0.00813,0.0,0.0,0.11014,8852,1860,0.21012,14161,399.9,170.8,850.1,140.5,10.45,0.2661,0.6237,0.1102,0.0,0.0,0.0,0.0,0.1481,0.1437,0.1582,0.1391,0.1092,0.0807,0.0915,0.1296,0.0809,0.1172,0.9251,1.0,mediterraneo,0.7757,0.7757,True
04445_01075,44.45,10.75,44.4,10.7,1.0,0.24619,0.0,0.0,0.00757,0.0,0.0,0.06861,8847,2178,0.24619,14280,479.9,151.5,907.6,171.0,10.52,0.1616,0.5826,0.2553,0.0006,0.0,0.0,0.0,0.1684,0.1488,0.0974,0.072,0.0847,0.1079,0.1366,0.1842,0.1957,-0.0902,0.9693,1.0,mediterraneo,0.8142,0.8142,True
04445_01085,44.45,10.85,44.4,10.8,1.0,0.20267,0.0,0.0,0.06001,0.0,0.0,0.0796,8832,1790,0.20267,14280,434.0,167.3,874.2,145.9,10.59,0.1975,0.6686,0.1339,0.0,0.0,0.0,0.0,0.1419,0.1475,0.1757,0.1409,0.0746,0.0521,0.0919,0.1755,0.1635,0.1295,0.9591,1.0,mediterraneo,0.7974,0.7974,True
04445_01095,44.45,10.95,44.4,10.9,1.0,0.1062,0.00395,0.0,0.0165,0.0,0.0,0.07954,8851,975,0.11015,14280,270.4,105.4,605.3,109.4,8.58,0.629,0.3709,0.0001,0.0,0.0,0.0,0.0,0.1559,0.1168,0.1431,0.16,0.0747,0.0395,0.1113,0.1987,0.1721,0.0597,0.8113,0.991,mediterraneo,0.6613,0.6553,True
04445_01105,44.45,11.05,44.4,11.0,1.0,0.13665,0.0,0.0,0.02812,0.0,0.0,0.03512,8855,1210,0.13665,14399,218.1,77.5,621.2,95.1,7.27,0.8228,0.1752,0.0019,0.0,0.0,0.0,0.0,0.1724,0.1359,0.1365,0.161,0.0733,0.0407,0.093,0.1873,0.1903,0.0991,0.7374,1.0,mediterraneo,0.6032,0.6032,True
04445_01115,44.45,11.15,44.4,11.1,1.0,0.23292,0.00419,0.0,0.00633,0.0,0.0,0.02217,8840,2096,0.23711,14161,208.5,61.7,452.8,73.9,8.86,0.8814,0.1186,0.0,0.0,0.0,0.0,0.0,0.1373,0.1135,0.1763,0.1119,0.0562,0.0557,0.1569,0.1923,0.1858,-0.0014,0.873,0.9956,mediterraneo,0.5856,0.583,True
04445_01125,44.45,11.25,44.4,11.2,1.0,0.24021,0.0,0.01109,0.00158,0.0,0.0,0.00373,8838,2221,0.2513,14280,171.7,38.5,465.3,98.5,7.21,0.8669,0.1331,0.0,0.0,0.0,0.0,0.0,0.1337,0.1172,0.1666,0.1339,0.0811,0.0685,0.1486,0.1504,0.1009,0.0404,0.6737,0.9978,mediterraneo,0.5899,0.5886,True
04445_01135,44.45,11.35,44.4,11.3,1.0,0.1174,0.0,0.00339,0.05492,0.0,0.0,0.03164,8850,1069,0.12079,14280,164.8,45.3,392.7,76.4,7.68,0.9561,0.0439,0.0,0.0,0.0,0.0,0.0,0.1304,0.1276,0.1876,0.1328,0.0706,0.0685,0.1286,0.1538,0.1211,0.0895,0.7266,0.9986,mediterraneo,0.5632,0.5624,True
04445_01225,44.45,12.25,44.4,12.2,0.9403,0.0,0.03605,0.06418,0.0,0.0,0.0,0.0,8850,887,0.10023,14280,1.3,-5.5,23.6,2.5,0.39,1.0,0.0,0.0,0.0,0.0,0.0,0.0,0.1042,0.0625,0.4583,0.0,0.0625,0.0625,0.1875,0.0625,0.0772,0.1939,0.0034,0.8781,mediterraneo,0.55,0.483,True
04455_00705,44.55,7.05,44.5,7.0,1.0,0.01008,0.2415,0.05301,0.09504,0.03523,0.0,0.17626,8828,2689,0.30459,14400,1965.4,1019.6,3008.3,408.5,25.18,0.0,0.0,0.0,0.0086,0.2011,0.3408,0.4495,0.1333,0.1349,0.1216,0.1687,0.1582,0.1557,0.0607,0.0668,-0.1115,0.113,0.9963,0.7931,alpino,0.4196,0.3328,True
04455_00715,44.55,7.15,44.5,7.1,1.0,0.11845,0.26509,0.09002,0.018,0.0,0.0,0.20371,8831,4182,0.47356,14400,1601.0,786.6,2491.9,388.0,23.35,0.0,0.0,0.0122,0.1754,0.323,0.3078,0.1816,0.1571,0.1164,0.0838,0.1229,0.2377,0.1469,0.0716,0.0636,-0.1443,0.0363,0.9949,0.8506,alpino,0.6853,0.5829,True
04455_00725,44.55,7.25,44.5,7.2,1.0,0.53421,0.05415,0.07238,0.0529,0.0,0.0,0.20242,8828,5833,0.66074,14400,1327.7,704.7,2195.2,288.6,22.84,0.0,0.0,0.0649,0.2947,0.4501,0.1832,0.0072,0.1184,0.1608,0.1089,0.1089,0.1866,0.1724,0.0797,0.0645,-0.1092,0.0601,0.9964,0.974,alpino,0.8914,0.8682,True
04455_00735,44.55,7.35,44.5,7.3,1.0,0.77003,0.01584,0.00837,0.0,0.02637,0.0,0.07039,8836,7018,0.79424,14400,1027.2,515.6,1808.8,266.0,18.82,0.0,0.0257,0.334,0.3744,0.2439,0.022,0.0,0.1441,0.1605,0.1678,0.1293,0.1358,0.1108,0.0696,0.0822,0.0094,0.1692,0.9876,0.9945,alpino,0.8732,0.8684,True
04455_00745,44.55,7.45,44.5,7.4,1.0,0.49739,0.0,0.0,0.0,0.0,0.0,0.0,8828,4391,0.49739,14400,627.7,406.2,1160.8,161.3,10.45,0.0,0.504,0.4288,0.0672,0.0,0.0,0.0,0.1151,0.1087,0.2432,0.198,0.1061,0.0474,0.0751,0.1063,-0.0143,0.281,0.6903,1.0,alpino,0.5438,0.5438,True
04455_00785,44.55,7.85,44.5,7.8,1.0,0.10713,0.0,0.0,0.0,0.0,0.0,0.0051,8830,946,0.10713,14400,341.1,201.5,416.3,46.1,2.82,0.1594,0.8406,0.0,0.0,0.0,0.0,0.0,0.0859,0.1289,0.2838,0.2003,0.0184,0.015,0.0773,0.1904,0.1425,0.2976,0.3242,1.0,prealpino,0.5862,0.5862,True
04455_00795,44.55,7.95,44.5,7.9,1.0,0.09598,0.0,0.07674,0.0,0.0,0.0,0.0,8835,1526,0.17272,14400,370.0,208.0,633.2,88.5,8.22,0.2398,0.7577,0.0025,0.0,0.0,0.0,0.0,0.0923,0.0857,0.098,0.0851,0.0704,0.1215,0.2418,0.205,0.0796,-0.2622,0.8296,0.9778,prealpino,0.5548,0.5425,True
04455_00805,44.55,8.05,44.5,8.0,1.0,0.16621,0.0,0.18038,0.0,0.0,0.0,0.0111,8826,3059,0.34659,14520,602.3,291.4,870.0,100.6,11.21,0.0008,0.4709,0.5283,0.0,0.0,0.0,0.0,0.134,0.0888,0.0789,0.0946,0.0923,0.1262,0.1455,0.2397,0.1154,-0.2013,0.9744,0.974,alpino,0.5347,0.5208,True
04455_00815,44.55,8.15,44.5,8.1,1.0,0.16463,0.00577,0.30016,0.0,0.0,0.0,0.02072,8832,4156,0.47056,14280,502.5,237.0,868.1,135.6,13.96,0.0698,0.6773,0.2529,0.0,0.0,0.0,0.0,0.0884,0.0979,0.1832,0.1441,0.0978,0.0688,0.1389,0.1809,0.0333,0.0374,0.9629,0.965,prealpino,0.698,0.6736,True
04455_00825,44.55,8.25,44.5,8.2,1.0,0.32654,0.00555,0.22101,0.0,0.0,0.0,0.06635,8832,4885,0.5531,14400,520.0,244.9,839.9,121.0,14.4,0.0306,0.6936,0.2758,0.0,0.0,0.0,0.0,0.1192,0.1577,0.1124,0.0823,0.1256,0.1623,0.119,0.1214,0.0163,-0.0392,0.9812,0.9775,prealpino,0.7205,0.7043,True
04455_00835,44.55,8.35,44.5,8.3,1.0,0.18635,0.0,0.09397,0.00703,0.0,0.0,0.13387,8822,2473,0.28032,14400,350.0,185.0,684.9,90.2,9.34,0.316,0.6762,0.0077,0.0,0.0,0.0,0.0,0.0803,0.1304,0.1396,0.11,0.1258,0.1095,0.1652,0.1393,-0.0134,-0.0316,0.8532,0.9832,prealpino,0.5258,0.517,True
04455_00845,44.55,8.45,44.5,8.4,1.0,0.31795,0.02014,0.12424,0.00215,0.0,0.0,0.19043,8838,4086,0.46233,14400,418.1,190.4,700.7,101.7,10.62,0.1085,0.8269,0.0647,0.0,0.0,0.0,0.0,0.1024,0.0934,0.1479,0.1089,0.107,0.1193,0.1623,0.1588,0.0141,-0.0678,0.9422,0.9757,prealpino,0.6261,0.6109,True
04455_00855,44.55,8.55,44.5,8.5,1.0,0.30936,0.00759,0.27696,0.0,0.0,0.0,0.25113,8828,5243,0.59391,14520,539.4,232.2,823.2,114.3,12.27,0.0094,0.668,0.3226,0.0,0.0,0.0,0.0,0.1392,0.1331,0.1392,0.1111,0.124,0.1012,0.1135,0.1386,0.0593,0.0283,0.9679,0.9735,prealpino,0.743,0.7233,True
04455_00865,44.55,8.65,44.5,8.6,1.0,0.42346,0.01064,0.19803,0.01766,0.0,0.0,0.17708,8832,5583,0.63213,14280,511.5,206.3,893.7,137.7,14.56,0.046,0.7109,0.2431,0.0,0.0,0.0,0.0,0.1248,0.1304,0.1316,0.0897,0.0908,0.1147,0.1724,0.1455,0.0874,-0.0678,0.9784,0.9801,prealpino,0.7045,0.6905,True
04455_00875,44.55,8.75,44.5,8.7,1.0,0.55159,0.01349,0.06655,0.06395,0.0,0.0,0.20624,8820,5571,0.63163,14400,655.4,304.7,1068.5,142.2,15.12,0.0,0.3665,0.5895,0.044,0.0,0.0,0.0,0.124,0.1161,0.0905,0.1036,0.1144,0.129,0.1603,0.162,0.0445,-0.1252,0.981,0.9894,alpino,0.5849,0.5787,True
04455_00885,44.55,8.85,44.5,8.8,1.0,0.38195,0.01436,0.08096,0.11488,0.0,0.0,0.16147,8844,4221,0.47727,14400,641.5,97.5,1162.6,212.5,16.22,0.0917,0.2706,0.5635,0.0741,0.0,0.0,0.0,0.1028,0.1513,0.1707,0.1426,0.1052,0.1094,0.1089,0.1092,0.0038,0.1174,0.9833,0.984,alpino,0.577,0.5678,True
04455_00895,44.55,8.95,44.5,8.9,1.0,0.6368,0.0,0.0,0.0,0.0,0.0,0.04276,8816,5614,0.6368,14400,444.3,94.7,794.4,131.9,14.26,0.1506,0.7359,0.1135,0.0,0.0,0.0,0.0,0.0961,0.1001,0.1237,0.1678,0.115,0.1264,0.1481,0.1228,-0.0731,-0.0101,0.9685,1.0,prealpino,0.6238,0.6238,True
04455_00905,44.55,9.05,44.5,9.0,1.0,0.78434,0.0,0.0,0.02105,0.0,0.0,0.1403,8838,6932,0.78434,14520,709.1,397.1,1313.4,161.5,19.55,0.0,0.2791,0.5895,0.1287,0.0028,0.0,0.0,0.1405,0.1078,0.0895,0.1081,0.1226,0.1428,0.1472,0.1415,0.0164,-0.1087,0.9861,1.0,alpino,0.6418,0.6418,True
04455_00915,44.55,9.15,44.5,9.1,1.0,0.78651,0.0,0.0,0.03996,0.0,0.0,0.07856,8834,6948,0.78651,14280,1020.6,524.6,1584.5,211.7,19.93,0.0,0.0053,0.323,0.4431,0.2286,0.0,0.0,0.0927,0.1169,0.0952,0.1583,0.1395,0.1376,0.1496,0.1101,-0.0995,-0.0379,0.9907,1.0,alpino,0.8997,0.8997,True
04455_00925,44.55,9.25,44.5,9.2,1.0,0.8345,0.0,0.0348,0.01236,0.0,0.0,0.04489,8822,7669,0.8693,14400,884.7,527.2,1456.1,173.5,17.03,0.0,0.0257,0.558,0.3585,0.0578,0.0,0.0,0.1312,0.1665,0.1398,0.1032,0.0826,0.1408,0.1274,0.1085,0.0713,0.0267,0.9857,0.998,alpino,0.8159,0.8143,True
04455_00935,44.55,9.35,44.5,9.3,1.0,0.67319,0.00928,0.11184,0.00294,0.0,0.0,0.12984,8834,7017,0.79431,14400,1056.0,626.6,1512.2,174.6,14.96,0.0,0.0,0.2118,0.5603,0.2278,0.0,0.0,0.1187,0.1117,0.1129,0.109,0.1349,0.1145,0.1419,0.1565,0.0119,-0.0668,0.9884,0.99,alpino,0.9364,0.927,True
04455_00945,44.55,9.45,44.5,9.4,1.0,0.60584,0.01335,0.08576,0.07399,0.0,0.0,0.08134,8839,6231,0.70495,14400,1099.5,552.7,1789.8,255.7,16.65,0.0,0.002,0.2512,0.4016,0.3108,0.0344,0.0,0.122,0.102,0.0942,0.06,0.1134,0.1682,0.1862,0.154,0.028,-0.2112,0.9913,0.9892,alpino,0.9079,0.8981,True
04455_00955,44.55,9.55,44.5,9.5,1.0,0.78634,0.00397,0.00272,0.02764,0.0,0.0,0.03331,8827,7000,0.79303,14520,1114.5,569.8,1732.4,230.8,14.91,0.0,0.001,0.1899,0.4664,0.3173,0.0253,0.0,0.1061,0.1281,0.1771,0.2149,0.1412,0.0488,0.0816,0.1021,-0.0601,0.2392,0.9922,0.9986,alpino,0.9309,0.9296,True
04455_00965,44.55,9.65,44.5,9.6,1.0,0.72501,0.0,0.00307,0.01443,0.0,0.0,0.00784,8804,6410,0.72808,14280,822.5,479.1,1469.8,202.9,13.02,0.0,0.1541,0.5076,0.2896,0.0487,0.0,0.0,0.0958,0.0926,0.2071,0.161,0.1293,0.1046,0.1066,0.1029,-0.0859,0.1333,0.9757,0.9998,alpino,0.7476,0.7475,True
04455_00975,44.55,9.75,44.5,9.7,1.0,0.64245,0.00541,0.00383,0.0,0.0,0.0,0.04088,8880,5787,0.65169,14400,757.4,425.5,1167.1,161.7,12.72,0.0,0.1953,0.5726,0.232,0.0,0.0,0.0,0.0875,0.075,0.1486,0.1214,0.1151,0.1476,0.1815,0.1234,-0.0772,-0.0865,0.9812,0.9976,alpino,0.7012,0.6995,True
04455_00985,44.55,9.85,44.5,9.8,1.0,0.57601,0.0,0.00365,0.0,0.0,0.0,0.12886,8769,5083,0.57966,14400,698.0,292.0,1274.8,219.5,14.11,0.0003,0.3697,0.4355,0.1893,0.0051,0.0,0.0,0.1242,0.0996,0.1368,0.1985,0.1423,0.1225,0.0802,0.0959,-0.1098,0.1167,0.9857,0.9997,alpino,0.6287,0.6285,True
04455_00995,44.55,9.95,44.5,9.9,1.0,0.60946,0.00101,0.00327,0.0,0.0,0.0,0.03322,8880,5450,0.61374,14400,564.9,230.0,1121.4,186.1,12.45,0.0617,0.534,0.3583,0.046,0.0,0.0,0.0,0.1387,0.1259,0.1178,0.1,0.0677,0.097,0.1524,0.2005,0.1672,-0.0872,0.982,0.9993,prealpino,0.7489,0.7484,True
04455_01005,44.55,10.05,44.5,10.0,1.0,0.67241,0.0268,0.0357,0.0,0.0,0.0,0.05439,8880,6526,0.73491,14520,899.9,366.7,1486.1,229.7,14.21,0.0,0.0935,0.4343,0.3444,0.1278,0.0,0.0,0.149,0.0821,0.1094,0.108,0.0863,0.0677,0.1957,0.2018,0.1392,-0.144,0.9904,0.9885,alpino,0.8089,0.7996,True
04455_01015,44.55,10.15,44.5,10.1,1.0,0.40438,0.02737,0.0398,0.00559,0.0,0.0,0.02075,8769,4135,0.47155,14280,709.8,367.7,1272.8,170.8,12.53,0.0,0.2899,0.5779,0.1263,0.006,0.0,0.0,0.1535,0.1079,0.1417,0.2072,0.1039,0.0639,0.0753,0.1465,0.0392,0.146,0.983,0.9813,alpino,0.6383,0.6264,True
04455_01025,44.55,10.25,44.5,10.2,1.0,0.30439,0.0,0.01914,0.0,0.0,0.0,0.02849,8880,2873,0.32353,14400,567.0,274.5,1132.4,148.7,10.88,0.0138,0.6299,0.3195,0.0368,0.0,0.0,0.0,0.1584,0.115,0.1728,0.1721,0.063,0.0424,0.1019,0.1744,0.1514,0.1237,0.964,0.997,prealpino,0.7532,0.7509,True
04455_01035,44.55,10.35,44.5,10.3,1.0,0.25091,0.0,0.00704,0.0,0.0,0.0,0.06281,8804,2271,0.25795,14400,403.2,178.4,733.8,99.5,9.98,0.1479,0.798,0.0541,0.0,0.0,0.0,0.0,0.1123,0.1197,0.1834,0.1471,0.0813,0.0822,0.1294,0.1448,0.0603,0.0853,0.9459,0.9986,prealpino,0.6071,0.6063,True
04455_01045,44.55,10.45,44.5,10.4,1.0,0.35097,0.00317,0.0,0.0256,0.0,0.0,0.08927,8827,3126,0.35414,14400,468.4,178.5,740.1,113.3,10.43,0.083,0.7903,0.1267,0.0,0.0,0.0,0.0,0.144,0.1358,0.1119,0.1021,0.0954,0.1116,0.1406,0.1585,0.1137,-0.0527,0.9495,0.9978,prealpino,0.6548,0.6534,True
04455_01055,44.55,10.55,44.5,10.5,1.0,0.40491,0.00351,0.01584,0.0,0.0,0.0,0.03982,8839,3750,0.42426,14520,417.3,165.7,728.8,113.5,10.47,0.1735,0.7615,0.065,0.0,0.0,0.0,0.0,0.1409,0.1502,0.1544,0.119,0.0762,0.0752,0.1208,0.1635,0.15,0.0576,0.953,0.9961,prealpino,0.6001,0.5978,True
04455_01065,44.55,10.65,44.5,10.6,1.0,0.24349,0.0,0.0,0.04177,0.0,0.0,0.0712,8834,2151,0.24349,14280,280.2,92.5,645.5,100.2,9.23,0.6057,0.3925,0.0018,0.0,0.0,0.0,0.0,0.1412,0.1677,0.151,0.1146,0.1115,0.0826,0.0891,0.1423,0.1171,0.1036,0.8861,1.0,prealpino,0.4083,0.4083,True
04455_01075,44.55,10.75,44.5,10.7,1.0,0.10281,0.0,0.0,0.01485,0.0,0.0,0.06121,8822,907,0.10281,14400,173.2,65.5,429.2,78.1,5.05,0.9175,0.0825,0.0,0.0,0.0,0.0,0.0,0.1445,0.1497,0.1886,0.1466,0.0687,0.0559,0.0777,0.1681,0.1656,0.1679,0.494,1.0,prealpino,0.283,0.283,True
04455_01225,44.55,12.25,44.5,12.2,0.816,0.0,0.03899,0.07764,0.0,0.0,0.0,0.04386,8823,1029,0.11663,14400,0.4,-3.0,12.6,2.6,0.29,1.0,0.0,0.0,0.0,0.0,0.0,0.0,0.0,0.0556,0.8333,0.1111,0.0,0.0,0.0,0.0,-0.034,0.9637,0.0012,0.8831,prealpino,0.25,0.2208,True
04465_00715,44.65,7.15,44.6,7.1,1.0,0.1468,0.03313,0.00953,0.0,0.02813,0.0,0.03029,8815,1670,0.18946,14400,2039.9,956.7,3123.6,437.5,21.28,0.0,0.0,0.0,0.0303,0.1516,0.2617,0.5564,0.1338,0.2007,0.1784,0.1464,0.1289,0.0786,0.0535,0.0797,0.0472,0.2635,0.9964,0.9538,alpino,0.3537,0.3374,True
04465_00725,44.65,7.25,44.6,7.2,1.0,0.42982,0.04289,0.07954,0.0,0.0,0.0,0.09509,8813,4867,0.55225,14400,1270.9,530.7,2366.2,446.2,19.81,0.0,0.0497,0.1999,0.2036,0.3129,0.1638,0.0701,0.1201,0.1844,0.2035,0.1389,0.1225,0.0654,0.0544,0.1108,0.0606,0.2647,0.9594,0.9734,alpino,0.7674,0.747,True
04465_00735,44.65,7.35,44.6,7.3,1.0,0.55188,0.00465,0.0,0.0,0.0,0.0,0.02177,8819,4908,0.55653,14400,639.5,276.0,1544.2,269.6,13.94,0.056,0.4631,0.2985,0.1448,0.0376,0.0,0.0,0.1529,0.2281,0.2038,0.0775,0.0956,0.0488,0.0803,0.113,0.2164,0.2257,0.7826,0.9979,alpino,0.5618,0.5606,True
04465_00745,44.65,7.45,44.6,7.4,1.0,0.18639,0.0,0.0,0.0,0.0,0.0,0.02258,8815,1643,0.18639,14400,360.4,268.2,850.8,97.2,4.2,0.3396,0.6269,0.0335,0.0,0.0,0.0,0.0,0.2142,0.1005,0.1971,0.1303,0.0601,0.0193,0.0352,0.2433,0.2923,0.1395,0.3097,1.0,prealpino,0.5242,0.5242,True
04465_00805,44.65,8.05,44.6,8.0,1.0,0.09986,0.0,0.07615,0.0,0.0,0.0,0.0,8812,1551,0.17601,14520,368.9,163.6,743.7,129.2,10.1,0.3439,0.5928,0.0633,0.0,0.0,0.0,0.0,0.1437,0.1189,0.092,0.0538,0.0639,0.1175,0.2173,0.193,0.1815,-0.2267,0.9097,0.9784,prealpino,0.5314,0.5199,True
04465_00815,44.65,8.15,44.6,8.1,1.0,0.1194,0.0,0.1871,0.0,0.0,0.0,0.0,8819,2703,0.3065,14280,465.0,201.9,705.6,106.7,12.69,0.0707,0.8099,0.1194,0.0,0.0,0.0,0.0,0.1529,0.1641,0.1204,0.0929,0.1022,0.1044,0.1122,0.1509,0.1342,0.0081,0.977,0.9695,prealpino,0.6575,0.6374,True
04465_00825,44.65,8.25,44.6,8.2,1.0,0.17973,0.0,0.16941,0.0,0.0,0.0,0.0,8813,3077,0.34914,14400,381.8,179.4,686.3,108.6,11.57,0.2626,0.7269,0.0104,0.0,0.0,0.0,0.0,0.168,0.1181,0.1259,0.118,0.0795,0.0822,0.1433,0.1649,0.1546,-0.0274,0.9423,0.9757,prealpino,0.548,0.5347,True
04465_00835,44.65,8.35,44.6,8.3,1.0,0.2066,0.0,0.04289,0.0,0.0,0.0,0.00953,8814,2199,0.24949,14400,322.6,153.0,693.6,106.3,11.04,0.4401,0.5469,0.0131,0.0,0.0,0.0,0.0,0.1194,0.1401,0.1686,0.1045,0.0785,0.1469,0.1384,0.1036,0.0396,0.0237,0.8841,0.9914,prealpino,0.478,0.4739,True
04465_00845,44.65,8.45,44.6,8.4,1.0,0.22486,0.0,0.03311,0.0,0.0,0.0,0.02109,8819,2275,0.25797,14400,269.2,132.5,535.8,90.6,9.24,0.6453,0.3547,0.0,0.0,0.0,0.0,0.0,0.1015,0.1086,0.2119,0.1141,0.085,0.0887,0.1601,0.1301,0.0399,0.0546,0.8096,0.9936,prealpino,0.3919,0.3894,True
04465_00855,44.65,8.55,44.6,8.5,1.0,0.2081,0.0,0.04244,0.0,0.0,0.0,0.01441,8813,2208,0.25054,14520,264.1,121.0,567.1,78.0,7.85,0.6736,0.3264,0.0,0.0,0.0,0.0,0.0,0.1135,0.1402,0.1699,0.1009,0.0621,0.093,0.185,0.1355,0.1161,-0.0079,0.8142,0.9915,prealpino,0.3806,0.3774,True
04465_00865,44.65,8.65,44.6,8.6,1.0,0.23219,0.0,0.04696,0.0,0.0,0.0,0.03618,8816,2461,0.27915,14280,252.3,137.5,548.7,70.4,6.87,0.7929,0.2071,0.0,0.0,0.0,0.0,0.0,0.1257,0.152,0.1634,0.1214,0.06,0.089,0.13,0.1584,0.1398,0.0488,0.7384,0.9916,prealpino,0.3328,0.33,True
04465_00875,44.65,8.75,44.6,8.7,1.0,0.43638,0.03062,0.0457,0.0,0.0,0.0,0.0347,8818,4521,0.5127,14400,326.0,157.8,798.1,109.5,9.8,0.5149,0.4488,0.0362,0.0,0.0,0.0,0.0,0.1442,0.143,0.118,0.0559,0.0784,0.1449,0.1789,0.1367,0.1253,-0.1232,0.9065,0.9806,prealpino,0.4548,0.446,True
04465_00885,44.65,8.85,44.6,8.8,1.0,0.58446,0.01272,0.01454,0.0,0.0,0.0,0.06305,8803,5385,0.61172,14400,411.2,209.2,811.3,133.3,10.94,0.2617,0.6334,0.1049,0.0,0.0,0.0,0.0,0.1464,0.1529,0.1137,0.0781,0.0857,0.1224,0.133,0.1679,0.1478,-0.0603,0.9091,0.9936,prealpino,0.5768,0.5731,True
04465_00895,44.65,8.95,44.6,8.9,1.0,0.74383,0.0,0.00362,0.0,0.0,0.0,0.07463,8830,6600,0.74745,14400,495.3,218.5,895.4,140.9,16.38,0.0931,0.6569,0.2499,0.0,0.0,0.0,0.0,0.1402,0.1407,0.0874,0.0928,0.1237,0.1159,0.1424,0.1568,0.0801,-0.0878,0.9668,0.9998,prealpino,0.6877,0.6876,True
04465_00905,44.65,9.05,44.6,9.0,1.0,0.62145,0.0,0.02204,0.01307,0.0,0.0,0.09657,8802,5664,0.64349,14520,699.0,368.0,1130.2,153.3,16.24,0.0,0.2893,0.5893,0.1213,0.0,0.0,0.0,0.1197,0.1363,0.1172,0.0753,0.1133,0.134,0.1868,0.1175,0.0434,-0.1012,0.9856,0.9983,alpino,0.6351,0.634,True
04465_00915,44.65,9.15,44.6,9.1,1.0,0.75439,0.0,0.0119,0.03616,0.0,0.0,0.11787,8823,6761,0.76629,14280,1037.6,483.3,1685.1,268.8,21.79,0.0,0.0326,0.3137,0.3721,0.2678,0.0139,0.0,0.1064,0.0675,0.0763,0.0713,0.1215,0.1992,0.1857,0.1721,-0.033,-0.282,0.9944,0.9992,alpino,0.8785,0.8778,True
04465_00925,44.65,9.25,44.6,9.2,1.0,0.85358,0.0,0.00114,0.05028,0.0,0.0,0.04041,8810,7530,0.85472,14400,1093.6,392.2,1706.4,272.5,23.82,0.0,0.0435,0.2132,0.361,0.3701,0.0122,0.0,0.0854,0.1509,0.2275,0.1364,0.1331,0.1164,0.0716,0.0787,-0.0657,0.2273,0.9957,0.9999,alpino,0.9023,0.9022,True
04465_00935,44.65,9.35,44.6,9.3,1.0,0.66557,0.0227,0.0084,0.00159,0.0,0.0,0.10591,8809,6137,0.69667,14400,739.4,316.0,1221.8,217.1,17.55,0.0,0.3112,0.4153,0.2713,0.0022,0.0,0.0,0.1431,0.1206,0.121,0.0834,0.0939,0.138,0.1597,0.1404,0.083,-0.0936,0.9878,0.9913,alpino,0.6731,0.6672,True
04465_00945,44.65,9.45,44.6,9.4,1.0,0.49043,0.01914,0.06162,0.08597,0.0,0.0,0.09265,8829,5043,0.57119,14400,968.6,380.1,1572.0,216.3,14.9,0.0,0.0502,0.3206,0.4902,0.139,0.0,0.0,0.0916,0.1146,0.1569,0.0988,0.1101,0.162,0.1638,0.1023,-0.0485,-0.0447,0.9887,0.9862,alpino,0.8712,0.8592,True
04465_00955,44.65,9.55,44.6,9.5,1.0,0.62041,0.00637,0.01422,0.0281,0.0,0.0,0.07656,8791,5635,0.641,14520,882.5,442.8,1562.9,258.4,12.2,0.0,0.1446,0.4302,0.284,0.1412,0.0,0.0,0.1997,0.1349,0.1259,0.1298,0.0873,0.0495,0.1061,0.1668,0.2007,0.0548,0.9824,0.9964,alpino,0.777,0.7742,True
04465_00965,44.65,9.65,44.6,9.6,1.0,0.63956,0.0,0.0,0.0,0.0,0.0,0.05101,8842,5655,0.63956,14280,847.3,431.2,1341.1,191.1,12.18,0.0,0.1057,0.4943,0.3562,0.0438,0.0,0.0,0.0983,0.0989,0.1139,0.1238,0.1669,0.1625,0.1224,0.1133,-0.1259,-0.0459,0.9912,1.0,alpino,0.783,0.783,True
04465_00975,44.65,9.75,44.6,9.7,1.0,0.55717,0.0059,0.01556,0.0,0.0,0.0,0.0377,8807,5096,0.57863,14400,746.0,336.9,1308.0,230.7,12.06,0.0,0.3275,0.376,0.2789,0.0176,0.0,0.0,0.142,0.1324,0.1076,0.1824,0.1676,0.0917,0.0636,0.1127,-0.0455,0.1253,0.9801,0.9961,alpino,0.6743,0.6717,True
04465_00985,44.65,9.85,44.6,9.8,1.0,0.55858,0.0,0.0,0.0,0.0,0.0,0.04252,8842,4939,0.55858,14400,635.5,250.5,1261.5,208.6,12.08,0.0283,0.4249,0.4378,0.1045,0.0044,0.0,0.0,0.238,0.1173,0.0937,0.1888,0.0983,0.0516,0.0732,0.1392,0.1568,0.1068,0.9846,1.0,alpino,0.5683,0.5683,True
04465_00995,44.65,9.95,44.6,9.9,1.0,0.44442,0.0,0.00136,0.0084,0.0,0.0,0.11514,8807,3926,0.44578,14400,445.0,188.2,894.4,156.1,11.92,0.197,0.6253,0.1776,0.0,0.0,0.0,0.0,0.1599,0.1059,0.1537,0.1513,0.1373,0.0933,0.0682,0.1304,0.0171,0.1118,0.9678,0.9998,prealpino,0.6244,0.6243,True
04465_01005,44.65,10.05,44.6,10.0,1.0,0.29601,0.0,0.01215,0.0,0.0,0.0,0.14136,8807,2714,0.30816,14520,366.6,129.5,894.2,176.0,10.14,0.4497,0.4287,0.1216,0.0,0.0,0.0,0.0,0.1995,0.1208,0.1303,0.1016,0.0756,0.0681,0.1102,0.194,0.2313,-0.0046,0.8673,0.998,prealpino,0.5066,0.5056,True
04465_01015,44.65,10.15,44.6,10.1,1.0,0.31531,0.00588,0.00158,0.0,0.0,0.0,0.0199,8842,2854,0.32277,14280,375.4,129.9,1055.8,152.1,10.43,0.3823,0.5254,0.0844,0.008,0.0,0.0,0.0,0.1542,0.1253,0.1294,0.0955,0.0521,0.0629,0.1623,0.2183,0.2352,-0.0767,0.9303,0.9952,prealpino,0.5253,0.5228,True
04475_00705,44.75,7.05,44.7,7.0,0.7117,0.00591,0.16956,0.06762,0.16479,0.02512,0.0,0.14558,8799,2139,0.24309,14520,2180.7,883.6,3094.3,413.5,27.04,0.0,0.0,0.0002,0.02,0.0769,0.2052,0.6977,0.1346,0.1761,0.1538,0.0778,0.0557,0.1162,0.1703,0.1156,0.154,0.0013,0.995,0.8117,alpino,0.2448,0.1987,True
04475_00715,44.75,7.15,44.7,7.1,1.0,0.25946,0.10388,0.09808,0.06285,0.06035,0.0,0.0741,8799,4060,0.46142,14520,1712.7,692.9,2716.1,459.9,24.8,0.0,0.0,0.0249,0.1326,0.275,0.27,0.2975,0.1447,0.1337,0.1416,0.1201,0.1031,0.0866,0.1087,0.1616,0.0997,0.0454,0.9992,0.9331,alpino,0.5884,0.549,True
04475_00725,44.75,7.25,44.7,7.2,1.0,0.55163,0.00534,0.04828,0.0,0.00648,0.0,0.0994,8803,5328,0.60525,14520,995.1,378.1,2342.0,428.4,18.43,0.0,0.2062,0.2749,0.232,0.1798,0.0833,0.0238,0.1221,0.2405,0.243,0.1667,0.0739,0.0244,0.0613,0.0681,0.1353,0.4174,0.9784,0.9938,alpino,0.7234,0.7189,True
04475_00735,44.75,7.35,44.7,7.3,1.0,0.12747,0.0,0.0,0.0,0.0,0.0,0.0,8794,1121,0.12747,14520,358.8,267.7,996.5,109.5,3.86,0.3421,0.6137,0.039,0.0052,0.0,0.0,0.0,0.1322,0.2212,0.2572,0.1213,0.0234,0.0155,0.0757,0.1536,0.2883,0.3099,0.2448,1.0,prealpino,0.5267,0.5267,True
04475_00785,44.75,7.85,44.7,7.8,1.0,0.30925,0.0,0.01897,0.0,0.0,0.0,0.00534,8802,2889,0.32822,14520,326.4,215.6,437.0,40.6,3.7,0.2787,0.7213,0.0,0.0,0.0,0.0,0.0,0.1133,0.1385,0.1177,0.0671,0.1236,0.2629,0.1229,0.0541,-0.1039,-0.0877,0.4815,0.9971,prealpino,0.5385,0.5369,True
04475_00795,44.75,7.95,44.7,7.9,1.0,0.15114,0.0,0.11261,0.0,0.0,0.0,0.00057,8800,2321,0.26375,14520,271.4,158.5,420.3,55.1,6.97,0.7229,0.2771,0.0,0.0,0.0,0.0,0.0,0.1327,0.1419,0.1461,0.1363,0.1405,0.1192,0.0828,0.1006,-0.0153,0.108,0.8177,0.9787,prealpino,0.3608,0.3531,True
04475_00845,44.75,8.45,44.7,8.4,1.0,0.1924,0.0,0.0,0.0,0.0,0.0,0.0,8794,1692,0.1924,14520,241.9,115.9,419.0,60.2,6.86,0.8129,0.1871,0.0,0.0,0.0,0.0,0.0,0.1429,0.1468,0.142,0.1463,0.0774,0.0784,0.0991,0.1671,0.1355,0.0776,0.826,1.0,prealpino,0.3248,0.3248,True
04475_00855,44.75,8.55,44.7,8.5,1.0,0.1313,0.0,0.0,0.0,0.0,0.0,0.00965,8804,1156,0.1313,14641,154.7,102.5,318.4,42.0,2.73,0.9986,0.0014,0.0,0.0,0.0,0.0,0.0,0.1559,0.1356,0.127,0.1888,0.0718,0.0626,0.1415,0.1167,0.0844,0.0903,0.3119,1.0,prealpino,0.2506,0.2506,True
04475_00875,44.75,8.75,44.7,8.7,1.0,0.11314,0.0,0.0,0.0,0.0,0.0,0.0017,8803,996,0.11314,14520,198.2,130.5,438.1,43.1,2.62,0.9793,0.0207,0.0,0.0,0.0,0.0,0.0,0.1371,0.2579,0.0383,0.0097,0.079,0.2484,0.1595,0.07,0.1056,-0.1625,0.3199,1.0,prealpino,0.2583,0.2583,True
04475_00885,44.75,8.85,44.7,8.8,1.0,0.20536,0.0,0.02077,0.0,0.0,0.0,0.01794,8809,1992,0.22613,14520,240.6,154.8,450.2,57.8,4.52,0.8269,0.1731,0.0,0.0,0.0,0.0,0.0,0.1388,0.1736,0.0848,0.063,0.0857,0.133,0.1772,0.144,0.1384,-0.1233,0.524,0.9954,prealpino,0.3192,0.3177,True
04475_00895,44.75,8.95,44.7,8.9,1.0,0.58937,0.0,0.0,0.0,0.0,0.0,0.01525,8789,5180,0.58937,14520,388.1,225.8,761.9,90.4,10.36,0.1636,0.8154,0.0209,0.0,0.0,0.0,0.0,0.1336,0.0737,0.0746,0.1244,0.1294,0.124,0.157,0.1833,0.0133,-0.1665,0.9085,1.0,prealpino,0.5908,0.5908,True
04475_00905,44.75,9.05,44.7,9.0,1.0,0.46792,0.00182,0.00386,0.0,0.0,0.0,0.08007,8805,4170,0.4736,14641,520.6,254.1,1011.0,127.5,13.19,0.0124,0.7398,0.242,0.0057,0.0,0.0,0.0,0.1169,0.0891,0.1068,0.0826,0.1002,0.1481,0.1739,0.1824,0.0473,-0.1889,0.9648,0.9986,prealpino,0.7196,0.7186,True
04475_00915,44.75,9.15,44.7,9.1,1.0,0.62058,0.03624,0.0501,0.01034,0.0,0.0,0.05294,8803,6223,0.70692,14399,863.9,381.1,1581.6,280.5,15.13,0.0,0.2258,0.3372,0.2895,0.1476,0.0,0.0,0.1739,0.1695,0.0844,0.0271,0.0603,0.1188,0.1889,0.177,0.262,-0.1749,0.9866,0.9836,alpino,0.7522,0.7399,True
04475_00925,44.75,9.25,44.7,9.2,1.0,0.56089,0.03525,0.07197,0.034,0.0,0.0,0.06401,8795,5876,0.66811,14520,946.4,467.4,1556.8,251.2,16.36,0.0,0.0767,0.377,0.3711,0.1752,0.0,0.0,0.1145,0.1355,0.1929,0.083,0.0446,0.1048,0.2098,0.1147,0.1154,-0.0162,0.9919,0.9814,alpino,0.837,0.8214,True
04475_00935,44.75,9.35,44.7,9.3,1.0,0.43562,0.03387,0.05785,0.0158,0.0,0.0,0.06501,8799,4640,0.52734,14520,707.5,240.5,1451.4,267.1,15.45,0.0466,0.3305,0.3747,0.2098,0.0384,0.0,0.0,0.0849,0.107,0.1565,0.2103,0.166,0.09,0.1018,0.0834,-0.1642,0.1591,0.9846,0.9785,alpino,0.6332,0.6196,True
04475_00945,44.75,9.45,44.7,9.4,1.0,0.45884,0.02535,0.02001,0.06105,0.0,0.0,0.13381,8796,4435,0.5042,14520,834.0,222.5,1433.9,254.9,14.07,0.0264,0.1633,0.3787,0.3727,0.059,0.0,0.0,0.173,0.1263,0.1324,0.0625,0.0373,0.1022,0.1514,0.2147,0.2638,-0.1156,0.9888,0.9854,alpino,0.7579,0.7468,True
04475_00955,44.75,9.55,44.7,9.5,1.0,0.51089,0.00533,0.01486,0.01384,0.0,0.0,0.00397,8814,4681,0.53108,14641,717.0,260.4,1293.0,212.4,13.05,0.0034,0.3315,0.4357,0.2218,0.0076,0.0,0.0,0.0911,0.117,0.1998,0.1548,0.0943,0.0475,0.1338,0.1617,0.0554,0.1112,0.99,0.9961,alpino,0.6509,0.6484,True
04475_00965,44.75,9.65,44.7,9.6,1.0,0.53662,0.0,0.00023,0.0,0.0,0.0,0.00296,8794,4721,0.53685,14399,761.6,294.6,1332.6,228.8,11.81,0.0008,0.2685,0.4399,0.259,0.0318,0.0,0.0,0.1791,0.1155,0.1373,0.0784,0.067,0.1066,0.1393,0.1767,0.191,-0.0633,0.984,1.0,alpino,0.6928,0.6928,True
04475_00975,44.75,9.75,44.7,9.7,1.0,0.41886,0.01368,0.04094,0.0,0.0,0.0,0.0,8769,4152,0.47348,14520,622.2,298.3,1073.2,172.3,11.05,0.0001,0.4797,0.4523,0.0679,0.0,0.0,0.0,0.2018,0.0947,0.1335,0.2015,0.0908,0.0215,0.069,0.1872,0.1572,0.134,0.9814,0.9885,alpino,0.5524,0.546,True
04475_00985,44.75,9.85,44.7,9.8,1.0,0.40045,0.0,0.00676,0.0,0.0,0.0,0.12444,8880,3616,0.40721,14520,519.2,228.6,957.6,145.6,12.57,0.0494,0.6514,0.2959,0.0034,0.0,0.0,0.0,0.1439,0.1002,0.1282,0.1435,0.1209,0.0708,0.123,0.1695,0.0627,0.0119,0.9749,0.9992,prealpino,0.7203,0.7197,True
04475_00995,44.75,9.95,44.7,9.9,1.0,0.33448,0.0,0.0,0.0139,0.0,0.0,0.08902,8706,2912,0.33448,14520,438.7,180.3,915.7,132.2,10.65,0.1416,0.7375,0.1205,0.0003,0.0,0.0,0.0,0.1389,0.1696,0.1559,0.142,0.1166,0.0875,0.0896,0.1,0.0509,0.1572,0.9712,1.0,prealpino,0.6296,0.6296,True
04475_01005,44.75,10.05,44.7,10.0,1.0,0.28532,0.0,0.0,0.0,0.0,0.0,0.10843,8706,2484,0.28532,14641,282.4,120.9,591.6,84.4,9.81,0.6023,0.3977,0.0,0.0,0.0,0.0,0.0,0.1606,0.1201,0.1439,0.1701,0.1359,0.0626,0.0608,0.1459,0.0468,0.1437,0.9307,1.0,prealpino,0.4091,0.4091,True
04485_00705,44.85,7.05,44.8,7.0,0.9446,0.01081,0.16187,0.08492,0.14741,0.02743,0.0,0.10393,8785,2263,0.2576,14400,2161.7,816.3,3035.3,422.7,25.85,0.0,0.0,0.0051,0.0188,0.0901,0.2094,0.6767,0.1066,0.0793,0.1639,0.1457,0.0994,0.1162,0.1527,0.1362,-0.0257,-0.0079,0.9962,0.8264,alpino,0.2615,0.2161,True
04485_00715,44.85,7.15,44.8,7.1,1.0,0.31744,0.06579,0.01263,0.02322,0.1112,0.0,0.12486,8786,3478,0.39586,14400,1510.0,548.6,2829.9,522.2,26.57,0.0,0.0108,0.1369,0.1623,0.2537,0.229,0.2074,0.1227,0.1402,0.175,0.1646,0.1735,0.1166,0.0462,0.0611,-0.112,0.2241,0.9836,0.9569,alpino,0.6519,0.6238,True
04485_00725,44.85,7.25,44.8,7.2,1.0,0.60128,0.0,0.00911,0.0,0.0,0.0,0.01252,8783,5361,0.61039,14400,703.9,373.9,1513.5,244.0,14.69,0.0,0.4243,0.3826,0.1427,0.0504,0.0,0.0,0.1121,0.1548,0.2106,0.1323,0.1625,0.1339,0.0312,0.0626,-0.0858,0.2533,0.9021,0.9993,alpino,0.6094,0.609,True
04485_00795,44.85,7.95,44.8,7.9,1.0,0.32134,0.0,0.0,0.0,0.0,0.0,0.0,8785,2823,0.32134,14400,293.4,189.8,394.6,34.8,4.4,0.5622,0.4378,0.0,0.0,0.0,0.0,0.0,0.0863,0.1313,0.1819,0.1191,0.0725,0.1159,0.1696,0.1234,0.0288,0.0233,0.5357,1.0,prealpino,0.4251,0.4251,True
04485_00805,44.85,8.05,44.8,8.0,1.0,0.25222,0.0,0.0,0.0,0.0,0.0,0.0,8786,2216,0.25222,14520,208.4,140.0,350.4,39.4,5.45,0.9817,0.0183,0.0,0.0,0.0,0.0,0.0,0.1216,0.1354,0.1821,0.1495,0.0895,0.0854,0.1109,0.1257,0.0532,0.1303,0.7194,1.0,prealpino,0.2573,0.2573,True
04485_00825,44.85,8.25,44.8,8.2,1.0,0.21364,0.0,0.0,0.0,0.0,0.0,0.00319,8786,1877,0.21364,14400,167.1,100.0,287.9,41.8,5.6,1.0,0.0,0.0,0.0,0.0,0.0,0.0,0.1331,0.1007,0.1308,0.1787,0.0912,0.0563,0.1146,0.1944,0.0866,0.0355,0.6508,1.0,prealpino,0.25,0.25,True
04485_00835,44.85,8.35,44.8,8.3,1.0,0.38754,0.0,0.0,0.0,0.0,0.0,0.0,8781,3403,0.38754,14400,156.0,96.5,275.6,37.9,4.89,1.0,0.0,0.0,0.0,0.0,0.0,0.0,0.145,0.1068,0.142,0.1477,0.1232,0.0826,0.1064,0.1462,0.0383,0.0557,0.6035,1.0,prealpino,0.25,0.25,True
04485_00845,44.85,8.45,44.8,8.4,1.0,0.11534,0.0,0.0,0.0,0.0,0.0,0.0,8783,1013,0.11534,14400,129.2,90.0,215.7,29.2,1.98,1.0,0.0,0.0,0.0,0.0,0.0,0.0,0.0999,0.0401,0.1743,0.2125,0.0624,0.0517,0.1093,0.2497,0.0504,0.0313,0.2147,1.0,prealpino,0.25,0.25,True
04485_00895,44.85,8.95,44.8,8.9,1.0,0.12125,0.0,0.0,0.0,0.0,0.0,0.01797,8792,1066,0.12125,14400,253.6,121.6,465.4,67.7,7.28,0.7395,0.2605,0.0,0.0,0.0,0.0,0.0,0.1359,0.1892,0.1156,0.0651,0.0798,0.1223,0.1649,0.1272,0.1482,-0.0493,0.8378,1.0,prealpino,0.3542,0.3542,True
04485_00905,44.85,9.05,44.8,9.0,1.0,0.24957,0.0,0.0066,0.0,0.0,0.0,0.05224,8787,2251,0.25617,14520,353.1,181.7,745.7,98.7,9.61,0.3408,0.6252,0.034,0.0,0.0,0.0,0.0,0.126,0.1555,0.0987,0.0845,0.0952,0.1287,0.1657,0.1456,0.0973,-0.0945,0.9042,0.9987,prealpino,0.5239,0.5232,True
04485_00915,44.85,9.15,44.8,9.1,1.0,0.45279,0.0,0.01435,0.0,0.0,0.0,0.06128,8779,4101,0.46714,14280,497.1,246.0,818.1,117.9,11.41,0.0254,0.7564,0.2181,0.0,0.0,0.0,0.0,0.1595,0.0844,0.0956,0.1261,0.1155,0.1171,0.1349,0.1668,0.0514,-0.0966,0.9445,0.9985,prealpino,0.7052,0.7041,True
04485_00925,44.85,9.25,44.8,9.2,1.0,0.32722,0.02539,0.09268,0.00205,0.0,0.0,0.07378,8783,3911,0.44529,14400,651.1,355.0,1193.9,184.1,11.34,0.0,0.4817,0.3996,0.1188,0.0,0.0,0.0,0.1515,0.1277,0.0874,0.0635,0.1017,0.164,0.157,0.1472,0.0858,-0.1599,0.9678,0.9753,alpino,0.5671,0.5531,True
04485_00935,44.85,9.35,44.8,9.3,1.0,0.36398,0.0149,0.03846,0.00353,0.0,0.0,0.07669,8789,3668,0.41734,14400,697.4,287.0,1256.0,191.4,12.17,0.0015,0.3287,0.5047,0.1594,0.0057,0.0,0.0,0.1779,0.2101,0.1515,0.0847,0.0622,0.0994,0.1019,0.1123,0.2149,0.1127,0.9866,0.9865,alpino,0.6337,0.6251,True
04485_00945,44.85,9.45,44.8,9.4,1.0,0.28903,0.02745,0.01982,0.0033,0.0,0.0,0.09088,8781,2953,0.3363,14400,503.4,188.5,990.5,156.3,11.87,0.1028,0.6365,0.2506,0.0101,0.0,0.0,0.0,0.1524,0.1363,0.1417,0.1554,0.1449,0.0821,0.0671,0.1201,0.0219,0.1416,0.9806,0.9766,prealpino,0.6876,0.6715,True
04485_00955,44.85,9.55,44.8,9.5,1.0,0.27921,0.00297,0.01176,0.0,0.0,0.0,0.03209,8757,2574,0.29394,14520,408.1,134.5,863.6,155.6,11.43,0.2793,0.5961,0.1246,0.0,0.0,0.0,0.0,0.1173,0.1128,0.1241,0.1238,0.1143,0.101,0.1366,0.1701,0.0483,-0.0385,0.9562,0.9955,prealpino,0.5757,0.5731,True
04485_00965,44.85,9.65,44.8,9.6,1.0,0.28778,0.0,0.0,0.0,0.0,0.0,0.01647,8802,2533,0.28778,14280,351.5,158.2,776.1,112.8,8.53,0.3759,0.6017,0.0224,0.0,0.0,0.0,0.0,0.1302,0.1025,0.1918,0.1352,0.045,0.0373,0.1195,0.2384,0.2092,0.0503,0.8271,1.0,prealpino,0.5064,0.5064,True
04485_00975,44.85,9.75,44.8,9.7,1.0,0.20068,0.0,0.0,0.0,0.0,0.0,0.0,8835,1773,0.20068,14400,294.4,129.1,673.7,113.1,6.89,0.5646,0.4247,0.0108,0.0,0.0,0.0,0.0,0.1539,0.1074,0.1966,0.1754,0.0218,0.0147,0.0824,0.2479,0.2527,0.1314,0.7433,1.0,prealpino,0.4275,0.4275,True
04485_00985,44.85,9.85,44.8,9.8,1.0,0.12563,0.0,0.0,0.0,0.0,0.0,0.02172,8748,1099,0.12563,14400,214.9,96.6,471.6,74.8,6.07,0.8568,0.1432,0.0,0.0,0.0,0.0,0.0,0.1403,0.0939,0.1652,0.1856,0.0433,0.0153,0.0961,0.2602,0.2071,0.0735,0.6256,1.0,prealpino,0.3073,0.3073,True
04485_01225,44.85,12.25,44.8,12.2,0.8899,0.07124,0.0206,0.03619,0.0,0.0,0.0,0.0,8787,1125,0.12803,14400,-0.8,-6.5,14.0,3.1,0.34,1.0,0.0,0.0,0.0,0.0,0.0,0.0,0.0,0.0,0.1351,0.1622,0.0,0.027,0.5676,0.1081,-0.0224,-0.3866,0.0026,0.9456,prealpino,0.25,0.2364,True
04495_00675,44.95,6.75,44.9,6.7,0.4551,0.0,0.30871,0.0,0.10682,0.00308,0.0,0.12095,8772,2708,0.30871,14280,2140.3,1250.5,3118.8,361.5,22.14,0.0,0.0,0.0,0.0,0.0956,0.2293,0.6751,0.1031,0.1423,0.2082,0.1535,0.0864,0.0732,0.1195,0.1137,0.0382,0.1687,0.9921,0.75,alpino,0.2555,0.1916,True
04495_00685,44.95,6.85,44.9,6.8,1.0,0.0,0.3501,0.00433,0.04254,0.0,0.0,0.17254,8769,3108,0.35443,14280,1969.5,1180.9,3054.3,334.6,20.32,0.0,0.0,0.0,0.0007,0.1508,0.3805,0.4681,0.1171,0.1207,0.0633,0.0804,0.0985,0.1437,0.2459,0.1304,0.037,-0.2438,0.9944,0.7524,alpino,0.3842,0.2891,True
04495_00705,44.95,7.05,44.9,7.0,1.0,0.03147,0.29829,0.13307,0.16522,0.02999,0.0,0.13261,8770,4059,0.46283,14280,1862.8,886.3,2998.4,417.7,27.92,0.0,0.0,0.0001,0.0507,0.2312,0.3606,0.3573,0.176,0.1393,0.1093,0.1693,0.1639,0.09,0.0655,0.0868,-0.0144,0.1422,0.9973,0.8245,alpino,0.4982,0.4108,True
04495_00715,44.95,7.15,44.9,7.1,1.0,0.35708,0.23775,0.16845,0.0106,0.00125,0.0,0.11796,8774,6697,0.76328,14280,1246.7,575.6,2218.9,343.4,24.63,0.0,0.0027,0.1903,0.2644,0.3796,0.1472,0.0159,0.1517,0.1399,0.1154,0.1337,0.1638,0.1041,0.0694,0.1219,0.0042,0.0774,0.9933,0.9111,alpino,0.8599,0.7835,True
04495_00725,44.95,7.25,44.9,7.2,1.0,0.68617,0.03615,0.0731,0.0,0.0,0.0,0.02543,8769,6975,0.79542,14280,997.6,462.1,2044.3,317.6,20.14,0.0,0.1071,0.3039,0.346,0.195,0.0477,0.0004,0.034,0.1179,0.1566,0.1446,0.1471,0.1909,0.1444,0.0644,-0.2277,0.0223,0.9653,0.984,alpino,0.8175,0.8044,True
04495_00735,44.95,7.35,44.9,7.3,1.0,0.5016,0.0,0.0,0.0,0.0,0.0,0.01505,8768,4398,0.5016,14280,535.8,290.2,1444.6,244.2,10.17,0.0279,0.6671,0.205,0.0815,0.0185,0.0,0.0,0.0748,0.1555,0.2749,0.2165,0.1354,0.0889,0.0266,0.0273,-0.152,0.4389,0.6837,1.0,prealpino,0.7335,0.7335,True
04495_00795,44.95,7.95,44.9,7.9,1.0,0.16254,0.0,0.0,0.0,0.0,0.0,0.0,8767,1425,0.16254,14280,247.8,169.1,280.2,22.5,2.07,1.0,0.0,0.0,0.0,0.0,0.0,0.0,0.0788,0.1529,0.249,0.1548,0.0856,0.0766,0.1114,0.0909,0.0071,0.2456,0.2551,1.0,prealpino,0.25,0.25,True
04495_00805,44.95,8.05,44.9,8.0,1.0,0.42621,0.0,0.0,0.0,0.0,0.0,0.0,8768,3737,0.42621,14399,208.4,141.8,317.5,32.6,5.17,0.9989,0.0011,0.0,0.0,0.0,0.0,0.0,0.0592,0.1374,0.1813,0.1063,0.095,0.1676,0.1786,0.0745,-0.0815,0.0047,0.7334,1.0,prealpino,0.2504,0.2504,True
04495_00815,44.95,8.15,44.9,8.1,1.0,0.44163,0.0,0.0,0.0,0.0,0.0,0.0,8772,3874,0.44163,14161,196.3,116.9,304.3,33.0,5.58,0.9998,0.0002,0.0,0.0,0.0,0.0,0.0,0.0942,0.1833,0.1557,0.0942,0.1192,0.1814,0.125,0.0471,-0.0599,0.0699,0.7522,1.0,prealpino,0.2501,0.2501,True
04495_00825,44.95,8.25,44.9,8.2,1.0,0.16862,0.0,0.0,0.0,0.0,0.0,0.0,8771,1479,0.16862,14280,169.9,109.8,297.2,34.8,4.91,1.0,0.0,0.0,0.0,0.0,0.0,0.0,0.0581,0.101,0.2001,0.1152,0.1033,0.151,0.1714,0.1,-0.0931,0.0013,0.6693,1.0,prealpino,0.25,0.25,True
04495_00835,44.95,8.35,44.9,8.3,1.0,0.31349,0.0,0.0,0.0,0.0,0.0,0.0,8769,2749,0.31349,14280,179.1,115.6,279.3,28.0,4.35,1.0,0.0,0.0,0.0,0.0,0.0,0.0,0.0752,0.1639,0.1648,0.1061,0.0957,0.1972,0.1355,0.0616,-0.0719,0.0386,0.6306,1.0,prealpino,0.25,0.25,True
04495_00905,44.95,9.05,44.9,9.0,1.0,0.14232,0.0,0.00787,0.0,0.0,0.0,0.02452,8769,1317,0.15019,14399,208.8,84.6,599.6,118.1,5.47,0.7833,0.2167,0.0,0.0,0.0,0.0,0.0,0.1273,0.1762,0.0697,0.0586,0.0507,0.1086,0.2227,0.1862,0.2218,-0.2016,0.4725,0.9974,prealpino,0.3367,0.3358,True
04495_00915,44.95,9.15,44.9,9.1,1.0,0.16522,0.0,0.01574,0.0,0.0,0.0,0.0805,8770,1587,0.18096,14161,282.7,99.1,564.3,97.3,9.76,0.579,0.421,0.0,0.0,0.0,0.0,0.0,0.1613,0.1667,0.0891,0.0623,0.114,0.1535,0.1255,0.1275,0.1046,-0.0731,0.9191,0.9957,prealpino,0.4184,0.4166,True
04495_00925,44.95,9.25,44.9,9.2,1.0,0.11871,0.00992,0.00969,0.00354,0.0,0.0,0.08097,8769,1213,0.13832,14280,364.7,155.6,641.1,95.7,8.98,0.2792,0.7155,0.0053,0.0,0.0,0.0,0.0,0.1269,0.1573,0.1524,0.0782,0.0585,0.1199,0.1771,0.1296,0.1319,-0.0333,0.9604,0.9786,prealpino,0.5399,0.5283,True
04495_01065,44.95,10.65,44.9,10.6,1.0,0.10694,0.0,0.0,0.0,0.0,0.0,0.12085,8771,938,0.10694,14161,21.5,15.5,41.4,3.6,0.64,1.0,0.0,0.0,0.0,0.0,0.0,0.0,0.0283,0.1085,0.1462,0.2406,0.0283,0.0613,0.1792,0.2075,0.0017,0.026,0.015,1.0,prealpino,0.25,0.25,True
04505_00665,45.05,6.65,45.0,6.6,0.3428,0.01564,0.32915,0.03722,0.09636,0.01039,0.0,0.07615,8759,3346,0.38201,14400,1985.8,1271.2,3097.7,340.4,25.03,0.0,0.0,0.0,0.0,0.1408,0.3846,0.4747,0.0893,0.1657,0.1802,0.1066,0.1303,0.1284,0.1056,0.0939,-0.0318,0.1114,0.9873,0.7797,alpino,0.3761,0.2932,True
04505_00675,45.05,6.75,45.0,6.7,0.9066,0.0008,0.46738,0.01862,0.012,0.0,0.0,0.17263,8753,4261,0.4868,14400,1890.9,1093.8,2841.8,424.8,22.72,0.0,0.0,0.0,0.0424,0.2486,0.2948,0.4142,0.1635,0.1477,0.067,0.0997,0.1471,0.1648,0.0885,0.1218,0.0186,-0.0462,0.9883,0.7581,alpino,0.4738,0.3592,True
04505_00685,45.05,6.85,45.0,6.8,1.0,0.0,0.47835,0.00845,0.03862,0.0,0.0,0.18714,8753,4261,0.4868,14400,1729.9,993.8,2956.5,489.3,21.93,0.0,0.0,0.0,0.1699,0.2804,0.2467,0.3029,0.1004,0.0463,0.0932,0.205,0.1213,0.0882,0.1454,0.2003,-0.0545,-0.0757,0.9535,0.7535,alpino,0.6011,0.4529,True
04505_00695,45.05,6.95,45.0,6.9,1.0,0.0,0.44762,0.01314,0.08808,0.00057,0.0,0.17377,8753,4033,0.46076,14400,1947.6,780.2,3015.4,427.6,23.59,0.0,0.0,0.0111,0.0524,0.154,0.2945,0.4881,0.1585,0.0522,0.0749,0.2132,0.0796,0.0417,0.0952,0.2847,0.1465,-0.0627,0.9917,0.7557,alpino,0.4006,0.3027,True
04505_00705,45.05,7.05,45.0,7.0,1.0,0.03278,0.32195,0.04854,0.16423,0.00857,0.0,0.19392,8756,3531,0.40327,14400,1864.0,983.8,2831.9,407.4,25.79,0.0,0.0,0.0,0.0557,0.2238,0.3444,0.3761,0.1944,0.1393,0.1087,0.072,0.1726,0.0923,0.0771,0.1435,0.1107,0.0189,0.9958,0.7944,alpino,0.4877,0.3874,True
04505_00715,45.05,7.15,45.0,7.1,1.0,0.07547,0.17824,0.07479,0.0451,0.06052,0.0,0.11224,8758,2877,0.3285,14400,1889.9,850.5,2824.7,432.5,25.12,0.0,0.0,0.004,0.0667,0.2024,0.2891,0.4378,0.147,0.121,0.1219,0.1138,0.1269,0.1248,0.1056,0.1389,0.036,-0.0073,0.9985,0.853,alpino,0.4528,0.3862,True
04505_00725,45.05,7.25,45.0,7.2,1.0,0.50868,0.08078,0.08992,0.02114,0.05953,0.0,0.04936,8752,5946,0.67938,14400,1278.1,429.7,2294.4,356.0,22.88,0.0,0.0186,0.1354,0.2919,0.3494,0.184,0.0207,0.2294,0.2049,0.1409,0.1518,0.128,0.0299,0.0172,0.0978,0.1928,0.2963,0.9979,0.9637,alpino,0.8448,0.8141,True
04505_00735,45.05,7.35,45.0,7.3,1.0,0.5108,0.0,0.08033,0.0,0.0,0.0,0.00446,8751,5173,0.59113,14400,627.5,334.9,1305.2,215.6,11.31,0.0,0.5163,0.3553,0.1165,0.0118,0.0,0.0,0.1204,0.1887,0.2018,0.1778,0.099,0.0685,0.051,0.0928,0.0435,0.2999,0.7822,0.9932,alpino,0.5577,0.5539,True
04505_00745,45.05,7.45,45.0,7.4,1.0,0.32206,0.01325,0.0,0.0,0.0,0.0,0.01907,8756,2936,0.33531,14400,408.9,283.6,911.4,108.1,6.09,0.0302,0.9027,0.067,0.0001,0.0,0.0,0.0,0.2505,0.1473,0.1023,0.1224,0.1216,0.1056,0.0671,0.0833,0.1296,0.0941,0.5229,0.9901,prealpino,0.6581,0.6516,True
04505_00775,45.05,7.75,45.0,7.7,1.0,0.37266,0.0,0.0,0.0,0.0,0.0,0.00354,8756,3263,0.37266,14400,383.9,201.5,711.9,112.7,8.55,0.2398,0.7264,0.0338,0.0,0.0,0.0,0.0,0.0999,0.1081,0.1442,0.0876,0.116,0.1659,0.1458,0.1327,-0.0261,-0.0757,0.8169,1.0,prealpino,0.5642,0.5642,True
04505_00785,45.05,7.85,45.0,7.8,1.0,0.12727,0.0,0.0,0.0,0.0,0.0,0.0,8753,1114,0.12727,14400,334.2,256.4,586.0,57.2,5.58,0.3484,0.6516,0.0,0.0,0.0,0.0,0.0,0.0423,0.1224,0.2456,0.1037,0.0974,0.1838,0.1443,0.0605,-0.1293,0.0915,0.6462,1.0,prealpino,0.5106,0.5106,True
04505_00795,45.05,7.95,45.0,7.9,1.0,0.24306,0.0,0.0,0.0,0.0,0.0,0.0,8755,2128,0.24306,14400,316.8,203.2,548.8,62.0,5.94,0.4799,0.5201,0.0,0.0,0.0,0.0,0.0,0.0412,0.1409,0.2172,0.1007,0.0959,0.1826,0.1652,0.0562,-0.1233,0.0555,0.6915,1.0,prealpino,0.458,0.458,True
04505_00805,45.05,8.05,45.0,8.0,1.0,0.39066,0.0,0.0,0.0,0.0,0.0,0.0,8757,3421,0.39066,14520,262.5,178.0,480.9,47.3,6.99,0.8157,0.1843,0.0,0.0,0.0,0.0,0.0,0.0608,0.1495,0.204,0.0892,0.1093,0.1772,0.1532,0.0569,-0.0925,0.0529,0.8497,1.0,prealpino,0.3237,0.3237,True
04505_00815,45.05,8.15,45.0,8.1,1.0,0.11024,0.0,0.0,0.0,0.0,0.0,0.0,8754,965,0.11024,14280,226.7,145.1,462.5,51.7,6.47,0.9074,0.0926,0.0,0.0,0.0,0.0,0.0,0.0733,0.1334,0.1541,0.1126,0.113,0.1565,0.1661,0.0909,-0.0736,-0.0175,0.7831,1.0,prealpino,0.287,0.287,True
04505_00825,45.05,8.25,45.0,8.2,1.0,0.1826,0.0,0.0,0.0,0.0,0.0,0.0,8757,1599,0.1826,14400,237.5,141.6,433.5,52.5,7.08,0.8703,0.1297,0.0,0.0,0.0,0.0,0.0,0.0909,0.1374,0.1489,0.1213,0.1093,0.1705,0.1428,0.0789,-0.0745,0.0181,0.8392,1.0,prealpino,0.3019,0.3019,True
04515_00665,45.15,6.65,45.1,6.6,0.1869,0.00389,0.23833,0.03501,0.22151,0.02746,0.0,0.01876,8740,2423,0.27723,14400,2166.5,967.2,3199.2,464.5,24.87,0.0,0.0,0.0,0.0476,0.0904,0.171,0.691,0.1529,0.135,0.1424,0.1033,0.084,0.0895,0.1191,0.1738,0.1536,0.0067,0.9947,0.7788,alpino,0.2666,0.2076,True
04515_00695,45.15,6.95,45.1,6.9,0.8329,0.17286,0.07894,0.10422,0.10742,0.0,0.0,0.11715,8741,3112,0.35602,14400,1871.4,633.2,3298.6,665.5,26.71,0.0,0.0,0.0717,0.1143,0.214,0.1653,0.4347,0.1076,0.1365,0.2121,0.2546,0.1252,0.0771,0.0182,0.0686,-0.1016,0.3779,0.9951,0.9299,alpino,0.4911,0.4567,True
04515_00705,45.15,7.05,45.1,7.0,1.0,0.18555,0.11424,0.231,0.06536,0.00618,0.0,0.09547,8736,4637,0.53079,14400,1176.9,458.1,3282.0,576.6,21.56,0.0,0.134,0.2819,0.1736,0.201,0.1119,0.0976,0.1814,0.1075,0.087,0.0962,0.1906,0.1431,0.0973,0.0968,-0.0354,-0.0383,0.9453,0.9244,alpino,0.6853,0.6335,True
04515_00715,45.15,7.15,45.1,7.1,1.0,0.30291,0.02642,0.08785,0.07664,0.01521,0.0,0.1049,8742,3647,0.41718,14400,1196.0,405.6,3032.2,690.0,21.6,0.0,0.2503,0.1801,0.1647,0.1467,0.0741,0.1841,0.2133,0.1074,0.0694,0.1446,0.2208,0.1238,0.0548,0.0658,-0.0775,0.062,0.9061,0.9736,alpino,0.575,0.5598,True
04515_00725,45.15,7.25,45.1,7.2,1.0,0.34447,0.01877,0.0309,0.23037,0.03422,0.0,0.11215,8738,3444,0.39414,14400,1235.7,369.0,2711.9,644.5,19.81,0.0,0.2556,0.1072,0.1272,0.1713,0.1926,0.1462,0.0759,0.1115,0.122,0.1359,0.2109,0.242,0.0857,0.0162,-0.3181,0.029,0.8649,0.9842,alpino,0.5762,0.5671,True
04515_00735,45.15,7.35,45.1,7.3,1.0,0.45109,0.03649,0.05457,0.02139,0.02345,0.0,0.10823,8741,4739,0.54215,14400,1006.9,343.0,2275.0,484.6,18.22,0.0,0.2653,0.1577,0.2174,0.2378,0.0969,0.0249,0.0685,0.0883,0.1948,0.1732,0.1856,0.1592,0.0807,0.0498,-0.2639,0.1521,0.8581,0.9781,alpino,0.713,0.6974,True
04515_00745,45.15,7.45,45.1,7.4,1.0,0.30835,0.05938,0.07803,0.02357,0.0,0.0,0.2119,8740,3896,0.44576,14400,726.9,318.1,1642.8,313.6,16.82,0.0,0.4221,0.2853,0.1983,0.0931,0.0012,0.0,0.0613,0.1543,0.1913,0.1259,0.1997,0.1594,0.0695,0.0386,-0.2128,0.1819,0.8535,0.9579,alpino,0.6395,0.6126,True
04515_00755,45.15,7.55,45.1,7.5,1.0,0.19345,0.0,0.00355,0.0,0.0,0.0,0.02312,8736,1721,0.197,14400,325.1,258.1,722.6,44.5,2.18,0.2576,0.7385,0.0039,0.0,0.0,0.0,0.0,0.04,0.1733,0.3011,0.1484,0.0776,0.1789,0.0685,0.0123,-0.1363,0.3349,0.1755,0.9991,prealpino,0.5481,0.5476,True
04515_00785,45.15,7.85,45.1,7.8,1.0,0.25578,0.0,0.0032,0.0,0.0,0.0,0.01431,8738,2263,0.25898,14400,258.9,170.0,578.2,87.7,5.72,0.7074,0.2926,0.0,0.0,0.0,0.0,0.0,0.165,0.1064,0.1016,0.1065,0.0797,0.0926,0.1759,0.1722,0.1455,-0.119,0.4844,0.9994,prealpino,0.367,0.3668,True
04515_00795,45.15,7.95,45.1,7.9,1.0,0.35542,0.0,0.01156,0.00709,0.0,0.0,0.02254,8739,3207,0.36698,14400,256.9,157.0,550.4,83.6,7.15,0.6935,0.3065,0.0,0.0,0.0,0.0,0.0,0.1391,0.1605,0.1539,0.0956,0.0781,0.1229,0.1127,0.1371,0.1207,0.0363,0.6311,0.9984,prealpino,0.3726,0.372,True
04515_00805,45.15,8.05,45.1,8.0,1.0,0.32822,0.0,0.0,0.0,0.0,0.0,0.02621,8738,2868,0.32822,14520,241.7,145.0,483.1,84.1,5.66,0.7005,0.2995,0.0,0.0,0.0,0.0,0.0,0.1447,0.1389,0.143,0.0928,0.0839,0.0924,0.136,0.1683,0.146,-0.0148,0.5597,1.0,prealpino,0.3698,0.3698,True
04515_00815,45.15,8.15,45.1,8.1,1.0,0.32753,0.0,0.0,0.0,0.0,0.0,0.02862,8735,2861,0.32753,14280,214.9,133.5,430.6,67.3,6.07,0.8669,0.1331,0.0,0.0,0.0,0.0,0.0,0.1393,0.1542,0.1508,0.1395,0.1025,0.0822,0.103,0.1285,0.0777,0.1148,0.6032,1.0,prealpino,0.3032,0.3032,True
04515_00825,45.15,8.25,45.1,8.2,1.0,0.19247,0.0,0.0,0.0,0.0,0.0,0.00892,8744,1683,0.19247,14400,191.4,120.0,376.9,55.2,5.38,0.9492,0.0508,0.0,0.0,0.0,0.0,0.0,0.1705,0.1466,0.1364,0.118,0.1094,0.1293,0.1004,0.0895,0.053,0.0672,0.5709,1.0,prealpino,0.2703,0.2703,True
04515_00935,45.15,9.35,45.1,9.3,1.0,0.10738,0.0,0.0,0.0,0.0,0.0,0.01282,8735,938,0.10738,14400,65.3,48.0,90.0,8.3,0.69,1.0,0.0,0.0,0.0,0.0,0.0,0.0,0.0032,0.1364,0.1396,0.1071,0.2045,0.2857,0.1136,0.0097,-0.388,-0.0212,0.0214,1.0,prealpino,0.25,0.25,True
04525_00725,45.25,7.25,45.2,7.2,1.0,0.14084,0.0267,0.0667,0.07701,0.15081,0.0,0.09959,8726,2044,0.23424,14520,1930.8,890.5,3065.1,440.6,26.17,0.0,0.0,0.0004,0.047,0.1981,0.2966,0.458,0.1734,0.1832,0.123,0.1068,0.1425,0.0708,0.0638,0.1366,0.1346,0.1282,0.9926,0.9573,alpino,0.4314,0.413,True
04525_00735,45.25,7.35,45.2,7.3,1.0,0.50733,0.02028,0.01983,0.01077,0.0777,0.0,0.05547,8726,4777,0.54744,14520,1297.3,584.0,2235.0,361.7,22.4,0.0,0.0007,0.157,0.279,0.3365,0.1983,0.0284,0.1472,0.1537,0.1998,0.1691,0.1312,0.0618,0.0405,0.0966,0.0345,0.28,0.9959,0.9889,alpino,0.8361,0.8268,True
04525_00745,45.25,7.45,45.2,7.4,1.0,0.36965,0.06492,0.04358,0.00883,0.0,0.0,0.20174,8719,4169,0.47815,14520,815.8,423.9,1644.8,248.4,18.8,0.0,0.2197,0.4445,0.2499,0.0853,0.0006,0.0,0.1067,0.1445,0.1971,0.1362,0.0999,0.1091,0.081,0.1255,0.0227,0.1578,0.9713,0.9615,alpino,0.7236,0.6957,True
04525_00755,45.25,7.55,45.2,7.5,1.0,0.20234,0.00069,0.0071,0.0,0.01454,0.0,0.02931,8733,1835,0.21013,14520,427.2,311.7,883.2,87.4,3.86,0.0,0.9458,0.0542,0.0,0.0,0.0,0.0,0.0599,0.1877,0.2394,0.1244,0.1854,0.1626,0.0302,0.0104,-0.2034,0.3145,0.324,0.9975,prealpino,0.6663,0.6646,True
04525_00765,45.25,7.65,45.2,7.6,1.0,0.15227,0.0,0.0,0.0031,0.00459,0.0,0.04475,8715,1327,0.15227,14520,321.0,245.9,421.6,36.2,1.93,0.3033,0.6967,0.0,0.0,0.0,0.0,0.0,0.3389,0.1752,0.0313,0.0995,0.2908,0.0619,0.0,0.0024,0.0507,0.1879,0.1758,1.0,prealpino,0.5287,0.5287,True
04525_00775,45.25,7.75,45.2,7.7,1.0,0.10285,0.0,0.0,0.01581,0.0,0.0,0.01867,8731,898,0.10285,14520,243.8,200.0,303.5,21.7,1.07,0.9991,0.0009,0.0,0.0,0.0,0.0,0.0,0.214,0.357,0.0613,0.04,0.3153,0.0115,0.0,0.0009,0.1231,0.3439,0.0775,1.0,prealpino,0.2504,0.2504,True
04525_00895,45.25,8.95,45.2,8.9,1.0,0.2884,0.0,0.0,0.0,0.0,0.0,0.0031,8710,2512,0.2884,14520,82.9,63.5,123.0,11.7,1.16,1.0,0.0,0.0,0.0,0.0,0.0,0.0,0.0468,0.2231,0.2206,0.0735,0.0693,0.1295,0.1855,0.0518,0.0216,0.1203,0.0824,1.0,prealpino,0.25,0.25,True
04525_01175,45.25,11.75,45.2,11.7,1.0,0.10391,0.0,0.0,0.0,0.0,0.0,0.0,8719,906,0.10391,14520,30.0,1.0,401.0,62.4,3.43,0.9905,0.0095,0.0,0.0,0.0,0.0,0.0,0.0734,0.1224,0.1862,0.1797,0.1448,0.1417,0.0961,0.0556,-0.1735,0.1708,0.243,1.0,prealpino,0.2538,0.2538,True
04535_00725,45.35,7.25,45.3,7.2,1.0,0.07403,0.0785,0.08206,0.00585,0.15873,0.0,0.09021,8713,2044,0.23459,14400,1869.6,979.1,2959.0,434.5,28.28,0.0,0.0,0.0,0.0572,0.2549,0.285,0.403,0.1478,0.0792,0.0933,0.2228,0.2516,0.0812,0.0206,0.1035,-0.1956,0.1635,0.9963,0.8989,alpino,0.489,0.4396,True
04535_00735,45.35,7.35,45.3,7.3,1.0,0.34949,0.05249,0.06684,0.1083,0.0487,0.0,0.14529,8707,4082,0.46882,14400,1451.6,611.7,2703.9,472.8,26.16,0.0,0.0,0.1313,0.2274,0.2648,0.2171,0.1594,0.1223,0.1589,0.1063,0.127,0.2172,0.1679,0.068,0.0324,-0.1728,0.1052,0.9923,0.9649,alpino,0.7115,0.6865,True
04535_00745,45.35,7.45,45.3,7.4,1.0,0.44341,0.00758,0.01596,0.1638,0.13786,0.0,0.15691,8712,4068,0.46695,14400,1405.9,623.4,2293.5,365.7,24.39,0.0,0.0,0.0922,0.2176,0.3804,0.2483,0.0616,0.0772,0.1199,0.1821,0.1367,0.1004,0.1522,0.1435,0.0881,-0.0833,0.0497,0.9989,0.9942,alpino,0.8022,0.7975,True
04535_00755,45.35,7.55,45.3,7.5,1.0,0.59543,0.00552,0.03447,0.01172,0.01092,0.0,0.08905,8703,5530,0.63542,14400,972.0,361.8,2029.0,362.0,17.98,0.0,0.184,0.2792,0.2701,0.211,0.0553,0.0003,0.0723,0.1597,0.1949,0.2289,0.1658,0.0967,0.0394,0.0423,-0.1865,0.3367,0.9686,0.9951,alpino,0.7714,0.7676,True
04535_00765,45.35,7.65,45.3,7.6,1.0,0.26062,0.0,0.0,0.0,0.0,0.0,0.01721,8714,2271,0.26062,14400,400.6,281.1,1053.3,117.9,4.67,0.0789,0.8538,0.0593,0.008,0.0,0.0,0.0,0.0634,0.1774,0.1854,0.2769,0.153,0.0738,0.0352,0.0349,-0.1979,0.4048,0.3922,1.0,prealpino,0.639,0.639,True
04535_00775,45.35,7.75,45.3,7.7,1.0,0.11711,0.0,0.0,0.0,0.0,0.0,0.03789,8710,1020,0.11711,14400,317.7,246.5,524.8,51.8,1.75,0.4569,0.5431,0.0,0.0,0.0,0.0,0.0,0.106,0.1184,0.0949,0.0453,0.1103,0.3574,0.1398,0.0278,-0.1972,-0.1991,0.1624,1.0,prealpino,0.4672,0.4672,True
04535_00785,45.35,7.85,45.3,7.8,1.0,0.27682,0.0,0.0,0.0,0.0,0.0,0.0,8706,2410,0.27682,14400,304.1,220.7,501.0,61.8,3.23,0.5874,0.4126,0.0,0.0,0.0,0.0,0.0,0.1102,0.2552,0.2247,0.049,0.103,0.1555,0.0663,0.0361,0.0743,0.2407,0.3824,1.0,prealpino,0.415,0.415,True
04535_00795,45.35,7.95,45.3,7.9,1.0,0.18243,0.0,0.0,0.0,0.0,0.0,0.0,8710,1589,0.18243,14400,248.0,205.0,452.5,44.7,2.83,0.8913,0.1087,0.0,0.0,0.0,0.0,0.0,0.188,0.1066,0.0754,0.0817,0.0791,0.1883,0.1141,0.1669,0.1096,-0.155,0.2958,1.0,prealpino,0.2935,0.2935,True
04535_00805,45.35,8.05,45.3,8.0,1.0,0.20728,0.0,0.0,0.0,0.0,0.0,0.0,8713,1806,0.20728,14520,257.5,185.5,442.4,46.5,2.13,0.8327,0.1673,0.0,0.0,0.0,0.0,0.0,0.1123,0.1151,0.1603,0.1764,0.1113,0.1062,0.1298,0.0887,-0.0527,0.1018,0.2011,1.0,prealpino,0.3169,0.3169,True
04535_00885,45.35,8.85,45.3,8.8,1.0,0.16174,0.0,0.0,0.0,0.0,0.0,0.00621,8699,1407,0.16174,14400,104.9,77.0,128.7,9.3,0.83,1.0,0.0,0.0,0.0,0.0,0.0,0.0,0.0595,0.3527,0.262,0.0552,0.0085,0.1048,0.1445,0.0127,0.2071,0.3324,0.049,1.0,prealpino,0.25,0.25,True
04535_00895,45.35,8.95,45.3,8.9,1.0,0.10984,0.0,0.0,0.0,0.0,0.0,0.01513,8722,958,0.10984,14400,102.0,71.0,137.0,11.5,0.75,1.0,0.0,0.0,0.0,0.0,0.0,0.0,0.0308,0.1265,0.1214,0.0479,0.0752,0.2427,0.2752,0.0803,-0.1082,-0.2591,0.0406,1.0,prealpino,0.25,0.25,True
04535_01165,45.35,11.65,45.3,11.6,1.0,0.18959,0.0,0.0,0.0,0.0,0.0,0.0,8703,1650,0.18959,14280,85.0,8.6,596.7,111.9,5.99,0.9308,0.0692,0.0,0.0,0.0,0.0,0.0,0.1355,0.0888,0.0881,0.0908,0.09,0.1187,0.1857,0.2024,0.106,-0.2032,0.473,1.0,prealpino,0.2777,0.2777,True
04535_01175,45.35,11.75,45.3,11.7,1.0,0.19268,0.0,0.0,0.0,0.0,0.0,0.0,8714,1679,0.19268,14400,43.0,0.0,409.7,62.7,4.63,0.9893,0.0107,0.0,0.0,0.0,0.0,0.0,0.1263,0.1799,0.1932,0.1259,0.1157,0.0743,0.0783,0.1063,0.0741,0.213,0.354,1.0,prealpino,0.2543,0.2543,True
04545_00725,45.45,7.25,45.4,7.2,1.0,0.00552,0.16297,0.0,0.01484,0.01323,0.0,0.08902,8695,1465,0.16849,14280,2348.0,1167.5,3619.7,482.2,26.89,0.0,0.0,0.0,0.0018,0.0782,0.1743,0.7457,0.1109,0.1564,0.115,0.1357,0.1772,0.1134,0.0841,0.1073,-0.0581,0.0776,0.9863,0.7582,alpino,0.2132,0.1616,True
04545_00735,45.45,7.35,45.4,7.3,1.0,0.05047,0.11014,0.05898,0.03828,0.03966,0.0,0.13566,8698,1910,0.21959,14280,1963.3,733.1,3196.8,551.0,30.94,0.0,0.0,0.0284,0.0828,0.1619,0.2266,0.5002,0.1225,0.1871,0.1364,0.1212,0.1851,0.1385,0.0614,0.0478,-0.0835,0.156,0.9942,0.8612,alpino,0.4142,0.3567,True
04545_00745,45.45,7.45,45.4,7.4,1.0,0.2075,0.00806,0.0473,0.07205,0.07504,0.0,0.06169,8689,2284,0.26286,14280,1716.5,550.3,3113.2,647.4,27.03,0.0,0.0197,0.1179,0.1136,0.1938,0.1926,0.3623,0.0918,0.1428,0.1361,0.1791,0.1801,0.1802,0.0642,0.0257,-0.2326,0.1539,0.987,0.9833,alpino,0.5209,0.5122,True
04545_00755,45.45,7.55,45.4,7.5,1.0,0.41359,0.04047,0.1558,0.04208,0.07267,0.0,0.07715,8697,5304,0.60986,14280,1177.5,440.5,2399.3,405.8,27.79,0.0,0.0856,0.1779,0.2892,0.2747,0.1471,0.0254,0.1395,0.1207,0.1545,0.1297,0.158,0.1255,0.0956,0.0766,-0.0608,0.0959,0.9877,0.9706,alpino,0.8006,0.7771,True
04545_00765,45.45,7.65,45.4,7.6,1.0,0.28021,0.0,0.0422,0.10003,0.07347,0.0,0.09601,8697,2804,0.32241,14280,1213.0,386.4,2438.7,529.9,20.59,0.0,0.1627,0.1731,0.167,0.2349,0.1723,0.09,0.0325,0.0685,0.1255,0.2259,0.2171,0.1701,0.1055,0.055,-0.3868,0.0738,0.9672,0.9935,alpino,0.6793,0.6749,True
04545_00775,45.45,7.75,45.4,7.7,1.0,0.50431,0.0,0.00828,0.0199,0.00115,0.0,0.039,8693,4456,0.51259,14280,665.2,248.6,1850.2,254.1,12.34,0.0259,0.419,0.3953,0.1168,0.0395,0.0034,0.0,0.0758,0.118,0.1417,0.2502,0.1778,0.116,0.067,0.0536,-0.2477,0.2253,0.9081,0.9992,alpino,0.5854,0.5849,True
04545_00785,45.45,7.85,45.4,7.8,1.0,0.20301,0.0,0.0,0.0,0.0,0.0,0.00989,8694,1765,0.20301,14280,267.9,218.5,836.8,79.2,3.64,0.8606,0.123,0.0164,0.0,0.0,0.0,0.0,0.0612,0.0998,0.2538,0.2796,0.0678,0.0477,0.098,0.0921,-0.0996,0.3396,0.285,1.0,prealpino,0.3107,0.3107,True
04545_00795,45.45,7.95,45.4,7.9,1.0,0.20913,0.0,0.00426,0.0,0.0,0.0,0.013,8693,1855,0.21339,14280,298.3,215.0,697.5,123.6,3.66,0.7687,0.1941,0.0372,0.0,0.0,0.0,0.0,0.0572,0.2095,0.067,0.0411,0.1407,0.4233,0.0397,0.0216,-0.2675,-0.0924,0.3085,0.999,prealpino,0.3537,0.3533,True
04545_00805,45.45,8.05,45.4,8.0,1.0,0.36791,0.0,0.0,0.0,0.0,0.0,0.02116,8695,3199,0.36791,14399,318.9,228.2,568.7,77.4,4.38,0.5203,0.4797,0.0,0.0,0.0,0.0,0.0,0.1093,0.2581,0.1316,0.0723,0.1298,0.2122,0.0336,0.053,-0.008,0.1488,0.5266,1.0,prealpino,0.4419,0.4419,True
04545_00875,45.45,8.75,45.4,8.7,1.0,0.10361,0.0,0.0,0.0,0.0,0.0,0.00023,8696,901,0.10361,14280,135.1,108.0,172.9,10.4,0.76,1.0,0.0,0.0,0.0,0.0,0.0,0.0,0.0847,0.3914,0.1821,0.0591,0.0272,0.0958,0.1134,0.0463,0.2533,0.3091,0.0438,1.0,prealpino,0.25,0.25,True
04545_00885,45.45,8.85,45.4,8.8,1.0,0.11573,0.0,0.0,0.0,0.0,0.0,0.03046,8701,1007,0.11573,14280,127.1,93.5,168.4,15.6,0.84,1.0,0.0,0.0,0.0,0.0,0.0,0.0,0.0191,0.1386,0.2097,0.0676,0.0901,0.2669,0.1594,0.0485,-0.1751,-0.0287,0.0404,1.0,prealpino,0.25,0.25,True
04545_01145,45.45,11.45,45.4,11.4,1.0,0.2231,0.0,0.0,0.0084,0.0,0.0,0.0,8691,1939,0.2231,14280,118.8,17.0,402.3,91.1,7.13,0.9536,0.0464,0.0,0.0,0.0,0.0,0.0,0.1134,0.1029,0.1019,0.0867,0.1,0.1122,0.1994,0.1835,0.076,-0.1787,0.5662,1.0,prealpino,0.2686,0.2686,True
04545_01155,45.45,11.55,45.4,11.5,1.0,0.42274,0.0,0.0,0.0,0.0,0.0,0.0,8691,3674,0.42274,14399,161.1,14.8,443.5,131.1,9.75,0.783,0.217,0.0,0.0,0.0,0.0,0.0,0.113,0.1406,0.187,0.1291,0.0932,0.0949,0.1288,0.1135,0.0426,0.1049,0.7474,1.0,prealpino,0.3368,0.3368,True
04555_00695,45.55,6.95,45.5,6.9,0.078,0.0,0.13051,0.00184,0.32738,0.00288,0.0,0.0,8681,1149,0.13235,14400,2467.4,1307.4,3659.3,487.8,25.28,0.0,0.0,0.0,0.0,0.0413,0.1553,0.8033,0.1162,0.1058,0.0588,0.0317,0.0929,0.2222,0.2111,0.1613,0.033,-0.3378,0.9938,0.7528,alpino,0.1669,0.1256,True
04555_00755,45.55,7.55,45.5,7.5,1.0,0.02513,0.1526,0.06754,0.05936,0.1042,0.0,0.05982,8676,2128,0.24527,14400,2023.3,939.5,3117.5,481.3,28.2,0.0,0.0,0.0,0.0434,0.1753,0.2617,0.5195,0.0828,0.1065,0.1545,0.1285,0.1467,0.186,0.0917,0.1033,-0.1421,0.0236,0.9952,0.8307,alpino,0.3886,0.3228,True
04555_00765,45.55,7.65,45.5,7.6,1.0,0.03042,0.06395,0.01233,0.11234,0.12421,0.0,0.14391,8679,926,0.1067,14400,2011.3,897.8,2786.7,381.8,27.29,0.0,0.0,0.0001,0.0244,0.1428,0.2778,0.5549,0.1542,0.1876,0.1641,0.1236,0.0965,0.0808,0.0722,0.1211,0.1331,0.1692,0.9977,0.8444,alpino,0.3478,0.2937,True
04555_00775,45.55,7.75,45.5,7.7,1.0,0.16651,0.07801,0.07905,0.1021,0.05278,0.0,0.19037,8678,2808,0.32357,14400,1391.4,291.6,2516.2,485.6,26.44,0.0018,0.0606,0.0981,0.1847,0.3004,0.2437,0.1106,0.1398,0.2152,0.1585,0.1533,0.0957,0.1135,0.0538,0.0702,0.0576,0.2439,0.9712,0.9275,alpino,0.7148,0.663,True
04555_00785,45.55,7.85,45.5,7.8,1.0,0.35281,0.0,0.02857,0.00495,0.03756,0.0,0.13619,8679,3310,0.38138,14400,895.1,244.5,2346.0,573.4,18.66,0.1919,0.2222,0.1536,0.1297,0.1471,0.1111,0.0444,0.0246,0.0736,0.1064,0.1098,0.1496,0.2942,0.1886,0.0532,-0.3271,-0.1971,0.8619,0.9963,alpino,0.5542,0.5521,True
04555_00795,45.55,7.95,45.5,7.9,1.0,0.33729,0.0,0.04932,0.05935,0.02501,0.0,0.04275,8678,3355,0.38661,14400,812.5,313.4,2154.2,384.7,13.54,0.0,0.3862,0.3024,0.1472,0.1059,0.0513,0.0069,0.0693,0.1741,0.1632,0.2732,0.1828,0.1191,0.0129,0.0055,-0.2742,0.3938,0.9393,0.9936,alpino,0.6285,0.6245,True
04555_00805,45.55,8.05,45.5,8.0,1.0,0.16363,0.0,0.01106,0.0,0.0,0.0,0.02397,8678,1516,0.17469,14520,406.3,278.1,847.7,100.2,3.97,0.0638,0.8875,0.0487,0.0,0.0,0.0,0.0,0.0237,0.1242,0.1998,0.2062,0.193,0.1623,0.073,0.0177,-0.3461,0.2406,0.3771,0.9968,prealpino,0.6391,0.6371,True
04555_00815,45.55,8.15,45.5,8.1,1.0,0.26296,0.0,0.00564,0.0,0.0,0.0,0.0197,8682,2332,0.2686,14280,296.9,207.0,578.3,53.6,3.15,0.6174,0.3826,0.0,0.0,0.0,0.0,0.0,0.0472,0.1783,0.1785,0.1496,0.166,0.1642,0.1003,0.016,-0.2175,0.1843,0.3637,0.999,prealpino,0.403,0.4026,True
04555_00825,45.55,8.25,45.5,8.2,1.0,0.25115,0.0,0.0,0.0,0.0,0.0,0.00219,8684,2181,0.25115,14400,241.6,177.0,436.9,35.8,1.84,0.9331,0.0669,0.0,0.0,0.0,0.0,0.0,0.0025,0.1355,0.2174,0.1175,0.1013,0.263,0.1535,0.0092,-0.2816,0.0571,0.1967,1.0,prealpino,0.2768,0.2768,True
04555_00835,45.55,8.35,45.5,8.3,1.0,0.17656,0.0,0.0,0.0,0.0,0.0,0.05555,8677,1532,0.17656,14400,226.9,180.5,286.5,23.4,0.86,1.0,0.0,0.0,0.0,0.0,0.0,0.0,0.0,0.0,0.487,0.3766,0.0974,0.013,0.026,0.0,-0.4059,0.7521,0.0107,1.0,prealpino,0.25,0.25,True
04555_00845,45.55,8.45,45.5,8.4,1.0,0.20768,0.0,0.0,0.0,0.0,0.0,0.0234,8677,1802,0.20768,14400,218.4,173.1,294.6,29.9,1.39,1.0,0.0,0.0,0.0,0.0,0.0,0.0,0.0019,0.1377,0.2235,0.0216,0.0173,0.4315,0.166,0.0006,-0.2134,-0.1546,0.1125,1.0,prealpino,0.25,0.25,True
04555_00865,45.55,8.65,45.5,8.6,1.0,0.09316,0.01566,0.05044,0.0,0.0,0.0,0.00576,8684,1383,0.15926,14280,184.2,135.5,243.2,21.1,1.1,1.0,0.0,0.0,0.0,0.0,0.0,0.0,0.0056,0.162,0.5847,0.0819,0.0196,0.0466,0.0866,0.013,0.025,0.633,0.0752,0.9596,prealpino,0.25,0.2399,True
04555_00875,45.55,8.75,45.5,8.7,1.0,0.30738,0.0,0.01522,0.0,0.0,0.0,0.02964,8670,2797,0.3226,14400,170.8,121.0,222.9,24.7,1.39,1.0,0.0,0.0,0.0,0.0,0.0,0.0,0.0223,0.0972,0.1565,0.0631,0.0682,0.2671,0.2493,0.0764,-0.1498,-0.2318,0.0936,0.9976,prealpino,0.25,0.2494,True
04555_01025,45.55,10.25,45.5,10.2,1.0,0.24424,0.0,0.0,0.0,0.0,0.0,0.05564,8717,2129,0.24424,14400,242.7,111.3,871.7,155.8,7.93,0.7692,0.1768,0.054,0.0,0.0,0.0,0.0,0.0972,0.0531,0.0731,0.158,0.1401,0.2082,0.1194,0.1509,-0.16,-0.1496,0.4352,1.0,prealpino,0.3585,0.3585,True
04555_01035,45.55,10.35,45.5,10.3,1.0,0.42517,0.0,0.0,0.0,0.0,0.0,0.06401,8686,3693,0.42517,14400,401.1,137.1,1146.6,262.8,10.74,0.4815,0.2644,0.2019,0.0522,0.0,0.0,0.0,0.0491,0.0567,0.1222,0.2111,0.245,0.1239,0.1093,0.0827,-0.343,0.0555,0.6659,1.0,prealpino,0.5362,0.5362,True
04555_01045,45.55,10.45,45.5,10.4,1.0,0.19254,0.0,0.0,0.0,0.0,0.0,0.00716,8658,1667,0.19254,14400,253.9,130.5,874.3,100.2,5.08,0.8091,0.1667,0.0242,0.0,0.0,0.0,0.0,0.0609,0.0791,0.1738,0.2129,0.0928,0.0972,0.195,0.0883,-0.1329,0.0542,0.4732,1.0,prealpino,0.3336,0.3336,True
04555_01085,45.55,10.85,45.5,10.8,1.0,0.28156,0.003,0.01557,0.0,0.0,0.0,0.0,8673,2603,0.30013,14400,303.7,80.5,1117.5,223.9,10.52,0.6486,0.2174,0.1124,0.0217,0.0,0.0,0.0,0.0283,0.0431,0.1316,0.2078,0.153,0.1253,0.2021,0.1089,-0.25,-0.0551,0.6855,0.9949,prealpino,0.4319,0.4297,True
04555_01095,45.55,10.95,45.5,10.9,1.0,0.32201,0.0,0.04375,0.00668,0.0,0.0,0.0,8686,3177,0.36576,14400,426.9,101.4,909.8,185.3,11.83,0.2772,0.517,0.2045,0.0013,0.0,0.0,0.0,0.0252,0.0451,0.1423,0.1803,0.1067,0.1884,0.2402,0.0718,-0.2666,-0.1273,0.8999,0.994,prealpino,0.6009,0.5973,True
04555_01105,45.55,11.05,45.5,11.0,1.0,0.37018,0.00725,0.01877,0.00714,0.0,0.0,0.0,8685,3441,0.3962,14520,538.4,125.7,1096.4,200.1,12.22,0.1526,0.4446,0.3705,0.0322,0.0,0.0,0.0,0.0254,0.0437,0.146,0.1309,0.1267,0.2199,0.2366,0.0709,-0.275,-0.1775,0.9531,0.9931,prealpino,0.7113,0.7064,True
04555_01115,45.55,11.15,45.5,11.1,1.0,0.45995,0.01809,0.00357,0.0,0.0,0.0,0.0,8677,4179,0.48161,14280,584.2,152.6,1068.6,191.0,12.87,0.0511,0.5001,0.3961,0.0527,0.0,0.0,0.0,0.0449,0.0815,0.2004,0.1378,0.1288,0.1732,0.1728,0.0606,-0.2151,0.0161,0.9321,0.9902,prealpino,0.7668,0.7593,True
04555_01125,45.55,11.25,45.5,11.2,1.0,0.39815,0.0,0.0,0.0,0.0,0.0,0.0,8670,3452,0.39815,14400,443.3,112.6,920.8,160.0,13.31,0.2153,0.6131,0.1715,0.0001,0.0,0.0,0.0,0.0416,0.1531,0.2141,0.1146,0.113,0.1843,0.1476,0.0318,-0.1498,0.103,0.9688,1.0,prealpino,0.6154,0.6154,True
04555_01135,45.55,11.35,45.5,11.3,1.0,0.12713,0.0,0.0,0.0,0.0,0.0,0.0,8684,1104,0.12713,14400,222.9,57.5,696.5,131.7,6.83,0.7572,0.2321,0.0107,0.0,0.0,0.0,0.0,0.0653,0.201,0.2607,0.1372,0.1398,0.0944,0.0642,0.0374,-0.0647,0.3498,0.6392,1.0,prealpino,0.3503,0.3503,True
04555_01145,45.55,11.45,45.5,11.4,1.0,0.20417,0.0,0.0,0.0,0.0,0.0,0.0,8679,1772,0.20417,14400,91.7,30.5,320.6,62.4,6.63,0.9969,0.0031,0.0,0.0,0.0,0.0,0.0,0.0793,0.145,0.2303,0.1456,0.1045,0.1176,0.121,0.0567,-0.0696,0.2009,0.5715,1.0,prealpino,0.2512,0.2512,True
04555_01375,45.55,13.75,45.5,13.7,0.0729,0.05173,0.0,0.10128,0.0,0.0,0.0,0.00334,8679,1328,0.15301,14400,66.3,-2.5,406.8,75.5,5.73,0.9901,0.0099,0.0,0.0,0.0,0.0,0.0,0.2102,0.1214,0.0979,0.0736,0.1456,0.121,0.0783,0.152,0.1227,-0.033,0.6194,0.9669,prealpino,0.254,0.2456,True
04555_01385,45.55,13.85,45.5,13.8,0.0985,0.26527,0.08447,0.17147,0.03146,0.0,0.0,0.09369,8678,4523,0.52121,14400,216.0,2.1,463.1,123.4,9.49,0.7192,0.2808,0.0,0.0,0.0,0.0,0.0,0.1566,0.144,0.0557,0.0483,0.1244,0.1958,0.1365,0.1386,0.0596,-0.1875,0.8656,0.943,prealpino,0.3623,0.3416,True
04565_00685,45.65,6.85,45.6,6.8,0.1011,0.02193,0.17721,0.00647,0.41215,0.04837,0.0,0.00058,8662,1781,0.20561,14400,1917.6,834.3,2924.6,491.5,22.7,0.0,0.0,0.0259,0.0889,0.1459,0.2281,0.5112,0.0646,0.0477,0.0596,0.1591,0.219,0.1888,0.1439,0.1173,-0.2893,-0.1572,0.9908,0.783,alpino,0.4039,0.3163,True
04565_00715,45.65,7.15,45.6,7.1,1.0,0.00069,0.33245,0.04052,0.00462,0.02609,0.0,0.19358,8663,3237,0.37366,14400,1887.4,679.5,3368.9,603.2,30.72,0.0,0.0,0.0322,0.0965,0.2311,0.2403,0.3999,0.1475,0.12,0.2658,0.1172,0.0105,0.014,0.093,0.232,0.2947,0.1617,0.9969,0.7721,alpino,0.5023,0.3878,True
04565_00725,45.65,7.25,45.6,7.2,1.0,0.00115,0.37608,0.08103,0.01939,0.00381,0.0,0.11786,8663,3970,0.45826,14400,1930.2,661.0,3572.7,634.5,29.9,0.0,0.0,0.0374,0.0973,0.2214,0.1924,0.4515,0.2094,0.1755,0.0859,0.0261,0.0396,0.0761,0.1977,0.1896,0.3664,-0.1612,0.9981,0.786,alpino,0.4733,0.372,True
04565_00735,45.65,7.35,45.6,7.3,1.0,0.0,0.20819,0.00289,0.01212,0.02354,0.0,0.1296,8665,1829,0.21108,14400,2313.1,1315.6,3490.2,474.4,26.74,0.0,0.0,0.0,0.0,0.0764,0.209,0.7147,0.1223,0.1524,0.0673,0.0779,0.1051,0.1689,0.1506,0.1554,0.0626,-0.1523,0.9934,0.7527,alpino,0.2271,0.1709,True
04565_00765,45.65,7.65,45.6,7.6,1.0,0.11069,0.28382,0.14254,0.00312,0.012,0.0,0.24815,8664,4653,0.53705,14400,1313.7,349.5,2499.2,527.8,26.12,0.0,0.1376,0.1095,0.1365,0.2708,0.2647,0.0809,0.1815,0.1846,0.157,0.1711,0.1332,0.0561,0.0508,0.0659,0.067,0.2759,0.9575,0.8546,alpino,0.6817,0.5826,True
04565_00775,45.65,7.75,45.6,7.7,1.0,0.19822,0.13923,0.12526,0.0157,0.02979,0.0,0.21011,8662,4008,0.46271,14400,1285.1,309.0,2974.1,666.0,28.98,0.0,0.1725,0.1805,0.1498,0.1764,0.1327,0.1881,0.1232,0.0789,0.0485,0.1109,0.174,0.2169,0.13,0.1175,-0.1494,-0.1891,0.959,0.9112,alpino,0.5953,0.5424,True
04565_00785,45.65,7.85,45.6,7.8,1.0,0.12875,0.18366,0.12806,0.00254,0.03357,0.0,0.31484,8668,3818,0.44047,14400,1530.9,369.5,2884.7,474.2,27.8,0.0,0.0203,0.086,0.1649,0.2572,0.3008,0.1709,0.0981,0.0768,0.1256,0.124,0.1073,0.0956,0.197,0.1756,0.0093,-0.125,0.9956,0.8812,alpino,0.6634,0.5846,True
04565_00795,45.65,7.95,45.6,7.9,1.0,0.10665,0.01512,0.12823,0.0883,0.15974,0.0,0.16759,8664,2166,0.25,14400,1619.6,728.0,2569.9,398.0,26.37,0.0,0.0,0.0215,0.1483,0.3267,0.2897,0.2138,0.0979,0.1611,0.1731,0.1727,0.1171,0.1391,0.0693,0.0697,-0.0835,0.1983,0.999,0.9592,alpino,0.6601,0.6332,True
04565_00805,45.65,8.05,45.6,8.0,1.0,0.36597,0.02598,0.17802,0.13623,0.02863,0.0,0.08012,8662,4937,0.56997,14520,1063.5,479.0,2218.9,353.1,19.09,0.0,0.0564,0.3386,0.2468,0.2815,0.072,0.0047,0.045,0.1193,0.1521,0.1874,0.1587,0.1911,0.096,0.0504,-0.2685,0.1019,0.9818,0.973,alpino,0.8249,0.8026,True
04565_00815,45.65,8.15,45.6,8.1,1.0,0.58934,0.02078,0.11796,0.00035,0.00289,0.0,0.04144,8664,6308,0.72808,14280,687.0,311.9,1582.8,251.6,14.55,0.0,0.4738,0.3332,0.1354,0.0576,0.0,0.0,0.0602,0.1091,0.1723,0.2401,0.1596,0.1223,0.0674,0.0689,-0.2358,0.224,0.9497,0.9848,alpino,0.5921,0.5831,True
04565_00825,45.65,8.25,45.6,8.2,1.0,0.76117,0.0,0.01131,0.0,0.0,0.0,0.08796,8663,6692,0.77248,14400,441.8,264.6,780.0,99.7,9.6,0.0395,0.8812,0.0792,0.0,0.0,0.0,0.0,0.067,0.1074,0.1917,0.1501,0.1288,0.1421,0.139,0.0739,-0.1426,0.0833,0.8849,0.9993,prealpino,0.6579,0.6574,True
04565_00835,45.65,8.35,45.6,8.3,1.0,0.58114,0.0,0.0,0.0,0.0,0.0,0.00923,8664,5035,0.58114,14400,351.3,237.5,729.3,78.6,5.82,0.3162,0.6728,0.011,0.0,0.0,0.0,0.0,0.0559,0.0992,0.1664,0.1653,0.1595,0.1866,0.1104,0.0567,-0.251,0.0733,0.5403,1.0,prealpino,0.5268,0.5268,True
04565_00845,45.65,8.45,45.6,8.4,1.0,0.32198,0.0,0.0105,0.0,0.0,0.0,0.02354,8665,2881,0.33248,14400,309.2,233.0,481.9,38.2,2.11,0.4223,0.5777,0.0,0.0,0.0,0.0,0.0,0.0173,0.1994,0.3324,0.0854,0.0469,0.208,0.1042,0.0065,-0.0831,0.282,0.1926,0.9984,prealpino,0.4811,0.4803,True
04565_00855,45.65,8.55,45.6,8.5,1.0,0.21678,0.0,0.06684,0.0,0.0,0.0,0.0,8663,2457,0.28362,14520,290.0,220.2,388.3,39.4,2.06,0.5523,0.4477,0.0,0.0,0.0,0.0,0.0,0.0171,0.0974,0.2247,0.1079,0.0684,0.1941,0.2721,0.0181,-0.1815,-0.0529,0.2093,0.9882,prealpino,0.4291,0.424,True
04565_00865,45.65,8.65,45.6,8.6,1.0,0.27437,0.02665,0.09957,0.0,0.0,0.0,0.00496,8667,3472,0.40059,14280,235.1,148.5,356.7,47.5,3.07,0.923,0.077,0.0,0.0,0.0,0.0,0.0,0.071,0.1441,0.2015,0.1636,0.1001,0.1278,0.1175,0.0744,-0.0783,0.1607,0.3343,0.9709,prealpino,0.2808,0.2726,True
04565_00875,45.65,8.75,45.6,8.7,1.0,0.12415,0.00415,0.16684,0.0,0.0,0.0,0.00554,8667,2558,0.29514,14400,246.2,146.5,330.8,30.4,1.56,0.9559,0.0441,0.0,0.0,0.0,0.0,0.0,0.0348,0.0408,0.137,0.1565,0.1408,0.2136,0.2016,0.075,-0.3001,-0.1296,0.1278,0.9682,prealpino,0.2676,0.2591,True
04565_00885,45.65,8.85,45.6,8.8,1.0,0.10956,0.0,0.00127,0.0,0.0,0.0,0.00289,8662,960,0.11083,14400,248.6,207.8,327.0,22.3,1.24,0.9799,0.0201,0.0,0.0,0.0,0.0,0.0,0.0185,0.0385,0.2592,0.1605,0.0441,0.11,0.3266,0.0425,-0.1528,-0.0346,0.0865,0.9994,prealpino,0.258,0.2578,True
04565_00895,45.65,8.95,45.6,8.9,1.0,0.22549,0.0,0.01628,0.0,0.0,0.0,0.0,8661,2094,0.24177,14400,244.4,187.6,310.7,24.0,1.13,0.9951,0.0049,0.0,0.0,0.0,0.0,0.0,0.0391,0.0918,0.2146,0.1377,0.1309,0.2024,0.1363,0.0472,-0.2482,0.0536,0.0515,0.9966,prealpino,0.252,0.2511,True
04565_00985,45.65,9.85,45.6,9.8,1.0,0.18561,0.0,0.0,0.0,0.0,0.0,0.0,8658,1607,0.18561,14400,257.8,151.0,720.8,98.4,4.98,0.7928,0.2008,0.0064,0.0,0.0,0.0,0.0,0.1083,0.0896,0.074,0.1235,0.2009,0.155,0.1175,0.1313,-0.1386,-0.0995,0.3257,1.0,prealpino,0.3348,0.3348,True
04565_00995,45.65,9.95,45.6,9.9,1.0,0.29245,0.0,0.0,0.0,0.0,0.0,0.0,8658,2532,0.29245,14400,293.6,156.0,960.1,130.2,8.89,0.6833,0.2785,0.036,0.0022,0.0,0.0,0.0,0.0756,0.098,0.1358,0.1734,0.1685,0.0963,0.1435,0.1089,-0.1435,0.0453,0.5983,1.0,prealpino,0.3882,0.3882,True
04565_01005,45.65,10.05,45.6,10.0,1.0,0.20721,0.0,0.05047,0.0,0.0,0.0,0.00705,8658,2231,0.25768,14520,292.3,185.0,961.2,159.5,8.06,0.7424,0.1828,0.072,0.0028,0.0,0.0,0.0,0.0836,0.0671,0.0886,0.117,0.2008,0.1401,0.1042,0.1986,-0.1115,-0.1218,0.4587,0.9902,prealpino,0.3756,0.3719,True
04565_01015,45.65,10.15,45.6,10.1,1.0,0.72985,0.0,0.0,0.00046,0.0,0.0,0.00531,8658,6319,0.72985,14280,521.6,179.0,1137.4,209.9,18.54,0.1872,0.4492,0.3207,0.0429,0.0,0.0,0.0,0.0919,0.083,0.1385,0.145,0.1412,0.1295,0.1535,0.1175,-0.105,-0.0308,0.9277,1.0,prealpino,0.6863,0.6863,True
04565_01025,45.65,10.25,45.6,10.2,1.0,0.81282,0.0,0.00035,0.00878,0.0,0.0,0.04252,8655,7038,0.81317,14400,714.5,200.5,1335.8,256.8,21.75,0.066,0.2817,0.384,0.249,0.0192,0.0,0.0,0.1085,0.1025,0.0807,0.0854,0.1522,0.1998,0.1554,0.1155,-0.0947,-0.1699,0.968,1.0,alpino,0.6455,0.6455,True
04565_01035,45.65,10.35,45.6,10.3,1.0,0.62842,0.01166,0.06453,0.0,0.0,0.0,0.08646,8663,6104,0.70461,14400,589.2,283.7,1225.5,186.0,16.5,0.0029,0.5704,0.3559,0.0706,0.0001,0.0,0.0,0.141,0.1741,0.1595,0.1247,0.1243,0.1029,0.0648,0.1087,0.0578,0.1565,0.9643,0.9913,prealpino,0.7803,0.7735,True
04565_01045,45.65,10.45,45.6,10.4,1.0,0.71595,0.0,0.00277,0.0,0.0,0.0,0.03146,8678,6237,0.71872,14400,509.7,124.1,1119.6,208.8,17.28,0.1802,0.492,0.282,0.0458,0.0,0.0,0.0,0.0965,0.1082,0.1279,0.1426,0.1832,0.1312,0.0902,0.1202,-0.1233,0.0417,0.9399,0.9998,prealpino,0.6785,0.6784,True
04565_01055,45.65,10.55,45.6,10.5,1.0,0.54066,0.0,0.06541,0.00588,0.0,0.00069,0.05952,8669,5254,0.60607,14520,559.1,64.3,1557.5,372.0,18.74,0.3023,0.2479,0.2404,0.1609,0.0485,0.0,0.0,0.0664,0.0488,0.1041,0.2245,0.2043,0.1174,0.1452,0.0892,-0.2873,0.0044,0.8365,0.9946,prealpino,0.6696,0.666,True
04565_01065,45.65,10.65,45.6,10.6,1.0,0.15403,0.0,0.0,0.0,0.0,0.00438,0.00392,8667,1335,0.15403,14280,166.2,64.5,1022.5,196.4,6.34,0.8197,0.1179,0.0599,0.0025,0.0,0.0,0.0,0.0156,0.0469,0.1605,0.4264,0.089,0.0464,0.1404,0.0748,-0.3135,0.2777,0.3107,1.0,prealpino,0.341,0.341,True
04565_01075,45.65,10.75,45.6,10.7,1.0,0.46636,0.01962,0.02747,0.02435,0.0,0.0,0.01039,8665,4449,0.51345,14400,547.7,64.5,1450.0,392.4,12.06,0.3299,0.2333,0.2046,0.1684,0.0638,0.0,0.0,0.0126,0.0107,0.0321,0.0739,0.1287,0.1161,0.3171,0.3087,-0.0421,-0.5556,0.7743,0.9878,prealpino,0.6543,0.6463,True
04565_01085,45.65,10.85,45.6,10.8,1.0,0.43512,0.02944,0.07308,0.12376,0.03879,0.0,0.01074,8662,4657,0.53764,14400,790.1,96.5,2142.7,484.4,19.89,0.194,0.2013,0.2151,0.1799,0.1431,0.0614,0.0053,0.0193,0.0353,0.1992,0.2872,0.091,0.097,0.1896,0.0815,-0.268,0.1113,0.9225,0.9795,alpino,0.6072,0.5948,True
04565_01095,45.65,10.95,45.6,10.9,1.0,0.36054,0.03637,0.11625,0.12168,0.0,0.0,0.0,8662,4445,0.51316,14400,872.6,113.0,1556.8,352.4,15.73,0.079,0.1079,0.364,0.2404,0.2087,0.0,0.0,0.0559,0.0575,0.1016,0.1147,0.1169,0.1872,0.2378,0.1283,-0.1424,-0.2436,0.9574,0.971,alpino,0.7535,0.7316,True
04565_01105,45.65,11.05,45.6,11.0,1.0,0.27318,0.04838,0.08024,0.37271,0.0,0.0,0.0,8661,3480,0.4018,14520,1250.9,504.5,1790.1,243.7,12.44,0.0,0.0023,0.0778,0.3451,0.5101,0.0646,0.0,0.0265,0.0371,0.1231,0.1697,0.1515,0.2095,0.2133,0.0693,-0.3257,-0.1438,0.9698,0.9599,alpino,0.946,0.9081,True
04565_01115,45.65,11.15,45.6,11.1,1.0,0.44459,0.03267,0.09282,0.10586,0.05426,0.0,0.0,8662,4938,0.57008,14280,1108.3,435.5,1959.9,297.4,22.23,0.0,0.0258,0.2397,0.3805,0.291,0.0631,0.0,0.0649,0.1263,0.2066,0.1529,0.1201,0.1389,0.1308,0.0595,-0.1368,0.1357,0.989,0.9775,alpino,0.883,0.8631,True
04565_01125,45.65,11.25,45.6,11.2,1.0,0.55706,0.00358,0.04061,0.02504,0.0,0.0,0.0,8667,5211,0.60125,14400,662.3,247.0,1644.3,252.0,17.89,0.024,0.4177,0.4028,0.115,0.0397,0.0008,0.0,0.1031,0.2241,0.1668,0.1299,0.1135,0.136,0.0802,0.0464,-0.0087,0.2138,0.9824,0.9951,alpino,0.5869,0.584,True
04565_01135,45.65,11.35,45.6,11.3,1.0,0.42956,0.0,0.0,0.0,0.0,0.0,0.0,8667,3723,0.42956,14400,353.7,111.6,885.5,169.8,11.16,0.4708,0.4119,0.1173,0.0,0.0,0.0,0.0,0.0971,0.1977,0.2109,0.1216,0.0821,0.1325,0.1007,0.0573,0.0161,0.201,0.8092,1.0,prealpino,0.4969,0.4969,True
04565_01145,45.65,11.45,45.6,11.4,1.0,0.1017,0.0,0.0,0.0,0.0,0.0,0.0,8663,881,0.1017,14400,120.5,47.4,423.1,67.0,3.29,0.9542,0.0458,0.0,0.0,0.0,0.0,0.0,0.1605,0.2402,0.2369,0.0992,0.064,0.0891,0.0405,0.0697,0.1861,0.336,0.2073,1.0,prealpino,0.2683,0.2683,True
04565_01375,45.65,13.75,45.6,13.7,0.4136,0.02458,0.02262,0.05828,0.0,0.0,0.0,0.01096,8665,914,0.10548,14400,54.4,-0.6,443.9,104.0,3.17,0.9183,0.0817,0.0,0.0,0.0,0.0,0.0,0.1514,0.0782,0.0257,0.0523,0.1429,0.2886,0.1508,0.1103,-0.1104,-0.3187,0.3003,0.9188,prealpino,0.2827,0.2597,True
04565_01385,45.65,13.85,45.6,13.8,0.7,0.16886,0.11404,0.16401,0.00323,0.0,0.0,0.14081,8664,3872,0.44691,14400,303.0,0.0,679.5,142.1,6.28,0.3165,0.6754,0.0081,0.0,0.0,0.0,0.0,0.0974,0.1118,0.0506,0.0517,0.1452,0.2545,0.1868,0.1022,-0.1107,-0.2778,0.5674,0.9179,prealpino,0.5258,0.4826,True
04575_00695,45.75,6.95,45.7,6.9,1.0,0.00451,0.29361,0.01191,0.08854,0.023,0.0,0.12657,8651,2682,0.31003,14520,1943.4,994.1,3149.6,446.4,26.39,0.0,0.0,0.0,0.0417,0.2076,0.3101,0.4405,0.1166,0.1414,0.1628,0.1377,0.0832,0.0962,0.1313,0.131,0.0569,0.0735,0.9895,0.7613,alpino,0.4419,0.3364,True
04575_00705,45.75,7.05,45.7,7.0,1.0,0.0052,0.37984,0.02162,0.04208,0.05803,0.0,0.12276,8651,3518,0.40666,14520,1752.9,795.6,2907.0,513.3,25.55,0.0,0.0,0.027,0.1658,0.1884,0.2606,0.3583,0.0952,0.2072,0.1043,0.1007,0.1515,0.1832,0.0808,0.077,-0.0551,0.0557,0.9863,0.7638,alpino,0.5343,0.4081,True
04575_00715,45.75,7.15,45.7,7.1,1.0,0.02,0.20129,0.00382,0.02497,0.06787,0.0,0.13874,8649,1947,0.22511,14520,1953.0,663.1,3018.9,565.7,23.5,0.0,0.0,0.0721,0.0762,0.1018,0.1969,0.553,0.0631,0.0755,0.1216,0.2036,0.2167,0.1364,0.1115,0.0715,-0.3029,0.0656,0.9946,0.7756,alpino,0.3644,0.2826,True
04575_00725,45.75,7.25,45.7,7.2,1.0,0.00104,0.30558,0.02948,0.03272,0.01827,0.0,0.10961,8649,2907,0.3361,14520,1474.9,570.6,2891.5,603.5,20.59,0.0,0.03,0.1995,0.1525,0.195,0.1718,0.2512,0.1086,0.1211,0.2252,0.2023,0.1926,0.0728,0.0078,0.0698,-0.1434,0.3558,0.9684,0.7683,alpino,0.6047,0.4646,True
04575_00735,45.75,7.35,45.7,7.3,1.0,0.02567,0.20331,0.10362,0.0,0.02012,0.0,0.16445,8647,2876,0.3326,14520,1184.9,528.0,2863.9,586.1,20.45,0.0,0.1732,0.2548,0.1708,0.1674,0.111,0.1228,0.1807,0.0533,0.0797,0.1041,0.2101,0.1587,0.1072,0.1062,-0.1037,-0.1069,0.8902,0.8316,alpino,0.6444,0.5359,True
04575_00745,45.75,7.45,45.7,7.4,1.0,0.02797,0.35745,0.03987,0.00231,0.01029,0.0,0.21253,8653,3680,0.42529,14520,1303.6,491.0,2891.2,527.2,23.6,0.0,0.1177,0.1514,0.1734,0.2542,0.1977,0.1056,0.1862,0.0878,0.1027,0.1243,0.2292,0.0996,0.0705,0.0998,-0.062,0.0394,0.9647,0.7852,alpino,0.6888,0.5408,True
04575_00755,45.75,7.55,45.7,7.5,1.0,0.01272,0.3479,0.0962,0.0,0.00243,0.0,0.21586,8649,3951,0.45682,14520,1276.2,447.0,2653.7,504.6,22.69,0.0,0.1168,0.1495,0.198,0.2497,0.1974,0.0886,0.1949,0.1072,0.0748,0.0991,0.239,0.0921,0.0634,0.1296,-0.0156,0.0004,0.9842,0.7991,alpino,0.7062,0.5643,True
04575_00765,45.75,7.65,45.7,7.6,1.0,0.0881,0.28165,0.15204,0.0,0.00809,0.0,0.15875,8649,4513,0.52179,14520,1249.5,369.5,2693.3,544.1,23.25,0.0,0.1452,0.1717,0.1759,0.2256,0.1813,0.1003,0.1253,0.0916,0.1052,0.0654,0.1641,0.2037,0.1798,0.0648,-0.1186,-0.1591,0.9826,0.8505,alpino,0.6772,0.576,True
04575_00775,45.75,7.75,45.7,7.7,1.0,0.00486,0.30207,0.03273,0.0,0.0281,0.0,0.22285,8647,2937,0.33966,14520,1825.1,771.3,2980.2,491.8,24.87,0.0,0.0,0.0074,0.1045,0.2434,0.2852,0.3595,0.0609,0.0765,0.061,0.1269,0.1691,0.2272,0.1854,0.0929,-0.2449,-0.2128,0.9907,0.7728,alpino,0.5279,0.408,True
04575_00785,45.75,7.85,45.7,7.8,1.0,0.00416,0.20365,0.01781,0.0,0.10697,0.0,0.2114,8647,1951,0.22562,14520,2010.6,993.3,3026.4,423.2,29.11,0.0,0.0,0.0,0.0335,0.1692,0.2393,0.5581,0.0893,0.1716,0.1634,0.1042,0.1038,0.1694,0.1237,0.0746,-0.0328,0.0642,0.9898,0.7704,alpino,0.3622,0.279,True
04575_00795,45.75,7.95,45.7,7.9,1.0,0.04532,0.08475,0.01145,0.10776,0.17782,0.0,0.10637,8649,1224,0.14152,14520,2003.6,1051.7,2774.5,339.3,27.56,0.0,0.0,0.0,0.0046,0.138,0.3324,0.525,0.1217,0.108,0.1292,0.1705,0.0904,0.0964,0.1298,0.1541,0.029,0.0252,0.9955,0.8462,alpino,0.3517,0.2976,True
04575_00805,45.75,8.05,45.7,8.0,1.0,0.3605,0.06718,0.14117,0.10429,0.11019,0.0,0.10198,8649,4920,0.56885,14641,1404.7,641.1,2483.1,355.6,25.49,0.0,0.0,0.0921,0.1996,0.4086,0.2522,0.0475,0.1442,0.1336,0.178,0.1217,0.1166,0.083,0.0915,0.1314,0.0724,0.121,0.9936,0.9581,alpino,0.8138,0.7797,True
04575_00815,45.75,8.15,45.7,8.1,1.0,0.51567,0.00752,0.06336,0.10868,0.1347,0.0,0.10209,8649,5073,0.58655,14399,1229.4,531.0,2018.4,314.8,27.42,0.0,0.0035,0.1695,0.2968,0.3913,0.1387,0.0003,0.0857,0.1175,0.165,0.1395,0.1105,0.1191,0.1665,0.0962,-0.0579,0.0326,0.989,0.9914,alpino,0.8843,0.8767,True
04575_00825,45.75,8.25,45.7,8.2,1.0,0.72253,0.0,0.02001,0.0,0.00798,0.0,0.06546,8646,6420,0.74254,14520,693.3,321.1,1591.4,273.8,17.11,0.0,0.4595,0.3202,0.1592,0.061,0.0,0.0,0.0628,0.1066,0.2289,0.1719,0.1243,0.1121,0.1332,0.0601,-0.1479,0.1772,0.9236,0.9987,alpino,0.6052,0.6044,True
04575_00835,45.75,8.35,45.7,8.3,1.0,0.86108,0.0,0.0,0.0,0.0,0.0,0.02452,8645,7444,0.86108,14520,643.1,289.0,1171.6,181.9,12.81,0.0237,0.4191,0.4647,0.0925,0.0,0.0,0.0,0.0859,0.1066,0.2066,0.15,0.1108,0.1159,0.1331,0.0912,-0.0687,0.1129,0.9346,1.0,alpino,0.568,0.568,True
04575_00845,45.75,8.45,45.7,8.4,1.0,0.48676,0.0,0.00012,0.0,0.0,0.0,0.0,8649,4211,0.48688,14520,413.1,289.0,830.3,95.6,6.49,0.0613,0.8756,0.0631,0.0,0.0,0.0,0.0,0.0574,0.12,0.1704,0.154,0.107,0.1683,0.168,0.0549,-0.155,0.0428,0.6319,1.0,prealpino,0.6444,0.6444,True
04575_00855,45.75,8.55,45.7,8.5,1.0,0.25916,0.01029,0.03791,0.0,0.0,0.0,0.00289,8651,2659,0.30736,14641,284.8,193.0,687.3,81.6,4.42,0.5657,0.4316,0.0027,0.0,0.0,0.0,0.0,0.0951,0.2468,0.1967,0.1773,0.0603,0.0852,0.0781,0.0607,0.0738,0.3192,0.5021,0.9855,prealpino,0.4245,0.4183,True
04575_00865,45.75,8.65,45.7,8.6,1.0,0.20439,0.00705,0.19249,0.0,0.0,0.0,0.0,8650,3494,0.40393,14399,270.3,192.5,479.9,52.2,4.48,0.7731,0.2269,0.0,0.0,0.0,0.0,0.0,0.0595,0.0974,0.1369,0.1015,0.0817,0.1252,0.2428,0.1551,0.0038,-0.167,0.5043,0.9718,prealpino,0.3408,0.3312,True
04575_00875,45.75,8.75,45.7,8.7,1.0,0.28296,0.00671,0.11783,0.0,0.0,0.0,0.0,8648,3524,0.4075,14520,303.9,236.0,436.6,43.7,3.69,0.508,0.492,0.0,0.0,0.0,0.0,0.0,0.1082,0.0825,0.1609,0.126,0.0483,0.0774,0.2105,0.1862,0.1103,-0.0874,0.4476,0.9814,prealpino,0.4468,0.4385,True
04575_00885,45.75,8.85,45.7,8.8,1.0,0.20787,0.0,0.04002,0.0,0.0,0.0,0.0,8645,2143,0.24789,14520,335.0,233.4,441.9,38.0,3.38,0.2031,0.7969,0.0,0.0,0.0,0.0,0.0,0.0569,0.0928,0.1893,0.1231,0.0524,0.1344,0.2262,0.125,-0.0265,-0.0751,0.3972,0.9919,prealpino,0.5688,0.5642,True
04575_00895,45.75,8.95,45.7,8.9,1.0,0.19877,0.00058,0.24575,0.0,0.0,0.0,0.0,8643,3847,0.4451,14520,365.8,281.0,462.5,40.0,2.64,0.053,0.947,0.0,0.0,0.0,0.0,0.0,0.0454,0.1055,0.224,0.1269,0.0668,0.1466,0.2112,0.0738,-0.0964,0.0223,0.3219,0.9721,prealpino,0.6288,0.6113,True
04575_00905,45.75,9.05,45.7,9.0,1.0,0.17667,0.02081,0.00439,0.0,0.0,0.0,0.0,8649,1746,0.20187,14641,319.2,216.0,477.7,29.8,3.17,0.1994,0.8006,0.0,0.0,0.0,0.0,0.0,0.066,0.1232,0.1802,0.1476,0.1091,0.1401,0.139,0.0947,-0.0896,0.0706,0.3475,0.9731,prealpino,0.5702,0.5549,True
04575_00915,45.75,9.15,45.7,9.1,1.0,0.13464,0.07026,0.06899,0.0,0.0,0.0,0.0,8653,2370,0.27389,14399,349.9,236.0,548.8,47.1,4.0,0.1447,0.8553,0.0,0.0,0.0,0.0,0.0,0.0595,0.0984,0.1747,0.1414,0.1097,0.1589,0.1721,0.0853,-0.1296,-0.0009,0.5073,0.9233,prealpino,0.5921,0.5467,True
04575_00935,45.75,9.35,45.7,9.3,1.0,0.33827,0.0,0.0,0.0,0.0,0.0,0.00509,8647,2925,0.33827,14520,397.9,222.5,897.5,134.3,7.8,0.2236,0.6631,0.1134,0.0,0.0,0.0,0.0,0.0881,0.1378,0.0994,0.0955,0.12,0.1418,0.1734,0.1441,-0.0034,-0.1152,0.7117,1.0,prealpino,0.5946,0.5946,True
04575_00945,45.75,9.45,45.7,9.4,1.0,0.37008,0.0,0.0,0.0,0.0,0.0,0.01064,8644,3199,0.37008,14520,376.8,192.0,1422.2,191.8,10.8,0.4428,0.4434,0.0862,0.0211,0.0065,0.0,0.0,0.0826,0.1232,0.1436,0.0846,0.1044,0.2064,0.1692,0.0859,-0.0787,-0.0875,0.7327,1.0,prealpino,0.5078,0.5078,True
04575_00955,45.75,9.55,45.7,9.5,1.0,0.4295,0.0,0.0,0.01285,0.0,0.0,0.01563,8638,3710,0.4295,14641,513.2,201.5,1411.3,287.5,12.43,0.2881,0.4316,0.151,0.0896,0.0397,0.0,0.0,0.0717,0.206,0.1149,0.1424,0.2182,0.1342,0.0827,0.0298,-0.1815,0.1665,0.7564,1.0,prealpino,0.6213,0.6213,True
04575_00965,45.75,9.65,45.7,9.6,1.0,0.49849,0.00371,0.0,0.0,0.0,0.0,0.01204,8636,4337,0.5022,14399,449.0,231.6,1130.3,179.7,13.88,0.2426,0.5605,0.172,0.0249,0.0,0.0,0.0,0.1199,0.1002,0.0887,0.1107,0.1812,0.1566,0.1306,0.1121,-0.1028,-0.0879,0.8112,0.9982,prealpino,0.6133,0.6122,True
04575_00975,45.75,9.75,45.7,9.7,1.0,0.5004,0.00739,0.0,0.00474,0.0,0.0,0.05706,8657,4396,0.50779,14520,556.8,250.0,1348.6,264.9,14.68,0.1866,0.428,0.2345,0.144,0.0069,0.0,0.0,0.0716,0.0706,0.1241,0.1533,0.1735,0.1744,0.1239,0.1087,-0.2113,-0.0386,0.8074,0.9964,prealpino,0.6978,0.6953,True
04575_00985,45.75,9.85,45.7,9.8,1.0,0.56514,0.0,0.02333,0.0,0.0,0.0,0.02888,8658,5095,0.58847,14520,568.6,257.6,1148.8,192.7,17.4,0.0417,0.5552,0.3417,0.0614,0.0,0.0,0.0,0.1305,0.1359,0.0818,0.145,0.1606,0.118,0.1217,0.1066,-0.0479,-0.0029,0.9435,0.998,prealpino,0.7573,0.7558,True
04575_00995,45.75,9.95,45.7,9.9,1.0,0.54493,0.00936,0.04897,0.0507,0.0,0.0,0.00832,8658,5223,0.60326,14520,725.0,302.9,1372.5,275.4,20.76,0.0,0.3857,0.3073,0.2655,0.0415,0.0,0.0,0.1004,0.0716,0.101,0.1479,0.178,0.097,0.1372,0.1669,-0.0808,-0.0662,0.9404,0.9921,alpino,0.6571,0.6519,True
04575_01005,45.75,10.05,45.7,10.0,1.0,0.25803,0.02044,0.06653,0.00185,0.0,0.0,0.02807,8658,2987,0.345,14641,450.0,185.0,1229.6,276.9,14.61,0.4328,0.2647,0.2136,0.0882,0.0007,0.0,0.0,0.1176,0.1478,0.1646,0.153,0.1094,0.0974,0.1032,0.1071,0.0133,0.1315,0.656,0.9755,prealpino,0.572,0.558,True
04575_01015,45.75,10.15,45.7,10.1,1.0,0.46096,0.06791,0.12128,0.12705,0.0,0.0,0.05128,8658,5629,0.65015,14399,1008.2,185.0,1946.2,394.7,22.97,0.0495,0.116,0.2196,0.2763,0.2737,0.0648,0.0,0.0985,0.0928,0.0771,0.0943,0.0973,0.2268,0.2061,0.1071,-0.0841,-0.236,0.9764,0.9646,alpino,0.7874,0.7595,True
04575_01025,45.75,10.25,45.7,10.2,1.0,0.53425,0.03604,0.08352,0.03673,0.0,0.0,0.06434,8657,5660,0.65381,14520,853.0,349.7,1683.6,242.6,22.51,0.0,0.1445,0.458,0.3118,0.0815,0.0042,0.0,0.1015,0.0777,0.1432,0.1656,0.1673,0.1169,0.095,0.1328,-0.1199,0.0489,0.9918,0.9798,alpino,0.7668,0.7513,True
04575_01035,45.75,10.35,45.7,10.3,1.0,0.41894,0.06403,0.20079,0.07121,0.0,0.0,0.01783,8636,5905,0.68376,14520,997.0,304.5,1975.8,357.2,22.29,0.0,0.1501,0.2868,0.266,0.2444,0.0527,0.0,0.0878,0.1199,0.1369,0.1266,0.1818,0.1747,0.0973,0.075,-0.1765,0.0379,0.9929,0.9619,alpino,0.7927,0.7625,True
04575_01045,45.75,10.45,45.7,10.4,1.0,0.54318,0.06796,0.15629,0.01088,0.0,0.0,0.0558,8638,6629,0.76743,14520,834.1,311.1,1808.7,334.5,23.51,0.0,0.268,0.362,0.2089,0.1451,0.016,0.0,0.0897,0.1114,0.1374,0.1829,0.1376,0.1148,0.1011,0.125,-0.0941,0.0758,0.9652,0.9677,alpino,0.71,0.6871,True
04575_01055,45.75,10.55,45.7,10.5,1.0,0.47721,0.04084,0.27615,0.03401,0.0,0.0,0.04188,8644,6865,0.7942,14641,917.2,366.5,1748.4,288.1,23.14,0.0,0.1509,0.2949,0.3883,0.1626,0.0033,0.0,0.1351,0.1198,0.1181,0.1057,0.1462,0.121,0.1149,0.1392,0.0114,-0.0183,0.9299,0.9698,alpino,0.812,0.7875,True
04575_01065,45.75,10.65,45.7,10.6,1.0,0.55464,0.04429,0.26622,0.0052,0.0,0.0,0.04325,8647,7481,0.86515,14399,941.7,64.5,1819.7,277.2,23.74,0.0194,0.0749,0.334,0.4067,0.1519,0.0131,0.0,0.087,0.0772,0.1238,0.1956,0.1493,0.1248,0.1222,0.1201,-0.1505,0.0202,0.9844,0.9718,alpino,0.8287,0.8053,True
04575_01075,45.75,10.75,45.7,10.7,1.0,0.2224,0.04751,0.07386,0.00023,0.0,0.0,0.03653,8651,2974,0.34377,14520,348.1,64.5,1267.7,327.4,13.21,0.5406,0.1939,0.192,0.0718,0.0018,0.0,0.0,0.0348,0.1276,0.1666,0.1862,0.1196,0.1204,0.0727,0.1721,-0.1068,0.1023,0.5475,0.9547,prealpino,0.517,0.4936,True
04575_01085,45.75,10.85,45.7,10.8,1.0,0.41015,0.05374,0.05466,0.08147,0.13914,0.0,0.02173,8653,4487,0.51855,14520,1133.2,64.5,2191.6,572.0,23.26,0.1415,0.074,0.076,0.1565,0.3485,0.1718,0.0318,0.0744,0.0577,0.1385,0.113,0.0445,0.0705,0.2417,0.2596,0.1261,-0.2228,0.9197,0.9688,alpino,0.7014,0.6795,True
04575_01095,45.75,10.95,45.7,10.9,1.0,0.28697,0.02914,0.33761,0.02266,0.0,0.0,0.05758,8649,5654,0.65372,14520,821.6,119.0,1718.7,434.5,23.26,0.1809,0.1468,0.2061,0.2091,0.2561,0.0011,0.0,0.1186,0.1091,0.1572,0.1578,0.0917,0.0741,0.1306,0.161,0.0582,0.0532,0.9346,0.963,alpino,0.6886,0.6631,True
04575_01105,45.75,11.05,45.7,11.0,1.0,0.2616,0.06549,0.36446,0.12068,0.00937,0.0,0.07578,8643,5977,0.69155,14641,989.7,137.0,1990.7,473.2,25.18,0.0988,0.1349,0.2062,0.1996,0.2322,0.1283,0.0,0.1171,0.1818,0.0811,0.0395,0.0722,0.17,0.2099,0.1283,0.116,-0.185,0.9732,0.95,alpino,0.7087,0.6733,True
04575_01115,45.75,11.15,45.7,11.1,1.0,0.25055,0.07218,0.21677,0.04731,0.15211,0.0,0.00983,8645,4664,0.5395,14399,1319.1,521.2,2231.1,402.6,25.05,0.0,0.0085,0.162,0.2576,0.3104,0.2054,0.056,0.0923,0.1453,0.1547,0.1295,0.103,0.1513,0.1328,0.0912,-0.0414,0.0419,0.9964,0.9465,alpino,0.8001,0.7573,True
04575_01125,45.75,11.25,45.7,11.2,1.0,0.69137,0.00393,0.05319,0.00902,0.02255,0.0,0.0,8648,6473,0.74849,14520,760.8,264.3,1983.6,314.4,19.7,0.0054,0.3376,0.4225,0.1321,0.073,0.0294,0.0,0.1354,0.1332,0.1512,0.1319,0.1446,0.1546,0.0664,0.0826,-0.0525,0.1003,0.9908,0.9951,alpino,0.636,0.6329,True
04575_01135,45.75,11.35,45.7,11.3,1.0,0.50127,0.0,0.03364,0.03954,0.0,0.0,0.0,8650,4627,0.53491,14520,579.9,157.1,1671.0,377.7,14.89,0.3186,0.2795,0.2123,0.0975,0.0882,0.0039,0.0,0.108,0.2001,0.1508,0.1541,0.1915,0.1138,0.041,0.0408,-0.1025,0.2534,0.7888,0.9969,prealpino,0.6415,0.6395,True
04575_01145,45.75,11.45,45.7,11.4,1.0,0.29927,0.00069,0.02358,0.0408,0.0,0.0,0.0,8651,2799,0.32354,14520,369.3,101.6,1503.4,306.9,9.21,0.6316,0.2049,0.0746,0.0429,0.046,0.0,0.0,0.0626,0.0902,0.0776,0.1357,0.2974,0.2528,0.0567,0.027,-0.4357,-0.0152,0.5092,0.9958,prealpino,0.4463,0.4444,True
04575_01155,45.75,11.55,45.7,11.5,1.0,0.28292,0.0,0.01954,0.00474,0.0,0.0,0.0,8649,2616,0.30246,14641,363.2,79.9,1289.4,278.6,10.37,0.5892,0.2054,0.1399,0.0572,0.0084,0.0,0.0,0.0202,0.0569,0.1546,0.177,0.2231,0.1871,0.1391,0.0421,-0.403,0.0203,0.7952,0.9968,prealpino,0.4785,0.477,True
04575_01165,45.75,11.65,45.7,11.6,1.0,0.23355,0.0,0.0022,0.00012,0.0,0.0,0.00925,8645,2038,0.23575,14399,254.9,66.6,1032.5,239.8,7.91,0.7262,0.1322,0.1299,0.0117,0.0,0.0,0.0,0.0446,0.0625,0.1119,0.2667,0.2431,0.1378,0.0891,0.0442,-0.4197,0.132,0.5386,0.9995,prealpino,0.4026,0.4024,True
04575_01365,45.75,13.65,45.7,13.6,0.4478,0.2372,0.04242,0.04971,0.0,0.0,0.0,0.03398,8651,2849,0.32933,14520,78.8,0.0,315.7,90.3,2.9,0.9995,0.0005,0.0,0.0,0.0,0.0,0.0,0.0765,0.1079,0.0402,0.0718,0.157,0.3348,0.1401,0.0718,-0.2415,-0.2682,0.3224,0.9603,prealpino,0.2502,0.2403,True
04575_01375,45.75,13.75,45.7,13.7,0.5618,0.33295,0.1079,0.17891,0.0015,0.0,0.0,0.13577,8647,5359,0.61976,14520,262.5,0.0,533.1,82.4,4.9,0.7979,0.2021,0.0,0.0,0.0,0.0,0.0,0.1555,0.1075,0.0347,0.0772,0.1337,0.2643,0.1453,0.0819,-0.0906,-0.2225,0.5165,0.942,prealpino,0.3308,0.3116,True
04575_01385,45.75,13.85,45.7,13.8,0.0705,0.25838,0.10879,0.11688,0.00821,0.0,0.0,0.18659,8650,4187,0.48405,14520,323.7,190.0,568.1,48.1,4.23,0.3323,0.6677,0.0,0.0,0.0,0.0,0.0,0.1592,0.1755,0.0565,0.0586,0.137,0.1944,0.1287,0.09,0.031,-0.1174,0.4714,0.9317,prealpino,0.5171,0.4818,True
04585_00715,45.85,7.15,45.8,7.1,0.6653,0.0,0.13784,0.0,0.21059,0.07216,0.0,0.04761,8633,1190,0.13784,14400,2273.6,1352.0,3188.3,337.6,24.6,0.0,0.0,0.0,0.0,0.0357,0.176,0.7883,0.123,0.1702,0.1501,0.1539,0.151,0.0923,0.0815,0.078,-0.0281,0.1792,0.9965,0.75,alpino,0.1719,0.1289,True
04585_00725,45.85,7.25,45.8,7.2,0.9188,0.0,0.21831,0.02213,0.07845,0.04426,0.0,0.06141,8630,2075,0.24044,14400,2170.4,998.5,3717.5,559.3,25.88,0.0,0.0,0.0,0.0229,0.1562,0.2112,0.6097,0.0474,0.1047,0.2279,0.1842,0.1598,0.1405,0.1007,0.0348,-0.2438,0.2102,0.998,0.7684,alpino,0.3257,0.2503,True
04585_00735,45.85,7.35,45.8,7.3,0.9972,0.0,0.25712,0.00405,0.01852,0.00382,0.0,0.21232,8638,2256,0.26117,14400,2002.5,801.5,3438.1,582.5,27.84,0.0,0.0,0.0059,0.0895,0.1984,0.1924,0.5138,0.0813,0.0442,0.081,0.1974,0.1556,0.1256,0.1535,0.1615,-0.1638,-0.1055,0.9937,0.7531,alpino,0.4235,0.3189,True
04585_00755,45.85,7.55,45.8,7.5,1.0,0.0,0.16887,0.05204,0.02874,0.03836,0.0,0.11555,8628,1906,0.22091,14400,2258.3,980.1,3322.2,465.6,24.74,0.0,0.0,0.0,0.0324,0.049,0.1944,0.7242,0.0378,0.0945,0.2191,0.2238,0.105,0.121,0.1358,0.063,-0.2067,0.1808,0.9919,0.7971,alpino,0.2245,0.1789,True
04585_00765,45.85,7.65,45.8,7.6,1.0,0.0,0.21324,0.01459,0.02894,0.03392,0.0,0.12792,8638,1968,0.22783,14400,2167.3,1107.1,3311.6,445.0,23.17,0.0,0.0,0.0,0.0092,0.1053,0.2506,0.635,0.048,0.039,0.1174,0.1644,0.1134,0.1433,0.2208,0.1537,-0.1553,-0.1726,0.9931,0.7628,alpino,0.2841,0.2167,True
04585_00795,45.85,7.95,45.8,7.9,1.0,0.04031,0.08281,0.08177,0.18288,0.1193,0.0,0.24079,8634,1769,0.20489,14400,1879.4,972.0,2912.5,388.3,30.94,0.0,0.0,0.0,0.055,0.1923,0.3441,0.4086,0.0968,0.1331,0.1301,0.1892,0.1329,0.1489,0.0744,0.0946,-0.1193,0.1121,0.9942,0.879,alpino,0.457,0.4017,True
04585_00805,45.85,8.05,45.8,8.0,1.0,0.15466,0.18211,0.21501,0.11747,0.12627,0.0,0.10971,8632,4763,0.55178,14520,1509.7,690.3,2550.3,367.9,30.5,0.0,0.0,0.0385,0.1795,0.3874,0.2907,0.1039,0.1053,0.1504,0.1448,0.1125,0.1323,0.1597,0.1034,0.0917,-0.0508,0.047,0.9968,0.898,alpino,0.7589,0.6815,True
04585_00815,45.85,8.15,45.8,8.1,1.0,0.42733,0.07615,0.17895,0.05668,0.04914,0.0,0.14047,8628,5888,0.68243,14280,1151.8,487.4,2394.3,366.1,27.85,0.0,0.0388,0.2322,0.3212,0.2859,0.099,0.0228,0.1065,0.1215,0.1573,0.193,0.1219,0.0893,0.109,0.1014,-0.0525,0.1421,0.9947,0.959,alpino,0.8388,0.8044,True
04585_00825,45.85,8.25,45.8,8.2,1.0,0.68469,0.00961,0.03276,0.05012,0.0272,0.0,0.10985,8639,6281,0.72706,14400,985.8,417.0,1963.3,339.7,24.94,0.0,0.1276,0.3242,0.2964,0.1908,0.061,0.0,0.0725,0.0723,0.1249,0.1762,0.1433,0.1416,0.1461,0.1231,-0.1624,-0.0282,0.9844,0.9944,alpino,0.7923,0.7879,True
04585_00835,45.85,8.35,45.8,8.3,1.0,0.65968,0.00579,0.05709,0.00475,0.00614,0.0,0.07573,8636,6240,0.72256,14400,820.4,289.0,1629.7,312.5,18.38,0.0881,0.1892,0.2842,0.3272,0.1101,0.0012,0.0,0.0943,0.1394,0.2192,0.1691,0.1138,0.1044,0.0699,0.0899,-0.0577,0.2359,0.9113,0.994,alpino,0.7163,0.712,True
04585_00845,45.85,8.45,45.8,8.4,1.0,0.5321,0.00394,0.06143,0.02237,0.02353,0.0,0.08217,8628,5155,0.59747,14400,723.6,253.3,1484.1,271.9,15.28,0.074,0.2614,0.4043,0.2068,0.0535,0.0,0.0,0.0566,0.0999,0.1461,0.1288,0.0975,0.1367,0.2263,0.1081,-0.0788,-0.1006,0.9219,0.9932,alpino,0.6459,0.6415,True
04585_00855,45.85,8.55,45.8,8.5,1.0,0.3018,0.0,0.0051,0.0,0.0,0.0,0.00973,8635,2650,0.3069,14520,374.2,193.0,910.4,206.3,7.75,0.5227,0.2834,0.1937,0.0002,0.0,0.0,0.0,0.0796,0.2155,0.2899,0.1939,0.0486,0.0625,0.0763,0.0336,0.0295,0.4504,0.5467,0.9992,prealpino,0.4991,0.4987,True
04585_00865,45.85,8.65,45.8,8.6,1.0,0.30268,0.0,0.0,0.0,0.0,0.0,0.0,8633,2613,0.30268,14280,254.0,193.0,525.0,50.3,4.68,0.8619,0.1381,0.0,0.0,0.0,0.0,0.0,0.1297,0.0915,0.0828,0.1049,0.1382,0.1645,0.1439,0.1445,-0.0329,-0.1425,0.5194,1.0,prealpino,0.3052,0.3052,True
04585_00875,45.85,8.75,45.8,8.7,1.0,0.44513,0.01843,0.06235,0.0,0.0,0.0,0.0,8629,4538,0.52591,14400,475.9,236.0,1213.8,228.5,9.56,0.3192,0.4022,0.2158,0.0622,0.0006,0.0,0.0,0.1276,0.0785,0.0394,0.0786,0.2394,0.2433,0.0696,0.1235,-0.2014,-0.182,0.7303,0.9853,prealpino,0.609,0.6,True
04585_00885,45.85,8.85,45.8,8.8,1.0,0.42364,0.00324,0.04133,0.01019,0.0,0.0,0.00509,8637,4044,0.46821,14400,468.3,240.8,1024.2,151.1,10.11,0.0232,0.7907,0.1703,0.0158,0.0,0.0,0.0,0.0567,0.1096,0.1704,0.1572,0.1191,0.1315,0.1663,0.0893,-0.1339,0.0377,0.7612,0.9939,prealpino,0.6973,0.693,True
04585_00895,45.85,8.95,45.8,8.9,0.5401,0.32427,0.01134,0.07696,0.0,0.0,0.0,0.0,8641,3565,0.41257,14400,446.1,246.6,1112.3,138.3,8.45,0.0564,0.812,0.1178,0.0138,0.0,0.0,0.0,0.0689,0.086,0.1495,0.1881,0.1453,0.107,0.1368,0.1184,-0.1452,0.0447,0.733,0.9838,prealpino,0.6676,0.6568,True
04585_00905,45.85,9.05,45.8,9.0,0.5729,0.37181,0.03964,0.19622,0.00719,0.0,0.0,0.0,8628,5243,0.60767,14520,560.1,197.0,1312.5,290.4,16.04,0.236,0.3658,0.2255,0.1643,0.0085,0.0,0.0,0.0986,0.0743,0.0897,0.1544,0.1711,0.1699,0.142,0.1,-0.1823,-0.0765,0.8504,0.9675,prealpino,0.6829,0.6607,True
04585_00915,45.85,9.15,45.8,9.1,1.0,0.75945,0.0,0.0102,0.03942,0.0,0.0,0.0,8626,6639,0.76965,14280,704.5,197.0,1406.0,310.6,20.51,0.1557,0.1975,0.3583,0.24,0.0486,0.0,0.0,0.1012,0.0771,0.1135,0.1464,0.1262,0.1536,0.1621,0.1198,-0.1064,-0.0861,0.9023,0.9993,alpino,0.6319,0.6315,True
04585_00925,45.85,9.25,45.8,9.2,1.0,0.5617,0.00984,0.01285,0.00695,0.0,0.0,0.00718,8638,5048,0.58439,14400,660.7,258.5,1420.7,288.3,17.01,0.1161,0.3485,0.2914,0.214,0.0299,0.0,0.0,0.0717,0.0566,0.1635,0.2232,0.1444,0.1048,0.1257,0.11,-0.19,0.0846,0.8659,0.9947,alpino,0.5873,0.5842,True
04585_00935,45.85,9.35,45.8,9.3,1.0,0.40598,0.0,0.0,0.0197,0.0,0.0,0.06917,8631,3504,0.40598,14400,498.8,197.0,1460.3,320.9,16.5,0.4292,0.2528,0.1585,0.1303,0.0291,0.0,0.0,0.0743,0.1347,0.1479,0.1388,0.13,0.1212,0.1177,0.1354,-0.0472,0.0448,0.7501,1.0,prealpino,0.5787,0.5787,True
04585_00945,45.85,9.45,45.8,9.4,1.0,0.61598,0.00197,0.0,0.04697,0.0,0.0,0.07318,8622,5328,0.61795,14400,834.2,195.0,1847.3,390.1,21.25,0.1417,0.1526,0.2269,0.2922,0.1682,0.0184,0.0,0.0549,0.0732,0.1373,0.115,0.0959,0.1856,0.2287,0.1095,-0.1274,-0.1695,0.9047,0.9992,alpino,0.704,0.7034,True
04585_00955,45.85,9.55,45.8,9.5,1.0,0.64103,0.00889,0.0,0.01063,0.0,0.0,0.01178,8658,5627,0.64992,14520,819.1,370.3,1551.6,257.2,19.39,0.0,0.2213,0.443,0.2331,0.1025,0.0,0.0,0.1092,0.1444,0.1455,0.0987,0.1786,0.1609,0.1006,0.062,-0.1087,0.0649,0.989,0.9966,alpino,0.7232,0.7207,True
04585_00965,45.85,9.65,45.8,9.6,1.0,0.64998,0.00301,0.0,0.00463,0.0,0.0,0.0666,8648,5647,0.65299,14280,790.4,307.0,1574.5,269.4,22.11,0.0,0.2859,0.3755,0.2587,0.0799,0.0,0.0,0.0721,0.1065,0.1414,0.1215,0.119,0.1728,0.172,0.0947,-0.1147,-0.0579,0.9911,0.9988,alpino,0.7015,0.7007,True
04585_00975,45.85,9.75,45.8,9.7,1.0,0.58303,0.00396,0.12324,0.02339,0.01164,0.0,0.02362,8593,6103,0.71023,14400,1041.6,378.3,1979.0,305.6,22.17,0.0,0.0576,0.2909,0.3768,0.214,0.0607,0.0,0.1078,0.092,0.1313,0.1366,0.0971,0.1382,0.1693,0.1277,-0.0292,-0.0685,0.9932,0.9899,alpino,0.848,0.8394,True
04585_00985,45.85,9.85,45.8,9.8,1.0,0.38286,0.02726,0.06623,0.05428,0.03213,0.0,0.06159,8622,4107,0.47635,14400,854.0,377.0,1856.3,298.5,21.05,0.0,0.236,0.36,0.2728,0.1108,0.0203,0.0,0.0736,0.0704,0.1411,0.198,0.1935,0.1479,0.099,0.0766,-0.2705,0.0779,0.9731,0.9787,alpino,0.7294,0.7139,True
04585_00995,45.85,9.95,45.8,9.9,1.0,0.29626,0.15789,0.11954,0.07184,0.0,0.0,0.04551,8658,4967,0.57369,14400,918.4,430.5,1615.6,291.1,17.87,0.0,0.1724,0.3283,0.2813,0.2178,0.0001,0.0,0.13,0.1392,0.0699,0.1126,0.1973,0.1089,0.0869,0.1551,-0.013,-0.0185,0.9312,0.9208,alpino,0.7893,0.7268,True
04585_01005,45.85,10.05,45.8,10.0,1.0,0.24394,0.15177,0.13664,0.05301,0.00323,0.0,0.05833,8658,4609,0.53235,14520,845.8,184.7,1713.1,393.1,18.15,0.1085,0.1878,0.2259,0.2784,0.1825,0.0169,0.0,0.0839,0.102,0.0982,0.1605,0.1112,0.1938,0.1347,0.1157,-0.126,-0.0753,0.9158,0.9159,alpino,0.7103,0.6506,True
04585_01015,45.85,10.15,45.8,10.1,1.0,0.31292,0.12364,0.06321,0.01867,0.0,0.0,0.02691,8622,4309,0.49977,14280,645.9,185.0,1868.0,433.9,17.74,0.3365,0.2045,0.1681,0.152,0.1174,0.0216,0.0,0.1321,0.1031,0.0755,0.1443,0.0813,0.0852,0.1354,0.243,0.1327,-0.1158,0.7846,0.9318,alpino,0.521,0.4855,True
04585_01025,45.85,10.25,45.8,10.2,1.0,0.11917,0.26929,0.21715,0.23833,0.02199,0.0,0.03852,8593,5204,0.60561,14400,1370.7,220.4,2144.7,412.9,24.18,0.0294,0.0269,0.0752,0.1692,0.3521,0.3303,0.017,0.1283,0.0967,0.0998,0.0824,0.095,0.1509,0.1596,0.1872,0.0706,-0.1797,0.9836,0.8709,alpino,0.7703,0.6709,True
04585_01035,45.85,10.35,45.8,10.3,1.0,0.02532,0.28342,0.1043,0.33106,0.06765,0.0,0.02405,8648,3572,0.41304,14400,1626.5,718.9,2222.7,355.6,20.94,0.0,0.0,0.0295,0.1359,0.2328,0.4663,0.1354,0.1268,0.1134,0.1008,0.1205,0.1257,0.1455,0.1372,0.1301,-0.0157,-0.07,0.9954,0.8158,alpino,0.6526,0.5324,True
04585_01045,45.85,10.45,45.8,10.4,1.0,0.07138,0.2131,0.21587,0.27131,0.00959,0.0,0.0887,8658,4332,0.50035,14400,1494.1,593.8,2238.7,384.3,25.36,0.0,0.0003,0.0809,0.1681,0.3047,0.3615,0.0844,0.1039,0.115,0.1892,0.1688,0.1133,0.1087,0.1318,0.0693,-0.0798,0.135,0.9956,0.872,alpino,0.7326,0.6388,True
04585_01055,45.85,10.55,45.8,10.5,1.0,0.15924,0.1691,0.29344,0.04593,0.01427,0.0,0.0617,8622,5361,0.62178,14520,1047.9,366.5,2117.8,509.6,22.28,0.0,0.2819,0.1572,0.134,0.2427,0.1779,0.0063,0.066,0.062,0.1374,0.2982,0.117,0.104,0.1029,0.1126,-0.2143,0.1414,0.872,0.9084,alpino,0.6836,0.621,True
04585_01065,45.85,10.65,45.8,10.6,1.0,0.14842,0.15537,0.49264,0.03151,0.01553,0.0,0.06894,8631,6874,0.79643,14280,1205.3,427.3,1950.8,315.6,25.77,0.0,0.0186,0.1765,0.2922,0.3937,0.119,0.0,0.1505,0.1153,0.1011,0.1363,0.1236,0.0744,0.1361,0.1625,0.0752,-0.0289,0.9896,0.9203,alpino,0.8814,0.8112,True
04585_01075,45.85,10.75,45.8,10.7,1.0,0.23026,0.06483,0.43251,0.01181,0.0,0.0,0.08104,8638,6285,0.7276,14400,1010.7,64.5,1944.4,337.9,24.86,0.0347,0.0362,0.3045,0.3272,0.2551,0.0422,0.0,0.0881,0.138,0.1671,0.1533,0.1245,0.1223,0.112,0.0947,-0.0683,0.1065,0.9585,0.948,alpino,0.8365,0.793,True
04585_01085,45.85,10.85,45.8,10.8,1.0,0.20856,0.02435,0.16218,0.00719,0.01264,0.0,0.08799,8626,3408,0.39509,14400,482.4,60.5,2073.4,514.9,17.92,0.5359,0.1314,0.1139,0.1002,0.0683,0.0467,0.0036,0.0798,0.0648,0.1589,0.1145,0.0736,0.0462,0.2046,0.2575,0.1238,-0.1428,0.6234,0.9641,prealpino,0.508,0.4898,True
04585_01095,45.85,10.95,45.8,10.9,1.0,0.23713,0.05679,0.24351,0.03129,0.00846,0.0,0.04022,8628,4637,0.53743,14400,752.6,155.0,1908.3,388.3,19.53,0.1376,0.2749,0.2477,0.1932,0.1246,0.022,0.0,0.1248,0.1552,0.1917,0.1535,0.116,0.0852,0.0602,0.1133,0.0308,0.2122,0.9499,0.9509,alpino,0.6201,0.5897,True
04585_01105,45.85,11.05,45.8,11.0,1.0,0.13332,0.0905,0.33954,0.0,0.00069,0.0,0.08101,8641,4868,0.56336,14520,603.8,144.0,1822.4,382.0,18.96,0.282,0.2739,0.2294,0.1261,0.0781,0.0105,0.0,0.0595,0.1163,0.1245,0.0333,0.0205,0.1454,0.3186,0.1818,0.1272,-0.3293,0.8488,0.9297,alpino,0.5087,0.4729,True
04585_01115,45.85,11.15,45.8,11.1,1.0,0.10953,0.23411,0.30983,0.06692,0.0983,0.0,0.08105,8637,5644,0.65347,14280,1381.2,373.4,2131.4,384.9,23.87,0.0,0.0214,0.1183,0.1705,0.3769,0.288,0.0249,0.1779,0.1687,0.0768,0.0489,0.1156,0.1444,0.1441,0.1236,0.1352,-0.1093,0.9915,0.8867,alpino,0.7973,0.707,True
04585_01125,45.85,11.25,45.8,11.2,1.0,0.44072,0.24881,0.10998,0.1094,0.03685,0.0,0.01912,8629,6899,0.79951,14400,1300.0,432.7,1893.0,361.0,21.88,0.0,0.0377,0.156,0.1512,0.4109,0.2442,0.0,0.1011,0.1863,0.173,0.1155,0.1004,0.1681,0.0852,0.0704,-0.0168,0.1365,0.9901,0.9153,alpino,0.8188,0.7494,True
04585_01135,45.85,11.35,45.8,11.3,1.0,0.60616,0.04935,0.16588,0.02803,0.0,0.0,0.0,8633,7091,0.82139,14400,833.8,256.6,1710.8,330.3,24.67,0.0195,0.271,0.2714,0.3142,0.1117,0.0122,0.0,0.0884,0.1057,0.197,0.0883,0.1313,0.1359,0.1716,0.0818,-0.0763,0.0092,0.9687,0.9749,alpino,0.7204,0.7023,True
04585_01145,45.85,11.45,45.8,11.4,1.0,0.12994,0.37197,0.14823,0.05883,0.0,0.0,0.0,8635,5614,0.65014,14400,1134.4,437.8,1679.6,196.4,12.81,0.0,0.0047,0.0647,0.5874,0.3306,0.0127,0.0,0.1228,0.104,0.1088,0.1758,0.1248,0.0941,0.1062,0.1635,-0.0055,0.0214,0.9319,0.8456,alpino,0.9719,0.8218,True
04585_01155,45.85,11.55,45.8,11.5,1.0,0.11868,0.36868,0.12691,0.09701,0.0,0.0,0.0,8628,5300,0.61427,14520,1151.7,637.2,1496.3,127.8,11.08,0.0,0.0,0.0261,0.607,0.3669,0.0,0.0,0.1094,0.1116,0.1292,0.1509,0.1361,0.1037,0.1205,0.1385,-0.0308,0.0245,0.8924,0.8396,alpino,0.9922,0.8331,True
04585_01165,45.85,11.65,45.8,11.6,1.0,0.63038,0.03439,0.09553,0.09553,0.0,0.0,0.0,8636,6566,0.7603,14280,831.4,130.0,1356.5,312.4,21.41,0.0852,0.1716,0.1901,0.4986,0.0546,0.0,0.0,0.0882,0.1572,0.1707,0.1175,0.1222,0.1354,0.1185,0.0904,-0.0359,0.0852,0.9819,0.9824,alpino,0.7591,0.7457,True
04585_01175,45.85,11.75,45.8,11.7,1.0,0.28313,0.1183,0.20986,0.16125,0.00336,0.0,0.00046,8639,5281,0.61129,14400,946.9,116.0,1771.0,434.3,19.02,0.1402,0.1167,0.1181,0.2424,0.3705,0.0121,0.0,0.0822,0.0734,0.1011,0.1455,0.1412,0.1944,0.1648,0.0975,-0.182,-0.1227,0.9474,0.9345,alpino,0.7641,0.7141,True
04585_01185,45.85,11.85,45.8,11.8,1.0,0.33357,0.02318,0.03778,0.13537,0.0,0.0,0.0,8628,3404,0.39453,14400,606.9,101.5,1767.5,444.3,13.47,0.3728,0.2301,0.1453,0.0855,0.156,0.0104,0.0,0.0466,0.0786,0.1984,0.2812,0.2478,0.0587,0.0323,0.0564,-0.3616,0.3488,0.7766,0.9805,alpino,0.4854,0.4759,True
04585_01195,45.85,11.95,45.8,11.9,1.0,0.40825,0.0,0.01552,0.00301,0.0,0.0,0.0,8632,3658,0.42377,14400,245.5,107.6,855.9,127.6,7.94,0.8056,0.1583,0.036,0.0,0.0,0.0,0.0,0.1069,0.0799,0.1156,0.2233,0.214,0.0967,0.0613,0.1023,-0.2118,0.1283,0.6626,0.9982,prealpino,0.3385,0.3379,True
04585_01205,45.85,12.05,45.8,12.0,1.0,0.11686,0.00046,0.0,0.02536,0.0,0.0,0.04899,8634,1013,0.11732,14520,171.7,111.5,411.1,56.5,2.67,0.946,0.054,0.0,0.0,0.0,0.0,0.0,0.1853,0.0636,0.0782,0.1295,0.1162,0.1353,0.1197,0.1722,0.0375,-0.1367,0.2739,0.999,prealpino,0.2716,0.2713,True
04585_01215,45.85,12.15,45.8,12.1,1.0,0.24606,0.00371,0.0,0.0,0.0,0.0,0.00255,8632,2156,0.24977,14280,151.5,64.8,365.2,58.3,2.47,0.9506,0.0494,0.0,0.0,0.0,0.0,0.0,0.2104,0.1257,0.1322,0.2009,0.0624,0.0726,0.0827,0.113,0.1344,0.1481,0.3098,0.9963,prealpino,0.2698,0.2688,True
04585_01355,45.85,13.55,45.8,13.5,0.8909,0.28557,0.06325,0.12048,0.00904,0.0,0.0,0.23146,8632,4051,0.4693,14400,97.3,-1.4,271.9,66.5,4.73,1.0,0.0,0.0,0.0,0.0,0.0,0.0,0.1644,0.107,0.0594,0.0619,0.1743,0.1931,0.1288,0.1111,-0.0338,-0.1722,0.5175,0.9535,prealpino,0.25,0.2384,True
04595_00795,45.95,7.95,45.9,7.9,0.9687,0.0,0.10073,0.04317,0.01857,0.04561,0.0,0.10259,8617,1240,0.1439,14280,2294.5,1144.6,3606.6,530.5,28.35,0.0,0.0,0.0,0.0041,0.1133,0.1732,0.7095,0.1279,0.1329,0.1265,0.1357,0.1995,0.1122,0.0573,0.108,-0.0837,0.1135,0.9946,0.81,alpino,0.2481,0.201,True
04595_00805,45.95,8.05,45.9,8.0,1.0,0.09566,0.15707,0.12515,0.09276,0.04957,0.0,0.09276,8614,3255,0.37788,14399,1843.8,655.1,2865.7,461.6,29.5,0.0,0.0,0.038,0.0771,0.1659,0.2941,0.4249,0.1695,0.0948,0.1339,0.1461,0.2119,0.0925,0.0449,0.1063,-0.0692,0.1198,0.9982,0.8795,alpino,0.4526,0.3981,True
04595_00815,45.95,8.15,45.9,8.1,1.0,0.15525,0.19733,0.12986,0.16151,0.10539,0.0,0.17043,8625,4161,0.48244,14161,1413.2,467.2,2310.4,406.3,29.94,0.0,0.0243,0.1081,0.165,0.3429,0.2914,0.0683,0.1474,0.1145,0.1234,0.1399,0.1116,0.104,0.0963,0.163,0.0601,0.0175,0.9977,0.8843,alpino,0.7558,0.6684,True
04595_00825,45.95,8.25,45.9,8.2,1.0,0.23786,0.07015,0.15854,0.2079,0.07364,0.0,0.12451,8610,4017,0.46655,14280,1458.8,207.5,2390.0,421.5,28.93,0.0165,0.0244,0.057,0.1491,0.3456,0.3296,0.0778,0.1477,0.1684,0.1519,0.1187,0.0906,0.1006,0.0882,0.1339,0.1229,0.1058,0.9896,0.9454,alpino,0.7308,0.6909,True
04595_00835,45.95,8.35,45.9,8.3,1.0,0.40081,0.00615,0.1493,0.06543,0.04188,0.0,0.11276,8620,4795,0.55626,14280,1006.4,197.5,2141.7,497.7,25.5,0.1484,0.076,0.1889,0.2082,0.248,0.1228,0.0076,0.1827,0.133,0.1533,0.13,0.1066,0.1152,0.0874,0.0918,0.061,0.1105,0.8966,0.9838,alpino,0.7052,0.6938,True
04595_00845,45.95,8.45,45.9,8.4,1.0,0.58949,0.0,0.00012,0.0,0.0,0.0,0.06206,8621,5083,0.58961,14280,478.1,193.0,1476.0,285.0,18.45,0.3926,0.2973,0.2078,0.0852,0.0171,0.0,0.0,0.0896,0.1598,0.2212,0.0839,0.1126,0.1552,0.1057,0.072,-0.0327,0.1309,0.7705,1.0,prealpino,0.5894,0.5894,True
04595_00855,45.95,8.55,45.9,8.5,1.0,0.40488,0.0094,0.03285,0.0,0.00754,0.0,0.01544,8615,3852,0.44713,14399,437.4,193.0,1468.3,285.1,11.23,0.4782,0.2621,0.1654,0.0807,0.0137,0.0,0.0,0.0458,0.0708,0.0901,0.1575,0.3115,0.1798,0.0787,0.0658,-0.413,0.0044,0.632,0.9911,prealpino,0.5401,0.5353,True
04595_00865,45.95,8.65,45.9,8.6,1.0,0.42428,0.00928,0.0,0.0036,0.0,0.0,0.00337,8617,3736,0.43356,14161,405.1,193.0,1234.4,268.7,11.51,0.5567,0.187,0.1866,0.0692,0.0006,0.0,0.0,0.133,0.0536,0.0632,0.2156,0.1707,0.0905,0.0869,0.1864,-0.0787,-0.0226,0.5687,0.9946,prealpino,0.5077,0.505,True
04595_00875,45.95,8.75,45.9,8.7,0.9888,0.66756,0.00905,0.0,0.0,0.0,0.0,0.00638,8621,5833,0.67661,14280,450.0,193.0,1185.3,208.9,13.45,0.2857,0.4987,0.1746,0.0409,0.0,0.0,0.0,0.1237,0.1142,0.1119,0.101,0.1068,0.1306,0.1487,0.1632,0.0436,-0.0936,0.8511,0.9967,prealpino,0.6024,0.6004,True
04595_00885,45.95,8.85,45.9,8.8,0.723,0.6288,0.0,0.03493,0.0,0.0,0.0,0.00511,8618,5720,0.66373,14280,530.3,247.2,1116.1,196.4,14.18,0.1793,0.477,0.3014,0.0423,0.0,0.0,0.0,0.1225,0.1192,0.1914,0.1552,0.092,0.1079,0.1274,0.0845,-0.0111,0.1317,0.8567,0.9974,prealpino,0.6835,0.6817,True
04595_00895,45.95,8.95,45.9,8.9,0.0831,0.37305,0.0,0.15285,0.0,0.0,0.0,0.0,8610,4528,0.5259,14280,467.1,270.0,1316.1,223.2,15.89,0.3692,0.3723,0.2064,0.0463,0.0058,0.0,0.0,0.0662,0.0381,0.1396,0.1283,0.0532,0.0771,0.2487,0.2488,0.0777,-0.2248,0.7096,0.9855,prealpino,0.5819,0.5735,True
04595_00905,45.95,9.05,45.9,9.0,0.7331,0.58303,0.01518,0.09885,0.09955,0.0,0.0,0.00672,8629,6015,0.69706,14399,946.3,270.0,1661.1,239.9,19.93,0.0085,0.0585,0.3717,0.4141,0.1454,0.0018,0.0,0.1241,0.156,0.1661,0.1339,0.0881,0.1031,0.1039,0.1248,0.0707,0.1111,0.9858,0.9875,alpino,0.8424,0.8319,True
04595_00915,45.95,9.15,45.9,9.1,1.0,0.61452,0.01278,0.00534,0.04576,0.0,0.0,0.02311,8610,5447,0.63264,14161,707.5,197.0,1590.3,398.9,20.43,0.2735,0.1494,0.1878,0.2699,0.1194,0.0,0.0,0.1251,0.0571,0.1297,0.1798,0.1394,0.1247,0.1419,0.1023,-0.1298,-0.0096,0.8088,0.9945,alpino,0.6141,0.6107,True
04595_00925,45.95,9.25,45.9,9.2,1.0,0.45442,0.00429,0.0,0.03607,0.0,0.0,0.01253,8622,3955,0.45871,14280,554.8,197.0,1663.1,387.1,14.16,0.4398,0.137,0.2197,0.1172,0.0851,0.0013,0.0,0.1224,0.1933,0.2195,0.1046,0.0705,0.0565,0.0971,0.1361,0.1782,0.1988,0.6682,0.9977,prealpino,0.602,0.6006,True
04595_00935,45.95,9.35,45.9,9.3,1.0,0.5494,0.02903,0.0,0.03994,0.0,0.0,0.07454,8613,4982,0.57843,14280,1011.4,197.0,2388.3,533.9,23.61,0.1368,0.1245,0.1587,0.2041,0.2223,0.1194,0.0342,0.0989,0.0951,0.0488,0.0644,0.09,0.2156,0.2633,0.1239,-0.0298,-0.3513,0.9165,0.9875,alpino,0.669,0.6606,True
04595_00945,45.95,9.45,45.9,9.4,1.0,0.56812,0.01516,0.08207,0.07084,0.0,0.0,0.00602,8639,5748,0.66535,14280,1068.4,475.9,2195.6,343.1,22.41,0.0,0.081,0.2723,0.3076,0.2541,0.0798,0.0053,0.0936,0.1396,0.1409,0.1058,0.0959,0.1749,0.1564,0.0929,-0.0361,-0.032,0.9629,0.9881,alpino,0.8248,0.815,True
04595_00955,45.95,9.55,45.9,9.5,1.0,0.54244,0.05698,0.00965,0.10314,0.00512,0.0,0.08465,8600,5238,0.60907,14399,1377.7,639.5,2138.6,295.6,24.0,0.0,0.0,0.0529,0.2386,0.466,0.2337,0.0088,0.0903,0.1091,0.1589,0.161,0.1532,0.1384,0.1054,0.0836,-0.1446,0.0915,0.9953,0.9758,alpino,0.8706,0.8495,True
04595_00965,45.95,9.65,45.9,9.6,1.0,0.63848,0.12105,0.01475,0.00209,0.01022,0.0,0.03241,8608,6665,0.77428,14161,1007.4,420.0,1977.6,325.5,25.73,0.0,0.0936,0.3319,0.31,0.2048,0.0597,0.0,0.099,0.1102,0.1455,0.1355,0.1259,0.1414,0.1439,0.0986,-0.0766,0.0055,0.9929,0.96,alpino,0.8127,0.7802,True
04595_00975,45.95,9.75,45.9,9.7,1.0,0.18266,0.38125,0.04514,0.1247,0.01224,0.0,0.05969,8661,5275,0.60905,14280,1407.6,516.2,2389.9,406.5,27.86,0.0,0.0118,0.1155,0.2048,0.3151,0.2788,0.074,0.1037,0.0423,0.0845,0.1373,0.1513,0.1529,0.1511,0.1769,-0.1047,-0.1784,0.9954,0.8398,alpino,0.7619,0.6398,True
04595_00985,45.95,9.85,45.9,9.8,1.0,0.0716,0.03299,0.20066,0.13689,0.07242,0.0,0.0303,8547,2609,0.30525,14280,1710.3,800.8,2548.9,353.8,26.01,0.0,0.0,0.0087,0.0821,0.2838,0.4067,0.2188,0.1113,0.1311,0.1218,0.1272,0.2379,0.1285,0.08,0.0622,-0.1751,0.0951,0.9955,0.9401,alpino,0.6066,0.5703,True
04595_00995,45.95,9.95,45.9,9.9,1.0,0.15812,0.20155,0.29222,0.09436,0.01097,0.0,0.04308,8658,5644,0.65189,14280,1178.6,502.5,2203.5,354.9,25.66,0.0,0.0389,0.2063,0.2901,0.3342,0.1203,0.0102,0.0787,0.0434,0.1484,0.1607,0.17,0.1176,0.1561,0.1251,-0.1723,-0.0344,0.9917,0.9003,alpino,0.849,0.7644,True
04595_01005,45.95,10.05,45.9,10.0,1.0,0.06491,0.158,0.20455,0.13698,0.03996,0.0,0.05613,8658,3701,0.42746,14399,1466.9,727.8,2468.1,399.1,23.09,0.0,0.0,0.0646,0.2417,0.3164,0.2648,0.1125,0.0802,0.1282,0.1072,0.1769,0.2093,0.1197,0.0968,0.0817,-0.1945,0.0852,0.9947,0.8837,alpino,0.7546,0.6668,True
04595_01015,45.95,10.15,45.9,10.1,1.0,0.1762,0.39827,0.12753,0.07383,0.01755,0.0,0.04481,8547,6000,0.702,14161,1292.9,224.5,2451.7,400.8,26.02,0.0042,0.0249,0.1294,0.2854,0.3371,0.1683,0.0505,0.1061,0.0985,0.09,0.1525,0.1667,0.1112,0.1525,0.1225,-0.0936,-0.0529,0.9953,0.8491,alpino,0.8175,0.6941,True
04595_01025,45.95,10.25,45.9,10.2,1.0,0.20587,0.27641,0.09052,0.04514,0.00346,0.0,0.07459,8661,4961,0.5728,14280,834.1,224.5,2053.1,422.9,20.76,0.1383,0.2062,0.2092,0.2301,0.1793,0.0363,0.0005,0.1116,0.0868,0.1109,0.218,0.1487,0.1039,0.0811,0.139,-0.1072,0.0741,0.9027,0.8715,alpino,0.6687,0.5828,True
04595_01035,45.95,10.35,45.9,10.3,1.0,0.16984,0.41217,0.0697,0.06366,0.03822,0.0,0.05239,8608,5610,0.65171,14280,1213.8,284.0,2412.4,553.4,24.48,0.0146,0.1582,0.1596,0.1588,0.2286,0.1902,0.09,0.1695,0.0792,0.0427,0.0726,0.0798,0.162,0.1932,0.2011,0.1307,-0.3117,0.9806,0.8365,alpino,0.6658,0.5569,True
04595_01045,45.95,10.45,45.9,10.4,1.0,0.0,0.17779,0.02907,0.20314,0.09616,0.0,0.06186,8600,1779,0.20686,14280,2058.9,1166.0,2799.8,308.9,24.19,0.0,0.0,0.0,0.0018,0.0814,0.3445,0.5724,0.0843,0.0733,0.1569,0.139,0.0966,0.1206,0.2087,0.1205,-0.0522,-0.0714,0.9915,0.7781,alpino,0.3013,0.2344,True
04595_01055,45.95,10.55,45.9,10.5,1.0,0.03056,0.40688,0.06922,0.07408,0.0485,0.0,0.14423,8639,4377,0.50666,14399,1659.9,576.8,2506.5,384.2,26.44,0.0,0.0001,0.0273,0.1233,0.2528,0.3886,0.2079,0.1239,0.1604,0.1987,0.1347,0.1214,0.127,0.0642,0.0697,-0.0186,0.2155,0.9969,0.7924,alpino,0.6194,0.4908,True
04595_01065,45.95,10.65,45.9,10.6,1.0,0.10461,0.23813,0.29897,0.03204,0.01289,0.0,0.05945,8613,5527,0.64171,14161,1212.4,449.4,2283.7,400.8,25.19,0.0,0.0546,0.2018,0.2486,0.3141,0.1537,0.0273,0.0787,0.0641,0.1301,0.1917,0.1478,0.0769,0.1368,0.1739,-0.093,-0.0082,0.9906,0.8839,alpino,0.809,0.7151,True
04595_01075,45.95,10.75,45.9,10.7,1.0,0.18151,0.22118,0.25992,0.10694,0.05822,0.0,0.07098,8622,5713,0.66261,14280,1448.8,723.1,2148.6,318.8,27.99,0.0,0.0,0.044,0.2058,0.3873,0.3427,0.0202,0.0915,0.1303,0.1606,0.1291,0.1041,0.1119,0.155,0.1174,-0.0088,0.0324,0.9946,0.8969,alpino,0.8134,0.7295,True
04595_01085,45.95,10.85,45.9,10.8,1.0,0.19652,0.07282,0.35923,0.00093,0.0,0.0,0.0482,8610,5412,0.62857,14280,748.7,76.5,1791.8,411.3,21.86,0.1875,0.1467,0.2947,0.2331,0.1253,0.0127,0.0,0.0439,0.0748,0.2176,0.2342,0.0612,0.089,0.1559,0.1235,-0.0975,0.1354,0.8739,0.9425,alpino,0.6511,0.6137,True
04595_01095,45.95,10.95,45.9,10.9,1.0,0.14683,0.08367,0.41581,0.0095,0.00684,0.0,0.04357,8629,5577,0.64631,14280,816.2,95.5,2044.2,474.8,20.49,0.1845,0.1903,0.2192,0.1555,0.1866,0.063,0.0009,0.0768,0.0558,0.1016,0.1339,0.0349,0.0882,0.2159,0.2929,0.1249,-0.2655,0.9364,0.9355,alpino,0.6245,0.5842,True
04595_01105,45.95,11.05,45.9,11.0,1.0,0.19756,0.08955,0.2547,0.01196,0.0,0.0,0.06318,8610,4665,0.54181,14399,769.2,168.5,2143.3,492.7,20.22,0.2432,0.1854,0.1794,0.2004,0.12,0.0629,0.0088,0.0644,0.0483,0.1617,0.3125,0.1319,0.0509,0.0908,0.1395,-0.1901,0.1988,0.8719,0.9352,alpino,0.5824,0.5447,True
04595_01115,45.95,11.15,45.9,11.1,1.0,0.11267,0.17208,0.32583,0.00743,0.06962,0.0,0.05825,8618,5262,0.61058,14161,1054.8,174.0,2120.3,518.6,22.01,0.1241,0.0959,0.1498,0.2143,0.2374,0.1687,0.0099,0.1433,0.1036,0.0265,0.0529,0.0934,0.1644,0.2422,0.1738,0.092,-0.3556,0.9199,0.9029,alpino,0.702,0.6338,True
04595_01125,45.95,11.25,45.9,11.2,1.0,0.06786,0.28059,0.37977,0.0051,0.0058,0.0,0.02436,8621,6278,0.72822,14280,1032.9,441.9,1880.7,300.3,17.73,0.0,0.1129,0.2147,0.334,0.3291,0.0094,0.0,0.1516,0.1986,0.1721,0.0996,0.0867,0.0829,0.0765,0.1318,0.1741,0.1554,0.9223,0.8776,alpino,0.8581,0.7531,True
04595_01135,45.95,11.35,45.9,11.3,1.0,0.1128,0.51178,0.14019,0.16096,0.01253,0.0,0.01601,8617,6590,0.76477,14280,1305.8,415.7,2032.4,348.8,18.3,0.0,0.0648,0.0931,0.1307,0.5651,0.1459,0.0004,0.1275,0.1143,0.0646,0.0748,0.1323,0.2076,0.1621,0.1168,-0.0436,-0.1981,0.9676,0.8235,alpino,0.8639,0.7114,True
04595_01145,45.95,11.45,45.9,11.4,1.0,0.0,0.70377,0.12467,0.06059,0.0202,0.0,0.00499,8615,7137,0.82844,14280,1641.6,963.5,2324.3,286.6,18.64,0.0,0.0,0.0,0.0655,0.387,0.4231,0.1244,0.0854,0.0702,0.1786,0.1776,0.1107,0.17,0.1395,0.068,-0.1789,0.0448,0.9852,0.7801,alpino,0.6914,0.5394,True
04595_01155,45.95,11.55,45.9,11.5,1.0,0.01775,0.71813,0.08479,0.14499,0.0,0.0,0.0,8621,7075,0.82067,14399,1572.2,1123.3,2058.3,168.2,11.46,0.0,0.0,0.0,0.0178,0.5193,0.4594,0.0035,0.0673,0.1213,0.2263,0.1894,0.1382,0.1282,0.0912,0.0381,-0.1887,0.2442,0.9451,0.7761,alpino,0.7899,0.613,True
04595_01165,45.95,11.65,45.9,11.6,1.0,0.16984,0.35835,0.14513,0.208,0.0,0.0,0.02251,8620,5804,0.67332,14161,1164.7,173.9,1811.0,365.3,19.2,0.0556,0.0477,0.0818,0.2328,0.5326,0.0496,0.0,0.098,0.2091,0.1921,0.1268,0.0991,0.1132,0.1089,0.0529,0.0174,0.2071,0.9309,0.8562,alpino,0.875,0.7492,True
04595_01175,45.95,11.75,45.9,11.7,1.0,0.40557,0.03171,0.32636,0.04111,0.0,0.0,0.00383,8610,6575,0.76364,14280,692.7,175.8,1476.2,329.8,22.16,0.1326,0.3083,0.2868,0.1741,0.0982,0.0,0.0,0.1032,0.1188,0.1275,0.1448,0.0955,0.0988,0.1579,0.1535,0.0314,-0.0217,0.9494,0.9683,alpino,0.6009,0.5819,True
04595_01185,45.95,11.85,45.9,11.8,1.0,0.7338,0.01229,0.09948,0.04707,0.0,0.0,0.0,8625,7293,0.84557,14280,857.6,290.0,1667.2,325.8,24.15,0.0008,0.2626,0.295,0.2756,0.1613,0.0046,0.0,0.1492,0.1114,0.1535,0.1354,0.0809,0.0542,0.1295,0.1859,0.1484,0.0279,0.977,0.9905,alpino,0.738,0.731,True
04595_01195,45.95,11.95,45.9,11.9,1.0,0.66462,0.01799,0.04702,0.04214,0.0,0.0,0.00395,8614,6285,0.72963,14280,602.2,170.5,1577.0,343.6,23.01,0.2644,0.2966,0.2178,0.1511,0.0702,0.0,0.0,0.1314,0.1005,0.1165,0.1357,0.1156,0.1517,0.1445,0.1041,-0.046,-0.0444,0.9333,0.9906,alpino,0.5172,0.5123,True
04595_01205,45.95,12.05,45.9,12.0,1.0,0.62504,0.0065,0.08936,0.11883,0.0029,0.0,0.00801,8617,6212,0.7209,14399,837.9,170.1,1562.6,371.2,20.44,0.1142,0.181,0.2149,0.3023,0.1876,0.0,0.0,0.0839,0.1169,0.1359,0.1784,0.1403,0.1296,0.1264,0.0885,-0.128,0.0645,0.9862,0.9915,alpino,0.7208,0.7147,True
04595_01215,45.95,12.15,45.9,12.1,1.0,0.50319,0.00012,0.00267,0.01044,0.01102,0.0,0.00325,8619,4361,0.50598,14161,351.5,129.0,1268.6,227.8,13.91,0.5971,0.2549,0.1052,0.0374,0.0054,0.0,0.0,0.0794,0.064,0.1391,0.2289,0.1855,0.1145,0.0965,0.0921,-0.2425,0.1128,0.7855,0.9997,prealpino,0.4572,0.4571,True
04595_01225,45.95,12.25,45.9,12.2,1.0,0.26447,0.0,0.0,0.00035,0.0,0.0,0.0,8621,2280,0.26447,14280,221.0,66.1,980.1,116.4,8.93,0.8166,0.1682,0.0141,0.0011,0.0,0.0,0.0,0.0646,0.0979,0.1683,0.1816,0.1398,0.139,0.108,0.1007,-0.163,0.0911,0.7788,1.0,prealpino,0.328,0.328,True
04595_01245,45.95,12.45,45.9,12.4,1.0,0.11806,0.0,0.00128,0.00499,0.0,0.0,0.00325,8623,1029,0.11934,14280,94.0,17.0,859.3,147.3,3.29,0.9099,0.064,0.0261,0.0,0.0,0.0,0.0,0.0201,0.0288,0.1387,0.2839,0.2715,0.2043,0.0353,0.0173,-0.5742,0.1788,0.2262,0.9995,prealpino,0.2939,0.2938,True
04595_01355,45.95,13.55,45.9,13.5,0.7531,0.05849,0.0,0.07416,0.0,0.0,0.0,0.0,8617,1143,0.13265,14280,84.5,28.0,276.3,47.1,3.81,1.0,0.0,0.0,0.0,0.0,0.0,0.0,0.0752,0.0815,0.1267,0.1551,0.1322,0.1362,0.1745,0.1186,-0.1234,-0.0593,0.4451,0.972,prealpino,0.25,0.243,True
04595_01365,45.95,13.65,45.9,13.6,0.2667,0.36699,0.0,0.05072,0.0,0.0,0.0,0.00975,8616,3599,0.41771,14280,161.3,43.3,680.1,127.7,7.46,0.8379,0.1582,0.0039,0.0,0.0,0.0,0.0,0.0612,0.1284,0.0962,0.1111,0.1318,0.2226,0.1562,0.0925,-0.161,-0.115,0.6226,0.9939,prealpino,0.316,0.3141,True
04605_00805,46.05,8.05,46.0,8.0,0.7871,0.0,0.086,0.02034,0.07705,0.02522,0.0,0.08449,8605,915,0.10634,14520,2375.3,1030.1,3534.5,496.8,27.87,0.0,0.0,0.0,0.0149,0.0624,0.1523,0.7703,0.1441,0.1141,0.1582,0.1668,0.0955,0.0915,0.1092,0.1206,0.0331,0.1013,0.9959,0.7883,alpino,0.1996,0.1573,True
04605_00815,46.05,8.15,46.0,8.1,1.0,0.25378,0.08258,0.19563,0.17202,0.01105,0.0,0.11119,8598,4574,0.53199,14280,1483.9,443.0,2680.3,484.0,30.4,0.0,0.027,0.1162,0.1555,0.2719,0.2664,0.163,0.1354,0.13,0.1034,0.1912,0.1789,0.1264,0.0584,0.0764,-0.1252,0.1321,0.9953,0.9428,alpino,0.6729,0.6344,True
04605_00825,46.05,8.25,46.0,8.2,1.0,0.39947,0.04565,0.13939,0.01289,0.00407,0.0,0.07864,8609,5032,0.58451,14400,685.0,208.0,1880.3,422.4,22.23,0.2933,0.2024,0.2002,0.1584,0.119,0.0267,0.0,0.1429,0.1142,0.1669,0.1814,0.1197,0.0898,0.0931,0.092,-0.0245,0.1628,0.7713,0.9686,alpino,0.5471,0.5299,True
04605_00835,46.05,8.35,46.0,8.3,1.0,0.18778,0.0377,0.32309,0.05817,0.12914,0.0,0.12356,8595,4715,0.54857,14400,1248.3,209.3,2275.1,495.0,29.76,0.0523,0.0782,0.129,0.1626,0.2838,0.2682,0.0259,0.108,0.0953,0.0579,0.1056,0.1647,0.1615,0.1857,0.1211,-0.0981,-0.1926,0.9676,0.9534,alpino,0.7207,0.6871,True
04605_00845,46.05,8.45,46.0,8.4,1.0,0.38824,0.02823,0.09119,0.06122,0.17344,0.0,0.11791,8608,4370,0.50766,14400,1391.4,443.8,2233.3,375.7,30.36,0.0,0.0158,0.1019,0.1897,0.3704,0.2831,0.0391,0.0837,0.1021,0.1857,0.1448,0.1243,0.1425,0.1289,0.088,-0.1092,0.0707,0.998,0.9771,alpino,0.7946,0.7764,True
04605_00855,46.05,8.55,46.0,8.5,1.0,0.50581,0.01605,0.07942,0.13419,0.1307,0.0,0.07535,8600,5171,0.60128,14520,1174.6,424.9,2135.7,329.4,28.37,0.0,0.0293,0.1988,0.308,0.3539,0.1068,0.0032,0.1013,0.1128,0.1641,0.1526,0.1322,0.0824,0.1028,0.1518,-0.0119,0.0841,0.9977,0.9867,alpino,0.8702,0.8586,True
04605_00865,46.05,8.65,46.0,8.6,1.0,0.54767,0.0043,0.19221,0.02198,0.0,0.0,0.06523,8600,6400,0.74418,14280,785.0,193.0,1700.1,357.7,22.91,0.1449,0.173,0.2508,0.3046,0.1251,0.0017,0.0,0.1302,0.1046,0.1852,0.1667,0.1904,0.0871,0.0677,0.0681,-0.1164,0.2011,0.9006,0.9856,alpino,0.6885,0.6786,True
04605_00875,46.05,8.75,46.0,8.7,0.9758,0.49483,0.0,0.01162,0.0043,0.00023,0.0,0.03659,8609,4360,0.50645,14400,502.3,193.0,1583.0,332.6,13.65,0.4047,0.2622,0.1722,0.1207,0.0403,0.0,0.0,0.0751,0.0564,0.0645,0.088,0.1669,0.1868,0.1863,0.1761,-0.1228,-0.2835,0.6558,0.9989,prealpino,0.5922,0.5915,True
04605_00885,46.05,8.85,46.0,8.8,0.2772,0.7029,0.02269,0.06866,0.1137,0.0,0.0,0.02688,8593,6825,0.79425,14400,1010.0,290.4,1917.0,325.0,22.6,0.0004,0.0956,0.3206,0.2863,0.2598,0.0373,0.0,0.0627,0.0708,0.1495,0.1776,0.1494,0.1451,0.1382,0.1067,-0.2014,0.0105,0.9888,0.9885,alpino,0.8246,0.8151,True
04605_00905,46.05,9.05,46.0,9.0,0.5615,0.63637,0.0,0.02944,0.04864,0.00326,0.0,0.07005,8594,5722,0.66581,14520,931.5,270.0,1795.8,409.2,21.42,0.1475,0.0972,0.1733,0.2837,0.2767,0.0216,0.0,0.1031,0.0644,0.0788,0.1842,0.1874,0.1215,0.105,0.1555,-0.1492,-0.0412,0.8808,0.9978,alpino,0.7497,0.7481,True
04605_00915,46.05,9.15,46.0,9.1,1.0,0.6393,0.01754,0.02508,0.07723,0.00604,0.0,0.03449,8611,5872,0.68192,14280,895.4,270.0,1934.8,383.0,23.53,0.0943,0.1657,0.2219,0.273,0.2273,0.0178,0.0,0.1343,0.1101,0.0913,0.1206,0.1614,0.1649,0.1139,0.1035,-0.079,-0.05,0.9277,0.9917,alpino,0.7376,0.7315,True
04605_00925,46.05,9.25,46.0,9.2,1.0,0.31294,0.02745,0.0292,0.08725,0.00221,0.0,0.03315,8596,3177,0.36959,14400,601.4,197.0,2089.9,493.9,14.73,0.4351,0.1976,0.1258,0.0775,0.106,0.0542,0.0038,0.0471,0.0966,0.2711,0.219,0.1272,0.117,0.0663,0.0556,-0.2137,0.3109,0.6304,0.9775,alpino,0.436,0.4262,True
04605_00935,46.05,9.35,46.0,9.3,1.0,0.68866,0.06062,0.01652,0.00023,0.00419,0.0,0.02525,8595,6582,0.7658,14400,875.1,197.0,2088.0,386.0,25.04,0.081,0.1845,0.2629,0.2539,0.1907,0.0263,0.0007,0.108,0.1199,0.0435,0.0614,0.1412,0.2045,0.1954,0.1261,-0.0479,-0.2654,0.9347,0.9791,alpino,0.7199,0.7049,True
04605_00945,46.05,9.45,46.0,9.4,1.0,0.3273,0.18809,0.00116,0.14246,0.11773,0.0,0.07756,8613,4449,0.51655,14400,1600.5,674.4,2584.8,364.2,29.43,0.0,0.0,0.033,0.1145,0.3383,0.3733,0.1409,0.1351,0.1178,0.0738,0.0953,0.1303,0.1656,0.1679,0.1141,-0.0134,-0.1419,0.9986,0.9089,alpino,0.6883,0.6256,True
04605_00955,46.05,9.55,46.0,9.5,1.0,0.09123,0.32255,0.0071,0.18513,0.04841,0.0,0.05131,8594,3617,0.42088,14520,1706.2,560.2,2510.2,383.6,27.94,0.0,0.0007,0.0322,0.0884,0.2301,0.3963,0.2523,0.1194,0.1772,0.1775,0.1109,0.0751,0.1183,0.139,0.0827,0.0707,0.1043,0.9975,0.8076,alpino,0.5719,0.4619,True
04605_00965,46.05,9.65,46.0,9.6,1.0,0.02264,0.42928,0.04296,0.25766,0.04761,0.0,0.03228,8612,4262,0.49488,14280,1665.4,750.3,2403.5,331.1,27.43,0.0,0.0,0.0138,0.0893,0.2954,0.4291,0.1725,0.0786,0.1207,0.1574,0.1042,0.0995,0.155,0.1748,0.1099,-0.0462,-0.046,0.9982,0.7788,alpino,0.639,0.4977,True
04605_00975,46.05,9.75,46.0,9.7,1.0,0.00221,0.36303,0.03071,0.24834,0.04304,0.0,0.08294,8597,3404,0.39595,14400,1815.2,825.4,2477.7,322.8,27.18,0.0,0.0,0.0038,0.0431,0.1951,0.4393,0.3186,0.073,0.1319,0.152,0.0963,0.1051,0.1536,0.1917,0.0965,-0.0425,-0.0584,0.9971,0.7669,alpino,0.4984,0.3822,True
04605_00985,46.05,9.85,46.0,9.8,1.0,0.0007,0.20009,0.0,0.15422,0.10022,0.0,0.07479,8611,1729,0.20079,14400,2056.2,1235.8,2687.3,264.8,27.34,0.0,0.0,0.0,0.0,0.064,0.3168,0.6192,0.1093,0.0803,0.1899,0.0715,0.125,0.0648,0.2151,0.1441,0.0535,-0.0642,0.9949,0.7509,alpino,0.2692,0.2021,True
04605_00995,46.05,9.95,46.0,9.9,1.0,0.15418,0.04387,0.03433,0.07552,0.13731,0.0,0.04119,8594,1997,0.23238,14400,1890.4,716.7,3003.0,510.2,31.16,0.0,0.0,0.0415,0.0744,0.1689,0.2623,0.4529,0.1025,0.131,0.1478,0.1248,0.1412,0.1098,0.1353,0.1075,-0.0429,0.0416,0.9964,0.9454,alpino,0.4393,0.4153,True
04605_01005,46.05,10.05,46.0,10.0,1.0,0.04422,0.12125,0.03293,0.12858,0.05574,0.0,0.02141,8594,1705,0.1984,14520,2010.3,864.1,3044.3,459.4,28.73,0.0,0.0,0.0048,0.0395,0.1679,0.257,0.5308,0.1007,0.066,0.0808,0.1571,0.1736,0.0926,0.1455,0.1837,-0.0713,-0.1053,0.9955,0.8389,alpino,0.3787,0.3177,True
04605_01015,46.05,10.15,46.0,10.1,1.0,0.00813,0.29544,0.00418,0.10475,0.05284,0.0,0.01893,8611,2650,0.30775,14280,1913.5,897.5,2869.0,419.2,26.95,0.0,0.0,0.0001,0.0773,0.1699,0.2675,0.4852,0.0819,0.0901,0.1504,0.156,0.1443,0.1203,0.1235,0.1336,-0.0988,0.025,0.9919,0.7593,alpino,0.4187,0.3179,True
04605_01025,46.05,10.25,46.0,10.2,1.0,0.06851,0.32767,0.03013,0.22834,0.062,0.0,0.04641,8597,3665,0.42631,14400,1780.0,698.1,2688.6,376.3,27.62,0.0,0.0,0.0108,0.0612,0.2332,0.4144,0.2803,0.1227,0.1143,0.1342,0.1857,0.1828,0.0804,0.0831,0.0966,-0.0998,0.1396,0.9981,0.8043,alpino,0.5439,0.4375,True
04605_01035,46.05,10.35,46.0,10.3,1.0,0.34905,0.2896,0.03263,0.02706,0.018,0.0,0.06572,8612,5781,0.67128,14400,976.7,332.5,2193.2,422.0,23.8,0.0,0.2319,0.2367,0.2347,0.2049,0.0817,0.0101,0.0869,0.0641,0.178,0.1033,0.1371,0.1367,0.2119,0.082,-0.117,-0.0773,0.9771,0.8897,alpino,0.7319,0.6512,True
04605_01045,46.05,10.45,46.0,10.4,1.0,0.00849,0.28229,0.0,0.04247,0.15976,0.0,0.02444,8594,2499,0.29078,14400,1988.2,770.8,2832.5,441.9,28.33,0.0,0.0,0.0085,0.0535,0.1464,0.2397,0.5519,0.1569,0.0889,0.0532,0.1305,0.1859,0.1044,0.1081,0.1721,-0.0134,-0.0973,0.9972,0.7573,alpino,0.3653,0.2766,True
04605_01055,46.05,10.55,46.0,10.5,1.0,0.0,0.13073,0.0,0.02461,0.05016,0.0,0.12353,8613,1126,0.13073,14520,2233.5,1210.4,3020.2,345.0,26.95,0.0,0.0,0.0,0.0,0.0393,0.2247,0.7361,0.0641,0.0402,0.1506,0.2246,0.0977,0.0863,0.1714,0.1652,-0.1211,-0.0199,0.9922,0.75,alpino,0.1997,0.1498,True
04605_01065,46.05,10.65,46.0,10.6,1.0,0.03618,0.3587,0.12333,0.00454,0.09948,0.0,0.04642,8595,4454,0.51821,14280,1709.5,754.7,2877.5,425.9,26.02,0.0,0.0,0.0105,0.1095,0.3099,0.3122,0.258,0.1079,0.2078,0.1891,0.1412,0.1927,0.1049,0.0118,0.0446,-0.0829,0.3289,0.9967,0.8151,alpino,0.6114,0.4984,True
04605_01075,46.05,10.75,46.0,10.7,1.0,0.09737,0.27013,0.39844,0.01443,0.0121,0.0,0.01675,8596,6584,0.76594,14400,1077.4,466.3,1960.8,365.5,24.54,0.0,0.1014,0.2635,0.2569,0.2752,0.1031,0.0,0.1064,0.0775,0.1563,0.1791,0.0868,0.0512,0.1635,0.1792,0.045,0.0177,0.9699,0.8858,alpino,0.8087,0.7163,True
04605_01085,46.05,10.85,46.0,10.8,1.0,0.10556,0.03925,0.37394,0.04065,0.00813,0.0,0.04959,8611,4467,0.51875,14400,961.5,377.3,2469.5,451.8,22.11,0.0,0.2422,0.3183,0.179,0.1414,0.0826,0.0366,0.0716,0.0859,0.1919,0.1695,0.156,0.104,0.1436,0.0776,-0.1563,0.1033,0.9536,0.945,alpino,0.6752,0.6381,True
04605_01095,46.05,10.95,46.0,10.9,1.0,0.17338,0.07435,0.37538,0.00966,0.0,0.0,0.04759,8594,5355,0.62311,14400,730.0,225.5,1841.1,396.0,21.44,0.1567,0.3044,0.2425,0.1401,0.1284,0.0278,0.0,0.0219,0.0593,0.1216,0.2087,0.0909,0.0699,0.2509,0.1768,-0.0982,-0.1219,0.9051,0.94,alpino,0.5836,0.5486,True
04605_01105,46.05,11.05,46.0,11.0,1.0,0.14465,0.15045,0.40214,0.0,0.00313,0.0,0.02728,8614,6006,0.69724,14520,1002.1,175.6,2078.3,425.2,20.6,0.0167,0.22,0.2145,0.2072,0.2477,0.0924,0.0014,0.1559,0.1311,0.1775,0.1003,0.0503,0.044,0.1743,0.1667,0.2152,0.0211,0.9632,0.9172,alpino,0.7354,0.6745,True
04605_01115,46.05,11.15,46.0,11.1,1.0,0.05912,0.04795,0.29,0.0,0.00826,0.0,0.01629,8593,3412,0.39707,14280,541.4,178.5,1724.8,346.9,14.38,0.3292,0.303,0.2057,0.0988,0.0573,0.006,0.0,0.0472,0.0855,0.1102,0.0871,0.1068,0.139,0.2968,0.1274,-0.0723,-0.2592,0.7949,0.9333,prealpino,0.6274,0.5856,True
04605_01125,46.05,11.25,46.0,11.2,1.0,0.03531,0.16332,0.32605,0.0,0.0,0.0,0.03764,8609,4517,0.52468,14400,732.5,409.1,1706.3,281.0,15.56,0.0,0.4407,0.2969,0.1847,0.0732,0.0045,0.0,0.0739,0.1164,0.1411,0.0983,0.135,0.2175,0.1454,0.0723,-0.1523,-0.0567,0.8219,0.8911,alpino,0.6225,0.5547,True
04605_01135,46.05,11.35,46.0,11.3,1.0,0.12163,0.27442,0.19267,0.02035,0.05093,0.0,0.02128,8600,5063,0.58872,14400,1243.9,413.3,2370.9,539.9,20.1,0.0,0.1989,0.0945,0.1633,0.2326,0.2289,0.0817,0.0921,0.0433,0.0801,0.2154,0.2308,0.0868,0.1018,0.1497,-0.2219,-0.0106,0.9464,0.8671,alpino,0.6616,0.5737,True
04605_01145,46.05,11.45,46.0,11.4,1.0,0.08209,0.22547,0.32698,0.0,0.00453,0.0,0.01221,8600,5457,0.63454,14400,936.9,346.6,2209.3,436.1,20.1,0.0,0.2746,0.2459,0.2203,0.1694,0.0656,0.0243,0.1575,0.0745,0.0996,0.2226,0.1814,0.0462,0.0545,0.1637,-0.0485,0.1136,0.9328,0.8854,alpino,0.6952,0.6155,True
04605_01155,46.05,11.55,46.0,11.5,1.0,0.08736,0.30379,0.30425,0.0,0.03055,0.0,0.02893,8608,5986,0.6954,14520,974.9,261.7,2108.6,492.7,23.23,0.0426,0.2424,0.2016,0.1762,0.204,0.1174,0.0159,0.1332,0.1585,0.0709,0.1005,0.1958,0.1881,0.0749,0.0781,-0.0932,-0.0152,0.9143,0.8689,alpino,0.6779,0.589,True
04605_01165,46.05,11.65,46.0,11.6,1.0,0.16545,0.2591,0.30413,0.01105,0.00349,0.0,0.04561,8595,6263,0.72868,14280,1017.3,233.3,2054.3,346.1,23.44,0.0671,0.0454,0.2099,0.4022,0.2332,0.0398,0.0024,0.0963,0.1684,0.1536,0.085,0.1315,0.1853,0.1389,0.0411,-0.0838,0.0398,0.9476,0.8902,alpino,0.8303,0.7391,True
04605_01175,46.05,11.75,46.0,11.7,1.0,0.20699,0.25171,0.34673,0.02823,0.00558,0.0,0.0,8609,6934,0.80543,14400,906.0,286.9,2023.3,383.5,22.83,0.0082,0.2334,0.3161,0.2344,0.1356,0.0712,0.0011,0.1176,0.1402,0.1305,0.1238,0.1572,0.1196,0.1235,0.0875,-0.0548,0.0403,0.9646,0.9003,alpino,0.7134,0.6423,True
04605_01185,46.05,11.85,46.0,11.8,1.0,0.27192,0.06885,0.209,0.10316,0.00814,0.0,0.0,8598,4727,0.54977,14400,876.4,261.2,2236.9,494.4,19.36,0.0831,0.2838,0.1799,0.2086,0.1449,0.0773,0.0225,0.053,0.092,0.1526,0.2406,0.1805,0.136,0.073,0.0723,-0.28,0.1734,0.8511,0.9497,alpino,0.6349,0.603,True
04605_01195,46.05,11.95,46.0,11.9,1.0,0.33574,0.0,0.01836,0.0201,0.01976,0.0,0.0,8605,3047,0.3541,14400,450.7,213.0,1800.1,267.6,11.04,0.2798,0.5602,0.081,0.0424,0.0303,0.0062,0.0,0.0809,0.0947,0.101,0.2305,0.2348,0.0861,0.0846,0.0875,-0.2568,0.1227,0.7005,0.9974,prealpino,0.5832,0.5817,True
04605_01205,46.05,12.05,46.0,12.0,1.0,0.34666,0.00709,0.05638,0.0057,0.0,0.0,0.00465,8602,3528,0.41013,14520,439.4,238.0,1182.0,204.8,9.07,0.3438,0.4526,0.1636,0.04,0.0,0.0,0.0,0.2124,0.1068,0.0949,0.1093,0.0459,0.0544,0.1538,0.2225,0.2872,-0.1041,0.6206,0.9888,prealpino,0.5756,0.5692,True
04605_01215,46.05,12.15,46.0,12.1,1.0,0.31931,0.02209,0.16517,0.01639,0.0,0.0,0.00849,8603,4358,0.50657,14280,605.1,282.0,1346.8,244.2,11.21,0.0275,0.5208,0.3055,0.1326,0.0137,0.0,0.0,0.1832,0.1608,0.0754,0.02,0.0371,0.0981,0.1979,0.2276,0.3502,-0.2268,0.814,0.9728,alpino,0.5466,0.5317,True
04605_01225,46.05,12.25,46.0,12.2,1.0,0.3395,0.16452,0.18405,0.10278,0.0,0.0,0.00407,8601,5918,0.68807,14400,892.4,146.2,1745.4,341.5,18.84,0.0632,0.1378,0.3173,0.2985,0.1676,0.0156,0.0,0.1011,0.0834,0.0836,0.1704,0.0738,0.0963,0.197,0.1945,0.0388,-0.1429,0.971,0.9268,alpino,0.7545,0.6993,True
04605_01235,46.05,12.35,46.0,12.3,1.0,0.56786,0.02742,0.1478,0.08912,0.0,0.0,0.0,8606,6395,0.74308,14400,883.3,160.5,1650.6,407.5,19.27,0.0756,0.2581,0.1631,0.18,0.3215,0.0016,0.0,0.0548,0.08,0.1479,0.1851,0.1267,0.1348,0.1047,0.166,-0.131,0.0187,0.9632,0.9808,alpino,0.7182,0.7044,True
04605_01245,46.05,12.45,46.0,12.4,1.0,0.37935,0.13385,0.23607,0.05349,0.0,0.0,0.02872,8599,6443,0.74927,14400,938.1,23.2,1755.5,423.3,14.38,0.1382,0.0641,0.0933,0.4301,0.2581,0.0162,0.0,0.0427,0.0477,0.1755,0.2582,0.1642,0.1072,0.1143,0.0902,-0.2858,0.1444,0.8983,0.9396,alpino,0.8056,0.7569,True
04605_01255,46.05,12.55,46.0,12.5,1.0,0.32133,0.0,0.0,0.04868,0.0,0.0,0.02056,8608,2766,0.32133,14520,287.8,27.7,1633.3,333.6,7.74,0.7367,0.1069,0.0691,0.0565,0.03,0.0008,0.0,0.0109,0.026,0.1586,0.4499,0.2328,0.0517,0.0414,0.0287,-0.5531,0.4016,0.4372,1.0,prealpino,0.4031,0.4031,True
04605_01345,46.05,13.45,46.0,13.4,0.9652,0.2176,0.0,0.02499,0.0,0.0,0.0,0.0,8603,2087,0.24259,14400,138.3,66.6,449.2,51.5,4.74,0.9772,0.0228,0.0,0.0,0.0,0.0,0.0,0.0755,0.0507,0.131,0.1429,0.1241,0.1238,0.204,0.1479,-0.096,-0.1274,0.5014,0.9948,prealpino,0.2591,0.2578,True
04605_01355,46.05,13.55,46.0,13.5,0.2089,0.70391,0.0,0.0,0.01976,0.0,0.0,0.01302,8602,6055,0.70391,14400,335.5,77.0,811.9,165.6,14.26,0.4933,0.4168,0.0899,0.0,0.0,0.0,0.0,0.0878,0.0464,0.0979,0.1521,0.1902,0.1235,0.1344,0.1676,-0.1497,-0.1056,0.9657,1.0,prealpino,0.4796,0.4796,True
04615_00815,46.15,8.15,46.1,8.1,0.6126,0.04588,0.21707,0.17329,0.06754,0.00384,0.0,0.19099,8587,3746,0.43624,14280,1806.5,716.2,2669.3,414.8,28.89,0.0,0.0,0.0167,0.0823,0.2085,0.3152,0.3773,0.1672,0.1149,0.1261,0.1679,0.1202,0.0619,0.0788,0.163,0.0851,0.0883,0.9975,0.8557,alpino,0.4947,0.4233,True
04615_00825,46.15,8.25,46.1,8.2,1.0,0.22969,0.09976,0.25393,0.0148,0.00524,0.0,0.1205,8581,5006,0.58338,14400,1170.1,245.9,2520.6,582.3,27.17,0.0616,0.1507,0.1536,0.1685,0.209,0.1493,0.1073,0.1334,0.1775,0.1643,0.1723,0.1333,0.1049,0.0687,0.0456,-0.0372,0.2477,0.939,0.9355,alpino,0.6345,0.5936,True
04615_00835,46.15,8.35,46.1,8.3,1.0,0.22248,0.05806,0.38387,0.01385,0.00279,0.0,0.06749,8594,5710,0.66441,14400,886.5,245.0,1996.3,437.1,23.83,0.0881,0.2343,0.2011,0.2043,0.2147,0.0575,0.0,0.112,0.0472,0.0619,0.1352,0.1118,0.1301,0.2062,0.1955,-0.0183,-0.2554,0.887,0.9493,alpino,0.6866,0.6518,True
04615_00845,46.15,8.45,46.1,8.4,1.0,0.08479,0.16131,0.32751,0.05078,0.02236,0.0,0.13033,8586,4925,0.57361,14400,1427.6,695.2,2428.8,407.9,24.45,0.0,0.0,0.1277,0.2065,0.2999,0.2751,0.0908,0.1566,0.0834,0.106,0.1827,0.1749,0.1122,0.084,0.1002,-0.1,0.059,0.9736,0.9011,alpino,0.7516,0.6773,True
04615_00855,46.15,8.55,46.1,8.5,0.8452,0.15174,0.21253,0.32188,0.01817,0.01793,0.0,0.11052,8587,5892,0.68615,14520,1227.1,539.0,2053.1,332.8,25.04,0.0,0.0059,0.186,0.2936,0.3563,0.1562,0.0019,0.1649,0.0929,0.1134,0.1511,0.1816,0.0799,0.0631,0.153,-0.0033,0.0598,0.9917,0.8991,alpino,0.8682,0.7806,True
04615_00865,46.15,8.65,46.1,8.6,0.1669,0.29174,0.04264,0.41268,0.08179,0.01794,0.0,0.11266,8583,6412,0.74706,14280,1057.1,193.0,2151.2,403.9,28.21,0.0032,0.1302,0.2646,0.2521,0.2408,0.0982,0.0109,0.1729,0.1215,0.1328,0.1501,0.1363,0.0715,0.0761,0.1389,0.0702,0.1058,0.9962,0.9581,alpino,0.7787,0.7461,True
04615_00875,46.15,8.75,46.1,8.7,0.0532,0.20424,0.02748,0.19015,0.00408,0.0,0.0,0.0425,8588,3623,0.42187,14400,444.4,193.0,1605.1,329.4,14.52,0.5385,0.1966,0.1308,0.0972,0.0368,0.0001,0.0,0.1069,0.0935,0.0855,0.2397,0.1682,0.0931,0.0629,0.1501,-0.1196,0.1002,0.5861,0.9612,prealpino,0.517,0.4969,True
04615_00905,46.15,9.05,46.1,9.0,0.0569,0.17313,0.1447,0.33438,0.14971,0.03332,0.0,0.03752,8583,5598,0.65221,14520,1195.6,214.5,2203.6,494.4,24.56,0.0826,0.0787,0.0987,0.1757,0.3438,0.2015,0.0191,0.1604,0.1027,0.0464,0.0577,0.1267,0.167,0.1365,0.2027,0.0954,-0.243,0.9413,0.9189,alpino,0.7403,0.6803,True
04615_00915,46.15,9.15,46.1,9.1,0.5866,0.14435,0.13388,0.06014,0.27382,0.11481,0.0,0.19239,8597,2909,0.33837,14280,1624.5,789.8,2293.3,279.8,27.16,0.0,0.0,0.0043,0.0787,0.3532,0.4861,0.0777,0.1379,0.1298,0.1069,0.1133,0.1421,0.1243,0.1374,0.1083,-0.0047,-0.0218,0.9987,0.8922,alpino,0.7062,0.6301,True
04615_00925,46.15,9.25,46.1,9.2,1.0,0.43871,0.02901,0.00454,0.21836,0.06863,0.0,0.04614,8582,4053,0.47226,14400,987.6,197.0,2164.5,456.4,23.62,0.1066,0.1074,0.2026,0.2468,0.2422,0.0881,0.0063,0.1435,0.1796,0.1598,0.2087,0.1604,0.0955,0.0299,0.0226,-0.1005,0.3334,0.9199,0.9842,alpino,0.7332,0.7216,True
04615_00935,46.15,9.35,46.1,9.3,1.0,0.43211,0.02746,0.00337,0.01931,0.0,0.0,0.00361,8595,3979,0.46294,14400,510.0,196.5,1564.6,351.7,14.94,0.4659,0.1681,0.1838,0.1356,0.0467,0.0,0.0,0.1532,0.0622,0.0807,0.1536,0.1871,0.0987,0.0931,0.1714,-0.0416,-0.0428,0.6688,0.9848,prealpino,0.578,0.5692,True
04615_00945,46.15,9.45,46.1,9.4,1.0,0.39599,0.15669,0.03559,0.0,0.00817,0.0,0.01365,8571,5042,0.58827,14400,670.9,196.5,2242.5,500.8,20.71,0.3924,0.1492,0.1451,0.1299,0.123,0.0561,0.0043,0.2303,0.0968,0.0579,0.0848,0.1646,0.0593,0.1069,0.1994,0.1764,-0.1127,0.7026,0.9304,alpino,0.4966,0.462,True
04615_00955,46.15,9.55,46.1,9.5,1.0,0.31424,0.13736,0.03684,0.03812,0.0115,0.0,0.05067,8605,4203,0.48844,14520,1054.8,204.0,2770.2,684.5,23.07,0.1823,0.1406,0.1725,0.1333,0.1202,0.1182,0.1329,0.1981,0.0801,0.0763,0.1215,0.2998,0.1037,0.0473,0.0732,-0.1586,0.0426,0.8714,0.9259,alpino,0.5225,0.4838,True
04615_00965,46.15,9.65,46.1,9.6,1.0,0.3528,0.23298,0.08473,0.00548,0.0,0.0,0.07028,8580,5753,0.67051,14280,893.6,235.3,2094.5,477.9,25.33,0.1532,0.1813,0.1947,0.1842,0.1943,0.0884,0.0039,0.2045,0.0751,0.0863,0.134,0.133,0.0984,0.1172,0.1517,0.0669,-0.0609,0.9032,0.9068,alpino,0.65,0.5894,True
04615_00975,46.15,9.75,46.1,9.7,1.0,0.28353,0.37613,0.02034,0.01871,0.0,0.0,0.04899,8553,5816,0.68,14400,1049.9,264.0,2488.6,595.6,25.39,0.1475,0.1653,0.1216,0.1462,0.2075,0.145,0.0669,0.1672,0.1563,0.0906,0.0676,0.1785,0.1441,0.1319,0.0638,-0.0069,-0.0309,0.8974,0.8602,alpino,0.6019,0.5178,True
04615_00985,46.15,9.85,46.1,9.8,1.0,0.23181,0.33345,0.05348,0.01478,0.0,0.0,0.06676,8658,5357,0.61874,14400,1049.5,272.5,2382.3,584.2,23.85,0.1115,0.1959,0.1431,0.135,0.2041,0.1446,0.0658,0.2265,0.0906,0.1159,0.1018,0.1566,0.0553,0.119,0.1343,0.1206,-0.0058,0.9058,0.8609,alpino,0.6074,0.5229,True
04615_00995,46.15,9.95,46.1,9.9,1.0,0.2333,0.28665,0.02773,0.02141,0.03592,0.0,0.04025,8547,4681,0.54768,14400,1099.8,288.5,2664.0,581.0,23.65,0.0369,0.2269,0.1519,0.171,0.1981,0.13,0.0851,0.1821,0.1438,0.0816,0.0978,0.1739,0.0818,0.1159,0.1231,0.0812,-0.0065,0.9469,0.8666,alpino,0.6361,0.5512,True
04615_01005,46.15,10.05,46.1,10.0,1.0,0.21119,0.34737,0.01767,0.02375,0.03218,0.0,0.02633,8547,4925,0.57623,14520,1148.4,350.5,2507.5,555.3,24.0,0.0,0.2128,0.1778,0.1437,0.2222,0.1729,0.0706,0.1741,0.1211,0.1114,0.0741,0.1667,0.0781,0.1343,0.1403,0.089,-0.0425,0.9216,0.8478,alpino,0.6635,0.5625,True
04615_01015,46.15,10.15,46.1,10.1,1.0,0.14738,0.50543,0.0,0.06318,0.01317,0.0,0.03915,8658,5652,0.65281,14280,1400.2,373.5,2567.3,537.4,23.87,0.0,0.1209,0.0697,0.1282,0.3084,0.2356,0.1373,0.1379,0.0889,0.1017,0.0688,0.0853,0.0703,0.1557,0.2915,0.2285,-0.2019,0.9438,0.8064,alpino,0.6642,0.5356,True
04615_01025,46.15,10.25,46.1,10.2,1.0,0.05682,0.44838,0.00994,0.14077,0.02362,0.0,0.12545,8553,4406,0.51514,14400,1662.6,703.6,2601.4,421.3,25.53,0.0,0.0,0.0372,0.1312,0.252,0.3508,0.2287,0.1841,0.1474,0.1346,0.134,0.1456,0.0658,0.0901,0.0985,0.0703,0.1309,0.9961,0.7814,alpino,0.6136,0.4795,True
04615_01035,46.15,10.35,46.1,10.3,1.0,0.19557,0.45921,0.02308,0.00804,0.00734,0.0,0.09103,8580,5816,0.67786,14400,1253.5,480.9,2813.4,491.6,25.0,0.0,0.065,0.2285,0.2046,0.2488,0.1691,0.084,0.0977,0.0472,0.0736,0.1676,0.0776,0.1474,0.2044,0.1846,-0.0427,-0.2245,0.9677,0.8289,alpino,0.7333,0.6078,True
04615_01065,46.15,10.65,46.1,10.6,1.0,0.0,0.27958,0.0,0.00489,0.10634,0.0,0.07295,8595,2403,0.27958,14280,2116.2,990.9,3196.7,460.2,27.29,0.0,0.0,0.0,0.0249,0.138,0.2232,0.6139,0.1135,0.1696,0.2012,0.1496,0.1803,0.078,0.04,0.0678,-0.0553,0.2916,0.9936,0.75,alpino,0.3164,0.2373,True
04615_01075,46.15,10.75,46.1,10.7,1.0,0.03577,0.40538,0.23328,0.01526,0.02272,0.0,0.04964,8582,5788,0.67443,14400,1407.7,645.9,2710.0,455.0,25.7,0.0,0.0,0.1609,0.2119,0.2826,0.2297,0.1149,0.066,0.0794,0.1811,0.1681,0.1206,0.0848,0.1672,0.1328,-0.0859,0.0342,0.9636,0.8324,alpino,0.7392,0.6153,True
04615_01085,46.15,10.85,46.1,10.8,1.0,0.03001,0.2074,0.05502,0.01861,0.13668,0.0,0.05327,8597,2514,0.29243,14400,2003.1,1011.4,3126.3,450.5,29.51,0.0,0.0,0.0,0.031,0.1806,0.2888,0.4996,0.097,0.0931,0.1185,0.0949,0.0864,0.1523,0.2206,0.1372,-0.0021,-0.1783,0.9968,0.8133,alpino,0.3954,0.3216,True
04615_01095,46.15,10.95,46.1,10.9,1.0,0.04474,0.25213,0.11616,0.00711,0.05546,0.0,0.08307,8583,3545,0.41303,14400,1659.2,792.2,3117.3,519.4,26.06,0.0,0.0,0.076,0.1535,0.2467,0.2298,0.294,0.046,0.0904,0.2022,0.2632,0.1142,0.0674,0.0993,0.1173,-0.1505,0.229,0.9672,0.8333,alpino,0.5945,0.4954,True
04615_01105,46.15,11.05,46.1,11.0,1.0,0.14154,0.21255,0.16544,0.0,0.07252,0.0,0.0759,8577,4456,0.51953,14520,960.5,179.9,2120.1,533.7,19.0,0.1884,0.0716,0.2241,0.2025,0.1629,0.1364,0.0141,0.0985,0.0986,0.2033,0.2211,0.0739,0.0355,0.0947,0.1744,0.0415,0.1896,0.8233,0.8818,alpino,0.6513,0.5743,True
04615_01115,46.15,11.15,46.1,11.1,1.0,0.01454,0.23485,0.25974,0.0,0.0,0.0,0.00174,8597,4377,0.50913,14280,588.0,191.2,1182.8,260.1,13.22,0.2116,0.2655,0.3973,0.1256,0.0,0.0,0.0,0.095,0.056,0.0637,0.0987,0.0928,0.1297,0.2658,0.1983,0.0214,-0.3406,0.8349,0.8592,prealpino,0.7285,0.6259,True
04615_01125,46.15,11.25,46.1,11.2,1.0,0.02958,0.36726,0.28377,0.0,0.0,0.0,0.05205,8588,5845,0.68061,14400,992.9,357.5,1944.7,294.6,19.3,0.0,0.0874,0.2736,0.42,0.1873,0.0317,0.0,0.0609,0.0617,0.0999,0.17,0.0796,0.1161,0.2022,0.2096,-0.0331,-0.1758,0.9731,0.8443,alpino,0.8468,0.715,True
04615_01135,46.15,11.35,46.1,11.3,1.0,0.01165,0.50705,0.10789,0.00548,0.04521,0.0,0.03087,8583,5378,0.62659,14400,1678.9,766.6,2438.4,356.7,22.91,0.0,0.0,0.0071,0.106,0.3034,0.3599,0.2235,0.0942,0.0968,0.0789,0.1035,0.1066,0.1236,0.2208,0.1756,0.0162,-0.22,0.9966,0.7891,alpino,0.6235,0.492,True
04615_01145,46.15,11.45,46.1,11.4,1.0,0.00023,0.448,0.09072,0.01549,0.0835,0.0,0.10073,8587,4628,0.53895,14400,1788.0,857.7,2529.0,293.8,24.23,0.0,0.0,0.0018,0.0408,0.209,0.4806,0.2678,0.1111,0.1584,0.1449,0.1387,0.1377,0.1338,0.0923,0.083,-0.0523,0.1071,0.9972,0.7838,alpino,0.5288,0.4145,True
04615_01155,46.15,11.55,46.1,11.5,1.0,0.00186,0.38248,0.02679,0.03937,0.10645,0.0,0.128,8586,3530,0.41113,14520,1891.6,786.3,2636.9,289.1,24.43,0.0,0.0,0.0045,0.0184,0.1292,0.4564,0.3915,0.0741,0.0957,0.1534,0.1183,0.1071,0.1578,0.1712,0.1225,-0.0721,-0.0666,0.9975,0.7642,alpino,0.4213,0.322,True
04615_01165,46.15,11.65,46.1,11.6,1.0,0.00954,0.49616,0.04689,0.00733,0.08611,0.0,0.08366,8594,4749,0.55259,14280,1717.2,746.7,2824.2,379.3,26.01,0.0,0.0,0.0239,0.0646,0.2855,0.4007,0.2252,0.0847,0.1466,0.2097,0.1457,0.0726,0.1092,0.1295,0.1021,0.0112,0.1421,0.9947,0.7713,alpino,0.5985,0.4616,True
04615_01175,46.15,11.75,46.1,11.7,1.0,0.10628,0.4806,0.18448,0.02902,0.00431,0.0,0.05163,8581,6619,0.77136,14400,1247.7,484.1,2409.6,390.9,26.91,0.0,0.0276,0.1891,0.2433,0.3537,0.1472,0.0392,0.0647,0.0964,0.1502,0.1607,0.1509,0.1411,0.1352,0.1007,-0.1616,0.0285,0.9919,0.8323,alpino,0.822,0.6842,True
04615_01185,46.15,11.85,46.1,11.8,1.0,0.02294,0.48527,0.09095,0.03494,0.0375,0.0,0.06848,8587,5145,0.59916,14400,1321.2,620.2,2314.2,371.0,24.21,0.0,0.0,0.1327,0.27,0.3805,0.1541,0.0627,0.1267,0.0637,0.0908,0.1452,0.1222,0.0869,0.1372,0.2273,0.0542,-0.1187,0.9806,0.7899,alpino,0.8313,0.6566,True
04615_01195,46.15,11.95,46.1,11.9,1.0,0.25413,0.11106,0.22084,0.11106,0.11956,0.0,0.01083,8590,5034,0.58603,14400,1437.4,501.6,2448.3,398.3,28.41,0.0,0.0096,0.1038,0.1872,0.3033,0.3341,0.062,0.1169,0.1171,0.1248,0.1502,0.117,0.1098,0.1351,0.129,-0.01,0.0115,0.9929,0.9338,alpino,0.7534,0.7035,True
04615_01205,46.15,12.05,46.1,12.0,1.0,0.42827,0.01141,0.13321,0.05484,0.07452,0.0,0.0,8588,4920,0.57289,14520,906.5,294.3,2139.3,500.7,23.73,0.0016,0.3616,0.1995,0.1554,0.1544,0.1136,0.0138,0.0788,0.0893,0.1849,0.2928,0.1228,0.1039,0.0677,0.0597,-0.2213,0.2792,0.8775,0.9834,alpino,0.6394,0.6288,True
04615_01215,46.15,12.15,46.1,12.1,1.0,0.33124,0.00373,0.07058,0.0092,0.01584,0.0,0.0021,8586,3482,0.40555,14280,581.3,298.0,1878.5,307.8,13.29,0.001,0.7234,0.1188,0.0856,0.0618,0.0095,0.0,0.0332,0.0458,0.117,0.2402,0.1672,0.1514,0.123,0.1221,-0.3013,0.0046,0.7419,0.989,prealpino,0.7283,0.7203,True
04615_01225,46.15,12.25,46.1,12.2,1.0,0.24985,0.00047,0.13687,0.06826,0.00082,0.0,0.02108,8585,3324,0.38719,14400,617.2,320.5,2070.0,311.4,11.34,0.0,0.6271,0.215,0.0983,0.0393,0.0197,0.0006,0.0875,0.0821,0.0767,0.1665,0.1195,0.0894,0.1548,0.2236,0.0002,-0.1282,0.7668,0.982,alpino,0.5184,0.5091,True
04615_01235,46.15,12.35,46.1,12.3,1.0,0.41982,0.00547,0.10865,0.0,0.00606,0.0,0.00035,8587,4585,0.53394,14400,667.1,367.5,1912.8,292.2,13.87,0.0,0.5344,0.2847,0.1171,0.0495,0.0144,0.0,0.0796,0.0922,0.1199,0.1155,0.1262,0.1932,0.1444,0.129,-0.105,-0.104,0.8207,0.9873,alpino,0.5608,0.5537,True
04615_01245,46.15,12.45,46.1,12.4,1.0,0.36182,0.09988,0.11956,0.02829,0.01781,0.0,0.01327,8590,4993,0.58126,14400,1298.7,520.0,2212.2,394.5,21.2,0.0,0.0074,0.1612,0.3069,0.2482,0.2435,0.0328,0.0963,0.0869,0.0635,0.049,0.1033,0.1964,0.2414,0.163,-0.0033,-0.3433,0.9817,0.9468,alpino,0.8061,0.7632,True
04615_01255,46.15,12.55,46.1,12.5,1.0,0.58679,0.03786,0.06279,0.13385,0.0,0.0,0.10228,8584,5901,0.68744,14520,1046.4,228.6,2127.1,392.6,21.01,0.0098,0.168,0.1986,0.1888,0.3807,0.0518,0.0023,0.1344,0.1038,0.1775,0.206,0.0913,0.034,0.0759,0.1771,0.077,0.1764,0.9727,0.9817,alpino,0.7974,0.7828,True
04615_01265,46.15,12.65,46.1,12.6,1.0,0.31024,0.0,0.09619,0.02259,0.0,0.0,0.06591,8587,3490,0.40643,14280,475.5,212.1,1391.3,278.7,12.44,0.4375,0.277,0.1707,0.1032,0.0116,0.0,0.0,0.1526,0.0904,0.1701,0.2598,0.1156,0.1226,0.0339,0.0549,-0.1276,0.2591,0.5924,0.9882,prealpino,0.5652,0.5585,True
04615_01275,46.15,12.75,46.1,12.7,1.0,0.12925,0.0,0.0007,0.04506,0.0,0.0,0.02096,8588,1116,0.12995,14400,253.9,147.1,854.9,80.6,3.18,0.8869,0.1049,0.0082,0.0,0.0,0.0,0.0,0.0296,0.1123,0.1964,0.276,0.1583,0.1473,0.0482,0.0318,-0.3266,0.3122,0.157,0.9997,prealpino,0.2977,0.2976,True
04615_01285,46.15,12.85,46.1,12.8,1.0,0.11567,0.0,0.0,0.02423,0.0,0.0,0.00373,8585,993,0.11567,14400,189.6,116.0,403.9,43.0,2.25,0.9759,0.0241,0.0,0.0,0.0,0.0,0.0,0.0864,0.1186,0.1144,0.15,0.1623,0.1831,0.1131,0.072,-0.1782,0.0043,0.1639,1.0,prealpino,0.2596,0.2596,True
04615_01295,46.15,12.95,46.1,12.9,1.0,0.16529,0.0,0.01874,0.0,0.0,0.0,0.05354,8591,1581,0.18403,14400,166.1,98.8,509.7,58.6,3.13,0.9658,0.0342,0.0,0.0,0.0,0.0,0.0,0.0503,0.0503,0.1898,0.1758,0.1616,0.1074,0.1614,0.1033,-0.2108,0.0405,0.269,0.9949,prealpino,0.2637,0.2624,True
04615_01325,46.15,13.25,46.1,13.2,1.0,0.03656,0.0,0.07487,0.0,0.0,0.0,0.01677,8588,957,0.11143,14400,173.3,115.9,419.3,41.7,2.32,0.9859,0.0141,0.0,0.0,0.0,0.0,0.0,0.0574,0.073,0.1635,0.1502,0.138,0.1446,0.1788,0.0945,-0.1709,-0.0297,0.2094,0.9664,prealpino,0.2556,0.247,True
04615_01335,46.15,13.35,46.1,13.3,1.0,0.45867,0.0,0.0518,0.0,0.0,0.0,0.00303,8590,4385,0.51047,14400,303.9,109.9,1002.3,226.8,9.27,0.6479,0.2025,0.1342,0.0154,0.0,0.0,0.0,0.0714,0.0173,0.0801,0.1303,0.1821,0.1876,0.1841,0.1471,-0.2294,-0.2401,0.5826,0.9949,prealpino,0.4365,0.4343,True
04615_01345,46.15,13.45,46.1,13.4,1.0,0.54129,0.0,0.14048,0.0,0.0,0.0,0.06465,8585,5853,0.68177,14400,441.7,123.3,1159.6,252.9,15.54,0.3901,0.321,0.2404,0.0485,0.0,0.0,0.0,0.047,0.0859,0.1724,0.1758,0.1128,0.1589,0.1663,0.0807,-0.1913,0.0282,0.8708,0.9897,prealpino,0.5831,0.5771,True
04615_01355,46.15,13.55,46.1,13.5,0.9504,0.80908,0.0,0.01758,0.00431,0.0,0.0,0.05204,8590,7101,0.82666,14400,518.9,143.5,1219.0,233.5,18.49,0.1852,0.4959,0.2356,0.0826,0.0007,0.0,0.0,0.112,0.0385,0.0669,0.2143,0.1666,0.0831,0.143,0.1755,-0.1138,-0.0819,0.9789,0.9989,prealpino,0.6757,0.675,True
04615_01365,46.15,13.65,46.1,13.6,0.3356,0.85782,0.0,0.0,0.02014,0.0,0.0,0.0,8588,7367,0.85782,14400,556.1,92.5,1233.1,211.1,20.18,0.1044,0.5229,0.3021,0.0697,0.0009,0.0,0.0,0.0874,0.1141,0.1136,0.1598,0.156,0.1051,0.1332,0.1308,-0.0831,0.0032,0.9875,1.0,prealpino,0.7235,0.7235,True
04625_00815,46.25,8.15,46.2,8.1,0.787,0.01516,0.16398,0.03604,0.15115,0.00315,0.0,0.15547,8574,1845,0.21518,14399,2109.5,644.6,3508.3,504.5,27.43,0.0,0.0,0.0172,0.0231,0.1162,0.2389,0.6046,0.0951,0.0923,0.1033,0.1844,0.225,0.1297,0.0745,0.0958,-0.2275,0.0705,0.9912,0.8011,alpino,0.313,0.2507,True
04625_00825,46.25,8.25,46.2,8.2,1.0,0.05084,0.27017,0.14307,0.06903,0.00536,0.0,0.17864,8576,3980,0.46408,14520,1612.3,472.9,2895.9,553.2,27.0,0.0,0.0278,0.0715,0.1548,0.2614,0.2055,0.2791,0.0828,0.1612,0.1747,0.0988,0.2044,0.1823,0.0588,0.037,-0.1845,0.147,0.996,0.839,alpino,0.603,0.5059,True
04625_00835,46.25,8.35,46.2,8.3,1.0,0.12274,0.30638,0.17769,0.00688,0.00525,0.0,0.12531,8571,5201,0.60681,14520,1358.5,399.7,2673.8,547.4,29.0,0.0,0.0639,0.2072,0.1592,0.2199,0.2007,0.149,0.0346,0.0438,0.1701,0.1774,0.0599,0.1132,0.241,0.1599,-0.0915,-0.106,0.9821,0.8591,alpino,0.6643,0.5707,True
04625_00845,46.25,8.45,46.2,8.4,0.6403,0.0035,0.23226,0.08882,0.10446,0.05731,0.0,0.16001,8568,2781,0.32458,14520,1952.1,1134.7,2745.0,299.2,25.12,0.0,0.0,0.0,0.0014,0.1393,0.3932,0.4661,0.1065,0.1006,0.1617,0.2208,0.1769,0.0675,0.0718,0.0942,-0.1421,0.2074,0.9968,0.8074,alpino,0.3803,0.3071,True
04625_00855,46.25,8.55,46.2,8.5,0.0749,0.16846,0.27135,0.09228,0.10978,0.05495,0.0,0.1779,8572,4561,0.53209,14641,1627.5,755.2,2498.9,359.9,29.25,0.0,0.0,0.0141,0.1292,0.3134,0.3768,0.1665,0.1585,0.1516,0.0931,0.165,0.191,0.1102,0.0549,0.0756,-0.0653,0.1386,0.9969,0.8638,alpino,0.668,0.577,True
04625_00925,46.25,9.25,46.2,9.2,0.5594,0.04692,0.13901,0.02194,0.03933,0.11555,0.0,0.14601,8568,1781,0.20787,14520,1843.8,851.1,2553.7,323.3,31.7,0.0,0.0,0.0011,0.028,0.2039,0.4029,0.364,0.1198,0.0813,0.1648,0.1506,0.1046,0.0905,0.1541,0.1343,-0.0024,0.0147,0.9977,0.8275,alpino,0.4725,0.391,True
04625_00935,46.25,9.35,46.2,9.3,1.0,0.2651,0.22756,0.02262,0.05211,0.01702,0.0,0.10352,8578,4420,0.51528,14520,1227.2,203.0,2417.6,593.9,27.49,0.134,0.075,0.074,0.139,0.2685,0.2278,0.0817,0.0993,0.1836,0.2149,0.1405,0.111,0.0786,0.0847,0.0873,0.0293,0.2569,0.9081,0.8874,alpino,0.635,0.5635,True
04625_00945,46.25,9.45,46.2,9.4,1.0,0.26534,0.18588,0.00397,0.00793,0.02334,0.0,0.17001,8570,3901,0.45519,14520,1062.6,196.5,2671.3,671.3,27.94,0.2216,0.0902,0.119,0.1523,0.1758,0.1335,0.1078,0.0912,0.0498,0.0734,0.1161,0.0999,0.2498,0.1866,0.1333,-0.1345,-0.2704,0.8492,0.8975,alpino,0.555,0.4981,True
04625_00955,46.25,9.55,46.2,9.5,0.9883,0.01849,0.20428,0.0,0.02586,0.06377,0.0,0.01977,8547,1904,0.22277,14641,2138.6,1043.0,3170.8,412.7,29.97,0.0,0.0,0.0,0.006,0.1173,0.227,0.6497,0.1035,0.0992,0.0968,0.1584,0.1699,0.1046,0.1375,0.1301,-0.0902,-0.0284,0.9973,0.7708,alpino,0.2806,0.2163,True
04625_00965,46.25,9.65,46.2,9.6,0.9275,0.11044,0.26647,0.00805,0.03895,0.00933,0.0,0.10461,8575,3301,0.38496,14399,1958.3,686.6,3258.6,593.4,31.86,0.0,0.0,0.024,0.1024,0.1766,0.2154,0.4815,0.0992,0.04,0.0953,0.1778,0.2142,0.1338,0.1144,0.1254,-0.223,-0.0462,0.996,0.8259,alpino,0.4383,0.362,True
04625_00985,46.25,9.85,46.2,9.8,1.0,0.15176,0.45704,0.01214,0.04039,0.01553,0.0,0.05989,8566,5319,0.62094,14520,1632.9,498.0,2831.8,480.3,28.0,0.0,0.0038,0.057,0.1612,0.2449,0.2755,0.2577,0.0757,0.1332,0.2087,0.1544,0.0869,0.1341,0.0991,0.1079,-0.0452,0.1399,0.997,0.815,alpino,0.6117,0.4985,True
04625_00995,46.25,9.95,46.2,9.9,0.9908,0.01907,0.24921,0.00515,0.09793,0.00234,0.0,0.03884,8547,2337,0.27343,14520,2253.4,1060.6,3282.7,415.9,25.9,0.0,0.0,0.0,0.0039,0.0725,0.1878,0.7358,0.0876,0.0533,0.0674,0.1755,0.1649,0.1137,0.1662,0.1714,-0.1223,-0.1392,0.9947,0.7712,alpino,0.2165,0.167,True
04625_01005,46.25,10.05,46.2,10.0,0.5278,0.03229,0.38446,0.00047,0.10062,0.06669,0.0,0.03756,8547,3566,0.41722,14641,1983.8,873.9,3053.6,460.7,27.6,0.0,0.0,0.0003,0.0747,0.1418,0.241,0.5422,0.0897,0.2029,0.1661,0.1661,0.106,0.11,0.1008,0.0585,-0.0272,0.2098,0.9751,0.7696,alpino,0.3764,0.2897,True
04625_01015,46.25,10.15,46.2,10.1,0.5608,0.10658,0.3103,0.07717,0.03712,0.00735,0.0,0.0781,8566,4232,0.49405,14399,1533.1,401.4,2807.7,706.6,27.28,0.0,0.1251,0.1169,0.1306,0.1584,0.1492,0.3198,0.0553,0.097,0.1029,0.1614,0.1665,0.2127,0.0987,0.1055,-0.2357,-0.0357,0.9575,0.8352,alpino,0.5127,0.4282,True
04625_01025,46.25,10.25,46.2,10.2,1.0,0.17204,0.45847,0.00534,0.04594,0.00336,0.0,0.03968,8620,5481,0.63585,14520,1349.7,490.1,2730.8,569.5,23.63,0.0,0.1071,0.1793,0.1527,0.1966,0.197,0.1673,0.0844,0.0693,0.1329,0.1805,0.0562,0.0316,0.1876,0.2575,0.106,-0.0885,0.9475,0.8193,alpino,0.629,0.5153,True
04625_01035,46.25,10.35,46.2,10.3,1.0,0.0105,0.46204,0.0,0.1305,0.01971,0.0,0.07044,8575,4052,0.47254,14520,1836.3,805.1,2921.4,474.9,24.94,0.0,0.0,0.0065,0.1087,0.2091,0.2842,0.3915,0.0762,0.0561,0.1688,0.1992,0.1327,0.1037,0.1486,0.1146,-0.156,0.0451,0.9957,0.7556,alpino,0.4982,0.3764,True
04625_01045,46.25,10.45,46.2,10.4,1.0,0.00421,0.44659,0.0,0.02445,0.00117,0.00503,0.11361,8547,3853,0.4508,14520,1880.7,1013.3,3066.4,462.6,27.59,0.0,0.0,0.0,0.0775,0.2272,0.2888,0.4065,0.0934,0.1152,0.1092,0.1078,0.1545,0.1221,0.1938,0.104,-0.0636,-0.081,0.9924,0.7523,alpino,0.4839,0.364,True
04625_01055,46.25,10.55,46.2,10.5,1.0,0.0,0.20268,0.0,0.14527,0.03932,0.0,0.10385,8570,1737,0.20268,14641,2160.6,1205.9,3103.8,437.8,25.21,0.0,0.0,0.0,0.0,0.1172,0.2679,0.6149,0.1084,0.1048,0.1031,0.1412,0.1321,0.1026,0.1536,0.154,-0.0156,-0.0575,0.9915,0.75,alpino,0.2953,0.2215,True
04625_01065,46.25,10.65,46.2,10.6,1.0,0.0,0.29121,0.0,0.04115,0.03556,0.0,0.06027,8578,2498,0.29121,14399,2256.0,1124.3,3507.3,539.1,27.4,0.0,0.0,0.0,0.0087,0.1247,0.2186,0.648,0.1285,0.1281,0.107,0.1718,0.1531,0.0663,0.0817,0.1634,0.0138,0.0779,0.9959,0.75,alpino,0.286,0.2145,True
04625_01075,46.25,10.75,46.2,10.7,1.0,0.00327,0.30474,0.02614,0.0056,0.08648,0.0,0.04038,8568,2863,0.33415,14520,2077.5,1098.7,2922.1,392.6,26.22,0.0,0.0,0.0,0.0057,0.1457,0.2374,0.6112,0.1368,0.1303,0.1873,0.1418,0.0947,0.0527,0.1165,0.14,0.1047,0.1293,0.9959,0.7681,alpino,0.3125,0.24,True
04625_01085,46.25,10.85,46.2,10.8,1.0,0.01191,0.58935,0.02346,0.05953,0.03303,0.0,0.0572,8567,5352,0.62472,14520,1864.5,1123.2,2892.6,321.8,20.73,0.0,0.0,0.0,0.0038,0.2024,0.4784,0.3154,0.1125,0.086,0.175,0.1149,0.1047,0.0801,0.1562,0.1707,0.0516,-0.0208,0.9904,0.7623,alpino,0.4851,0.3698,True
04625_01095,46.25,10.95,46.2,10.9,1.0,0.02879,0.26029,0.12787,0.04989,0.06469,0.0,0.10817,8579,3577,0.41695,14520,1870.5,766.9,2801.1,431.0,25.13,0.0,0.0,0.0092,0.0648,0.2061,0.287,0.4329,0.11,0.1619,0.2544,0.177,0.0372,0.0196,0.089,0.1509,0.1549,0.2923,0.9874,0.8286,alpino,0.4568,0.3785,True
04625_01105,46.25,11.05,46.2,11.0,1.0,0.11215,0.1758,0.31453,0.0,0.0,0.0,0.01049,8578,5168,0.60248,14641,684.9,213.7,1822.1,330.9,18.65,0.0698,0.452,0.2344,0.1307,0.1074,0.0058,0.0,0.0462,0.1336,0.2966,0.1306,0.0651,0.0565,0.1276,0.1438,0.044,0.2168,0.9385,0.9009,alpino,0.574,0.5171,True
04625_01115,46.25,11.15,46.2,11.1,1.0,0.08691,0.21675,0.30623,0.0,0.0,0.0,0.08329,8572,5228,0.60989,14399,851.1,185.3,1857.1,460.1,21.79,0.2474,0.06,0.1696,0.2922,0.1864,0.0444,0.0,0.0918,0.0782,0.0968,0.1645,0.1382,0.1089,0.1229,0.1985,-0.0429,-0.0722,0.8046,0.886,alpino,0.6798,0.6023,True
04625_01125,46.25,11.25,46.2,11.2,1.0,0.15978,0.31278,0.21665,0.0,0.0,0.0,0.0313,8562,5901,0.68921,14520,848.3,201.6,1660.7,456.2,19.76,0.2252,0.1095,0.1716,0.192,0.2994,0.0023,0.0,0.0897,0.0432,0.1501,0.0981,0.1008,0.0825,0.1733,0.2623,0.0778,-0.1659,0.8151,0.8708,alpino,0.6849,0.5964,True
04625_01135,46.25,11.35,46.2,11.3,1.0,0.02519,0.37399,0.45038,0.0,0.0028,0.0,0.03685,8575,7285,0.84956,14520,1316.8,582.7,2275.2,341.3,20.68,0.0,0.0007,0.1348,0.2411,0.4021,0.2022,0.0191,0.1045,0.1255,0.1172,0.1288,0.1042,0.0818,0.174,0.1639,0.0547,-0.0494,0.9888,0.8634,alpino,0.85,0.7339,True
04625_01145,46.25,11.45,46.2,11.4,1.0,0.0042,0.53208,0.12996,0.00677,0.0,0.0,0.0574,8572,5711,0.66624,14520,1436.2,780.0,2462.3,419.3,21.35,0.0,0.0,0.0669,0.3213,0.2541,0.2284,0.1293,0.1672,0.1398,0.1195,0.0696,0.0977,0.1183,0.1622,0.1258,0.1282,-0.071,0.9864,0.7906,alpino,0.7543,0.5963,True
04625_01155,46.25,11.55,46.2,11.5,1.0,0.0,0.53221,0.01436,0.02066,0.02428,0.0,0.06816,8568,4683,0.54657,14641,1699.3,876.3,2563.8,452.3,23.55,0.0,0.0,0.0098,0.1815,0.2192,0.2817,0.3077,0.207,0.1301,0.1135,0.1006,0.1026,0.0691,0.1314,0.1458,0.1817,-0.0018,0.9772,0.7553,alpino,0.5779,0.4365,True
04625_01165,46.25,11.65,46.2,11.6,1.0,0.00303,0.6473,0.03092,0.00782,0.02998,0.0,0.07805,8571,5839,0.68125,14399,1768.0,872.3,2710.9,344.9,23.25,0.0,0.0,0.0012,0.0599,0.2595,0.4062,0.2732,0.1399,0.1263,0.111,0.1073,0.1225,0.1142,0.1302,0.1486,0.0549,-0.0388,0.9967,0.7602,alpino,0.5573,0.4237,True
04625_01175,46.25,11.75,46.2,11.7,1.0,0.0,0.4452,0.01423,0.04618,0.07334,0.0,0.15357,8576,3940,0.45943,14520,1920.6,1127.3,2667.3,269.1,22.24,0.0,0.0,0.0,0.0015,0.1261,0.486,0.3864,0.1147,0.1243,0.1381,0.1286,0.1041,0.0768,0.1396,0.1737,0.0766,0.0039,0.9943,0.7562,alpino,0.4142,0.3132,True
04625_01185,46.25,11.85,46.2,11.8,1.0,0.00082,0.29963,0.07569,0.02251,0.04805,0.0,0.00082,8574,3225,0.37614,14520,1972.4,831.3,3130.1,531.4,26.25,0.0,0.0,0.0029,0.0603,0.2583,0.18,0.4986,0.0662,0.0745,0.1644,0.123,0.1058,0.1864,0.1655,0.1142,-0.1251,-0.0757,0.9856,0.7908,alpino,0.4446,0.3516,True
04625_01195,46.25,11.95,46.2,11.9,1.0,0.19342,0.19377,0.23203,0.05891,0.11269,0.0,0.0,8572,5308,0.61922,14520,1493.6,539.7,2797.2,493.2,28.08,0.0,0.0005,0.1092,0.1996,0.3166,0.1931,0.1811,0.1115,0.0864,0.2107,0.2352,0.136,0.0469,0.0688,0.1045,-0.0882,0.2749,0.9942,0.903,alpino,0.7081,0.6394,True
04625_01205,46.25,12.05,46.2,12.0,1.0,0.12849,0.19267,0.31135,0.0,0.14599,0.0,0.0,8569,5420,0.63251,14641,1122.2,471.4,2197.5,377.5,28.17,0.0,0.05,0.2776,0.2903,0.2447,0.1275,0.0099,0.1574,0.1079,0.1104,0.1164,0.1372,0.1263,0.0978,0.1466,0.0234,-0.0226,0.9833,0.8992,alpino,0.8174,0.735,True
04625_01215,46.25,12.15,46.2,12.1,1.0,0.26044,0.11453,0.12025,0.07511,0.23175,0.0,0.0,8574,4246,0.49522,14399,1494.1,416.9,2514.0,453.7,33.2,0.0,0.0414,0.0749,0.142,0.2851,0.3334,0.1233,0.1087,0.0931,0.1245,0.1302,0.1459,0.121,0.1413,0.1352,-0.0583,-0.0394,0.9946,0.93,alpino,0.6836,0.6357,True
04625_01225,46.25,12.25,46.2,12.2,1.0,0.34691,0.279,0.08903,0.15776,0.04562,0.0,0.0,8570,6127,0.71494,14520,1128.7,386.0,2479.5,404.3,29.42,0.0,0.1067,0.2092,0.2413,0.3059,0.1264,0.0104,0.1348,0.1426,0.179,0.1798,0.1213,0.0843,0.0648,0.0933,-0.0056,0.2256,0.9613,0.8962,alpino,0.801,0.7179,True
04625_01235,46.25,12.35,46.2,12.3,1.0,0.36768,0.08693,0.16756,0.02567,0.09673,0.0,0.04562,8570,5332,0.62217,14520,1131.1,386.6,2329.5,428.8,29.97,0.0,0.1278,0.2037,0.2326,0.2815,0.1339,0.0205,0.1071,0.0616,0.0882,0.1395,0.1109,0.1076,0.2345,0.1506,-0.0369,-0.1875,0.9629,0.9516,alpino,0.7761,0.7385,True
04625_01245,46.25,12.45,46.2,12.4,1.0,0.38355,0.02824,0.14422,0.0028,0.0294,0.0,0.22392,8570,4765,0.55601,14520,1090.9,443.2,2430.9,409.8,30.02,0.0,0.111,0.2705,0.2489,0.2452,0.0983,0.0262,0.1414,0.129,0.167,0.1471,0.1416,0.1226,0.0746,0.0767,-0.0458,0.1473,0.9525,0.9743,alpino,0.7777,0.7577,True
04625_01255,46.25,12.55,46.2,12.5,1.0,0.15864,0.07932,0.43964,0.04456,0.02006,0.0,0.14079,8573,5809,0.6776,14641,1089.6,396.8,2029.4,373.7,28.31,0.0,0.0742,0.2812,0.2876,0.2352,0.1209,0.0008,0.1633,0.0622,0.0794,0.1229,0.1693,0.1352,0.1199,0.1478,-0.042,-0.1149,0.9918,0.9383,alpino,0.8121,0.762,True
04625_01265,46.25,12.65,46.2,12.6,1.0,0.32439,0.02578,0.41176,0.00152,0.03079,0.0,0.04806,8573,6532,0.76193,14399,1121.8,409.8,2040.2,376.1,30.01,0.0,0.0965,0.2219,0.2508,0.3128,0.117,0.001,0.1246,0.121,0.1309,0.1691,0.1533,0.1005,0.0956,0.105,-0.0644,0.102,0.9955,0.9645,alpino,0.8171,0.7881,True
04625_01275,46.25,12.75,46.2,12.7,1.0,0.44644,0.06674,0.31389,0.0,0.0,0.0,0.021,8570,7088,0.82707,14520,601.7,229.1,1444.4,241.3,21.94,0.0597,0.5123,0.2945,0.1163,0.0173,0.0,0.0,0.1535,0.09,0.1523,0.1524,0.1313,0.1232,0.0876,0.1097,-0.0369,0.0667,0.9539,0.9609,alpino,0.528,0.5074,True
04625_01285,46.25,12.85,46.2,12.8,1.0,0.46179,0.00642,0.30977,0.05974,0.01248,0.0,0.03045,8571,6668,0.77798,14520,722.8,225.7,1366.7,255.5,18.97,0.064,0.2864,0.364,0.2614,0.0242,0.0,0.0,0.1446,0.0886,0.1048,0.1452,0.1836,0.147,0.062,0.1242,-0.1003,0.0155,0.9441,0.978,alpino,0.6502,0.6359,True
04625_01295,46.25,12.95,46.2,12.9,1.0,0.59902,0.02486,0.25277,0.0,0.0,0.0,0.00724,8569,7512,0.87665,14520,575.9,135.5,1466.2,289.2,18.14,0.1994,0.3488,0.3185,0.102,0.0313,0.0,0.0,0.1324,0.0995,0.0946,0.1587,0.185,0.1361,0.104,0.0897,-0.1311,0.0144,0.9354,0.9785,prealpino,0.7093,0.6941,True
04625_01305,46.25,13.05,46.2,13.0,1.0,0.31362,0.0,0.05027,0.00467,0.0,0.0,0.05272,8574,3120,0.36389,14520,346.8,144.0,1380.6,267.9,9.85,0.666,0.1206,0.17,0.0399,0.0036,0.0,0.0,0.112,0.1279,0.2053,0.2289,0.1226,0.062,0.0654,0.0758,-0.0766,0.3023,0.4432,0.9931,prealpino,0.4495,0.4464,True
04625_01315,46.25,13.15,46.2,13.1,1.0,0.24945,0.01901,0.00933,0.01446,0.01213,0.0,0.00571,8575,2382,0.27779,14520,382.3,161.7,1693.3,328.5,9.54,0.6724,0.1336,0.0921,0.0596,0.0388,0.0034,0.0,0.0758,0.0525,0.0519,0.0757,0.1728,0.2451,0.2096,0.1167,-0.2129,-0.3365,0.5206,0.9812,prealpino,0.4383,0.4301,True
04625_01325,46.25,13.25,46.2,13.2,1.0,0.67456,0.0,0.06803,0.03116,0.01144,0.0,0.01319,8570,6364,0.74259,14520,547.6,198.3,1605.1,292.0,17.13,0.205,0.452,0.2413,0.0488,0.0528,0.0001,0.0,0.0659,0.0827,0.1301,0.1691,0.1753,0.133,0.1467,0.0972,-0.2027,-0.0042,0.9287,0.9954,prealpino,0.6706,0.6675,True
04625_01335,46.25,13.35,46.2,13.3,0.9523,0.78987,0.0,0.0707,0.08879,0.0,0.0,0.00793,8571,7376,0.86057,14520,781.5,241.5,1618.3,292.7,20.57,0.0085,0.2683,0.4652,0.136,0.1211,0.001,0.0,0.1379,0.0994,0.0922,0.1259,0.1961,0.1395,0.0906,0.1184,-0.0972,-0.0259,0.9871,0.9959,alpino,0.6785,0.6757,True
04625_01345,46.25,13.45,46.2,13.4,0.227,0.72751,0.00782,0.08542,0.08717,0.0,0.0,0.02626,8569,7033,0.82075,14520,758.4,198.9,1658.6,314.5,21.83,0.0388,0.322,0.3413,0.1876,0.1078,0.0025,0.0,0.1454,0.1328,0.1001,0.1018,0.1944,0.1185,0.0679,0.1391,-0.0134,0.0138,0.9815,0.9924,alpino,0.6542,0.6492,True
04625_01355,46.25,13.55,46.2,13.5,0.081,0.58269,0.00397,0.08934,0.07873,0.0,0.0,0.08572,8574,5796,0.676,14520,740.6,188.5,1760.5,402.8,22.69,0.1487,0.3083,0.1957,0.1613,0.1758,0.0103,0.0,0.1861,0.2257,0.0701,0.0429,0.2073,0.1433,0.0688,0.0558,0.0483,0.0592,0.9446,0.9919,alpino,0.61,0.6051,True
04635_00825,46.35,8.25,46.3,8.2,0.4446,0.0,0.12878,0.00234,0.19762,0.02302,0.0,0.1171,8557,1122,0.13112,14400,2252.6,1269.7,3154.5,330.7,24.67,0.0,0.0,0.0,0.0,0.0189,0.2249,0.7562,0.119,0.0642,0.0889,0.15,0.1772,0.106,0.1057,0.189,-0.0585,-0.064,0.9851,0.7536,alpino,0.1804,0.1359,True
04635_00835,46.35,8.35,46.3,8.3,0.964,0.04535,0.09562,0.00503,0.0,0.03951,0.0,0.05786,8555,1249,0.146,14400,2210.7,753.5,3205.5,480.0,25.18,0.0,0.0,0.0207,0.0351,0.0711,0.1112,0.7619,0.0714,0.0914,0.108,0.2068,0.1432,0.1178,0.1391,0.1223,-0.1526,0.0117,0.9866,0.8345,alpino,0.2199,0.1835,True
04635_00845,46.35,8.45,46.3,8.4,0.5906,0.0007,0.23279,0.0007,0.07713,0.03681,0.0,0.14339,8557,2004,0.23419,14400,2034.6,896.9,2887.8,397.9,28.11,0.0,0.0,0.0001,0.0179,0.1485,0.2483,0.5852,0.0948,0.106,0.1533,0.169,0.0904,0.1235,0.1483,0.1147,-0.0507,0.0308,0.9929,0.7513,alpino,0.3323,0.2497,True
04635_00925,46.35,9.25,46.3,9.2,0.1347,0.03787,0.3871,0.12108,0.03682,0.01379,0.0,0.07118,8556,4672,0.54605,14400,1634.0,421.0,2958.2,638.8,30.44,0.0,0.0589,0.1002,0.1155,0.2176,0.1848,0.3231,0.0944,0.1015,0.1564,0.0922,0.0519,0.1219,0.256,0.1257,0.0497,-0.1438,0.9851,0.8117,alpino,0.5417,0.4397,True
04635_00935,46.35,9.35,46.3,9.3,1.0,0.19021,0.33929,0.0,0.04592,0.03669,0.0,0.0708,8559,4532,0.5295,14400,1534.7,263.8,2693.1,591.0,28.55,0.0197,0.0654,0.0822,0.125,0.2028,0.2392,0.2657,0.0732,0.1768,0.2305,0.1297,0.1246,0.1238,0.0927,0.0488,-0.0743,0.2329,0.9751,0.8398,alpino,0.556,0.4669,True
04635_00945,46.35,9.45,46.3,9.4,0.891,0.20119,0.19115,0.00712,0.01787,0.01319,0.0,0.06889,8564,3421,0.39946,14400,1755.3,296.0,3116.7,772.2,29.04,0.0005,0.089,0.1061,0.0941,0.1336,0.1083,0.4683,0.1498,0.0513,0.0999,0.1272,0.1847,0.1082,0.1254,0.1535,-0.0567,-0.0844,0.991,0.8795,alpino,0.4162,0.366,True
04635_00955,46.35,9.55,46.3,9.5,0.1327,0.07727,0.27151,0.0091,0.08533,0.02545,0.0,0.07412,8567,3066,0.35788,14520,1953.5,625.0,3083.7,641.7,27.49,0.0,0.0,0.0516,0.1143,0.1696,0.1627,0.5017,0.2105,0.1034,0.0551,0.1068,0.2192,0.0957,0.0624,0.1469,0.0273,-0.0265,0.996,0.8091,alpino,0.4346,0.3516,True
04635_01025,46.35,10.25,46.3,10.2,1.0,0.02758,0.2966,0.0,0.1497,0.02197,0.0,0.07292,8557,2774,0.32418,14400,2002.2,662.0,3268.5,540.5,27.84,0.0,0.0,0.0308,0.0445,0.1645,0.2317,0.5284,0.0826,0.0888,0.1549,0.1976,0.1385,0.1159,0.1597,0.062,-0.1785,0.0734,0.9951,0.7713,alpino,0.3844,0.2965,True
04635_01035,46.35,10.35,46.3,10.3,1.0,0.01053,0.50439,0.0,0.03941,0.01134,0.0,0.05648,8551,4403,0.51492,14400,1765.4,741.8,3049.6,560.2,29.13,0.0,0.0,0.0331,0.1715,0.2148,0.223,0.3577,0.0928,0.0732,0.1674,0.0983,0.1018,0.1388,0.1833,0.1444,-0.0214,-0.1004,0.9908,0.7551,alpino,0.55,0.4153,True
04635_01065,46.35,10.65,46.3,10.6,1.0,0.0,0.33287,0.01566,0.02185,0.01215,0.0,0.07115,8559,2983,0.34853,14280,2203.1,1141.2,3580.6,531.7,26.56,0.0,0.0,0.0,0.0118,0.1261,0.238,0.6242,0.0778,0.1035,0.237,0.2078,0.1734,0.052,0.0637,0.0848,-0.1483,0.3021,0.9959,0.759,alpino,0.3,0.2277,True
04635_01075,46.35,10.75,46.3,10.7,1.0,0.0,0.37938,0.02232,0.0,0.02676,0.0,0.06837,8556,3437,0.4017,14400,1889.2,884.3,2906.0,528.1,25.23,0.0,0.0,0.002,0.1466,0.1628,0.2169,0.4717,0.0989,0.0768,0.0896,0.1932,0.1489,0.1746,0.1439,0.0741,-0.2057,-0.0456,0.9893,0.7611,alpino,0.4537,0.3453,True
04635_01085,46.35,10.85,46.3,10.8,1.0,0.00479,0.56259,0.0339,0.0,0.0187,0.0,0.06055,8555,5144,0.60128,14400,1556.0,721.2,2833.3,542.0,25.76,0.0,0.0,0.109,0.2182,0.245,0.1724,0.2554,0.1833,0.1334,0.1223,0.1722,0.1492,0.0931,0.0497,0.0967,0.0067,0.157,0.9829,0.7633,alpino,0.6471,0.4939,True
04635_01095,46.35,10.95,46.3,10.9,1.0,0.02747,0.41765,0.18913,0.03437,0.01707,0.0,0.13863,8555,5426,0.63425,14400,1386.3,546.5,2404.8,457.1,24.48,0.0,0.0087,0.2015,0.1485,0.2717,0.2672,0.1024,0.0942,0.0937,0.1217,0.2232,0.1132,0.0402,0.1038,0.21,0.0149,0.0686,0.9823,0.8205,alpino,0.7164,0.5878,True
04635_01105,46.35,11.05,46.3,11.0,1.0,0.00444,0.21043,0.1459,0.0,0.0,0.0,0.00842,8554,3086,0.36077,14520,701.7,354.9,1501.5,179.1,12.41,0.0,0.2961,0.5941,0.0858,0.024,0.0,0.0,0.0399,0.0953,0.2254,0.1281,0.0793,0.1295,0.2182,0.0844,-0.1007,0.0152,0.9193,0.834,alpino,0.6293,0.5248,True
04635_01115,46.35,11.15,46.3,11.1,1.0,0.01239,0.69215,0.08427,0.0,0.00865,0.0,0.03787,8556,6749,0.78881,14280,1261.3,606.3,2104.5,313.8,16.13,0.0,0.0,0.1089,0.3663,0.3679,0.1445,0.0124,0.0857,0.0607,0.0504,0.058,0.0777,0.1643,0.2932,0.2101,0.0451,-0.4323,0.9712,0.7753,alpino,0.8905,0.6904,True
04635_01125,46.35,11.25,46.3,11.2,1.0,0.17173,0.0528,0.16846,0.0,0.0,0.0,0.05748,8560,3364,0.39299,14400,544.4,209.7,1985.2,429.8,14.88,0.452,0.2404,0.1175,0.0726,0.0842,0.0332,0.0,0.0449,0.1019,0.3544,0.2215,0.0487,0.0442,0.0975,0.0869,-0.0687,0.4044,0.6734,0.945,prealpino,0.5425,0.5127,True
04635_01135,46.35,11.35,46.3,11.3,1.0,0.09441,0.21676,0.39834,0.0,0.0,0.0,0.02512,8558,6072,0.70951,14400,1030.3,219.6,1747.0,378.6,18.0,0.0951,0.0556,0.1483,0.3115,0.378,0.0115,0.0,0.1414,0.0798,0.0234,0.0407,0.0928,0.1545,0.2417,0.2257,0.1275,-0.4136,0.9101,0.8956,alpino,0.8334,0.7464,True
04635_01145,46.35,11.45,46.3,11.4,1.0,0.0,0.73019,0.0548,0.03097,0.00935,0.0,0.05282,8558,6718,0.78499,14400,1630.4,986.4,2420.6,247.1,17.38,0.0,0.0,0.0,0.0264,0.4214,0.4824,0.0698,0.1328,0.1212,0.0952,0.1016,0.1529,0.1191,0.1382,0.1391,0.0007,-0.0659,0.9847,0.764,alpino,0.7166,0.5475,True
04635_01155,46.35,11.55,46.3,11.5,1.0,0.0,0.5475,0.0,0.03541,0.01566,0.0,0.04394,8557,4685,0.5475,14520,1875.0,983.3,2793.1,357.0,23.87,0.0,0.0,0.0,0.0351,0.1935,0.3968,0.3746,0.1203,0.0902,0.1354,0.1385,0.1103,0.1081,0.1614,0.1358,-0.0026,-0.0375,0.9882,0.75,alpino,0.4656,0.3492,True
04635_01165,46.35,11.65,46.3,11.6,1.0,0.0,0.66616,0.00701,0.04231,0.01344,0.0,0.08919,8555,5759,0.67317,14280,1624.9,994.7,2471.2,317.0,23.08,0.0,0.0,0.0,0.0766,0.4323,0.3391,0.152,0.1037,0.0931,0.0974,0.1478,0.153,0.1202,0.1379,0.147,-0.0691,-0.0614,0.9869,0.7521,alpino,0.703,0.5287,True
04635_01175,46.35,11.75,46.3,11.7,1.0,0.0,0.40213,0.0,0.10564,0.05785,0.0,0.06509,8557,3441,0.40213,14400,2055.1,1378.9,2729.1,269.4,19.36,0.0,0.0,0.0,0.0,0.0465,0.3968,0.5567,0.1043,0.0563,0.0611,0.152,0.239,0.1624,0.1191,0.1058,-0.2463,-0.1039,0.9922,0.75,alpino,0.2926,0.2195,True
04635_01185,46.35,11.85,46.3,11.8,1.0,0.00409,0.46032,0.05973,0.22186,0.01625,0.0,0.00386,8555,4484,0.52414,14400,1836.6,1057.4,2932.4,371.3,22.83,0.0,0.0,0.0,0.0402,0.249,0.3528,0.3581,0.094,0.1261,0.1835,0.2131,0.1388,0.0952,0.0712,0.0783,-0.1266,0.2325,0.9924,0.7747,alpino,0.5011,0.3882,True
04635_01195,46.35,11.95,46.3,11.9,1.0,0.10764,0.50596,0.11279,0.06381,0.05739,0.0,0.0,8556,6215,0.72639,14400,1452.7,692.3,2450.9,402.0,29.34,0.0,0.0,0.0717,0.2317,0.3546,0.2208,0.1212,0.0813,0.1138,0.1443,0.1566,0.1543,0.1134,0.1201,0.1161,-0.1113,0.0526,0.993,0.8181,alpino,0.764,0.625,True
04635_01205,46.35,12.05,46.3,12.0,1.0,0.00549,0.24594,0.14728,0.03402,0.24208,0.0,0.0,8555,3411,0.39871,14520,1772.4,613.8,3185.4,472.5,29.16,0.0,0.0,0.0421,0.0698,0.2416,0.3302,0.3163,0.0576,0.092,0.1882,0.1684,0.0988,0.1167,0.1439,0.1344,-0.0924,0.0503,0.9952,0.8273,alpino,0.5383,0.4453,True
04635_01215,46.35,12.15,46.3,12.1,1.0,0.0,0.47365,0.23536,0.01215,0.09115,0.0,0.0,8557,6067,0.70901,14280,1487.7,799.0,2459.3,325.5,23.79,0.0,0.0,0.0211,0.1802,0.438,0.2919,0.0687,0.1178,0.1432,0.1788,0.1198,0.1181,0.1404,0.0927,0.0891,-0.019,0.1131,0.9954,0.8164,alpino,0.797,0.6507,True
04635_01225,46.35,12.25,46.3,12.2,1.0,0.01859,0.4166,0.24605,0.05085,0.13302,0.0,0.0,8555,5828,0.68124,14400,1469.4,620.6,2392.8,341.1,28.21,0.0,0.0,0.0568,0.1713,0.4082,0.3108,0.0528,0.1436,0.0889,0.1342,0.1405,0.1217,0.0934,0.1061,0.1716,0.0418,0.0058,0.9974,0.8291,alpino,0.7928,0.6573,True
04635_01235,46.35,12.35,46.3,12.3,1.0,0.05493,0.44829,0.14351,0.00631,0.23828,0.0,0.01169,8557,5534,0.64673,14400,1236.2,454.2,2369.1,426.1,30.11,0.0,0.0817,0.1667,0.2193,0.3026,0.2037,0.026,0.0819,0.0923,0.1784,0.1237,0.0845,0.0894,0.1764,0.1733,0.0392,-0.0296,0.9916,0.8156,alpino,0.7805,0.6366,True
04635_01245,46.35,12.45,46.3,12.4,1.0,0.08322,0.06241,0.1586,0.03004,0.24673,0.0,0.03389,8556,2603,0.30423,14400,1657.1,675.8,2621.7,388.7,32.66,0.0,0.0,0.035,0.1184,0.2511,0.3899,0.2056,0.0959,0.1391,0.1969,0.1255,0.0943,0.1107,0.1459,0.0918,-0.0028,0.1019,0.9946,0.9226,alpino,0.6187,0.5708,True
04635_01255,46.35,12.55,46.3,12.5,1.0,0.05493,0.0714,0.3354,0.0076,0.22356,0.0,0.02349,8557,3951,0.46173,14520,1592.3,674.5,2440.6,355.9,31.23,0.0,0.0,0.0357,0.1141,0.3326,0.3872,0.1304,0.1098,0.1155,0.1322,0.1639,0.105,0.0936,0.1023,0.1777,0.0291,0.0365,0.9971,0.925,alpino,0.6912,0.6394,True
04635_01265,46.35,12.65,46.3,12.6,1.0,0.11093,0.04816,0.56037,0.00187,0.13279,0.0,0.00713,8555,6155,0.71946,14280,1328.3,605.5,2272.8,357.1,28.22,0.0,0.0,0.1723,0.1886,0.3854,0.2346,0.019,0.1487,0.1464,0.1418,0.1024,0.1152,0.1161,0.0996,0.1299,0.0747,0.0436,0.9922,0.9443,alpino,0.8246,0.7787,True
04635_01275,46.35,12.75,46.3,12.7,1.0,0.47289,0.04791,0.3488,0.00526,0.03026,0.0,0.02617,8558,7442,0.8696,14400,1003.6,338.0,1927.9,341.7,26.24,0.0,0.1149,0.317,0.2838,0.2318,0.0525,0.0,0.1478,0.1077,0.1347,0.1715,0.1304,0.1035,0.0593,0.1452,0.0051,0.0999,0.9902,0.9662,alpino,0.8066,0.7793,True
04635_01285,46.35,12.85,46.3,12.8,1.0,0.4934,0.09585,0.26616,0.0,0.00795,0.0,0.00994,8555,7318,0.85541,14400,952.3,369.9,1888.0,355.0,25.8,0.0,0.1824,0.3102,0.2441,0.219,0.0442,0.0,0.1596,0.1325,0.1194,0.109,0.1019,0.1027,0.1363,0.1386,0.1013,-0.0185,0.9763,0.9564,alpino,0.7684,0.7349,True
04635_01295,46.35,12.95,46.3,12.9,1.0,0.32589,0.05445,0.45431,0.0,0.00234,0.0,0.03576,8558,7143,0.83465,14400,888.8,306.1,1886.4,335.2,25.4,0.0,0.22,0.3333,0.2701,0.1386,0.038,0.0,0.168,0.1851,0.0969,0.1407,0.1223,0.1031,0.0791,0.1048,0.0778,0.0986,0.9805,0.9565,alpino,0.7399,0.7077,True
04635_01305,46.35,13.05,46.3,13.0,1.0,0.34007,0.01344,0.29274,0.0028,0.03167,0.0,0.0506,8557,5530,0.64625,14400,537.8,189.3,1852.5,310.7,19.99,0.2502,0.4291,0.1817,0.089,0.0452,0.0047,0.0,0.157,0.1511,0.1079,0.1134,0.1578,0.1634,0.0965,0.0529,-0.0534,0.0433,0.8212,0.9722,prealpino,0.6456,0.6277,True
04635_01315,46.35,13.15,46.3,13.1,1.0,0.3135,0.02537,0.27668,0.03939,0.00058,0.0,0.08101,8555,5266,0.61555,14400,674.5,205.5,1914.4,400.5,22.85,0.269,0.2297,0.2218,0.1503,0.1082,0.021,0.0,0.1583,0.0977,0.0861,0.1049,0.1568,0.0915,0.1413,0.1635,0.0491,-0.1006,0.8288,0.9672,alpino,0.5461,0.5282,True
04635_01325,46.35,13.25,46.3,13.2,1.0,0.25862,0.13381,0.26493,0.03798,0.02174,0.0,0.11114,8557,5625,0.65736,14400,908.3,299.0,1870.9,374.1,26.96,0.0005,0.2444,0.276,0.2367,0.1996,0.0427,0.0,0.2019,0.1477,0.094,0.0757,0.1696,0.104,0.0833,0.1239,0.1014,0.0039,0.9822,0.929,alpino,0.7386,0.6862,True
04635_01335,46.35,13.35,46.3,13.3,1.0,0.33326,0.04767,0.37789,0.03412,0.01811,0.0,0.03307,8558,6494,0.75882,14400,985.4,399.6,2295.2,324.4,26.79,0.0,0.1198,0.3197,0.3134,0.2006,0.0434,0.0031,0.229,0.1491,0.0426,0.0612,0.1822,0.1731,0.0904,0.0724,0.0386,-0.0733,0.9913,0.9594,alpino,0.8037,0.7711,True
04635_01345,46.35,13.45,46.3,13.4,0.5605,0.21043,0.03624,0.20903,0.10475,0.01754,0.0,0.04723,8554,3898,0.4557,14400,1437.1,327.5,2520.0,537.4,27.67,0.0,0.0678,0.1279,0.157,0.2301,0.2381,0.1791,0.1719,0.1086,0.0792,0.1433,0.1844,0.1348,0.078,0.0999,-0.0643,0.0208,0.9869,0.9572,alpino,0.6403,0.6129,True
04635_01355,46.35,13.55,46.3,13.5,0.0909,0.31417,0.00584,0.232,0.02209,0.04967,0.0,0.0637,8556,4723,0.55201,14400,1018.4,341.0,2293.6,506.4,26.24,0.0,0.2932,0.1836,0.1673,0.1774,0.1531,0.0253,0.1933,0.072,0.0771,0.1753,0.2111,0.0844,0.0692,0.1175,-0.0711,0.05,0.9378,0.9763,alpino,0.6613,0.6456,True
04645_00925,46.45,9.25,46.4,9.2,0.3056,0.00632,0.12525,0.00457,0.21854,0.03207,0.0,0.04085,8543,1163,0.13614,14280,2213.8,800.7,3228.7,487.4,26.56,0.0,0.0,0.0047,0.0384,0.0961,0.132,0.7287,0.0796,0.1049,0.1478,0.1548,0.1317,0.1345,0.1615,0.0854,-0.1269,0.0119,0.9936,0.7683,alpino,0.2468,0.1896,True
04645_00935,46.45,9.35,46.4,9.3,0.9384,0.0,0.21904,0.0,0.36373,0.03313,0.0,0.00304,8542,1871,0.21904,14280,1979.1,1075.0,2999.3,361.4,23.09,0.0,0.0,0.0,0.0202,0.1261,0.3791,0.4746,0.0831,0.0781,0.1446,0.1623,0.1062,0.1579,0.1687,0.0991,-0.1261,-0.0407,0.979,0.75,alpino,0.3785,0.2839,True
04645_01025,46.45,10.25,46.4,10.2,1.0,0.0,0.25292,0.0,0.11565,0.016,0.0,0.04731,8560,2165,0.25292,14280,2279.5,1339.9,3385.6,387.0,24.41,0.0,0.0,0.0,0.0,0.0498,0.1896,0.7606,0.1185,0.1679,0.1152,0.1686,0.081,0.0724,0.1469,0.1297,0.0697,0.066,0.9965,0.75,alpino,0.1921,0.1441,True
04645_01035,46.45,10.35,46.4,10.3,1.0,0.0,0.42619,0.0,0.00739,0.04048,0.0,0.03708,8522,3632,0.42619,14280,1825.1,1084.0,3104.1,477.7,23.92,0.0,0.0,0.0,0.0673,0.3263,0.2541,0.3522,0.0941,0.1034,0.2168,0.097,0.097,0.1073,0.1554,0.129,0.0221,0.0329,0.9662,0.75,alpino,0.551,0.4132,True
04645_01045,46.45,10.45,46.4,10.4,1.0,0.0,0.37893,0.0,0.07185,0.0,0.0,0.0102,8532,3233,0.37893,14280,2271.5,1305.5,3445.3,468.5,25.82,0.0,0.0,0.0,0.0,0.076,0.2391,0.6849,0.1444,0.2022,0.058,0.0785,0.1452,0.1742,0.1131,0.0844,0.0258,-0.0446,0.9969,0.75,alpino,0.2418,0.1813,True
04645_01085,46.45,10.85,46.4,10.8,1.0,0.0,0.32881,0.0,0.05443,0.05607,0.0,0.02166,8543,2809,0.32881,14280,2123.6,1086.4,3012.5,382.4,24.6,0.0,0.0,0.0,0.0113,0.1075,0.2181,0.6631,0.1607,0.105,0.1427,0.1536,0.1733,0.0922,0.0654,0.1071,-0.0348,0.1215,0.9941,0.75,alpino,0.2719,0.2039,True
04645_01095,46.45,10.95,46.4,10.9,1.0,0.0048,0.38588,0.03677,0.01921,0.07835,0.0,0.13889,8539,3650,0.42745,14280,1884.5,705.7,2646.9,390.8,26.8,0.0,0.0,0.009,0.0528,0.1721,0.3178,0.4483,0.1212,0.1623,0.1452,0.141,0.1684,0.0936,0.0842,0.0843,-0.034,0.1534,0.9986,0.77,alpino,0.4284,0.3299,True
04645_01105,46.45,11.05,46.4,11.0,1.0,0.0,0.58247,0.03561,0.00972,0.00633,0.0,0.11715,8536,5276,0.61808,14399,1267.2,565.2,2372.6,357.1,18.72,0.0,0.0016,0.1863,0.2518,0.3644,0.1826,0.0133,0.0238,0.0686,0.1695,0.2645,0.1292,0.1477,0.129,0.0678,-0.3047,0.1266,0.991,0.7615,alpino,0.8483,0.646,True
04645_01115,46.45,11.15,46.4,11.1,1.0,0.0,0.68372,0.00129,0.00281,0.0,0.0,0.05398,8540,5850,0.68501,14161,1218.4,636.2,1784.9,242.1,12.16,0.0,0.0,0.0958,0.3645,0.4766,0.0631,0.0,0.0313,0.0188,0.0726,0.1139,0.1029,0.2284,0.3109,0.1212,-0.2104,-0.4013,0.9605,0.7504,alpino,0.9429,0.7076,True
04645_01125,46.45,11.25,46.4,11.2,1.0,0.09568,0.19651,0.26537,0.0,0.0,0.0,0.03197,8539,4761,0.55756,14280,735.8,221.5,1861.8,452.9,13.58,0.103,0.4711,0.148,0.0771,0.1247,0.0761,0.0,0.0588,0.1195,0.3746,0.1309,0.0457,0.0506,0.1327,0.0872,0.0365,0.3246,0.8522,0.8881,alpino,0.5276,0.4686,True
04645_01135,46.45,11.35,46.4,11.3,1.0,0.18719,0.19433,0.16495,0.0,0.0,0.0,0.00012,8542,4668,0.54647,14280,653.8,223.9,1622.7,447.6,16.13,0.4175,0.1386,0.1211,0.1275,0.1929,0.0025,0.0,0.1511,0.0962,0.092,0.0467,0.0625,0.1848,0.1785,0.1882,0.1323,-0.2519,0.6488,0.896,alpino,0.5177,0.4639,True
04645_01145,46.45,11.45,46.4,11.4,1.0,0.11845,0.51779,0.12441,0.0,0.0,0.0,0.00257,8544,6499,0.76065,14280,1071.6,284.9,1579.0,292.0,19.69,0.0036,0.0833,0.1831,0.2824,0.4476,0.0,0.0,0.1884,0.1734,0.093,0.0461,0.0994,0.1658,0.111,0.123,0.1561,-0.0682,0.9745,0.8216,alpino,0.8879,0.7295,True
04645_01155,46.45,11.55,46.4,11.5,1.0,0.0,0.78311,0.01031,0.0123,0.00223,0.0,0.05668,8539,6775,0.79342,14399,1483.2,730.9,2363.5,274.9,20.55,0.0,0.0,0.0148,0.1647,0.4605,0.3243,0.0357,0.1625,0.088,0.028,0.0757,0.1557,0.1721,0.1527,0.1652,0.0134,-0.2514,0.9873,0.7526,alpino,0.8157,0.6139,True
04645_01165,46.45,11.65,46.4,11.6,1.0,0.0,0.34758,0.0,0.06511,0.0,0.0,0.04368,8539,2968,0.34758,14161,2029.2,1222.2,2934.6,379.7,24.31,0.0,0.0,0.0,0.0,0.1549,0.3039,0.5413,0.0852,0.1122,0.1447,0.1887,0.1368,0.1061,0.1487,0.0775,-0.1277,0.0795,0.9891,0.75,alpino,0.3491,0.2618,True
04645_01175,46.45,11.75,46.4,11.7,1.0,0.0,0.51962,0.0,0.07589,0.04427,0.0,0.06582,8539,4437,0.51962,14280,1956.3,1354.1,2798.9,299.3,24.42,0.0,0.0,0.0,0.0,0.1483,0.3882,0.4635,0.1321,0.1497,0.0699,0.0886,0.1413,0.1476,0.1428,0.128,0.0226,-0.1028,0.9873,0.75,alpino,0.385,0.2888,True
04645_01185,46.45,11.85,46.4,11.8,1.0,0.0,0.17225,0.0,0.25504,0.04895,0.0,0.02459,8540,1471,0.17225,14280,2256.1,1484.1,3296.0,334.8,26.72,0.0,0.0,0.0,0.0,0.0158,0.2132,0.771,0.2369,0.124,0.0918,0.117,0.1654,0.1008,0.0634,0.1008,0.0793,0.0548,0.9948,0.75,alpino,0.1716,0.1287,True
04645_01195,46.45,11.95,46.4,11.9,1.0,0.00339,0.54636,0.0,0.16085,0.07703,0.0,0.02318,8542,4696,0.54975,14280,1708.1,987.2,2487.0,312.1,26.33,0.0,0.0,0.0,0.0532,0.3227,0.4311,0.193,0.14,0.1581,0.1434,0.1412,0.1228,0.1317,0.0683,0.0945,0.0027,0.1325,0.9954,0.7515,alpino,0.6227,0.468,True
04645_01205,46.45,12.05,46.4,12.0,1.0,0.00492,0.52757,0.0,0.1922,0.00936,0.0,0.01089,8543,4549,0.53249,14399,1787.8,967.9,2621.7,362.9,22.19,0.0,0.0,0.0,0.0663,0.2427,0.3801,0.3109,0.1109,0.1023,0.1116,0.0961,0.1502,0.1974,0.13,0.1015,-0.1122,-0.0912,0.9922,0.7523,alpino,0.5336,0.4014,True
04645_01215,46.45,12.15,46.4,12.1,1.0,0.0,0.45743,0.154,0.07636,0.12297,0.0,0.00176,8539,5221,0.61143,14161,1749.1,976.4,3062.5,375.3,19.93,0.0,0.0,0.0,0.095,0.2325,0.4407,0.2318,0.1379,0.2199,0.213,0.1069,0.0746,0.1244,0.0609,0.0624,0.1062,0.2555,0.9946,0.8004,alpino,0.5815,0.4654,True
04645_01225,46.45,12.25,46.4,12.2,1.0,0.0,0.16378,0.27464,0.02177,0.12374,0.0,0.0,8542,3745,0.43842,14280,1643.0,719.4,3130.1,549.4,26.81,0.0,0.0,0.0408,0.2307,0.2575,0.162,0.309,0.099,0.1403,0.1069,0.1156,0.1169,0.2318,0.1053,0.0842,-0.1089,-0.0428,0.9925,0.8753,alpino,0.6213,0.5438,True
04645_01235,46.45,12.35,46.4,12.3,1.0,0.0,0.58722,0.12866,0.00503,0.05701,0.0,0.02657,8542,6115,0.71588,14280,1281.3,543.3,2562.3,415.3,25.03,0.0,0.0067,0.2338,0.224,0.28,0.2043,0.0513,0.0834,0.0937,0.1479,0.2052,0.1955,0.1084,0.0798,0.0861,-0.2128,0.1441,0.987,0.7859,alpino,0.7849,0.6169,True
04645_01245,46.45,12.45,46.4,12.4,1.0,0.00761,0.5926,0.0521,0.0,0.10232,0.0,0.0,8542,5572,0.65231,14280,1317.8,672.0,2436.3,423.3,24.72,0.0,0.0,0.1754,0.2848,0.297,0.1491,0.0937,0.1407,0.1092,0.0921,0.1026,0.09,0.1152,0.1789,0.1712,0.0957,-0.1432,0.9937,0.7689,alpino,0.7913,0.6084,True
04645_01255,46.45,12.55,46.4,12.5,1.0,0.00375,0.38707,0.27655,0.04238,0.09694,0.0,0.01932,8541,5700,0.66737,14399,1523.3,808.8,2365.0,341.2,23.52,0.0,0.0,0.0248,0.1758,0.3622,0.3529,0.0843,0.1196,0.1459,0.1241,0.1034,0.1452,0.1725,0.1062,0.0831,-0.0597,0.0137,0.9923,0.8343,alpino,0.7537,0.6288,True
04645_01265,46.45,12.65,46.4,12.6,1.0,0.0123,0.21604,0.36101,0.14871,0.09426,0.0,0.03384,8540,5033,0.58935,14161,1611.0,802.5,2443.8,293.2,23.72,0.0,0.0,0.0092,0.0838,0.363,0.4708,0.0732,0.1211,0.1448,0.1169,0.1203,0.1603,0.1441,0.1011,0.0913,-0.0608,0.0345,0.9956,0.8777,alpino,0.7158,0.6283,True
04645_01275,46.45,12.75,46.4,12.7,1.0,0.25659,0.10961,0.26525,0.00773,0.08139,0.0,0.08631,8539,5392,0.63145,14280,1346.1,481.5,2079.7,363.0,24.11,0.0,0.0297,0.1055,0.1958,0.3758,0.2914,0.0019,0.1134,0.1286,0.1239,0.1324,0.1807,0.1221,0.0991,0.0998,-0.0898,0.0544,0.9891,0.9356,alpino,0.8162,0.7636,True
04645_01285,46.45,12.85,46.4,12.8,1.0,0.22021,0.05163,0.41981,0.0,0.02856,0.0,0.03067,8542,5908,0.69165,14280,845.4,364.3,2042.0,373.7,18.56,0.0,0.3376,0.3026,0.185,0.1203,0.0539,0.0006,0.0696,0.1515,0.1634,0.163,0.1628,0.1448,0.096,0.0488,-0.1713,0.1534,0.9423,0.951,alpino,0.665,0.6324,True
04645_01295,46.45,12.95,46.4,12.9,1.0,0.17516,0.06884,0.40054,0.09413,0.01382,0.0,0.05807,8541,5505,0.64454,14280,999.4,315.7,1953.6,387.9,20.3,0.0,0.1833,0.1901,0.3134,0.2493,0.0639,0.0,0.0781,0.108,0.1582,0.133,0.1705,0.1569,0.1286,0.0668,-0.1816,0.0441,0.9178,0.9422,alpino,0.7951,0.7491,True
04645_01305,46.45,13.05,46.4,13.0,1.0,0.21747,0.08186,0.4408,0.0,0.00738,0.0,0.01558,8539,6320,0.74013,14280,751.3,309.4,1882.8,280.7,21.18,0.0,0.3525,0.3553,0.2344,0.0499,0.0079,0.0,0.0929,0.0898,0.0919,0.155,0.15,0.1284,0.1492,0.1427,-0.0973,-0.0763,0.9268,0.9426,alpino,0.6607,0.6228,True
04645_01315,46.45,13.15,46.4,13.1,1.0,0.22564,0.03478,0.42892,0.0,0.11511,0.0,0.04005,8540,5887,0.68934,14280,997.2,283.5,2130.7,374.4,28.12,0.0016,0.1626,0.2752,0.2487,0.2452,0.065,0.0017,0.061,0.1109,0.1665,0.1702,0.1249,0.1042,0.1496,0.1125,-0.0992,0.0622,0.9912,0.9563,alpino,0.7795,0.7454,True
04645_01325,46.45,13.25,46.4,13.2,1.0,0.1466,0.0418,0.58197,0.01218,0.01066,0.0,0.06932,8540,6579,0.77037,14280,1121.5,302.9,2108.9,371.3,30.31,0.0,0.0944,0.1946,0.2835,0.3259,0.0983,0.0032,0.0524,0.107,0.1486,0.1478,0.1162,0.1287,0.2033,0.096,-0.1209,-0.0311,0.9936,0.9487,alpino,0.8329,0.7902,True
04645_01335,46.45,13.35,46.4,13.3,1.0,0.02096,0.07716,0.58108,0.03302,0.05433,0.0,0.13371,8541,5801,0.6792,14280,1076.6,361.2,2331.2,388.3,30.78,0.0,0.1231,0.239,0.2669,0.2632,0.0972,0.0106,0.1541,0.1105,0.073,0.0882,0.1613,0.1796,0.1099,0.1235,-0.0319,-0.1162,0.9922,0.9288,alpino,0.7945,0.7379,True
04645_01345,46.45,13.45,46.4,13.4,1.0,0.02938,0.05513,0.39595,0.07128,0.0055,0.0,0.14221,8544,4105,0.48046,14280,1470.5,546.3,2711.0,413.9,29.28,0.0,0.0034,0.0739,0.2164,0.3286,0.2681,0.1095,0.1418,0.1558,0.0869,0.1088,0.1629,0.1251,0.0791,0.1396,0.0244,0.0107,0.9803,0.9301,alpino,0.7508,0.6983,True
04645_01355,46.45,13.55,46.4,13.5,0.9206,0.06136,0.11956,0.51499,0.0,0.03653,0.0,0.13689,8540,5943,0.69591,14280,1304.9,614.8,2446.1,292.2,27.22,0.0,0.0,0.0634,0.3348,0.4388,0.1471,0.016,0.1185,0.0963,0.1572,0.165,0.0786,0.0781,0.1364,0.1699,0.0591,0.0286,0.9849,0.92,alpino,0.8997,0.8277,True
04645_01365,46.45,13.65,46.4,13.6,0.5738,0.07938,0.1309,0.29399,0.00761,0.08617,0.0,0.11439,8541,4307,0.50427,14280,1366.4,620.8,2624.3,427.6,27.37,0.0,0.0,0.1537,0.256,0.2917,0.1981,0.1005,0.1713,0.1157,0.1164,0.1105,0.1159,0.0712,0.1423,0.1567,0.1225,-0.0278,0.978,0.906,alpino,0.7693,0.697,True
04655_01015,46.55,10.15,46.5,10.1,0.999,0.0,0.18089,0.0,0.15997,0.10907,0.0,0.0,8508,1539,0.18089,14280,2230.5,1790.0,3087.2,279.3,23.96,0.0,0.0,0.0,0.0,0.0,0.2394,0.7606,0.0628,0.1075,0.2406,0.1141,0.0532,0.104,0.1751,0.1427,0.0305,0.0468,0.9658,0.75,alpino,0.1697,0.1273,True
04655_01055,46.55,10.55,46.5,10.5,1.0,0.0,0.39123,0.0047,0.01892,0.08838,0.0,0.02233,8509,3369,0.39593,14520,2178.3,1076.1,3867.1,523.3,28.41,0.0,0.0,0.0,0.007,0.1237,0.275,0.5943,0.1461,0.1639,0.1437,0.0871,0.033,0.0864,0.1714,0.1683,0.2284,-0.0322,0.9967,0.7524,alpino,0.3117,0.2345,True
04655_01075,46.55,10.75,46.5,10.7,1.0,0.0,0.39515,0.0,0.02051,0.0,0.0,0.04068,8531,3371,0.39515,14400,2193.2,1116.6,3390.8,483.8,27.56,0.0,0.0,0.0,0.0058,0.1165,0.2535,0.6242,0.1782,0.0934,0.1463,0.1895,0.0815,0.0448,0.073,0.1934,0.1305,0.0984,0.9962,0.75,alpino,0.2929,0.2197,True
04655_01085,46.55,10.85,46.5,10.8,1.0,0.0,0.31027,0.01151,0.08153,0.02397,0.0,0.04958,8512,2739,0.32178,14400,2179.1,768.0,3236.3,535.7,26.02,0.0,0.0,0.0072,0.0544,0.1124,0.1417,0.6843,0.167,0.149,0.119,0.1283,0.1114,0.0754,0.1061,0.1439,0.1191,0.0585,0.9978,0.7572,alpino,0.284,0.215,True
04655_01095,46.55,10.95,46.5,10.9,1.0,0.0,0.44111,0.0,0.02112,0.01115,0.0,0.06746,8524,3760,0.44111,14400,1941.1,1068.8,2727.4,401.5,24.41,0.0,0.0,0.0,0.0433,0.1825,0.2837,0.4906,0.1531,0.1101,0.0795,0.2205,0.1309,0.0746,0.089,0.1422,-0.0101,0.0657,0.9881,0.75,alpino,0.4064,0.3048,True
04655_01105,46.55,11.05,46.5,11.0,1.0,0.0,0.60738,0.00152,0.08869,0.00598,0.0,0.06444,8535,5197,0.6089,14520,1596.7,597.9,2594.5,427.0,24.49,0.0,0.0001,0.0588,0.1604,0.2398,0.3596,0.1813,0.1192,0.0855,0.1497,0.2146,0.1371,0.044,0.0798,0.1701,-0.0225,0.1306,0.9956,0.7505,alpino,0.6482,0.4865,True
04655_01115,46.55,11.15,46.5,11.1,1.0,0.05101,0.50768,0.17826,0.00152,0.0,0.0,0.01067,8527,6284,0.73695,14280,1108.8,252.3,2036.5,470.9,18.37,0.1015,0.0668,0.166,0.1797,0.3143,0.1711,0.0006,0.1288,0.2149,0.2496,0.1105,0.0539,0.0827,0.0754,0.0842,0.1567,0.2945,0.8985,0.8157,alpino,0.7429,0.606,True
04655_01125,46.55,11.25,46.5,11.2,1.0,0.15303,0.1954,0.13484,0.0,0.0,0.0,0.00352,8521,4118,0.48327,14400,776.5,238.6,1689.2,455.7,15.38,0.3101,0.1208,0.1247,0.1924,0.2492,0.0027,0.0,0.0537,0.1019,0.086,0.0663,0.1298,0.2949,0.1864,0.081,-0.2061,-0.252,0.7533,0.885,alpino,0.6192,0.548,True
04655_01135,46.55,11.35,46.5,11.3,1.0,0.12352,0.34334,0.19613,0.0,0.0,0.0,0.05959,8525,5652,0.66299,14400,975.5,241.4,1629.8,331.9,21.44,0.0426,0.1039,0.2497,0.3071,0.2949,0.0018,0.0,0.0493,0.1033,0.1393,0.16,0.1964,0.1521,0.1293,0.0703,-0.2502,0.0367,0.9627,0.8557,alpino,0.8205,0.7021,True
04655_01145,46.55,11.45,46.5,11.4,1.0,0.08281,0.3874,0.17804,0.00598,0.01114,0.0,0.0244,8526,5527,0.64825,14400,1225.1,317.3,2065.6,379.4,16.34,0.0,0.0725,0.1384,0.2103,0.4009,0.1715,0.0064,0.056,0.0338,0.1342,0.2304,0.2446,0.1249,0.0847,0.0914,-0.3588,0.0834,0.978,0.8369,alpino,0.8281,0.693,True
04655_01155,46.55,11.55,46.5,11.5,1.0,0.04894,0.41638,0.08051,0.0,0.00587,0.0,0.0433,8521,4651,0.54583,14520,1178.4,379.2,2548.0,474.6,21.12,0.0,0.0607,0.2323,0.3631,0.18,0.072,0.0919,0.1258,0.0924,0.0791,0.0636,0.0779,0.1306,0.2021,0.2286,0.1388,-0.2734,0.987,0.8019,alpino,0.7712,0.6184,True
04655_01165,46.55,11.65,46.5,11.6,1.0,0.0,0.43522,0.0,0.0,0.00645,0.0,0.03412,8529,3712,0.43522,14280,1762.2,804.7,2582.7,304.3,17.38,0.0,0.0,0.0034,0.0426,0.2304,0.5139,0.2097,0.1966,0.1078,0.0961,0.0748,0.1589,0.1055,0.0996,0.1607,0.1066,-0.0563,0.979,0.75,alpino,0.5685,0.4264,True
04655_01175,46.55,11.75,46.5,11.7,1.0,0.0,0.30883,0.0,0.06413,0.01653,0.0,0.04924,8529,2634,0.30883,14400,2063.3,1296.4,3112.0,327.0,22.31,0.0,0.0,0.0,0.0,0.065,0.3797,0.5553,0.116,0.0928,0.0671,0.1216,0.1661,0.1479,0.1336,0.1549,-0.0683,-0.1303,0.9934,0.75,alpino,0.3016,0.2262,True
04655_01185,46.55,11.85,46.5,11.8,1.0,0.0,0.20676,0.0,0.09106,0.02793,0.0,0.05902,8522,1762,0.20676,14400,2168.3,1357.2,3111.4,385.3,22.85,0.0,0.0,0.0,0.0,0.061,0.3318,0.6072,0.0965,0.122,0.1818,0.1804,0.1375,0.0828,0.0718,0.1274,-0.0532,0.1806,0.9891,0.75,alpino,0.2739,0.2054,True
04655_01195,46.55,11.95,46.5,11.9,1.0,0.0,0.35926,0.0,0.2038,0.00997,0.0,0.06876,8523,3062,0.35926,14400,2000.4,1349.8,3042.4,306.1,17.93,0.0,0.0,0.0,0.0,0.0687,0.4881,0.4433,0.1147,0.1352,0.1,0.0751,0.092,0.2073,0.1605,0.1152,-0.0018,-0.1439,0.9877,0.75,alpino,0.3593,0.2695,True
04655_01205,46.55,12.05,46.5,12.0,1.0,0.0,0.32305,0.0,0.05889,0.04481,0.0,0.0115,8525,2754,0.32305,14520,2171.1,1356.4,3194.1,332.7,25.22,0.0,0.0,0.0,0.0,0.032,0.292,0.676,0.1432,0.1373,0.1826,0.1548,0.1086,0.0502,0.0969,0.1265,0.0814,0.175,0.9933,0.75,alpino,0.2264,0.1698,True
04655_01215,46.55,12.15,46.5,12.1,1.0,0.0,0.53742,0.0,0.01115,0.07191,0.0,0.02159,8524,4581,0.53742,14280,1703.8,1082.2,3074.3,412.1,20.41,0.0,0.0,0.0,0.0668,0.4244,0.2725,0.2362,0.0878,0.1397,0.142,0.0461,0.0897,0.2495,0.162,0.0833,-0.0568,-0.1295,0.987,0.75,alpino,0.6529,0.4897,True
04655_01225,46.55,12.25,46.5,12.2,1.0,0.0,0.46248,0.0,0.03307,0.07399,0.0,0.01864,8528,3944,0.46248,14400,1947.9,1099.5,3130.7,407.1,26.02,0.0,0.0,0.0,0.0338,0.1701,0.3452,0.4509,0.119,0.0964,0.1498,0.1795,0.1278,0.0786,0.1012,0.1478,-0.0177,0.089,0.9836,0.75,alpino,0.4163,0.3122,True
04655_01235,46.55,12.35,46.5,12.3,1.0,0.0,0.55266,0.01607,0.00199,0.16409,0.0,0.0,8526,4849,0.56873,14400,1641.8,889.5,2797.5,449.7,28.5,0.0,0.0,0.0015,0.1878,0.3295,0.247,0.2341,0.1493,0.1029,0.1253,0.2024,0.1003,0.071,0.0813,0.1674,0.0483,0.0926,0.9886,0.7557,alpino,0.6659,0.5032,True
04655_01245,46.55,12.45,46.5,12.4,1.0,0.0,0.65493,0.09249,0.02054,0.08169,0.0,0.0,8520,6368,0.74742,14400,1400.9,711.0,2674.4,375.4,23.59,0.0,0.0,0.0993,0.2142,0.4169,0.1999,0.0697,0.0902,0.1499,0.1414,0.1395,0.1207,0.1609,0.117,0.0803,-0.0769,0.0648,0.9865,0.7747,alpino,0.814,0.6306,True
04655_01255,46.55,12.55,46.5,12.5,1.0,0.0,0.45989,0.04715,0.02135,0.16831,0.0,0.00915,8526,4323,0.50704,14520,1458.6,825.4,2498.0,368.5,25.98,0.0,0.0,0.0099,0.284,0.3778,0.2258,0.1025,0.113,0.1375,0.1448,0.116,0.126,0.1376,0.1187,0.1064,-0.0259,0.0316,0.9912,0.7686,alpino,0.798,0.6133,True
04655_01265,46.55,12.65,46.5,12.6,1.0,0.0,0.56133,0.04128,0.04268,0.13567,0.0,0.01677,8528,5139,0.60261,14280,1624.9,966.5,2546.1,326.0,27.43,0.0,0.0,0.0,0.0744,0.4297,0.3419,0.154,0.1018,0.0809,0.0901,0.185,0.1711,0.0994,0.1122,0.1595,-0.096,-0.0165,0.9936,0.7637,alpino,0.6998,0.5344,True
04655_01275,46.55,12.75,46.5,12.7,1.0,0.11718,0.37314,0.18721,0.0827,0.02135,0.0,0.03566,8525,5776,0.67753,14400,1418.7,656.5,2437.6,362.2,26.3,0.0,0.0,0.0606,0.2433,0.3955,0.2226,0.0781,0.1819,0.1388,0.0859,0.1444,0.1854,0.0878,0.0591,0.1167,0.016,0.0866,0.9924,0.8485,alpino,0.8076,0.6852,True
04655_01285,46.55,12.85,46.5,12.8,1.0,0.01642,0.35167,0.34839,0.05607,0.03496,0.0,0.03425,8525,6108,0.71648,14400,1190.4,505.7,2271.1,403.1,23.15,0.0,0.0326,0.2625,0.2518,0.2731,0.146,0.0341,0.1021,0.1218,0.0901,0.1047,0.18,0.2024,0.125,0.0739,-0.1616,-0.07,0.9906,0.853,alpino,0.8021,0.6842,True
04655_01295,46.55,12.95,46.5,12.9,0.9998,0.07368,0.25672,0.23231,0.08483,0.11416,0.0,0.02734,8523,4796,0.56271,14400,1326.9,511.6,2142.0,372.0,24.17,0.0,0.0336,0.1078,0.2289,0.3696,0.2447,0.0154,0.1355,0.1566,0.1369,0.158,0.2012,0.0885,0.0492,0.0741,-0.0743,0.1939,0.9874,0.8653,alpino,0.8211,0.7105,True
04655_01305,46.55,13.05,46.5,13.0,0.9854,0.05546,0.24613,0.2826,0.05617,0.08654,0.0,0.02568,8528,4982,0.58419,14400,1279.2,497.7,2182.3,382.5,24.11,0.0,0.03,0.1674,0.2303,0.3403,0.2181,0.0138,0.1078,0.0886,0.0935,0.1212,0.1824,0.1475,0.1499,0.1091,-0.1286,-0.091,0.9764,0.8705,alpino,0.8189,0.7129,True
04655_01315,46.55,13.15,46.5,13.1,0.8691,0.02837,0.26521,0.34647,0.17622,0.03822,0.0,0.02732,8529,5459,0.64005,14400,1331.2,562.3,2161.7,359.4,22.72,0.0,0.0035,0.1406,0.2413,0.3333,0.269,0.0122,0.1112,0.0987,0.109,0.1219,0.1594,0.1879,0.1153,0.0965,-0.1328,-0.0531,0.9952,0.8693,alpino,0.8228,0.7153,True
04655_01325,46.55,13.25,46.5,13.2,0.6143,0.04073,0.23709,0.34847,0.02946,0.06209,0.0,0.07347,8520,5336,0.62629,14400,1380.6,579.0,2260.9,344.2,23.7,0.0,0.0004,0.0881,0.2324,0.3919,0.2542,0.0331,0.1663,0.153,0.1194,0.118,0.1506,0.1165,0.0633,0.1129,0.0432,0.0856,0.9956,0.8775,alpino,0.8276,0.7262,True
04655_01335,46.55,13.35,46.5,13.3,0.6627,0.03109,0.18067,0.45659,0.02252,0.04388,0.0,0.16225,8524,5697,0.66835,14400,1289.7,548.7,2165.6,339.6,25.63,0.0,0.0205,0.1494,0.1819,0.4656,0.1772,0.0054,0.1881,0.1208,0.1265,0.0908,0.1434,0.1542,0.0983,0.078,0.0119,0.0127,0.9886,0.8983,alpino,0.857,0.7698,True
04655_01345,46.55,13.45,46.5,13.4,0.6047,0.0,0.24334,0.53243,0.05465,0.02404,0.0,0.05254,8527,6615,0.77577,14400,1264.9,557.5,2039.1,306.4,23.42,0.0,0.0063,0.1488,0.2425,0.4583,0.1438,0.0004,0.2381,0.0994,0.0842,0.1175,0.1807,0.1293,0.0706,0.0801,0.0059,0.0252,0.9783,0.8873,alpino,0.8863,0.7864,True
04655_01355,46.55,13.55,46.5,13.5,0.4918,0.02874,0.21255,0.50944,0.03801,0.00352,0.0,0.01067,8525,6400,0.75073,14400,1063.8,548.0,2036.7,341.2,18.41,0.0,0.1551,0.1905,0.2814,0.3127,0.0597,0.0006,0.2257,0.1576,0.098,0.1307,0.1726,0.0911,0.0616,0.0627,0.0571,0.142,0.8668,0.8953,alpino,0.8146,0.7293,True
04655_01365,46.55,13.65,46.5,13.6,0.3233,0.04492,0.14272,0.41527,0.00973,0.04058,0.0,0.00715,8527,5141,0.60291,14400,828.8,538.5,1996.0,279.1,14.41,0.0,0.227,0.447,0.2151,0.0915,0.0194,0.0,0.1827,0.122,0.055,0.104,0.2447,0.1384,0.0425,0.1108,-0.0648,0.0045,0.8188,0.9064,alpino,0.7096,0.6432,True
04665_01015,46.65,10.15,46.6,10.1,0.1429,0.0,0.28206,0.0,0.01574,0.14553,0.0,0.0226,8452,2384,0.28206,14280,2190.3,1484.0,3060.0,357.3,26.96,0.0,0.0,0.0,0.0,0.0153,0.3427,0.6419,0.0872,0.1487,0.2025,0.0905,0.0769,0.1375,0.1534,0.1034,0.0257,0.0465,0.9887,0.75,alpino,0.2359,0.1769,True
04665_01045,46.65,10.45,46.6,10.4,0.7014,0.0,0.3451,0.00141,0.04636,0.02353,0.0,0.14319,8499,2945,0.34651,14400,1951.8,1017.6,3024.0,449.0,24.68,0.0,0.0,0.0,0.0362,0.2283,0.2392,0.4962,0.0722,0.1195,0.1945,0.205,0.114,0.0979,0.056,0.141,-0.0765,0.204,0.9902,0.7508,alpino,0.4209,0.316,True
04665_01055,46.65,10.55,46.6,10.5,1.0,0.01935,0.40305,0.019,0.06592,0.01525,0.0,0.05607,8525,3763,0.4414,14520,1402.1,885.1,2597.7,463.4,19.49,0.0,0.0,0.0753,0.3744,0.2396,0.1606,0.1501,0.1371,0.1488,0.1646,0.1619,0.1359,0.1359,0.0436,0.0722,-0.0629,0.1961,0.8523,0.7696,alpino,0.7625,0.5868,True
04665_01065,46.65,10.65,46.6,10.6,1.0,0.01093,0.40473,0.0,0.01117,0.00353,0.0,0.0891,8507,3536,0.41566,14280,1669.6,865.2,3183.5,638.9,21.97,0.0,0.0,0.1693,0.1271,0.2188,0.1735,0.3113,0.1482,0.0631,0.0314,0.118,0.227,0.1331,0.1634,0.1159,-0.1268,-0.1949,0.8667,0.7566,alpino,0.5754,0.4353,True
04665_01075,46.65,10.75,46.6,10.7,1.0,0.00893,0.21422,0.0,0.03995,0.0,0.0,0.17133,8510,1899,0.22315,14400,1735.6,673.5,3253.3,709.0,23.7,0.0,0.0,0.1442,0.1708,0.1581,0.1291,0.3978,0.1515,0.0466,0.1051,0.1864,0.1936,0.1602,0.0957,0.0609,-0.2227,0.0206,0.9669,0.76,alpino,0.5207,0.3957,True
04665_01085,46.65,10.85,46.6,10.8,1.0,0.0,0.22693,0.01376,0.01023,0.0,0.0,0.11993,8505,2047,0.24069,14400,1806.1,584.6,3159.1,816.0,23.67,0.0,0.0013,0.2457,0.0882,0.0778,0.0896,0.4974,0.1306,0.0843,0.0906,0.1549,0.2397,0.1026,0.065,0.1323,-0.1405,0.029,0.9312,0.7614,alpino,0.4126,0.3142,True
04665_01095,46.65,10.95,46.6,10.9,1.0,0.0,0.41984,0.01444,0.01408,0.0,0.0,0.17934,8520,3700,0.43428,14400,1389.9,531.3,3168.6,609.1,26.6,0.0,0.1083,0.1645,0.1503,0.2104,0.1869,0.1797,0.177,0.1395,0.0884,0.1193,0.1529,0.1044,0.0812,0.1374,0.0702,0.0145,0.9493,0.7567,alpino,0.6255,0.4733,True
04665_01105,46.65,11.05,46.6,11.0,1.0,0.03329,0.47188,0.01941,0.02,0.00294,0.0,0.09776,8500,4459,0.52458,14520,1309.0,437.0,3056.2,597.5,23.61,0.0,0.1694,0.1468,0.1439,0.1982,0.2133,0.1284,0.17,0.0736,0.0898,0.1931,0.175,0.0329,0.0437,0.2219,0.0441,0.0515,0.9165,0.7733,alpino,0.6279,0.4856,True
04665_01115,46.65,11.15,46.6,11.1,1.0,0.10486,0.10615,0.10885,0.0,0.0,0.0,0.01163,8516,2724,0.31986,14280,576.6,259.0,1828.7,357.2,15.06,0.2398,0.4139,0.1877,0.0692,0.0681,0.0211,0.0,0.0776,0.1178,0.2106,0.1616,0.1075,0.1179,0.1651,0.042,-0.1183,0.1415,0.71,0.9,prealpino,0.6462,0.5816,True
04665_01125,46.65,11.25,46.6,11.2,1.0,0.02386,0.54907,0.057,0.0,0.00858,0.0,0.03526,8509,5360,0.62993,14400,1543.2,277.8,2581.2,371.0,19.08,0.0003,0.0073,0.0492,0.1047,0.3861,0.3524,0.1,0.0607,0.0372,0.0372,0.0935,0.1555,0.2169,0.2401,0.1589,-0.1799,-0.3896,0.9888,0.7776,alpino,0.7267,0.5651,True
04665_01135,46.65,11.35,46.6,11.3,1.0,0.0,0.59638,0.01058,0.00611,0.01081,0.0,0.06323,8508,5164,0.60696,14400,1513.1,763.7,2414.2,329.1,21.24,0.0,0.0,0.0074,0.1989,0.3802,0.3412,0.0722,0.0524,0.1268,0.157,0.1668,0.1368,0.1518,0.1247,0.0837,-0.1625,0.0739,0.9926,0.7535,alpino,0.7756,0.5844,True
04665_01145,46.65,11.45,46.6,11.4,1.0,0.0,0.36307,0.0,0.11965,0.08134,0.0,0.13,8508,3089,0.36307,14400,1926.9,1022.2,2494.1,252.7,17.51,0.0,0.0,0.0,0.0047,0.1177,0.4122,0.4654,0.0695,0.0886,0.122,0.181,0.1767,0.1279,0.1127,0.1216,-0.1824,0.0248,0.9874,0.75,alpino,0.3724,0.2793,True
04665_01155,46.65,11.55,46.6,11.5,1.0,0.00916,0.44938,0.05168,0.00364,0.0,0.0,0.05168,8514,4344,0.51022,14520,1199.3,464.5,2222.7,396.3,20.87,0.0,0.057,0.1934,0.284,0.2848,0.1561,0.0247,0.0581,0.0566,0.1111,0.2874,0.1942,0.1239,0.0522,0.1166,-0.3075,0.1351,0.9937,0.7747,alpino,0.8112,0.6284,True
04665_01165,46.65,11.65,46.6,11.6,1.0,0.0,0.63568,0.02033,0.0,0.0047,0.0,0.02915,8509,5582,0.65601,14280,1253.8,529.5,2297.9,413.8,21.03,0.0,0.0605,0.1564,0.2537,0.3225,0.1564,0.0504,0.148,0.0727,0.0481,0.0945,0.1234,0.1427,0.1113,0.2594,0.0945,-0.2316,0.9793,0.7562,alpino,0.7954,0.6015,True
04665_01175,46.65,11.75,46.6,11.7,1.0,0.0,0.50376,0.0,0.05337,0.02786,0.0,0.06019,8506,4285,0.50376,14400,1964.7,1167.0,2941.8,322.0,22.51,0.0,0.0,0.0,0.0012,0.1299,0.4297,0.4392,0.159,0.1029,0.0653,0.0732,0.221,0.1085,0.1287,0.1413,-0.0225,-0.12,0.9965,0.75,alpino,0.3894,0.2921,True
04665_01185,46.65,11.85,46.6,11.8,1.0,0.0,0.54586,0.0,0.07974,0.01433,0.0,0.04627,8515,4648,0.54586,14400,1795.6,1066.8,2808.7,341.9,21.52,0.0,0.0,0.0,0.0223,0.2989,0.3909,0.2879,0.1297,0.1525,0.2127,0.1894,0.0815,0.041,0.0623,0.1308,0.0846,0.2775,0.9936,0.75,alpino,0.5506,0.413,True
04665_01195,46.65,11.95,46.6,11.9,1.0,0.0,0.44199,0.0,0.02163,0.02351,0.0,0.09228,8507,3760,0.44199,14400,1817.2,1089.9,2982.1,405.3,21.49,0.0,0.0,0.0,0.0194,0.3305,0.3633,0.2867,0.1264,0.1288,0.0832,0.0467,0.0864,0.2117,0.2008,0.116,0.0282,-0.2333,0.9875,0.75,alpino,0.564,0.423,True
04665_01205,46.65,12.05,46.6,12.0,1.0,0.0,0.30114,0.0,0.08119,0.03807,0.0,0.03866,8511,2563,0.30114,14520,2083.8,1354.2,2787.7,282.2,24.32,0.0,0.0,0.0,0.0,0.0762,0.2563,0.6675,0.1417,0.1645,0.1154,0.1255,0.1378,0.1514,0.0745,0.0892,-0.012,0.0749,0.9787,0.75,alpino,0.2505,0.1879,True
04665_01215,46.65,12.15,46.6,12.1,1.0,0.0,0.41403,0.0,0.06511,0.07463,0.0,0.01528,8509,3523,0.41403,14280,2036.7,1348.2,3006.4,319.6,25.2,0.0,0.0,0.0,0.0,0.118,0.3298,0.5522,0.0973,0.1342,0.1287,0.1023,0.1271,0.1393,0.1443,0.1269,-0.0128,-0.0368,0.9896,0.75,alpino,0.327,0.2453,True
04665_01225,46.65,12.25,46.6,12.2,1.0,0.0,0.42389,0.0,0.0451,0.06342,0.0,0.07153,8514,3609,0.42389,14400,1986.8,1256.6,2872.6,346.5,29.1,0.0,0.0,0.0,0.0,0.1589,0.35,0.4911,0.1062,0.1301,0.166,0.0848,0.0979,0.1635,0.1423,0.1093,-0.003,-0.0206,0.9839,0.75,alpino,0.376,0.282,True
04665_01235,46.65,12.35,46.6,12.3,1.0,0.0,0.34384,0.0,0.02693,0.04269,0.0,0.0,8504,2924,0.34384,14400,2055.0,1309.3,3017.4,397.4,27.79,0.0,0.0,0.0,0.0,0.1701,0.2835,0.5464,0.1086,0.1547,0.1634,0.1068,0.0885,0.1265,0.1451,0.1065,0.034,0.0389,0.9862,0.75,alpino,0.3533,0.265,True
04665_01245,46.65,12.45,46.6,12.4,0.8919,0.0,0.45861,0.00528,0.33087,0.02031,0.0,0.0,8517,3951,0.46389,14400,1902.7,1159.2,2929.1,357.6,21.04,0.0,0.0,0.0,0.0017,0.2267,0.3643,0.4073,0.0851,0.1611,0.1122,0.0906,0.1483,0.2476,0.1083,0.0468,-0.1594,-0.0205,0.9869,0.7523,alpino,0.4491,0.3379,True
04665_01255,46.65,12.55,46.6,12.5,0.6315,0.0,0.47649,0.0,0.33118,0.01023,0.0,0.02398,8506,4053,0.47649,14520,1900.9,1098.6,2641.9,280.0,24.49,0.0,0.0,0.0,0.0043,0.1448,0.4775,0.3734,0.0917,0.1051,0.2212,0.1201,0.1169,0.1405,0.11,0.0945,-0.0765,0.1065,0.9977,0.75,alpino,0.4304,0.3228,True
04665_01265,46.65,12.65,46.6,12.6,0.5623,0.0,0.575,0.0,0.31951,0.02584,0.0,0.00799,8513,4895,0.575,14280,1763.7,1227.2,2554.9,314.4,23.78,0.0,0.0,0.0,0.0,0.3721,0.3574,0.2706,0.1326,0.1043,0.1538,0.0956,0.1116,0.0951,0.1461,0.1609,0.0803,-0.0351,0.9863,0.75,alpino,0.5822,0.4366,True
04665_01275,46.65,12.75,46.6,12.7,0.4391,0.00423,0.47555,0.03608,0.27974,0.01164,0.0,0.01422,8508,4389,0.51586,14400,1733.9,972.7,2674.0,339.2,27.28,0.0,0.0,0.0,0.0578,0.2997,0.4089,0.2337,0.133,0.1125,0.184,0.115,0.1199,0.0753,0.0894,0.1709,0.0794,0.0796,0.9969,0.766,alpino,0.5941,0.4551,True
04665_01285,46.65,12.85,46.6,12.8,0.1557,0.03055,0.28696,0.15311,0.24454,0.04736,0.0,0.02385,8510,4005,0.47062,14400,1608.1,814.3,2689.8,413.2,26.88,0.0,0.0,0.0113,0.2126,0.2526,0.3257,0.1978,0.1525,0.1084,0.1406,0.1188,0.1248,0.0849,0.1057,0.1643,0.0732,0.0161,0.9963,0.8313,alpino,0.6621,0.5504,True
04665_01295,46.65,12.95,46.6,12.9,0.0518,0.1059,0.3103,0.20451,0.1099,0.05007,0.0,0.01457,8508,5281,0.62071,14400,1343.5,697.5,2694.9,414.2,24.82,0.0,0.0,0.1502,0.2773,0.2917,0.2042,0.0766,0.1875,0.1431,0.1233,0.1597,0.1409,0.0955,0.0416,0.1085,0.0464,0.1568,0.9825,0.8585,alpino,0.7903,0.6785,True
04675_01055,46.75,10.55,46.7,10.5,1.0,0.0,0.40607,0.0,0.05611,0.02459,0.0,0.03941,8501,3452,0.40607,14641,1911.7,1115.2,2888.9,397.8,21.18,0.0,0.0,0.0,0.012,0.2766,0.3006,0.4109,0.0496,0.0598,0.2094,0.102,0.1015,0.172,0.179,0.1266,-0.1157,-0.068,0.9617,0.75,alpino,0.4745,0.3559,True
04675_01085,46.75,10.85,46.7,10.8,0.7339,0.0,0.133,0.0,0.02834,0.02023,0.0,0.06797,8504,1131,0.133,14520,2534.2,1285.0,3568.9,516.0,25.75,0.0,0.0,0.0,0.0,0.0399,0.1566,0.8034,0.1362,0.0914,0.1315,0.134,0.1525,0.1326,0.0772,0.1446,-0.0355,0.016,0.9934,0.75,alpino,0.1662,0.1246,True
04675_01115,46.75,11.15,46.7,11.1,1.0,0.01698,0.11449,0.14102,0.12557,0.07794,0.0,0.1172,8481,2311,0.27249,14399,1772.2,391.0,2847.2,576.2,29.31,0.0,0.0397,0.0644,0.0863,0.1428,0.2513,0.4155,0.1212,0.1315,0.2088,0.1964,0.1326,0.0509,0.0696,0.0891,-0.0351,0.2806,0.998,0.8691,alpino,0.4471,0.3886,True
04675_01125,46.75,11.25,46.7,11.2,1.0,0.0,0.45758,0.01388,0.01071,0.02,0.0,0.10131,8499,4007,0.47146,14520,1541.0,450.9,2740.2,574.8,27.91,0.0,0.0483,0.1393,0.1236,0.1951,0.231,0.2627,0.0985,0.0907,0.0886,0.0889,0.0494,0.1274,0.2941,0.1624,0.0796,-0.2913,0.9919,0.7559,alpino,0.5733,0.4334,True
04675_01135,46.75,11.35,46.7,11.3,1.0,0.0,0.40261,0.0,0.10115,0.06818,0.0,0.04322,8492,3419,0.40261,14520,1871.3,1125.2,2710.5,338.0,25.05,0.0,0.0,0.0,0.0123,0.2256,0.37,0.392,0.0656,0.0766,0.1415,0.1767,0.1107,0.0685,0.1699,0.1905,-0.0326,-0.0337,0.9933,0.75,alpino,0.461,0.3458,True
04675_01145,46.75,11.45,46.7,11.4,1.0,0.0,0.38022,0.0,0.04214,0.09041,0.0,0.03014,8495,3230,0.38022,14520,2020.8,1291.3,2719.4,293.0,22.56,0.0,0.0,0.0,0.0,0.1006,0.3503,0.5491,0.1197,0.0789,0.0553,0.1706,0.1054,0.1452,0.183,0.142,-0.0567,-0.1561,0.9949,0.75,alpino,0.3207,0.2405,True
04675_01155,46.75,11.55,46.7,11.5,1.0,0.0,0.50277,0.0,0.08319,0.01518,0.0,0.07189,8499,4273,0.50277,14641,1947.7,760.0,2605.3,340.9,25.22,0.0,0.0,0.005,0.0226,0.1374,0.3313,0.5037,0.1537,0.1567,0.1511,0.165,0.1451,0.0672,0.0443,0.1168,0.0385,0.2101,0.9974,0.75,alpino,0.3709,0.2782,True
04675_01165,46.75,11.65,46.7,11.6,1.0,0.0,0.54689,0.03617,0.0,0.0,0.0,0.0106,8488,4949,0.58306,14399,965.1,550.5,1950.6,297.3,19.03,0.0,0.0619,0.4795,0.2449,0.1741,0.0395,0.0,0.0391,0.1136,0.2139,0.1368,0.1028,0.1219,0.1617,0.1102,-0.0923,0.0678,0.9296,0.7624,alpino,0.798,0.6084,True
04675_01175,46.75,11.75,46.7,11.7,1.0,0.0,0.76201,0.00742,0.05108,0.0,0.0,0.02177,8496,6537,0.76943,14520,1543.5,612.6,2487.3,361.4,23.09,0.0,0.0,0.0441,0.1482,0.337,0.3775,0.0932,0.178,0.1249,0.0689,0.0353,0.0979,0.1568,0.1861,0.152,0.1415,-0.2229,0.9924,0.7519,alpino,0.7284,0.5477,True
04675_01185,46.75,11.85,46.7,11.8,1.0,0.0,0.67012,0.0,0.07959,0.02225,0.0,0.0133,8494,5692,0.67012,14520,1472.1,774.5,2318.5,419.7,21.23,0.0,0.0,0.0986,0.2332,0.2445,0.2887,0.135,0.1678,0.2016,0.1762,0.0814,0.07,0.1308,0.0939,0.0782,0.149,0.1365,0.9844,0.75,alpino,0.7123,0.5342,True
04675_01195,46.75,11.95,46.7,11.9,1.0,0.0,0.57335,0.02107,0.02355,0.0146,0.0,0.02484,8494,5049,0.59442,14520,1434.5,803.6,2491.0,414.4,17.53,0.0,0.0,0.0909,0.2614,0.2599,0.3008,0.0871,0.1863,0.1283,0.0865,0.0853,0.1162,0.1088,0.0946,0.194,0.1664,-0.0707,0.9278,0.7571,alpino,0.7547,0.5714,True
04675_01205,46.75,12.05,46.7,12.0,1.0,0.0,0.64693,0.00377,0.03626,0.0,0.0,0.00895,8494,5527,0.6507,14641,1502.6,946.6,2542.7,364.3,18.62,0.0,0.0,0.0,0.2593,0.3807,0.2517,0.1083,0.1642,0.1451,0.105,0.0959,0.1475,0.0898,0.106,0.1465,0.098,-0.0015,0.9653,0.7512,alpino,0.7838,0.5888,True
04675_01215,46.75,12.15,46.7,12.1,1.0,0.0,0.66757,0.0,0.0206,0.00165,0.0,0.00706,8495,5671,0.66757,14399,1501.6,1078.6,2423.9,282.9,18.7,0.0,0.0,0.0,0.1262,0.5439,0.2579,0.072,0.1781,0.1144,0.0556,0.1365,0.2478,0.1104,0.0644,0.0929,-0.1013,0.0226,0.9474,0.75,alpino,0.8155,0.6116,True
04675_01225,46.75,12.25,46.7,12.2,0.9732,0.0,0.6004,0.0,0.08786,0.00624,0.0,0.03828,8491,5098,0.6004,14520,1687.2,1152.8,2653.5,366.6,20.28,0.0,0.0,0.0,0.0415,0.4098,0.3397,0.209,0.1863,0.0736,0.0705,0.104,0.1974,0.1115,0.1294,0.1272,-0.0197,-0.1141,0.9444,0.75,alpino,0.6486,0.4864,True
04675_01235,46.75,12.35,46.7,12.3,0.5918,0.0,0.513,0.0,0.19715,0.00682,0.0,0.03094,8501,4361,0.513,14520,1788.3,1083.9,2542.1,383.2,21.83,0.0,0.0,0.0,0.068,0.281,0.3041,0.3469,0.1888,0.1184,0.0852,0.1045,0.2037,0.1333,0.0675,0.0986,-0.0294,0.0142,0.9862,0.75,alpino,0.5336,0.4002,True
04685_01045,46.85,10.45,46.8,10.4,0.2167,0.0,0.46261,0.0,0.15158,0.0742,0.0,0.0,8504,3934,0.46261,14400,1873.5,1030.0,3011.1,454.7,23.92,0.0,0.0,0.0,0.0866,0.2119,0.3036,0.3979,0.0825,0.0916,0.1815,0.232,0.0658,0.0353,0.0912,0.22,0.0479,0.1399,0.9935,0.75,alpino,0.4854,0.364,True
04685_01055,46.85,10.55,46.8,10.5,0.4737,0.0,0.26492,0.0,0.22474,0.01843,0.0,0.03911,8463,2242,0.26492,14520,2082.5,1336.6,2974.0,414.0,21.93,0.0,0.0,0.0,0.0,0.1749,0.2621,0.5631,0.0722,0.1119,0.089,0.0992,0.109,0.1546,0.2164,0.1476,-0.0346,-0.1904,0.9591,0.75,alpino,0.3472,0.2604,True
04685_01115,46.85,11.15,46.8,11.1,1.0,0.0,0.3428,0.0,0.13705,0.03747,0.0,0.07365,8486,2909,0.3428,14280,1908.9,790.7,2995.9,425.6,26.64,0.0,0.0,0.0027,0.0527,0.1959,0.3197,0.4291,0.1203,0.1247,0.1374,0.1436,0.1003,0.1356,0.124,0.1142,-0.0123,0.025,0.9971,0.75,alpino,0.4478,0.3358,True
04685_01125,46.85,11.25,46.8,11.2,1.0,0.0,0.31851,0.0,0.18892,0.04823,0.0,0.05024,8480,2701,0.31851,14400,1814.6,628.3,2805.6,498.6,25.41,0.0,0.0,0.0632,0.076,0.1721,0.2717,0.417,0.1787,0.1226,0.1153,0.0929,0.2172,0.1083,0.0595,0.1055,-0.0183,0.0643,0.995,0.75,alpino,0.4626,0.347,True
04685_01135,46.85,11.35,46.8,11.3,1.0,0.0,0.45541,0.0,0.04541,0.08292,0.0,0.04152,8478,3861,0.45541,14400,1671.8,947.7,2655.2,359.5,25.23,0.0,0.0,0.0,0.1112,0.3073,0.3889,0.1926,0.2474,0.167,0.0921,0.0672,0.1321,0.0879,0.0994,0.1069,0.2041,0.0236,0.9825,0.75,alpino,0.642,0.4815,True
04685_01145,46.85,11.45,46.8,11.4,1.0,0.0,0.48218,0.0,0.06937,0.05439,0.0,0.01557,8476,4087,0.48218,14400,1591.4,915.7,2549.8,447.2,23.17,0.0,0.0,0.0,0.2651,0.226,0.2675,0.2415,0.1938,0.1699,0.121,0.096,0.0868,0.0767,0.1125,0.1434,0.2013,0.0469,0.9219,0.75,alpino,0.6503,0.4877,True
04685_01155,46.85,11.55,46.8,11.5,1.0,0.0,0.60134,0.0,0.13391,0.00543,0.0,0.07043,8476,5097,0.60134,14520,1667.4,771.6,2755.5,474.0,27.11,0.0,0.0,0.0528,0.1436,0.2459,0.3112,0.2466,0.0928,0.1038,0.1186,0.0982,0.116,0.203,0.1661,0.1016,-0.0926,-0.1215,0.9895,0.75,alpino,0.61,0.4575,True
04685_01165,46.85,11.65,46.8,11.6,1.0,0.00035,0.44295,0.0,0.1781,0.06129,0.0,0.08062,8484,3761,0.4433,14280,1808.8,721.0,2899.8,412.1,24.67,0.0,0.0,0.0261,0.0396,0.2318,0.3709,0.3316,0.0417,0.1151,0.2013,0.2045,0.1143,0.1351,0.1368,0.0512,-0.2002,0.1665,0.9933,0.7502,alpino,0.5102,0.3828,True
04685_01175,46.85,11.75,46.8,11.7,1.0,0.00307,0.4862,0.0,0.09731,0.00684,0.0,0.03456,8478,4148,0.48927,14400,1535.2,731.5,2771.8,548.3,25.2,0.0,0.0,0.123,0.2133,0.2606,0.1611,0.2419,0.1337,0.0695,0.1264,0.1236,0.1708,0.1793,0.1472,0.0495,-0.1806,-0.0426,0.9778,0.7516,alpino,0.6607,0.4966,True
04685_01185,46.85,11.85,46.8,11.8,1.0,0.0,0.49705,0.0,0.09875,0.09238,0.0,0.02584,8476,4213,0.49705,14400,1602.5,759.8,2637.6,467.5,21.2,0.0,0.0,0.0481,0.2067,0.2509,0.2288,0.2656,0.1562,0.0916,0.0526,0.1289,0.2765,0.1432,0.0944,0.0565,-0.2154,-0.0332,0.9781,0.75,alpino,0.6304,0.4728,True
04685_01195,46.85,11.95,46.8,11.9,1.0,0.0,0.63459,0.00908,0.02924,0.0,0.0,0.03184,8481,5459,0.64367,14400,1387.4,813.4,2694.5,453.0,22.69,0.0,0.0,0.2006,0.2101,0.2653,0.2041,0.1199,0.0797,0.0579,0.1424,0.1362,0.1146,0.1366,0.2193,0.1134,-0.1122,-0.124,0.9081,0.7528,alpino,0.7341,0.5526,True
04685_01205,46.85,12.05,46.8,12.0,1.0,0.0,0.4222,0.00519,0.07054,0.01132,0.0,0.05533,8477,3623,0.42739,14520,2022.9,1075.2,3248.2,484.9,26.2,0.0,0.0,0.0,0.0601,0.1499,0.2525,0.5375,0.0473,0.0404,0.1342,0.2502,0.1483,0.0776,0.1502,0.1519,-0.2051,0.0277,0.9823,0.7524,alpino,0.3758,0.2828,True
04685_01215,46.85,12.15,46.8,12.1,0.998,0.0,0.42549,0.0,0.16046,0.00743,0.0,0.04975,8482,3609,0.42549,14280,2061.9,1235.1,3182.5,332.5,25.07,0.0,0.0,0.0,0.0,0.0872,0.3305,0.5823,0.1359,0.0784,0.0798,0.1122,0.1526,0.1551,0.1536,0.1323,-0.0634,-0.1428,0.9932,0.75,alpino,0.2981,0.2236,True
04685_01225,46.85,12.25,46.8,12.2,0.7522,0.0,0.28288,0.0,0.26991,0.00802,0.0,0.04329,8477,2398,0.28288,14400,2094.7,1244.3,2812.5,355.5,23.99,0.0,0.0,0.0,0.0,0.1213,0.2222,0.6565,0.0811,0.0794,0.1516,0.1658,0.0898,0.1171,0.172,0.1431,-0.0511,-0.0305,0.9893,0.75,alpino,0.2763,0.2072,True
04695_01135,46.95,11.35,46.9,11.3,0.8348,0.0,0.24835,0.0,0.11933,0.10574,0.0,0.04076,8464,2102,0.24835,14280,1942.5,1125.6,3000.7,398.7,27.77,0.0,0.0,0.0,0.0169,0.1998,0.3384,0.4449,0.1568,0.1609,0.1138,0.124,0.1843,0.1473,0.0353,0.0774,-0.0539,0.1228,0.9947,0.75,alpino,0.4251,0.3188,True
04695_01145,46.95,11.45,46.9,11.4,0.8444,0.0,0.45249,0.0,0.21969,0.03663,0.0,0.06783,8462,3829,0.45249,14280,1672.5,944.0,2670.3,362.4,23.79,0.0,0.0,0.0,0.1281,0.2858,0.3755,0.2106,0.0786,0.0679,0.1151,0.1803,0.143,0.0968,0.1655,0.1529,-0.101,-0.0588,0.9895,0.75,alpino,0.631,0.4732,True
04695_01155,46.95,11.55,46.9,11.5,0.9477,0.0,0.29005,0.0,0.18667,0.00792,0.0,0.09405,8464,2455,0.29005,14399,2027.3,1093.9,3095.9,412.1,25.78,0.0,0.0,0.0,0.0071,0.1956,0.2509,0.5464,0.1271,0.0587,0.0642,0.1737,0.1335,0.1087,0.1557,0.1783,-0.0385,-0.133,0.9783,0.75,alpino,0.368,0.276,True
04695_01185,46.95,11.85,46.9,11.8,0.965,0.0,0.27912,0.0,0.16218,0.02091,0.0,0.06638,8466,2363,0.27912,14280,2134.4,1210.8,3331.9,416.9,26.29,0.0,0.0,0.0,0.0,0.1095,0.2646,0.6259,0.0983,0.1105,0.1626,0.1513,0.1458,0.2109,0.0568,0.0637,-0.1793,0.1013,0.9968,0.75,alpino,0.2863,0.2147,True
04695_01195,46.95,11.95,46.9,11.9,1.0,0.00602,0.59279,0.00331,0.02315,0.01264,0.0,0.06604,8465,5097,0.60212,14280,1559.1,848.5,2606.9,423.4,26.03,0.0,0.0,0.0424,0.209,0.2945,0.2649,0.1892,0.0895,0.1206,0.0914,0.1261,0.1594,0.1292,0.0984,0.1854,-0.0296,-0.0518,0.9621,0.7536,alpino,0.6883,0.5187,True
04695_01205,46.95,12.05,46.9,12.0,1.0,0.0,0.2705,0.0,0.10919,0.02304,0.0,0.05022,8462,2289,0.2705,14399,2209.2,1187.0,3292.5,381.7,27.19,0.0,0.0,0.0,0.0003,0.0608,0.2405,0.6985,0.1401,0.1232,0.0462,0.1657,0.0925,0.1037,0.1409,0.1877,0.0807,-0.0916,0.9947,0.75,alpino,0.2283,0.1712,True
04705_01195,47.05,11.95,47.0,11.9,0.3951,0.0,0.13098,0.0,0.12352,0.03659,0.0,0.02226,8444,1106,0.13098,14400,2266.8,1065.5,3309.3,454.3,28.73,0.0,0.0,0.0,0.0071,0.0844,0.1899,0.7186,0.0483,0.1544,0.2055,0.1163,0.0959,0.1815,0.1377,0.0604,-0.1096,0.085,0.9988,0.75,alpino,0.2319,0.1739,True
04705_01205,47.05,12.05,47.0,12.0,0.5896,0.0,0.23813,0.00071,0.09366,0.01989,0.0,0.01303,8445,2017,0.23884,14520,2157.3,1107.3,3195.9,459.9,26.5,0.0,0.0,0.0,0.0212,0.1244,0.2091,0.6452,0.0736,0.134,0.0988,0.1356,0.1272,0.1383,0.1789,0.1137,-0.079,-0.0671,0.9961,0.7506,alpino,0.2929,0.2199,True
