cell_id,lat,lon,land_frac,clc_311_latifoglie,clc_312_conifere,clc_313_misto,clc_321_praterie,clc_322_brughiere,clc_323_sclerofille,clc_324_transizione,clc_px_validi,bosco_ha,bosco_frac
03555_01255,35.55,12.55,0.1252,0.0,0.00895,0.0,0.0,0.0,0.09029,0.0,10057,90,0.00895
03555_01265,35.55,12.65,0.0628,0.0,0.0,0.0,0.0,0.0,0.00974,0.0,10064,0,0.0
03585_01285,35.85,12.85,0.0547,0.0,0.0,0.0,0.0,0.0,0.01717,0.0,10018,0,0.0
03665_01505,36.65,15.05,0.2303,0.0,0.0,0.0,0.0,0.0,0.00323,0.0,9922,0,0.0
03665_01515,36.65,15.15,0.1106,0.0,0.0,0.0,0.0,0.0,0.00403,0.0,9926,0,0.0
03675_01195,36.75,11.95,0.231,0.0,0.05157,0.0,0.0,0.0,0.01998,0.0,9908,511,0.05157
03675_01205,36.75,12.05,0.3213,0.0,0.06143,0.0,0.0,0.0,0.04418,0.0,9913,609,0.06143
03675_01455,36.75,14.55,0.1889,0.0,0.0,0.0,0.0,0.0,0.00767,0.0,9909,0,0.0
03675_01465,36.75,14.65,0.5016,0.0,0.0,0.0,0.0,0.0,0.00585,0.0,9911,0,0.0
03675_01475,36.75,14.75,0.8535,0.00414,0.01898,0.0,0.0,0.0,0.0745,0.0,9906,229,0.02312
03675_01485,36.75,14.85,0.7635,0.00605,0.0,0.0,0.0,0.0,0.05821,0.0,9913,60,0.00605
03675_01495,36.75,14.95,0.9222,0.00747,0.00686,0.0,0.0,0.0,0.00676,0.0,9910,142,0.01433
03675_01505,36.75,15.05,0.9825,0.0,0.0,0.0,0.0,0.0,0.02069,0.0,9910,0,0.0
03675_01515,36.75,15.15,0.1045,0.0,0.0,0.0,0.0,0.0,0.00081,0.0,9910,0,0.0
03685_01195,36.85,11.95,0.2285,0.0,0.02051,0.0,0.0,0.0,0.03456,0.0,9896,203,0.02051
03685_01205,36.85,12.05,0.0691,0.0,0.02749,0.0,0.0,0.0,0.0,0.0,9895,272,0.02749
03685_01445,36.85,14.45,0.4927,0.0,0.02961,0.0,0.0,0.0,0.02122,0.0,9896,293,0.02961
03685_01455,36.85,14.55,1.0,0.0,0.0,0.0,0.0,0.0,0.0,0.0,9897,0,0.0
03685_01465,36.85,14.65,1.0,0.0,0.0,0.0,0.0,0.0,0.0,0.0,9898,0,0.0
03685_01475,36.85,14.75,1.0,0.01243,0.04841,0.01374,0.0,0.0,0.02961,0.0,9895,738,0.07458
03685_01485,36.85,14.85,1.0,0.05294,0.0,0.0,0.0,0.0,0.01536,0.0,9898,524,0.05294
03685_01495,36.85,14.95,1.0,0.03758,0.0,0.0,0.0,0.0,0.09688,0.0,9899,372,0.03758
03685_01505,36.85,15.05,0.9995,0.0,0.0,0.0,0.0,0.0,0.00505,0.0,9895,0,0.0
03685_01515,36.85,15.15,0.2001,0.0,0.0,0.0,0.0,0.0,0.02596,0.0,9899,0,0.0
03695_01435,36.95,14.35,0.1841,0.0,0.0,0.0,0.0,0.0,0.0,0.0,9885,0,0.0
03695_01445,36.95,14.45,0.9598,0.0,0.0,0.0,0.0,0.0,0.009,0.0,9887,0,0.0
03695_01455,36.95,14.55,1.0,0.0,0.00455,0.0,0.0,0.0,0.05949,0.0,9884,45,0.00455
03695_01465,36.95,14.65,1.0,0.0,0.02124,0.0,0.0,0.0,0.01285,0.00364,9885,210,0.02124
03695_01475,36.95,14.75,1.0,0.0,0.11209,0.0,0.02054,0.0,0.10116,0.00435,9885,1108,0.11209
03695_01485,36.95,14.85,1.0,0.02963,0.0,0.0,0.0,0.0,0.00748,0.00981,9887,293,0.02963
03695_01495,36.95,14.95,1.0,0.05536,0.01984,0.0,0.00374,0.0,0.18652,0.0,9881,743,0.0752
03695_01505,36.95,15.05,1.0,0.03206,0.00071,0.00212,0.01153,0.0,0.34685,0.0,9889,345,0.03489
03695_01515,36.95,15.15,0.8378,0.0,0.0,0.01528,0.00071,0.0,0.07832,0.0,9883,151,0.01528
03695_01525,36.95,15.25,0.2115,0.0,0.0,0.0,0.0,0.0,0.0,0.0,9885,0,0.0
03705_01415,37.05,14.15,0.0575,0.00466,0.0,0.0,0.0,0.0,0.0,0.0,9869,46,0.00466
03705_01425,37.05,14.25,0.4093,0.00466,0.0,0.0,0.0,0.0,0.0,0.0,9877,46,0.00466
03705_01435,37.05,14.35,0.9298,0.00861,0.0,0.0,0.01338,0.0,0.01186,0.0,9869,85,0.00861
03705_01445,37.05,14.45,1.0,0.09066,0.01084,0.07496,0.00304,0.0,0.11457,0.00689,9872,1742,0.17646
03705_01455,37.05,14.55,1.0,0.02421,0.0,0.00892,0.0,0.0,0.07466,0.0,9871,327,0.03313
03705_01465,37.05,14.65,1.0,0.0,0.05439,0.0,0.00142,0.0,0.05885,0.0003,9873,537,0.05439
03705_01475,37.05,14.75,1.0,0.0,0.30588,0.0,0.0075,0.0,0.09318,0.01084,9873,3020,0.30588
03705_01485,37.05,14.85,1.0,0.01429,0.05491,0.0,0.008,0.0,0.06626,0.03739,9870,683,0.0692
03705_01495,37.05,14.95,1.0,0.12561,0.0,0.0,0.01104,0.0,0.05227,0.0,9872,1240,0.12561
03705_01505,37.05,15.05,1.0,0.21623,0.0,0.0,0.00942,0.0,0.06394,0.0,9869,2134,0.21623
03705_01515,37.05,15.15,1.0,0.00375,0.0,0.0,0.0,0.0,0.01995,0.0,9874,37,0.00375
03705_01525,37.05,15.25,0.8937,0.0,0.0,0.0,0.02269,0.0,0.0,0.0,9872,0,0.0
03705_01535,37.05,15.35,0.0828,0.0,0.0,0.0,0.0,0.0,0.01621,0.0,9872,0,0.0
03715_01375,37.15,13.75,0.4337,0.0,0.0,0.0,0.00477,0.0,0.02505,0.0,9860,0,0.0
03715_01385,37.15,13.85,0.7568,0.00862,0.01014,0.0,0.05468,0.0,0.01309,0.0,9858,185,0.01876
03715_01395,37.15,13.95,0.9644,0.00669,0.0,0.0,0.04524,0.0,0.00101,0.0,9859,66,0.00669
03715_01405,37.15,14.05,0.9112,0.00781,0.0,0.0,0.02789,0.0,0.00862,0.0,9860,77,0.00781
03715_01415,37.15,14.15,0.9917,0.09229,0.00345,0.0,0.03134,0.0,0.03945,0.00619,9860,944,0.09574
03715_01425,37.15,14.25,1.0,0.00538,0.00659,0.0,0.03317,0.0,0.04767,0.00284,9859,118,0.01197
03715_01435,37.15,14.35,1.0,0.02596,0.0,0.0,0.01186,0.0,0.02464,0.0,9861,256,0.02596
03715_01445,37.15,14.45,1.0,0.0767,0.00051,0.04444,0.0,0.0,0.04353,0.00446,9856,1199,0.12165
03715_01455,37.15,14.55,1.0,0.11459,0.0,0.08001,0.00487,0.0,0.02403,0.0,9861,1919,0.1946
03715_01465,37.15,14.65,1.0,0.01025,0.01501,0.0,0.01593,0.0,0.09232,0.0,9857,249,0.02526
03715_01475,37.15,14.75,1.0,0.05001,0.07688,0.00325,0.04341,0.0,0.15346,0.01684,9859,1283,0.13014
03715_01485,37.15,14.85,1.0,0.17377,0.06553,0.02617,0.08247,0.0,0.12518,0.03246,9858,2617,0.26547
03715_01495,37.15,14.95,1.0,0.10915,0.10114,0.0,0.00477,0.0,0.1198,0.0,9858,2073,0.21029
03715_01505,37.15,15.05,1.0,0.06451,0.04219,0.0,0.11208,0.0,0.13815,0.0,9859,1052,0.1067
03715_01515,37.15,15.15,0.98,0.06341,0.0,0.0,0.03693,0.0,0.0903,0.0,9856,625,0.06341
03715_01525,37.15,15.25,0.2188,0.0,0.0,0.0,0.03408,0.0,0.02272,0.0,9860,0,0.0
03725_01355,37.25,13.55,0.2121,0.0,0.0,0.0,0.0,0.0,0.0,0.0,9844,0,0.0
03725_01365,37.25,13.65,0.8057,0.0065,0.00264,0.00589,0.0,0.0,0.00589,0.0,9848,148,0.01503
03725_01375,37.25,13.75,1.0,0.0001,0.0,0.00609,0.03108,0.0,0.0,0.0,9847,61,0.00619
03725_01385,37.25,13.85,1.0,0.0,0.0,0.0,0.03088,0.0,0.0,0.0,9846,0,0.0
03725_01395,37.25,13.95,1.0,0.0,0.0,0.0,0.00792,0.0,0.01686,0.0,9846,0,0.0
03725_01405,37.25,14.05,1.0,0.06745,0.0,0.0,0.02072,0.0,0.01371,0.0,9844,664,0.06745
03725_01415,37.25,14.15,1.0,0.0,0.0,0.0,0.03249,0.0,0.0,0.0,9848,0,0.0
03725_01425,37.25,14.25,1.0,0.19366,0.00112,0.0,0.04184,0.0,0.052,0.00975,9847,1918,0.19478
03725_01435,37.25,14.35,1.0,0.23908,0.02357,0.02032,0.04125,0.0,0.07377,0.00437,9842,2785,0.28297
03725_01445,37.25,14.45,1.0,0.10663,0.00305,0.0,0.00264,0.0,0.08378,0.02244,9847,1080,0.10968
03725_01455,37.25,14.55,1.0,0.0,0.0,0.0,0.01076,0.0,0.02589,0.0,9850,0,0.0
03725_01465,37.25,14.65,1.0,0.03251,0.00264,0.01006,0.00559,0.0,0.09518,0.0,9844,445,0.04521
03725_01475,37.25,14.75,1.0,0.06853,0.0,0.03137,0.01736,0.0,0.11006,0.0,9849,984,0.0999
03725_01485,37.25,14.85,1.0,0.04662,0.0,0.00599,0.05322,0.0,0.10116,0.0,9846,518,0.05261
03725_01495,37.25,14.95,1.0,0.02448,0.0,0.0,0.0,0.0,0.04012,0.0,9846,241,0.02448
03725_01505,37.25,15.05,1.0,0.07046,0.0,0.0,0.16398,0.0,0.03361,0.0,9849,694,0.07046
03725_01515,37.25,15.15,0.9049,0.0,0.0,0.0,0.00772,0.0,0.10041,0.0,9850,0,0.0
03725_01525,37.25,15.25,0.1798,0.0,0.0,0.0,0.0,0.0,0.0128,0.0,9845,0,0.0
03735_01335,37.35,13.35,0.4357,0.00224,0.024,0.01169,0.04271,0.0,0.02908,0.0,9834,373,0.03793
03735_01345,37.35,13.45,0.9356,0.0,0.00671,0.02389,0.00844,0.0,0.01007,0.0,9835,301,0.0306
03735_01355,37.35,13.55,1.0,0.00468,0.0,0.02735,0.02033,0.0,0.0,0.0,9836,315,0.03203
03735_01365,37.35,13.65,1.0,0.0,0.0,0.0123,0.00519,0.0,0.0,0.0,9836,121,0.0123
03735_01375,37.35,13.75,1.0,0.0178,0.0,0.0,0.00417,0.0,0.00671,0.0,9830,175,0.0178
03735_01385,37.35,13.85,1.0,0.00112,0.0,0.0,0.00193,0.0,0.00783,0.0,9837,11,0.00112
03735_01395,37.35,13.95,1.0,0.0,0.0,0.0,0.0116,0.0,0.00081,0.0,9831,0,0.0
03735_01405,37.35,14.05,1.0,0.00641,0.0,0.0,0.08096,0.0,0.0117,0.0,9832,63,0.00641
03735_01415,37.35,14.15,1.0,0.0,0.0,0.0,0.00437,0.0,0.0122,0.0,9833,0,0.0
03735_01425,37.35,14.25,1.0,0.01413,0.05654,0.01037,0.00498,0.0,0.02471,0.0,9834,797,0.08104
03735_01435,37.35,14.35,1.0,0.04199,0.02328,0.02786,0.01973,0.0,0.03559,0.0,9835,916,0.09313
03735_01445,37.35,14.45,1.0,0.03437,0.0,0.08542,0.01647,0.0,0.01342,0.0061,9834,1178,0.11979
03735_01455,37.35,14.55,1.0,0.00132,0.0,0.0,0.00885,0.0,0.00295,0.0,9831,13,0.00132
03735_01465,37.35,14.65,1.0,0.0,0.0,0.00275,0.0182,0.0,0.02512,0.0,9833,27,0.00275
03735_01475,37.35,14.75,1.0,0.0,0.0,0.0,0.04331,0.0,0.00498,0.0,9835,0,0.0
03735_01485,37.35,14.85,1.0,0.0,0.0,0.0,0.0,0.0,0.0,0.0,9834,0,0.0
03735_01495,37.35,14.95,1.0,0.0,0.0,0.0,0.01759,0.0,0.0,0.0,9834,0,0.0
03735_01505,37.35,15.05,0.9373,0.0,0.0,0.00732,0.02207,0.0,0.00824,0.0,9832,72,0.00732
03745_01315,37.45,13.15,0.0919,0.0,0.0,0.0,0.0,0.0,0.0,0.0,9822,0,0.0
03745_01325,37.45,13.25,0.7266,0.0,0.0,0.00774,0.00743,0.0,0.00265,0.0,9820,76,0.00774
03745_01335,37.45,13.35,1.0,0.0113,0.00682,0.07383,0.02179,0.0,0.02505,0.00448,9820,903,0.09195
03745_01345,37.45,13.45,1.0,0.00896,0.02067,0.05479,0.01996,0.0,0.16833,0.0,9820,829,0.08442
03745_01355,37.45,13.55,1.0,0.01731,0.0,0.00092,0.03798,0.0,0.06282,0.0,9822,179,0.01823
03745_01365,37.45,13.65,1.0,0.04024,0.04971,0.00265,0.01446,0.0,0.01722,0.0,9817,909,0.0926
03745_01375,37.45,13.75,1.0,0.02067,0.0,0.0,0.07818,0.0,0.01161,0.0,9823,203,0.02067
03745_01385,37.45,13.85,1.0,0.0171,0.00509,0.0,0.00214,0.0,0.0167,0.0,9822,218,0.02219
03745_01395,37.45,13.95,1.0,0.0,0.00621,0.0,0.0,0.0,0.0,0.0,9820,61,0.00621
03745_01405,37.45,14.05,1.0,0.04316,0.0,0.0,0.00478,0.0,0.0283,0.0,9823,424,0.04316
03745_01415,37.45,14.15,1.0,0.07831,0.01853,0.0,0.0109,0.0,0.03198,0.0,9820,951,0.09684
03745_01425,37.45,14.25,1.0,0.06874,0.01456,0.0,0.03615,0.0,0.02322,0.0,9820,818,0.0833
03745_01435,37.45,14.35,1.0,0.08196,0.35868,0.01833,0.02678,0.0,0.02667,0.00723,9822,4508,0.45897
03745_01445,37.45,14.45,1.0,0.20711,0.01904,0.03788,0.01273,0.0,0.0337,0.00804,9821,2593,0.26403
03745_01455,37.45,14.55,1.0,0.09786,0.0,0.0,0.0,0.0,0.0,0.0,9820,961,0.09786
03745_01465,37.45,14.65,1.0,0.00031,0.0,0.0,0.00387,0.0,0.00489,0.0,9818,3,0.00031
03745_01475,37.45,14.75,1.0,0.0,0.0,0.0,0.00896,0.0,0.0,0.0,9820,0,0.0
03745_01485,37.45,14.85,1.0,0.0,0.0,0.0,0.0,0.0,0.0,0.0,9820,0,0.0
03745_01495,37.45,14.95,1.0,0.0,0.0,0.0,0.0,0.0,0.0,0.0,9820,0,0.0
03745_01505,37.45,15.05,0.8859,0.00275,0.0,0.0,0.0,0.0,0.01629,0.0,9820,27,0.00275
03755_01265,37.55,12.65,0.1971,0.0,0.0,0.0,0.0,0.0,0.0,0.0,9806,0,0.0
03755_01275,37.55,12.75,0.255,0.0,0.0,0.0,0.0,0.0,0.0,0.0,9807,0,0.0
03755_01285,37.55,12.85,0.1916,0.0,0.0,0.0,0.0,0.0,0.01193,0.0,9808,0,0.0
03755_01295,37.55,12.95,0.3717,0.0,0.0,0.0,0.0,0.0,0.00173,0.0,9809,0,0.0
03755_01305,37.55,13.05,0.9531,0.00326,0.0,0.0,0.0,0.0,0.00153,0.0,9808,32,0.00326
03755_01315,37.55,13.15,0.9995,0.0263,0.02029,0.0,0.00907,0.0,0.00275,0.0,9809,457,0.04659
03755_01325,37.55,13.25,1.0,0.0,0.00061,0.0,0.0,0.0,0.01692,0.0,9808,6,0.00061
03755_01335,37.55,13.35,1.0,0.01336,0.0101,0.0,0.0,0.0,0.02019,0.0,9806,230,0.02346
03755_01345,37.55,13.45,1.0,0.0,0.01428,0.0,0.0,0.0,0.04396,0.0,9805,140,0.01428
03755_01355,37.55,13.55,1.0,0.03181,0.02386,0.01652,0.06086,0.0,0.16577,0.01835,9809,708,0.07219
03755_01365,37.55,13.65,1.0,0.00418,0.00194,0.01101,0.09053,0.0,0.10021,0.0,9809,168,0.01713
03755_01375,37.55,13.75,1.0,0.03579,0.00857,0.0,0.12411,0.0,0.00388,0.0,9806,435,0.04436
03755_01385,37.55,13.85,1.0,0.12327,0.02916,0.0,0.00581,0.0,0.00153,0.0,9808,1495,0.15243
03755_01395,37.55,13.95,1.0,0.21972,0.08554,0.0,0.02447,0.0,0.00877,0.00704,9808,2994,0.30526
03755_01405,37.55,14.05,1.0,0.05201,0.00479,0.0,0.05069,0.0,0.0001,0.0,9805,557,0.0568
03755_01415,37.55,14.15,1.0,0.09982,0.09023,0.0,0.10899,0.0,0.04578,0.0,9808,1864,0.19005
03755_01425,37.55,14.25,1.0,0.0257,0.00765,0.0,0.08372,0.0,0.07505,0.02182,9807,327,0.03335
03755_01435,37.55,14.35,1.0,0.0051,0.01764,0.00836,0.00439,0.0,0.00173,0.0,9806,305,0.0311
03755_01445,37.55,14.45,1.0,0.00224,0.0,0.0,0.01091,0.0,0.00602,0.0,9808,22,0.00224
03755_01455,37.55,14.55,1.0,0.0,0.0,0.00938,0.0,0.0,0.04118,0.0,9810,92,0.00938
03755_01465,37.55,14.65,1.0,0.02009,0.0,0.0,0.0,0.0,0.01917,0.0,9806,197,0.02009
03755_01475,37.55,14.75,1.0,0.0,0.00377,0.0,0.01132,0.0,0.00622,0.0,9808,37,0.00377
03755_01485,37.55,14.85,1.0,0.0,0.0,0.0,0.0,0.0,0.0,0.0,9807,0,0.0
03755_01495,37.55,14.95,1.0,0.00153,0.0,0.0,0.0,0.0,0.03028,0.0,9807,15,0.00153
03755_01505,37.55,15.05,0.9993,0.0,0.0,0.0,0.0,0.0,0.05789,0.0,9811,0,0.0
03755_01515,37.55,15.15,0.4315,0.00693,0.0,0.0,0.0,0.0,0.00928,0.0,9807,68,0.00693
03765_01255,37.65,12.55,0.405,0.0,0.0,0.0,0.0,0.0,0.0,0.0,9796,0,0.0
03765_01265,37.65,12.65,0.9215,0.0,0.0,0.0,0.0,0.0,0.0,0.0,9797,0,0.0
03765_01275,37.65,12.75,1.0,0.00827,0.00827,0.0,0.0,0.0,0.0,0.0,9792,162,0.01654
03765_01285,37.65,12.85,1.0,0.0,0.00306,0.0,0.0,0.0,0.00317,0.0,9792,30,0.00306
03765_01295,37.65,12.95,1.0,0.0,0.12689,0.0,0.0,0.0,0.00949,0.0,9796,1243,0.12689
03765_01305,37.65,13.05,1.0,0.0,0.04553,0.0,0.0,0.0,0.0096,0.0,9795,446,0.04553
03765_01315,37.65,13.15,1.0,0.05399,0.27026,0.0,0.04787,0.0,0.03848,0.0,9798,3177,0.32425
03765_01325,37.65,13.25,1.0,0.04677,0.0243,0.0,0.01746,0.0,0.1161,0.0,9793,696,0.07107
03765_01335,37.65,13.35,1.0,0.18707,0.06045,0.02441,0.01716,0.0,0.21597,0.01879,9793,2663,0.27193
03765_01345,37.65,13.45,1.0,0.02755,0.08521,0.0,0.00367,0.0,0.08001,0.00265,9799,1105,0.11276
03765_01355,37.65,13.55,1.0,0.02797,0.28808,0.01592,0.0,0.0,0.05125,0.00868,9796,3252,0.33197
03765_01365,37.65,13.65,1.0,0.01716,0.06526,0.0,0.00347,0.0,0.0143,0.0,9791,807,0.08242
03765_01375,37.65,13.75,1.0,0.02001,0.00776,0.0,0.0,0.0,0.01582,0.0,9796,272,0.02777
03765_01385,37.65,13.85,1.0,0.0,0.00357,0.00398,0.0,0.0,0.02951,0.0,9794,74,0.00755
03765_01395,37.65,13.95,1.0,0.0,0.0,0.0,0.0532,0.0,0.0342,0.0,9794,0,0.0
03765_01405,37.65,14.05,1.0,0.01113,0.0,0.0,0.02103,0.0,0.02644,0.0,9796,109,0.01113
03765_01415,37.65,14.15,1.0,0.00255,0.0,0.0,0.05237,0.0,0.0488,0.0,9795,25,0.00255
03765_01425,37.65,14.25,1.0,0.00408,0.0297,0.02072,0.00908,0.0,0.07931,0.00286,9797,534,0.0545
03765_01435,37.65,14.35,1.0,0.03819,0.01715,0.01215,0.00878,0.0,0.03482,0.0002,9794,661,0.06749
03765_01445,37.65,14.45,1.0,0.0918,0.01246,0.0,0.00429,0.0,0.07791,0.00051,9793,1021,0.10426
03765_01455,37.65,14.55,1.0,0.03829,0.0,0.0,0.04819,0.0,0.0973,0.0,9794,375,0.03829
03765_01465,37.65,14.65,1.0,0.01388,0.0,0.0,0.06298,0.0,0.05033,0.0,9796,136,0.01388
03765_01475,37.65,14.75,1.0,0.0,0.0,0.0,0.12079,0.0,0.03084,0.0,9794,0,0.0
03765_01485,37.65,14.85,1.0,0.00847,0.0,0.0,0.0,0.0,0.04981,0.0,9797,83,0.00847
03765_01495,37.65,14.95,1.0,0.26149,0.01195,0.005,0.0,0.00827,0.05605,0.00939,9794,2727,0.27844
03765_01505,37.65,15.05,1.0,0.22255,0.01134,0.0,0.0,0.00419,0.04851,0.05781,9791,2290,0.23389
03765_01515,37.65,15.15,0.8829,0.01755,0.0,0.0,0.0,0.0,0.00041,0.0,9798,172,0.01755
03775_01245,37.75,12.45,0.3916,0.0,0.0,0.0,0.0,0.0,0.0,0.0,9783,0,0.0
03775_01255,37.75,12.55,1.0,0.0,0.0,0.0,0.0,0.0,0.0,0.0,9783,0,0.0
03775_01265,37.75,12.65,1.0,0.0,0.0,0.0,0.0,0.0,0.01084,0.0,9777,0,0.0
03775_01275,37.75,12.75,1.0,0.0,0.0,0.0,0.0,0.0,0.00521,0.0,9785,0,0.0
03775_01285,37.75,12.85,1.0,0.01278,0.0,0.0,0.0,0.0,0.01339,0.0,9783,125,0.01278
03775_01295,37.75,12.95,1.0,0.03425,0.02301,0.0,0.0,0.0,0.01636,0.0,9780,560,0.05726
03775_01305,37.75,13.05,1.0,0.00634,0.00337,0.0,0.00307,0.0,0.04335,0.01002,9780,95,0.00971
03775_01315,37.75,13.15,1.0,0.05982,0.01207,0.0,0.01268,0.0,0.05767,0.0,9780,703,0.07189
03775_01325,37.75,13.25,1.0,0.03455,0.04477,0.01503,0.01124,0.0,0.03567,0.0,9783,923,0.09435
03775_01335,37.75,13.35,1.0,0.08779,0.04108,0.01298,0.04303,0.0,0.07246,0.00286,9785,1388,0.14185
03775_01345,37.75,13.45,1.0,0.01892,0.00491,0.0,0.00522,0.0,0.018,0.0047,9777,233,0.02383
03775_01355,37.75,13.55,1.0,0.06892,0.04652,0.0,0.04959,0.0,0.00787,0.0,9780,1129,0.11544
03775_01365,37.75,13.65,1.0,0.0,0.0,0.0,0.00286,0.0,0.01328,0.0,9786,0,0.0
03775_01375,37.75,13.75,1.0,0.00184,0.0,0.0,0.00655,0.0,0.01074,0.0,9778,18,0.00184
03775_01385,37.75,13.85,1.0,0.0,0.00358,0.0,0.0,0.0,0.00767,0.0,9783,35,0.00358
03775_01395,37.75,13.95,1.0,0.0,0.0,0.0,0.06781,0.0,0.00634,0.0,9778,0,0.0
03775_01405,37.75,14.05,1.0,0.00051,0.0,0.0,0.01564,0.0,0.05776,0.0,9782,5,0.00051
03775_01415,37.75,14.15,1.0,0.0,0.01216,0.0,0.04037,0.0,0.03434,0.0,9784,119,0.01216
03775_01425,37.75,14.25,1.0,0.05654,0.01442,0.00041,0.00705,0.0,0.27737,0.0,9781,698,0.07137
03775_01435,37.75,14.35,1.0,0.00491,0.0,0.06306,0.03015,0.0,0.14778,0.0,9785,665,0.06797
03775_01445,37.75,14.45,1.0,0.10693,0.0,0.0,0.00184,0.0,0.01983,0.00307,9782,1046,0.10693
03775_01455,37.75,14.55,1.0,0.07033,0.00828,0.0,0.01963,0.0,0.13811,0.0047,9782,769,0.07861
03775_01465,37.75,14.65,1.0,0.01902,0.0,0.03609,0.05695,0.0,0.23167,0.00787,9781,539,0.05511
03775_01475,37.75,14.75,1.0,0.0835,0.00613,0.0,0.06245,0.0,0.10497,0.0,9784,877,0.08963
03775_01485,37.75,14.85,1.0,0.10592,0.0,0.0,0.01513,0.0,0.22585,0.0,9781,1036,0.10592
03775_01495,37.75,14.95,1.0,0.1143,0.03537,0.05316,0.00061,0.06134,0.02924,0.15407,9781,1984,0.20283
03775_01505,37.75,15.05,1.0,0.16977,0.04967,0.08187,0.0,0.04344,0.01053,0.02739,9784,2948,0.30131
03775_01515,37.75,15.15,1.0,0.10788,0.0,0.0,0.0,0.0,0.02577,0.0544,9779,1055,0.10788
03775_01525,37.75,15.25,0.202,0.0,0.0,0.0,0.0,0.0,0.0,0.0,9785,0,0.0
03785_01245,37.85,12.45,0.4026,0.0,0.00512,0.0,0.0,0.0,0.01074,0.0,9774,50,0.00512
03785_01255,37.85,12.55,1.0,0.0,0.0,0.0,0.0,0.0,0.01608,0.0,9761,0,0.0
03785_01265,37.85,12.65,1.0,0.0,0.0,0.0,0.0,0.0,0.0,0.0,9775,0,0.0
03785_01275,37.85,12.75,1.0,0.00287,0.10663,0.0,0.0,0.0,0.02684,0.0,9763,1069,0.1095
03785_01285,37.85,12.85,1.0,0.0,0.0218,0.0,0.0045,0.0,0.00276,0.0,9770,213,0.0218
03785_01295,37.85,12.95,1.0,0.0,0.01157,0.0,0.0,0.0,0.00553,0.0,9769,113,0.01157
03785_01305,37.85,13.05,1.0,0.0,0.00389,0.0,0.00379,0.0,0.0,0.0,9767,38,0.00389
03785_01315,37.85,13.15,1.0,0.01167,0.0,0.0,0.0,0.0,0.0,0.0,9770,114,0.01167
03785_01325,37.85,13.25,1.0,0.0,0.0,0.0,0.00982,0.0,0.00307,0.0,9771,0,0.0
03785_01335,37.85,13.35,1.0,0.1998,0.0,0.0,0.07721,0.0,0.06267,0.0,9765,1951,0.1998
03785_01345,37.85,13.45,1.0,0.171,0.04861,0.01054,0.01443,0.0,0.10284,0.00481,9772,2249,0.23015
03785_01355,37.85,13.55,1.0,0.00164,0.0,0.0,0.0,0.0,0.02816,0.0,9767,16,0.00164
03785_01365,37.85,13.65,1.0,0.02437,0.0,0.0,0.00891,0.0,0.13013,0.0,9767,238,0.02437
03785_01375,37.85,13.75,1.0,0.09754,0.0,0.02958,0.0216,0.0,0.10276,0.0,9770,1242,0.12712
03785_01385,37.85,13.85,1.0,0.11597,0.00942,0.03193,0.0782,0.0,0.1651,0.03081,9770,1537,0.15732
03785_01395,37.85,13.95,1.0,0.12901,0.00369,0.0,0.05631,0.0,0.14242,0.02775,9767,1296,0.1327
03785_01405,37.85,14.05,1.0,0.30254,0.03632,0.03775,0.0,0.0,0.22273,0.06998,9774,3681,0.37661
03785_01415,37.85,14.15,1.0,0.14654,0.0,0.07752,0.00696,0.0,0.35719,0.0,9765,2188,0.22406
03785_01425,37.85,14.25,1.0,0.03972,0.0,0.00113,0.06152,0.0,0.24301,0.0,9769,399,0.04085
03785_01435,37.85,14.35,1.0,0.10406,0.10109,0.04281,0.10426,0.0,0.2924,0.01249,9764,2421,0.24796
03785_01445,37.85,14.45,1.0,0.24542,0.02559,0.01136,0.14789,0.0,0.0261,0.00174,9771,2759,0.28237
03785_01455,37.85,14.55,1.0,0.31377,0.02437,0.01464,0.00625,0.0,0.00717,0.00655,9765,3445,0.35278
03785_01465,37.85,14.65,1.0,0.42108,0.0,0.0,0.00184,0.0,0.03163,0.01126,9770,4114,0.42108
03785_01475,37.85,14.75,1.0,0.19992,0.0,0.0,0.08261,0.0,0.04064,0.0,9769,1953,0.19992
03785_01485,37.85,14.85,1.0,0.13945,0.0,0.0,0.02089,0.0,0.05693,0.0085,9767,1362,0.13945
03785_01495,37.85,14.95,1.0,0.158,0.00788,0.00307,0.0,0.0,0.24396,0.0835,9772,1651,0.16895
03785_01505,37.85,15.05,1.0,0.13363,0.07229,0.00522,0.0,0.00584,0.17243,0.03584,9766,2062,0.21114
03785_01515,37.85,15.15,1.0,0.16441,0.0,0.02467,0.0476,0.0,0.13032,0.01065,9768,1847,0.18908
03785_01525,37.85,15.25,0.8488,0.04872,0.0,0.0,0.07073,0.0,0.03091,0.01515,9770,476,0.04872
03795_01205,37.95,12.05,0.1265,0.0,0.02459,0.0,0.0,0.0,0.09723,0.0,9760,240,0.02459
03795_01225,37.95,12.25,0.0633,0.0,0.00338,0.0,0.0,0.0,0.01353,0.0,9758,33,0.00338
03795_01235,37.95,12.35,0.1786,0.0,0.00595,0.0,0.0,0.0,0.05579,0.0,9751,58,0.00595
03795_01245,37.95,12.45,0.1505,0.0,0.0,0.0,0.0,0.0,0.0,0.0,9753,0,0.0
03795_01255,37.95,12.55,0.9941,0.0,0.0,0.0,0.0,0.0,0.0,0.0,9761,0,0.0
03795_01265,37.95,12.65,1.0,0.0,0.0,0.0,0.0,0.0,0.0,0.0,9750,0,0.0
03795_01275,37.95,12.75,1.0,0.03329,0.01547,0.01014,0.00328,0.0,0.05655,0.0,9762,575,0.0589
03795_01285,37.95,12.85,1.0,0.0285,0.04398,0.01712,0.0041,0.0,0.11698,0.0,9754,874,0.0896
03795_01295,37.95,12.95,1.0,0.0,0.00441,0.0207,0.00697,0.0,0.00738,0.0082,9758,245,0.02511
03795_01305,37.95,13.05,1.0,0.0,0.0,0.0,0.02009,0.0,0.01384,0.0,9755,0,0.0
03795_01315,37.95,13.15,1.0,0.0,0.0,0.0,0.01353,0.0,0.02922,0.0,9753,0,0.0
03795_01325,37.95,13.25,1.0,0.00441,0.00974,0.0,0.12339,0.0,0.05411,0.0,9758,138,0.01415
03795_01335,37.95,13.35,1.0,0.09484,0.01661,0.03209,0.03435,0.0,0.0,0.01292,9753,1400,0.14354
03795_01345,37.95,13.45,1.0,0.05719,0.04018,0.02234,0.03095,0.0,0.01045,0.00594,9757,1168,0.11971
03795_01355,37.95,13.55,1.0,0.0245,0.0,0.00676,0.03485,0.0,0.13857,0.04059,9757,305,0.03126
03795_01365,37.95,13.65,0.97,0.00062,0.01169,0.00974,0.05158,0.0,0.04963,0.02297,9752,215,0.02205
03795_01375,37.95,13.75,0.7486,0.00697,0.00769,0.0,0.01496,0.0,0.16081,0.0,9757,143,0.01466
03795_01385,37.95,13.85,0.8843,0.00502,0.0,0.0,0.08508,0.0,0.12587,0.0001,9756,49,0.00502
03795_01395,37.95,13.95,1.0,0.19649,0.01158,0.0,0.00871,0.0,0.07944,0.04438,9756,2030,0.20807
03795_01405,37.95,14.05,1.0,0.2581,0.01128,0.0,0.00297,0.0,0.18232,0.01313,9752,2627,0.26938
03795_01415,37.95,14.15,1.0,0.2865,0.00471,0.033,0.00277,0.0,0.07347,0.0,9759,3164,0.32421
03795_01425,37.95,14.25,1.0,0.17984,0.0,0.06019,0.0,0.0,0.14324,0.09289,9753,2341,0.24003
03795_01435,37.95,14.35,1.0,0.18459,0.00441,0.00174,0.21892,0.0,0.08558,0.00082,9757,1861,0.19074
03795_01445,37.95,14.45,1.0,0.6723,0.0,0.0,0.06212,0.0,0.05289,0.0,9756,6559,0.6723
03795_01455,37.95,14.55,1.0,0.85096,0.0,0.0,0.0165,0.0,0.03516,0.0,9756,8302,0.85096
03795_01465,37.95,14.65,1.0,0.74897,0.0,0.0,0.07001,0.0,0.02327,0.0,9756,7307,0.74897
03795_01475,37.95,14.75,1.0,0.66834,0.0,0.0,0.08181,0.0,0.08807,0.0,9754,6519,0.66834
03795_01485,37.95,14.85,1.0,0.51706,0.0,0.06385,0.08087,0.0,0.01763,0.0,9757,5668,0.58091
03795_01495,37.95,14.95,1.0,0.0732,0.0,0.29014,0.00318,0.0,0.16916,0.0,9754,3544,0.36334
03795_01505,37.95,15.05,1.0,0.30477,0.00984,0.08037,0.06099,0.0,0.13234,0.06838,9755,3853,0.39498
03795_01515,37.95,15.15,1.0,0.37399,0.02327,0.02614,0.01783,0.0,0.22158,0.0372,9757,4131,0.4234
03795_01525,37.95,15.25,1.0,0.37478,0.01456,0.00513,0.094,0.0,0.14177,0.00882,9755,3848,0.39447
03795_01535,37.95,15.35,0.7264,0.05075,0.00615,0.0,0.00308,0.0,0.07146,0.0,9754,555,0.0569
03795_01565,37.95,15.65,0.1975,0.0,0.00779,0.0,0.0,0.0,0.01107,0.0,9759,76,0.00779
03795_01575,37.95,15.75,0.755,0.02788,0.00584,0.0124,0.01251,0.0,0.05709,0.00769,9756,450,0.04612
03795_01585,37.95,15.85,0.776,0.01435,0.05587,0.0,0.00144,0.0,0.02594,0.04316,9754,685,0.07022
03795_01595,37.95,15.95,0.7702,0.05842,0.0084,0.00318,0.12801,0.0,0.07164,0.22076,9757,683,0.07
03795_01605,37.95,16.05,0.7062,0.08192,0.00113,0.0,0.09668,0.0,0.0896,0.05495,9754,810,0.08305
03795_01615,37.95,16.15,0.0557,0.00882,0.0,0.0,0.0,0.0,0.0,0.0,9755,86,0.00882
03805_01255,38.05,12.55,0.4512,0.0078,0.008,0.0,0.0,0.0,0.08682,0.0,9744,154,0.0158
03805_01265,38.05,12.65,0.8442,0.0,0.0,0.0,0.00503,0.0,0.09194,0.0,9746,0,0.0
03805_01275,38.05,12.75,0.9999,0.0,0.02003,0.0,0.0,0.0,0.16032,0.0,9737,195,0.02003
03805_01285,38.05,12.85,0.5443,0.0,0.07849,0.0,0.0,0.0,0.16436,0.0,9747,765,0.07849
03805_01295,38.05,12.95,0.3361,0.0,0.01026,0.0,0.0,0.0,0.00534,0.0,9743,100,0.01026
03805_01305,38.05,13.05,0.7557,0.0,0.0,0.0,0.0,0.0,0.06004,0.0,9744,0,0.0
03805_01315,38.05,13.15,1.0,0.01191,0.0233,0.0,0.1389,0.0,0.14259,0.0038,9741,343,0.03521
03805_01325,38.05,13.25,1.0,0.00534,0.14824,0.00431,0.06108,0.0,0.22195,0.04845,9741,1538,0.15789
03805_01335,38.05,13.35,1.0,0.01785,0.06841,0.00379,0.00779,0.0,0.12656,0.00133,9750,878,0.09005
03805_01345,38.05,13.45,0.9781,0.0,0.01027,0.0,0.01581,0.0,0.01201,0.0039,9740,100,0.01027
03805_01355,38.05,13.55,0.6358,0.0,0.02711,0.0,0.0001,0.0,0.04189,0.0,9739,264,0.02711
03805_01365,38.05,13.65,0.0574,0.0,0.0,0.0,0.0,0.0,0.0,0.0,9744,0,0.0
03805_01395,38.05,13.95,0.2422,0.02453,0.0,0.0,0.01509,0.0,0.02956,0.0,9743,239,0.02453
03805_01405,38.05,14.05,0.2731,0.05471,0.0,0.0,0.02772,0.0,0.04588,0.0,9742,533,0.05471
03805_01415,38.05,14.15,0.1925,0.06436,0.0,0.0,0.0,0.0,0.03901,0.0,9742,627,0.06436
03805_01425,38.05,14.25,0.1066,0.02165,0.0,0.0,0.0,0.0,0.00246,0.0,9744,211,0.02165
03805_01435,38.05,14.35,0.1565,0.00944,0.0,0.0,0.00934,0.0,0.00698,0.0,9745,92,0.00944
03805_01445,38.05,14.45,0.3528,0.05319,0.0,0.0,0.00123,0.0,0.04508,0.0,9738,518,0.05319
03805_01455,38.05,14.55,0.5202,0.21,0.0,0.0,0.0,0.0,0.0,0.0,9743,2046,0.21
03805_01465,38.05,14.65,0.835,0.0733,0.00616,0.0,0.00544,0.0,0.01355,0.0,9741,774,0.07946
03805_01475,38.05,14.75,1.0,0.06147,0.00236,0.14982,0.08035,0.0,0.13761,0.00493,9745,2082,0.21365
03805_01485,38.05,14.85,1.0,0.00842,0.00349,0.09208,0.03285,0.0,0.00965,0.0,9742,1013,0.10399
03805_01495,38.05,14.95,1.0,0.25675,0.0,0.0001,0.01539,0.0,0.03232,0.0,9745,2503,0.25685
03805_01505,38.05,15.05,1.0,0.34011,0.0,0.0,0.04722,0.0,0.11375,0.01037,9741,3313,0.34011
03805_01515,38.05,15.15,1.0,0.2751,0.00595,0.03367,0.04414,0.0,0.20417,0.0,9742,3066,0.31472
03805_01525,38.05,15.25,1.0,0.3565,0.0,0.12338,0.01242,0.0,0.34449,0.00216,9742,4675,0.47988
03805_01535,38.05,15.35,1.0,0.23892,0.0,0.05737,0.12336,0.0,0.39409,0.0,9744,2887,0.29629
03805_01545,38.05,15.45,0.6751,0.08449,0.0,0.0,0.0,0.0,0.108,0.0,9741,823,0.08449
03805_01565,38.05,15.65,0.572,0.0,0.0,0.00021,0.0,0.0,0.00955,0.02156,9741,2,0.00021
03805_01575,38.05,15.75,1.0,0.13467,0.02484,0.0736,0.00595,0.0,0.05707,0.1125,9742,2271,0.23311
03805_01585,38.05,15.85,1.0,0.04792,0.15085,0.15167,0.00544,0.0,0.06167,0.16398,9745,3415,0.35044
03805_01595,38.05,15.95,1.0,0.30839,0.11689,0.04454,0.06712,0.0,0.11833,0.20679,9744,4578,0.46982
03805_01605,38.05,16.05,1.0,0.3462,0.00113,0.0,0.01386,0.0,0.04003,0.08037,9743,3384,0.34733
03805_01615,38.05,16.15,0.4517,0.04044,0.01345,0.0,0.0,0.0,0.00462,0.01642,9742,525,0.05389
03815_01275,38.15,12.75,0.4809,0.0,0.0,0.0,0.0,0.0,0.17134,0.0,9735,0,0.0
03815_01305,38.15,13.05,0.2289,0.0,0.0,0.0,0.03309,0.0,0.03227,0.0,9730,0,0.0
03815_01315,38.15,13.15,0.8103,0.0,0.04532,0.0,0.06362,0.0,0.06989,0.01418,9730,441,0.04532
03815_01325,38.15,13.25,0.9089,0.0,0.13157,0.00195,0.16538,0.0,0.15243,0.04255,9729,1299,0.13352
03815_01335,38.15,13.35,0.692,0.0,0.05417,0.00905,0.01295,0.0,0.01131,0.00853,9729,615,0.06322
03815_01475,38.15,14.75,0.499,0.05738,0.0,0.02807,0.0,0.0,0.00833,0.0,9725,831,0.08545
03815_01485,38.15,14.85,0.6526,0.10587,0.0,0.00452,0.00637,0.0,0.02683,0.0,9729,1074,0.11039
03815_01495,38.15,14.95,0.6966,0.11127,0.0,0.0,0.01747,0.0,0.04233,0.0,9733,1083,0.11127
03815_01505,38.15,15.05,0.3802,0.01193,0.00617,0.0,0.00853,0.0,0.01419,0.0,9727,176,0.0181
03815_01515,38.15,15.15,0.4465,0.00442,0.0001,0.0,0.0,0.0,0.00216,0.0,9731,44,0.00452
03815_01525,38.15,15.25,0.9694,0.02138,0.0,0.07514,0.0,0.0,0.08522,0.0,9728,939,0.09652
03815_01535,38.15,15.35,1.0,0.09762,0.0,0.02672,0.01788,0.0,0.34443,0.0,9732,1210,0.12434
03815_01545,38.15,15.45,1.0,0.15771,0.04223,0.18997,0.0,0.0,0.29939,0.0,9733,3795,0.38991
03815_01555,38.15,15.55,0.3752,0.00257,0.0,0.00082,0.0,0.0,0.03228,0.0,9728,33,0.00339
03815_01565,38.15,15.65,0.5532,0.0037,0.00277,0.0,0.0036,0.0,0.00812,0.06464,9731,63,0.00647
03815_01575,38.15,15.75,1.0,0.48587,0.01552,0.03094,0.0,0.0,0.00658,0.14513,9729,5179,0.53233
03815_01585,38.15,15.85,1.0,0.42229,0.05253,0.34673,0.0,0.0,0.00093,0.0147,9728,7992,0.82155
03815_01595,38.15,15.95,1.0,0.28359,0.10217,0.37054,0.0,0.0,0.06034,0.14626,9729,7358,0.7563
03815_01605,38.15,16.05,1.0,0.39624,0.0,0.04882,0.0,0.0,0.06804,0.06362,9729,4330,0.44506
03815_01615,38.15,16.15,0.808,0.01028,0.0,0.0,0.0,0.0,0.0,0.02549,9729,100,0.01028
03815_01625,38.15,16.25,0.0563,0.0,0.0,0.0,0.0,0.0,0.0,0.0,9730,0,0.0
03825_01335,38.25,13.35,0.0571,0.0,0.0,0.0,0.0,0.0,0.01317,0.0,9717,0,0.0
03825_01525,38.25,15.25,0.1357,0.0,0.0,0.0,0.0,0.0,0.00556,0.0,9714,0,0.0
03825_01535,38.25,15.35,0.1859,0.0,0.0,0.0,0.0,0.0,0.00545,0.0,9720,0,0.0
03825_01545,38.25,15.45,0.5499,0.01142,0.0,0.07205,0.02398,0.0,0.11023,0.0,9716,811,0.08347
03825_01555,38.25,15.55,0.7651,0.05845,0.00401,0.0637,0.02048,0.0,0.11937,0.0,9718,1226,0.12616
03825_01565,38.25,15.65,0.3429,0.02017,0.0,0.0,0.0,0.0,0.0,0.02357,9715,196,0.02017
03825_01575,38.25,15.75,0.6224,0.25679,0.0,0.01647,0.0,0.0,0.07081,0.03983,9716,2655,0.27326
03825_01585,38.25,15.85,0.988,0.20924,0.0457,0.08913,0.0,0.0,0.04621,0.0352,9716,3343,0.34407
03825_01595,38.25,15.95,1.0,0.15006,0.03983,0.24341,0.00257,0.0,0.0,0.02233,9716,4210,0.4333
03825_01605,38.25,16.05,1.0,0.31872,0.03828,0.15921,0.00196,0.0,0.08305,0.02573,9717,5016,0.51621
03825_01615,38.25,16.15,1.0,0.16692,0.00021,0.02583,0.00422,0.0,0.04291,0.10374,9717,1875,0.19296
03825_01625,38.25,16.25,0.7746,0.01534,0.00597,0.0,0.00473,0.0,0.02872,0.01595,9715,207,0.02131
03825_01635,38.25,16.35,0.0513,0.0,0.0,0.0,0.0,0.0,0.0,0.0,9717,0,0.0
03835_01495,38.35,14.95,0.1357,0.01113,0.00381,0.0,0.0,0.0,0.03741,0.0,9704,145,0.01494
03835_01585,38.35,15.85,0.621,0.06865,0.0,0.0,0.0,0.0,0.02814,0.0,9702,666,0.06865
03835_01595,38.35,15.95,1.0,0.0,0.0,0.0,0.0,0.0,0.0,0.0,9703,0,0.0
03835_01605,38.35,16.05,1.0,0.19279,0.0,0.0508,0.0,0.0,0.0,0.01958,9705,2364,0.24359
03835_01615,38.35,16.15,1.0,0.31684,0.03793,0.37518,0.00371,0.0,0.00258,0.11936,9702,7082,0.72995
03835_01625,38.35,16.25,1.0,0.19672,0.0,0.01092,0.0,0.0,0.08059,0.16313,9704,2015,0.20764
03835_01635,38.35,16.35,0.942,0.14985,0.0,0.0,0.0,0.0,0.06153,0.14274,9703,1454,0.14985
03835_01645,38.35,16.45,0.6409,0.02174,0.0034,0.0,0.0,0.0,0.03524,0.04008,9705,244,0.02514
03835_01655,38.35,16.55,0.0825,0.01134,0.0,0.0,0.0,0.0,0.0,0.0,9702,110,0.01134
03845_01495,38.45,14.95,0.352,0.00619,0.0,0.0,0.0,0.0,0.11359,0.0,9693,60,0.00619
03845_01585,38.45,15.85,0.097,0.0,0.0,0.0,0.0,0.0,0.0,0.0,9691,0,0.0
03845_01595,38.45,15.95,0.9443,0.0,0.0,0.0,0.0,0.0,0.0,0.0,9689,0,0.0
03845_01605,38.45,16.05,1.0,0.01847,0.0,0.0,0.0,0.0,0.0,0.0,9690,179,0.01847
03845_01615,38.45,16.15,1.0,0.37509,0.0,0.2007,0.0131,0.0,0.00475,0.00464,9691,5580,0.57579
03845_01625,38.45,16.25,1.0,0.70307,0.02663,0.1961,0.0,0.0,0.00268,0.00805,9689,8970,0.9258
03845_01635,38.45,16.35,1.0,0.65515,0.03332,0.0687,0.0,0.0,0.03559,0.0261,9694,7340,0.75717
03845_01645,38.45,16.45,1.0,0.10551,0.00113,0.00474,0.02032,0.0,0.11726,0.18482,9696,1080,0.11138
03845_01655,38.45,16.55,0.7406,0.00052,0.0,0.0,0.0,0.0,0.02478,0.00867,9685,5,0.00052
03855_01435,38.55,14.35,0.0527,0.0,0.0,0.0,0.0,0.0,0.03101,0.0,9673,0,0.0
03855_01455,38.55,14.55,0.0965,0.0,0.0,0.0,0.0,0.0,0.07502,0.0,9677,0,0.0
03855_01485,38.55,14.85,0.2686,0.0,0.0,0.0,0.0,0.0,0.21207,0.0,9676,0,0.0
03855_01495,38.55,14.95,0.1171,0.0,0.0,0.0,0.0,0.0,0.06058,0.0,9673,0,0.0
03855_01585,38.55,15.85,0.0588,0.0,0.0,0.0,0.0,0.0,0.01013,0.0062,9676,0,0.0
03855_01595,38.55,15.95,0.8515,0.00857,0.00661,0.0,0.0,0.0,0.0,0.00444,9681,147,0.01518
03855_01605,38.55,16.05,1.0,0.00899,0.0,0.00548,0.0,0.0,0.0,0.01468,9674,140,0.01447
03855_01615,38.55,16.15,1.0,0.16305,0.0,0.0,0.0,0.0,0.00393,0.00847,9678,1578,0.16305
03855_01625,38.55,16.25,1.0,0.5077,0.05726,0.15483,0.0,0.0,0.00031,0.01127,9675,6964,0.71979
03855_01635,38.55,16.35,1.0,0.40879,0.1786,0.21457,0.0,0.0,0.00548,0.00693,9675,7759,0.80196
03855_01645,38.55,16.45,1.0,0.62616,0.04877,0.0341,0.0,0.0,0.02521,0.1336,9678,6862,0.70903
03855_01655,38.55,16.55,0.7243,0.04475,0.0,0.0,0.0,0.0,0.01561,0.03845,9675,433,0.04475
03865_01585,38.65,15.85,0.4258,0.03798,0.0,0.0,0.0,0.0,0.0,0.0059,9664,367,0.03798
03865_01595,38.65,15.95,0.9275,0.13848,0.003,0.02784,0.0,0.0,0.01584,0.01004,9662,1636,0.16932
03865_01605,38.65,16.05,1.0,0.12645,0.0,0.0,0.0,0.0,0.0,0.00269,9664,1222,0.12645
03865_01615,38.65,16.15,1.0,0.04656,0.0,0.0,0.00093,0.0,0.012,0.02028,9664,450,0.04656
03865_01625,38.65,16.25,1.0,0.37572,0.0089,0.04439,0.0,0.0,0.00445,0.06974,9664,4146,0.42901
03865_01635,38.65,16.35,1.0,0.40137,0.05348,0.13189,0.00517,0.0,0.01086,0.01231,9667,5672,0.58674
03865_01645,38.65,16.45,1.0,0.45436,0.07214,0.07421,0.00362,0.0,0.0,0.04937,9662,5804,0.60071
03865_01655,38.65,16.55,0.5804,0.05422,0.0,0.00021,0.0,0.0,0.02245,0.04243,9664,526,0.05443
03875_01315,38.75,13.15,0.0631,0.0,0.00715,0.0,0.0,0.0,0.01202,0.0,9653,69,0.00715
03875_01525,38.75,15.25,0.0807,0.0,0.0,0.0,0.0,0.0,0.05068,0.0,9649,0,0.0
03875_01595,38.75,15.95,0.0672,0.01129,0.0,0.0,0.0,0.0,0.0,0.0,9652,109,0.01129
03875_01605,38.75,16.05,0.2215,0.00943,0.0,0.0,0.0,0.0,0.00301,0.00342,9649,91,0.00943
03875_01615,38.75,16.15,0.3207,0.00767,0.0,0.01244,0.00176,0.0,0.00912,0.01679,9649,194,0.02011
03875_01625,38.75,16.25,0.9898,0.21158,0.00798,0.00342,0.0,0.0,0.01171,0.01388,9651,2152,0.22298
03875_01635,38.75,16.35,1.0,0.39046,0.13333,0.15956,0.0,0.0,0.0,0.01669,9645,6591,0.68335
03875_01645,38.75,16.45,1.0,0.34218,0.02746,0.02187,0.01161,0.0,0.01047,0.02135,9650,3778,0.39151
03875_01655,38.75,16.55,0.6113,0.01979,0.00497,0.0,0.0,0.0,0.00746,0.06765,9653,239,0.02476
03885_00865,38.85,8.65,0.0675,0.0,0.0,0.0,0.0,0.0,0.05164,0.0,9643,0,0.0
03885_00885,38.85,8.85,0.1162,0.0,0.00073,0.0,0.0,0.0,0.06184,0.0,9654,7,0.00073
03885_01625,38.85,16.25,0.8142,0.03249,0.02263,0.0,0.0,0.0,0.00208,0.01401,9635,531,0.05512
03885_01635,38.85,16.35,1.0,0.28087,0.00405,0.0137,0.0,0.0,0.0,0.01152,9638,2878,0.29862
03885_01645,38.85,16.45,1.0,0.10864,0.00685,0.20266,0.00674,0.0,0.0,0.04555,9637,3066,0.31815
03885_01655,38.85,16.55,0.9997,0.00291,0.01339,0.04172,0.0276,0.0,0.0,0.04089,9636,559,0.05802
03885_01665,38.85,16.65,0.6618,0.00353,0.01557,0.00291,0.0,0.0,0.0,0.01256,9636,212,0.02201
03885_01675,38.85,16.75,0.1698,0.0,0.01141,0.0,0.0,0.0,0.0,0.0,9637,110,0.01141
03895_00845,38.95,8.45,0.1807,0.0,0.0,0.00312,0.0,0.0,0.106,0.0,9623,30,0.00312
03895_00855,38.95,8.55,0.096,0.0,0.01009,0.0,0.0,0.0,0.03452,0.0,9618,97,0.01009
03895_00865,38.95,8.65,0.8549,0.0,0.01412,0.0,0.0,0.0,0.50031,0.0,9634,136,0.01412
03895_00875,38.95,8.75,0.8172,0.0158,0.04656,0.0,0.0,0.0,0.56423,0.00488,9622,600,0.06236
03895_00885,38.95,8.85,0.9988,0.10865,0.05854,0.0,0.00437,0.0,0.66656,0.0,9618,1608,0.16719
03895_00895,38.95,8.95,0.5578,0.10648,0.05631,0.00914,0.0,0.0,0.15469,0.0,9626,1655,0.17193
03895_01615,38.95,16.15,0.3158,0.03761,0.0,0.0,0.0,0.0,0.00447,0.00156,9624,362,0.03761
03895_01625,38.95,16.25,0.944,0.11284,0.00665,0.01663,0.0,0.0,0.0,0.01195,9624,1310,0.13612
03895_01635,38.95,16.35,1.0,0.22103,0.0,0.03554,0.0,0.0,0.0,0.0,9623,2469,0.25657
03895_01645,38.95,16.45,1.0,0.39015,0.0,0.05186,0.01891,0.0,0.00249,0.0503,9622,4253,0.44201
03895_01655,38.95,16.55,1.0,0.39886,0.00353,0.04571,0.00779,0.0,0.00748,0.08686,9625,4313,0.4481
03895_01665,38.95,16.65,1.0,0.22504,0.0,0.01558,0.00332,0.0,0.01714,0.10608,9625,2316,0.24062
03895_01675,38.95,16.75,0.9973,0.24522,0.00301,0.0,0.0,0.0,0.0,0.03907,9624,2389,0.24823
03895_01685,38.95,16.85,0.8189,0.0,0.01206,0.0,0.0,0.0,0.0,0.0001,9622,116,0.01206
03895_01695,38.95,16.95,0.6504,0.0,0.03044,0.0,0.0,0.0,0.00873,0.01184,9625,293,0.03044
03895_01705,38.95,17.05,0.8634,0.0,0.05934,0.0,0.0,0.0,0.00281,0.01247,9623,571,0.05934
03895_01715,38.95,17.15,0.4595,0.0,0.00031,0.0,0.0,0.0,0.00852,0.0,9623,3,0.00031
03905_00835,39.05,8.35,0.3755,0.0,0.0,0.0,0.0,0.0,0.19222,0.0,9609,0,0.0
03905_00845,39.05,8.45,0.6289,0.0,0.0,0.0,0.0,0.0,0.2868,0.0,9606,0,0.0
03905_00855,39.05,8.55,0.6173,0.0,0.00676,0.0,0.01768,0.0,0.05316,0.0,9613,65,0.00676
03905_00865,39.05,8.65,1.0,0.01822,0.01302,0.0,0.01781,0.0,0.32528,0.0,9604,300,0.03124
03905_00875,39.05,8.75,1.0,0.13559,0.08745,0.01081,0.00821,0.0,0.4569,0.0,9617,2249,0.23385
03905_00885,39.05,8.85,1.0,0.7039,0.03956,0.00791,0.0,0.0,0.21947,0.0,9605,7217,0.75137
03905_00895,39.05,8.95,1.0,0.23434,0.03715,0.0154,0.0,0.0,0.38221,0.0,9610,2757,0.28689
03905_00905,39.05,9.05,0.3031,0.0,0.01102,0.0,0.0,0.0,0.07536,0.0,9620,106,0.01102
03905_01605,39.05,16.05,0.0686,0.0,0.0,0.0,0.0,0.0,0.0,0.0,9610,0,0.0
03905_01615,39.05,16.15,0.9628,0.11541,0.0,0.08263,0.00458,0.0,0.0,0.03622,9609,1903,0.19804
03905_01625,39.05,16.25,1.0,0.57341,0.04453,0.08626,0.0,0.0,0.0,0.02622,9611,6768,0.7042
03905_01635,39.05,16.35,1.0,0.59596,0.02975,0.10434,0.0,0.0,0.0,0.02632,9613,7018,0.73005
03905_01645,39.05,16.45,1.0,0.66133,0.03995,0.01862,0.0,0.0,0.0,0.04193,9611,6919,0.7199
03905_01655,39.05,16.55,1.0,0.21484,0.43656,0.10513,0.00406,0.0,0.01457,0.0585,9607,7268,0.75653
03905_01665,39.05,16.65,1.0,0.43626,0.17577,0.2608,0.0,0.0,0.0,0.01447,9609,8387,0.87283
03905_01675,39.05,16.75,1.0,0.43955,0.0,0.24896,0.0,0.0,0.00635,0.00832,9612,6618,0.68851
03905_01685,39.05,16.85,1.0,0.01394,0.0,0.0,0.0,0.0,0.00447,0.01478,9610,134,0.01394
03905_01695,39.05,16.95,1.0,0.01905,0.00791,0.0,0.00073,0.0,0.0179,0.0305,9607,259,0.02696
03905_01705,39.05,17.05,1.0,0.03672,0.09113,0.0,0.0,0.0,0.00479,0.04109,9613,1229,0.12785
03905_01715,39.05,17.15,0.5164,0.00187,0.02862,0.0,0.0,0.0,0.01301,0.05047,9610,293,0.03049
03915_00825,39.15,8.25,0.4438,0.0,0.07575,0.0,0.0,0.0,0.17026,0.0,9597,727,0.07575
03915_00835,39.15,8.35,0.1004,0.0,0.0026,0.0,0.0,0.0,0.01438,0.0,9597,25,0.0026
03915_00845,39.15,8.45,0.7097,0.02969,0.04418,0.0,0.0,0.0,0.17722,0.0,9598,709,0.07387
03915_00855,39.15,8.55,1.0,0.03741,0.00156,0.01396,0.09722,0.0,0.31656,0.0,9597,508,0.05293
03915_00865,39.15,8.65,1.0,0.14193,0.01146,0.0,0.05346,0.0,0.29752,0.0,9596,1472,0.15339
03915_00875,39.15,8.75,1.0,0.18363,0.0,0.01531,0.01698,0.0,0.43579,0.0,9601,1910,0.19894
03915_00885,39.15,8.85,1.0,0.74346,0.0,0.0,0.0,0.0,0.24529,0.0,9601,7138,0.74346
03915_00895,39.15,8.95,1.0,0.33799,0.0,0.02262,0.0,0.0,0.34237,0.00271,9592,3459,0.36061
03915_00905,39.15,9.05,0.2858,0.0,0.0,0.0,0.0,0.0,0.00334,0.0,9593,0,0.0
03915_00935,39.15,9.35,0.1911,0.00354,0.01406,0.0,0.0,0.0,0.09352,0.0,9602,169,0.0176
03915_00945,39.15,9.45,0.6746,0.095,0.02176,0.0,0.0,0.0,0.38041,0.0,9558,1116,0.11676
03915_00955,39.15,9.55,0.5152,0.043,0.04985,0.0,0.0,0.0,0.19994,0.0,9628,894,0.09285
03915_01605,39.15,16.05,0.3284,0.07556,0.0,0.00625,0.0,0.0,0.0024,0.01115,9595,785,0.08181
03915_01615,39.15,16.15,1.0,0.42476,0.04564,0.08983,0.0,0.0,0.01021,0.08024,9596,5376,0.56023
03915_01625,39.15,16.25,1.0,0.5235,0.05575,0.08044,0.0,0.0,0.0,0.03928,9597,6331,0.65969
03915_01635,39.15,16.35,1.0,0.71049,0.01636,0.0499,0.0,0.0,0.00823,0.0423,9599,7456,0.77675
03915_01645,39.15,16.45,1.0,0.48817,0.1769,0.12134,0.0,0.0,0.0,0.0147,9593,7544,0.78641
03915_01655,39.15,16.55,1.0,0.123,0.23589,0.3467,0.02291,0.0,0.00562,0.01062,9602,6775,0.70559
03915_01665,39.15,16.65,1.0,0.21353,0.18258,0.50083,0.03647,0.0,0.0,0.0,9596,8607,0.89694
03915_01675,39.15,16.75,1.0,0.24125,0.0075,0.36692,0.01376,0.0,0.00052,0.07378,9596,5908,0.61567
03915_01685,39.15,16.85,1.0,0.15253,0.0,0.0,0.02865,0.0,0.03032,0.05241,9598,1464,0.15253
03915_01695,39.15,16.95,1.0,0.18881,0.0,0.01917,0.00313,0.0,0.0323,0.04522,9597,1996,0.20798
03915_01705,39.15,17.05,1.0,0.06606,0.00281,0.0,0.0,0.0,0.01928,0.0323,9597,661,0.06887
03915_01715,39.15,17.15,0.2241,0.0,0.00917,0.0,0.0,0.0,0.0,0.00219,9597,88,0.00917
03925_00835,39.25,8.35,0.1207,0.0,0.00282,0.0,0.0,0.0,0.04162,0.00657,9586,27,0.00282
03925_00845,39.25,8.45,0.8834,0.00198,0.01723,0.01952,0.00428,0.0,0.34659,0.02182,9579,371,0.03873
03925_00855,39.25,8.55,1.0,0.1913,0.01284,0.0,0.0,0.0,0.23774,0.00741,9582,1956,0.20414
03925_00865,39.25,8.65,1.0,0.21047,0.00125,0.0,0.01918,0.0,0.30324,0.0,9593,2031,0.21172
03925_00875,39.25,8.75,1.0,0.16216,0.00606,0.0,0.0,0.0,0.35096,0.0,9571,1610,0.16822
03925_00885,39.25,8.85,1.0,0.20242,0.00647,0.0,0.0,0.0,0.26704,0.00532,9579,2001,0.20889
03925_00895,39.25,8.95,1.0,0.10797,0.0,0.0,0.0,0.0,0.02689,0.00042,9595,1036,0.10797
03925_00905,39.25,9.05,0.984,0.0,0.0,0.0,0.0,0.0,0.00344,0.0,9588,0,0.0
03925_00915,39.25,9.15,0.9181,0.0,0.0,0.0,0.0,0.0,0.0,0.0,9586,0,0.0
03925_00925,39.25,9.25,0.8022,0.0,0.00668,0.0,0.0,0.0,0.02099,0.0,9575,64,0.00668
03925_00935,39.25,9.35,0.9868,0.18207,0.09093,0.04849,0.0,0.0,0.42391,0.0,9568,3076,0.32149
03925_00945,39.25,9.45,1.0,0.70514,0.00561,0.0,0.0,0.0,0.16272,0.0,9618,6836,0.71075
03925_00955,39.25,9.55,0.7889,0.04962,0.00595,0.0,0.00481,0.0,0.20203,0.0,9573,532,0.05557
03925_01605,39.25,16.05,0.4353,0.14119,0.0,0.0073,0.00146,0.0,0.00417,0.03068,9583,1423,0.14849
03925_01615,39.25,16.15,1.0,0.64921,0.00866,0.02713,0.00323,0.0,0.0,0.05488,9584,6565,0.685
03925_01625,39.25,16.25,1.0,0.37667,0.01492,0.02337,0.0,0.0,0.0,0.0385,9584,3977,0.41496
03925_01635,39.25,16.35,1.0,0.44263,0.01942,0.17664,0.0,0.0,0.01034,0.03737,9579,6118,0.63869
03925_01645,39.25,16.45,1.0,0.31737,0.08795,0.35889,0.01085,0.0,0.0,0.05091,9585,7325,0.76421
03925_01655,39.25,16.55,1.0,0.08872,0.27565,0.40612,0.05292,0.0,0.0,0.00407,9581,7382,0.77049
03925_01665,39.25,16.65,1.0,0.00793,0.58258,0.14324,0.00835,0.0,0.0,0.00657,9585,7033,0.73375
03925_01675,39.25,16.75,1.0,0.10165,0.14235,0.25798,0.00793,0.0,0.06763,0.09413,9582,4810,0.50198
03925_01685,39.25,16.85,1.0,0.07879,0.04602,0.04779,0.01983,0.0,0.00866,0.0767,9583,1654,0.1726
03925_01695,39.25,16.95,1.0,0.06427,0.01304,0.04257,0.05081,0.0,0.01043,0.07429,9584,1149,0.11988
03925_01705,39.25,17.05,1.0,0.01148,0.0,0.01586,0.06252,0.0,0.11011,0.0621,9581,262,0.02734
03925_01715,39.25,17.15,0.1837,0.0,0.01451,0.0,0.0,0.0,0.00198,0.0167,9582,139,0.01451
03935_00835,39.35,8.35,0.0869,0.0,0.0,0.0,0.0,0.03459,0.04807,0.0,9569,0,0.0
03935_00845,39.35,8.45,0.9062,0.29869,0.0,0.0,0.02196,0.00868,0.49974,0.00042,9565,2857,0.29869
03935_00855,39.35,8.55,1.0,0.36695,0.0,0.0,0.02307,0.0,0.40589,0.00971,9579,3515,0.36695
03935_00865,39.35,8.65,1.0,0.15106,0.00408,0.06821,0.00785,0.0,0.41542,0.0,9559,2135,0.22335
03935_00875,39.35,8.75,1.0,0.08897,0.01201,0.03373,0.02256,0.0,0.22462,0.01671,9576,1290,0.13471
03935_00885,39.35,8.85,1.0,0.05119,0.00021,0.01139,0.0,0.0,0.08681,0.0,9573,601,0.06279
03935_00895,39.35,8.95,1.0,0.0044,0.00303,0.0,0.0,0.0,0.0,0.0,9556,71,0.00743
03935_00905,39.35,9.05,1.0,0.0,0.00324,0.0,0.02497,0.0,0.02414,0.00585,9570,31,0.00324
03935_00915,39.35,9.15,1.0,0.00428,0.01964,0.0,0.0,0.0,0.07095,0.0,9570,229,0.02392
03935_00925,39.35,9.25,1.0,0.12889,0.07328,0.0,0.06534,0.0,0.50063,0.0,9566,1934,0.20217
03935_00935,39.35,9.35,1.0,0.23176,0.09685,0.0,0.03055,0.0,0.49051,0.0,9592,3152,0.32861
03935_00945,39.35,9.45,1.0,0.27796,0.00042,0.0,0.0,0.0,0.69956,0.0,9566,2663,0.27838
03935_00955,39.35,9.55,0.9951,0.05076,0.00786,0.0,0.0,0.0,0.41726,0.0,9536,559,0.05862
03935_00965,39.35,9.65,0.0616,0.0,0.0,0.0,0.0,0.0,0.0282,0.0,9611,0,0.0
03935_01605,39.35,16.05,0.6687,0.25535,0.00585,0.06624,0.00522,0.0,0.0,0.03229,9571,3134,0.32744
03935_01615,39.35,16.15,1.0,0.43386,0.00272,0.04786,0.00428,0.0,0.00387,0.01954,9570,4636,0.48444
03935_01625,39.35,16.25,1.0,0.08676,0.0,0.0024,0.0,0.0,0.00638,0.0532,9567,853,0.08916
03935_01635,39.35,16.35,1.0,0.4345,0.12025,0.1496,0.0,0.0,0.03583,0.02748,9572,6742,0.70435
03935_01645,39.35,16.45,1.0,0.09394,0.23333,0.15737,0.01118,0.0,0.0,0.01661,9570,4638,0.48464
03935_01655,39.35,16.55,1.0,0.0,0.48971,0.05518,0.02153,0.0,0.0,0.01578,9569,5214,0.54489
03935_01665,39.35,16.65,1.0,0.05789,0.48401,0.29269,0.01787,0.0,0.00815,0.02853,9570,7987,0.83459
03935_01675,39.35,16.75,1.0,0.27353,0.26612,0.31773,0.0,0.0,0.00052,0.08871,9571,8206,0.85738
03935_01685,39.35,16.85,1.0,0.43741,0.06019,0.04399,0.0,0.0,0.02936,0.05099,9570,5183,0.54159
03935_01695,39.35,16.95,1.0,0.32623,0.00314,0.0854,0.00523,0.0,0.01495,0.04338,9567,3968,0.41477
03935_01705,39.35,17.05,1.0,0.00773,0.04429,0.06414,0.03552,0.0,0.05651,0.00815,9573,1112,0.11616
03935_01715,39.35,17.15,0.2848,0.0,0.00648,0.0,0.00731,0.0,0.0,0.00282,9572,62,0.00648
03945_00835,39.45,8.35,0.0501,0.0,0.0,0.0,0.0,0.0,0.02897,0.0,9563,0,0.0
03945_00845,39.45,8.45,0.9484,0.17383,0.03295,0.0,0.00617,0.0,0.51501,0.00471,9561,1977,0.20678
03945_00855,39.45,8.55,1.0,0.27143,0.0,0.0,0.03601,0.0,0.35947,0.0,9553,2593,0.27143
03945_00865,39.45,8.65,1.0,0.31937,0.0,0.01382,0.08942,0.0,0.34597,0.0,9550,3182,0.33319
03945_00875,39.45,8.75,1.0,0.09326,0.02091,0.00042,0.0,0.0,0.20052,0.00355,9565,1096,0.11459
03945_00885,39.45,8.85,1.0,0.02816,0.0,0.0,0.0,0.0,0.0,0.0,9554,269,0.02816
03945_00895,39.45,8.95,1.0,0.0,0.0,0.0,0.0,0.0,0.0,0.0,9564,0,0.0
03945_00905,39.45,9.05,1.0,0.00555,0.0,0.0,0.02358,0.0,0.00755,0.0,9542,53,0.00555
03945_00915,39.45,9.15,1.0,0.04621,0.05572,0.01213,0.00868,0.0,0.28583,0.0,9565,1091,0.11406
03945_00925,39.45,9.25,1.0,0.06327,0.03169,0.00125,0.08858,0.0,0.71889,0.00544,9562,920,0.09621
03945_00935,39.45,9.35,1.0,0.05859,0.09521,0.01486,0.0181,0.0,0.66552,0.00282,9558,1612,0.16866
03945_00945,39.45,9.45,1.0,0.04432,0.00861,0.0,0.00494,0.0,0.84151,0.0,9521,504,0.05293
03945_00955,39.45,9.55,1.0,0.06545,0.01028,0.05225,0.0,0.0,0.58664,0.0,9626,1232,0.12798
03945_00965,39.45,9.65,0.3501,0.0,0.01109,0.00232,0.0,0.0,0.10759,0.0,9471,127,0.01341
03945_01595,39.45,15.95,0.1784,0.06342,0.00471,0.00638,0.0,0.0,0.0,0.0,9556,712,0.07451
03945_01605,39.45,16.05,0.9766,0.75481,0.0,0.08005,0.0,0.0,0.0,0.01214,9556,7978,0.83486
03945_01615,39.45,16.15,1.0,0.2409,0.0,0.0,0.0,0.0,0.0,0.03736,9556,2302,0.2409
03945_01625,39.45,16.25,1.0,0.09197,0.0,0.0,0.0,0.0,0.0,0.04573,9557,879,0.09197
03945_01635,39.45,16.35,1.0,0.30812,0.10316,0.13716,0.0,0.0,0.0,0.03442,9558,5242,0.54844
03945_01645,39.45,16.45,1.0,0.21834,0.21677,0.10927,0.0,0.0,0.00743,0.0425,9554,5201,0.54438
03945_01655,39.45,16.55,1.0,0.02511,0.57004,0.1043,0.0091,0.0,0.09227,0.03588,9559,6686,0.69945
03945_01665,39.45,16.65,1.0,0.25714,0.04814,0.32852,0.0157,0.0,0.10047,0.12182,9555,6056,0.6338
03945_01675,39.45,16.75,1.0,0.57074,0.0293,0.08581,0.0,0.0,0.0,0.06059,9556,6554,0.68585
03945_01685,39.45,16.85,1.0,0.35063,0.00429,0.09386,0.01496,0.0,0.05483,0.07795,9557,4289,0.44878
03945_01695,39.45,16.95,0.9635,0.01151,0.06593,0.05986,0.01706,0.0,0.04887,0.06467,9556,1312,0.1373
03945_01705,39.45,17.05,0.4955,0.0,0.02313,0.05599,0.0,0.0,0.00366,0.0,9555,756,0.07912
03955_00845,39.55,8.45,0.5173,0.04604,0.01646,0.0,0.0,0.0,0.33987,0.0,9536,596,0.0625
03955_00855,39.55,8.55,1.0,0.04423,0.00618,0.00346,0.00608,0.0,0.64379,0.0,9542,514,0.05387
03955_00865,39.55,8.65,1.0,0.02344,0.01172,0.00691,0.00984,0.0,0.14586,0.0,9557,402,0.04207
03955_00875,39.55,8.75,1.0,0.07707,0.0,0.0,0.0,0.0,0.00682,0.0,9524,734,0.07707
03955_00885,39.55,8.85,1.0,0.0112,0.0,0.0,0.0,0.0,0.00481,0.0,9554,107,0.0112
03955_00895,39.55,8.95,1.0,0.0086,0.00294,0.00367,0.00556,0.0,0.05126,0.0,9540,145,0.01521
03955_00905,39.55,9.05,1.0,0.0,0.00691,0.0,0.0,0.0,0.00795,0.0,9554,66,0.00691
03955_00915,39.55,9.15,1.0,0.01038,0.01573,0.0,0.0,0.0,0.08839,0.00629,9537,249,0.02611
03955_00925,39.55,9.25,1.0,0.13871,0.02411,0.02107,0.03764,0.0,0.49277,0.00524,9538,1754,0.18389
03955_00935,39.55,9.35,1.0,0.04166,0.0,0.0,0.02624,0.0,0.69797,0.0,9529,397,0.04166
03955_00945,39.55,9.45,1.0,0.16797,0.00981,0.0,0.01868,0.0,0.71946,0.0,9585,1704,0.17778
03955_00955,39.55,9.55,1.0,0.11585,0.0283,0.06199,0.0,0.0,0.65836,0.0,9469,1952,0.20614
03955_00965,39.55,9.65,0.4604,0.04635,0.00954,0.01638,0.0,0.0,0.18497,0.0,9645,697,0.07227
03955_01585,39.55,15.85,0.1852,0.04548,0.0,0.0,0.0,0.0,0.00157,0.00262,9542,434,0.04548
03955_01595,39.55,15.95,0.8915,0.46155,0.01006,0.06538,0.0,0.0,0.00754,0.03961,9544,5125,0.53699
03955_01605,39.55,16.05,1.0,0.72734,0.0,0.06654,0.0,0.0,0.01006,0.00189,9543,7576,0.79388
03955_01615,39.55,16.15,1.0,0.18768,0.0,0.0,0.0,0.0,0.0,0.03007,9543,1791,0.18768
03955_01625,39.55,16.25,1.0,0.02703,0.00178,0.05291,0.0,0.0,0.0,0.0197,9544,780,0.08172
03955_01635,39.55,16.35,1.0,0.08751,0.04779,0.28537,0.0,0.0,0.0,0.01142,9542,4014,0.42067
03955_01645,39.55,16.45,1.0,0.23137,0.0175,0.28073,0.0,0.0,0.0,0.00367,9543,5054,0.5296
03955_01655,39.55,16.55,1.0,0.34594,0.09348,0.26975,0.0,0.0,0.01981,0.01844,9542,6767,0.70917
03955_01665,39.55,16.65,1.0,0.33683,0.0022,0.00356,0.00964,0.0,0.00786,0.07745,9542,3269,0.34259
03955_01675,39.55,16.75,1.0,0.12343,0.0,0.0,0.00073,0.0,0.02651,0.11306,9544,1178,0.12343
03955_01685,39.55,16.85,0.5519,0.02494,0.00251,0.00063,0.01467,0.0,0.07021,0.05103,9543,268,0.02808
03955_01695,39.55,16.95,0.0647,0.0,0.0001,0.0,0.0,0.0,0.0,0.0,9544,1,0.0001
03965_00845,39.65,8.45,0.4542,0.00419,0.00451,0.0,0.0,0.0,0.3405,0.0,9536,83,0.0087
03965_00855,39.65,8.55,1.0,0.01699,0.0,0.0,0.0,0.0,0.52402,0.00503,9534,162,0.01699
03965_00865,39.65,8.65,1.0,0.02783,0.0,0.0,0.0,0.0,0.03718,0.0,9521,265,0.02783
03965_00875,39.65,8.75,1.0,0.03499,0.00555,0.0,0.0,0.0,0.07469,0.00251,9546,387,0.04054
03965_00885,39.65,8.85,1.0,0.05613,0.02702,0.0,0.03406,0.0,0.12667,0.0,9513,791,0.08315
03965_00895,39.65,8.95,1.0,0.00294,0.0,0.0,0.00472,0.0,0.00483,0.0,9526,28,0.00294
03965_00905,39.65,9.05,1.0,0.00409,0.00315,0.0,0.00346,0.0,0.02958,0.0,9533,69,0.00724
03965_00915,39.65,9.15,1.0,0.01816,0.01617,0.0063,0.08912,0.0,0.12324,0.0,9526,387,0.04063
03965_00925,39.65,9.25,1.0,0.03208,0.03103,0.0,0.01352,0.0,0.35951,0.0,9538,602,0.06311
03965_00935,39.65,9.35,1.0,0.09045,0.02392,0.00063,0.05929,0.0,0.49822,0.0,9530,1096,0.115
03965_00945,39.65,9.45,1.0,0.05768,0.01261,0.00473,0.01135,0.0,0.82003,0.0,9518,714,0.07502
03965_00955,39.65,9.55,1.0,0.08391,0.09561,0.02027,0.01724,0.0,0.53208,0.02236,9570,1912,0.19979
03965_00965,39.65,9.65,0.5459,0.04004,0.00454,0.0,0.0,0.0,0.33714,0.0,9465,422,0.04458
03965_01585,39.65,15.85,0.6437,0.19395,0.0,0.0,0.0,0.0,0.00304,0.03075,9528,1848,0.19395
03965_01595,39.65,15.95,1.0,0.73124,0.0,0.04869,0.01039,0.0,0.03421,0.02214,9529,7432,0.77993
03965_01605,39.65,16.05,1.0,0.38455,0.0,0.01973,0.0,0.0,0.00945,0.08606,9528,3852,0.40428
03965_01615,39.65,16.15,1.0,0.12823,0.0,0.0,0.0,0.0,0.0,0.01207,9530,1222,0.12823
03965_01625,39.65,16.25,1.0,0.02582,0.00252,0.00861,0.0021,0.0,0.00178,0.00913,9528,352,0.03695
03965_01635,39.65,16.35,1.0,0.0,0.02425,0.04902,0.00787,0.0,0.0021,0.02876,9527,698,0.07327
03965_01645,39.65,16.45,1.0,0.00273,0.0,0.0021,0.0,0.0,0.00304,0.00273,9533,46,0.00483
03965_01655,39.65,16.55,0.5785,0.0,0.00325,0.0,0.0,0.0,0.0,0.00157,9529,31,0.00325
03965_01665,39.65,16.65,0.2104,0.0,0.0,0.0,0.0,0.0,0.0,0.0,9530,0,0.0
03965_01675,39.65,16.75,0.1683,0.0,0.0,0.0,0.0,0.0,0.0,0.0,9529,0,0.0
03975_00845,39.75,8.45,0.2423,0.0,0.0,0.0,0.0,0.0,0.14494,0.0,9521,0,0.0
03975_00855,39.75,8.55,0.7986,0.00663,0.01221,0.0,0.0,0.0,0.0,0.0,9500,179,0.01884
03975_00865,39.75,8.65,1.0,0.0399,0.00273,0.0,0.0,0.0,0.07307,0.0,9525,406,0.04263
03975_00875,39.75,8.75,1.0,0.29302,0.061,0.0,0.00284,0.0,0.29617,0.00831,9508,3366,0.35402
03975_00885,39.75,8.85,1.0,0.04018,0.01521,0.0,0.0,0.0,0.07428,0.0,9531,528,0.05539
03975_00895,39.75,8.95,1.0,0.32794,0.0,0.0,0.01901,0.0,0.1636,0.0,9523,3123,0.32794
03975_00905,39.75,9.05,1.0,0.08948,0.0,0.0,0.0,0.0,0.09748,0.01094,9510,851,0.08948
03975_00915,39.75,9.15,1.0,0.12894,0.00315,0.0,0.00914,0.0,0.12032,0.0,9516,1257,0.13209
03975_00925,39.75,9.25,1.0,0.16399,0.02301,0.0,0.00945,0.0,0.34857,0.00126,9519,1780,0.187
03975_00935,39.75,9.35,1.0,0.04631,0.034,0.00926,0.16988,0.0,0.65751,0.0,9501,851,0.08957
03975_00945,39.75,9.45,1.0,0.17685,0.08606,0.02052,0.05965,0.0,0.55455,0.02746,9505,2694,0.28343
03975_00955,39.75,9.55,1.0,0.13952,0.00652,0.0,0.0,0.0,0.53769,0.00336,9511,1389,0.14604
03975_00965,39.75,9.65,0.7267,0.17542,0.0043,0.0,0.0,0.0,0.3002,0.0,9537,1714,0.17972
03975_01585,39.75,15.85,0.9634,0.21921,0.01776,0.00231,0.02564,0.0,0.00557,0.0517,9516,2277,0.23928
03975_01595,39.75,15.95,1.0,0.73915,0.0,0.0,0.02396,0.0,0.01083,0.0618,9515,7033,0.73915
03975_01605,39.75,16.05,1.0,0.73595,0.0,0.13071,0.00715,0.0,0.00305,0.01376,9517,8248,0.86666
03975_01615,39.75,16.15,1.0,0.22909,0.01471,0.06,0.0,0.0,0.01419,0.03184,9516,2891,0.3038
03975_01625,39.75,16.25,1.0,0.01797,0.0,0.0,0.0,0.0,0.02112,0.01871,9515,171,0.01797
03975_01635,39.75,16.35,1.0,0.00872,0.0,0.0,0.0,0.0,0.00683,0.00484,9513,83,0.00872
03975_01645,39.75,16.45,0.9391,0.0,0.02311,0.0,0.0,0.0,0.0,0.01071,9520,220,0.02311
03975_01655,39.75,16.55,0.0922,0.0,0.01976,0.0,0.0,0.0,0.0,0.00473,9514,188,0.01976
03985_00845,39.85,8.45,0.0629,0.0,0.0,0.0,0.0,0.0,0.01989,0.0,9500,0,0.0
03985_00855,39.85,8.55,0.5187,0.00831,0.01693,0.0,0.0,0.0,0.02576,0.0,9512,240,0.02524
03985_00865,39.85,8.65,1.0,0.06719,0.0,0.0,0.0,0.0,0.01295,0.00305,9496,638,0.06719
03985_00875,39.85,8.75,1.0,0.21069,0.05554,0.0,0.0,0.0,0.38929,0.00831,9507,2531,0.26623
03985_00885,39.85,8.85,1.0,0.04805,0.02255,0.0,0.00327,0.0,0.17269,0.00411,9491,670,0.0706
03985_00895,39.85,8.95,1.0,0.05337,0.02958,0.0,0.00747,0.0,0.30835,0.0,9499,788,0.08295
03985_00905,39.85,9.05,1.0,0.10122,0.03925,0.00473,0.0,0.0,0.27809,0.0,9504,1380,0.1452
03985_00915,39.85,9.15,1.0,0.485,0.04526,0.002,0.03747,0.0,0.1723,0.022,9501,5057,0.53226
03985_00925,39.85,9.25,1.0,0.24277,0.09492,0.01884,0.06461,0.0,0.38114,0.00221,9503,3388,0.35653
03985_00935,39.85,9.35,1.0,0.37147,0.12344,0.0,0.08509,0.0,0.32283,0.0,9519,4711,0.49491
03985_00945,39.85,9.45,1.0,0.25675,0.14377,0.05139,0.01051,0.0,0.42638,0.0,9515,4300,0.45191
03985_00955,39.85,9.55,1.0,0.12295,0.02528,0.01338,0.00147,0.0,0.26865,0.00474,9492,1534,0.16161
03985_00965,39.85,9.65,0.8278,0.01031,0.0,0.0,0.0,0.0,0.27462,0.0,9504,98,0.01031
03985_01575,39.85,15.75,0.1774,0.0,0.00168,0.00253,0.0,0.0,0.01074,0.00105,9499,40,0.00421
03985_01585,39.85,15.85,1.0,0.21793,0.01052,0.11228,0.02662,0.0,0.06619,0.07271,9503,3238,0.34073
03985_01595,39.85,15.95,1.0,0.39375,0.00695,0.07126,0.02347,0.0,0.0521,0.12925,9501,4484,0.47196
03985_01605,39.85,16.05,1.0,0.34996,0.04884,0.15114,0.11125,0.0,0.06947,0.03052,9501,5225,0.54994
03985_01615,39.85,16.15,1.0,0.23559,0.07639,0.15036,0.03409,0.0,0.05208,0.07755,9504,4394,0.46234
03985_01625,39.85,16.25,1.0,0.22414,0.02873,0.05872,0.1287,0.0,0.09765,0.05535,9503,2961,0.31159
03985_01635,39.85,16.35,1.0,0.24184,0.01979,0.01694,0.01694,0.0,0.09861,0.11861,9502,2647,0.27857
03985_01645,39.85,16.45,0.9871,0.01568,0.11555,0.00947,0.0,0.0,0.05746,0.06799,9502,1337,0.1407
03985_01655,39.85,16.55,0.2464,0.0,0.01915,0.00663,0.0,0.0,0.00684,0.00989,9502,245,0.02578
03985_01815,39.85,18.15,0.3389,0.0,0.01989,0.0,0.0,0.0,0.02147,0.0,9502,189,0.01989
03985_01825,39.85,18.25,0.6676,0.0,0.0,0.00316,0.0,0.0,0.00442,0.0,9505,30,0.00316
03985_01835,39.85,18.35,0.8762,0.0,0.0,0.0,0.0,0.0,0.0,0.0,9499,0,0.0
03995_00845,39.95,8.45,0.9714,0.0,0.0,0.0,0.01243,0.0,0.07321,0.0,9493,0,0.0
03995_00855,39.95,8.55,0.9849,0.0,0.00675,0.0,0.0,0.0,0.01676,0.0,9486,64,0.00675
03995_00865,39.95,8.65,1.0,0.0,0.00284,0.0,0.01644,0.0,0.00379,0.01106,9491,27,0.00284
03995_00875,39.95,8.75,1.0,0.01508,0.00401,0.0,0.03121,0.0,0.18102,0.01349,9485,181,0.01909
03995_00885,39.95,8.85,1.0,0.01358,0.10634,0.0,0.00295,0.0,0.51811,0.0,9498,1139,0.11992
03995_00895,39.95,8.95,1.0,0.21551,0.00654,0.0,0.0134,0.0,0.21593,0.0,9480,2105,0.22205
03995_00905,39.95,9.05,1.0,0.16373,0.03247,0.00063,0.01497,0.0,0.2583,0.0,9485,1867,0.19683
03995_00915,39.95,9.15,1.0,0.47309,0.13734,0.06445,0.0594,0.00137,0.18662,0.01264,9495,6408,0.67488
03995_00925,39.95,9.25,1.0,0.47868,0.12117,0.00379,0.13517,0.10906,0.1178,0.0,9499,5734,0.60364
03995_00935,39.95,9.35,1.0,0.26292,0.00781,0.0,0.44471,0.11891,0.13315,0.0,9478,2566,0.27073
03995_00945,39.95,9.45,1.0,0.37541,0.15251,0.03757,0.14976,0.00021,0.15061,0.00422,9475,5358,0.56549
03995_00955,39.95,9.55,1.0,0.1663,0.08799,0.00758,0.00968,0.0,0.30913,0.0,9501,2488,0.26187
03995_00965,39.95,9.65,0.9025,0.00317,0.0,0.0,0.0,0.0,0.24072,0.0,9451,30,0.00317
03995_01575,39.95,15.75,0.6332,0.1448,0.00811,0.00285,0.04553,0.0,0.11192,0.0255,9489,1478,0.15576
03995_01585,39.95,15.85,1.0,0.31872,0.07884,0.04479,0.03647,0.0,0.03046,0.17264,9488,4197,0.44235
03995_01595,39.95,15.95,1.0,0.59815,0.00074,0.00274,0.00379,0.0,0.002,0.04783,9491,5710,0.60163
03995_01605,39.95,16.05,1.0,0.44899,0.01939,0.00759,0.05723,0.0,0.0097,0.00295,9488,4516,0.47597
03995_01615,39.95,16.15,1.0,0.51059,0.00042,0.03193,0.17462,0.0,0.02698,0.08104,9489,5152,0.54294
03995_01625,39.95,16.25,1.0,0.31896,0.0,0.15906,0.06124,0.0,0.11932,0.12891,9487,4535,0.47802
03995_01635,39.95,16.35,1.0,0.48451,0.00274,0.0275,0.02677,0.0,0.05732,0.12202,9490,4885,0.51475
03995_01645,39.95,16.45,1.0,0.19026,0.22947,0.10172,0.0,0.0,0.0487,0.08833,9487,4947,0.52145
03995_01655,39.95,16.55,0.9586,0.0,0.11522,0.01128,0.0,0.0,0.01813,0.05218,9486,1200,0.1265
03995_01665,39.95,16.65,0.1214,0.0,0.00232,0.0,0.0,0.0,0.00295,0.00685,9492,22,0.00232
03995_01805,39.95,18.05,0.6474,0.0,0.00464,0.0,0.0,0.0,0.00316,0.0,9489,44,0.00464
03995_01815,39.95,18.15,1.0,0.0,0.0,0.0,0.0,0.0,0.0078,0.0,9487,0,0.0
03995_01825,39.95,18.25,1.0,0.0,0.00116,0.0,0.0,0.0,0.00063,0.0,9494,11,0.00116
03995_01835,39.95,18.35,0.9775,0.0,0.0,0.00685,0.0,0.0,0.0,0.0,9483,65,0.00685
04005_00845,40.05,8.45,0.5529,0.0057,0.10057,0.0,0.00148,0.0,0.06772,0.0,9466,1006,0.10627
04005_00855,40.05,8.55,1.0,0.03397,0.01139,0.0,0.07005,0.0,0.18177,0.0,9479,430,0.04536
04005_00865,40.05,8.65,1.0,0.0,0.0,0.0,0.0609,0.0,0.20551,0.0,9474,0,0.0
04005_00875,40.05,8.75,1.0,0.11618,0.0038,0.0,0.03021,0.0,0.31052,0.0,9468,1136,0.11998
04005_00885,40.05,8.85,1.0,0.0685,0.0,0.0,0.01805,0.0,0.26831,0.0,9474,649,0.0685
04005_00895,40.05,8.95,1.0,0.33888,0.0,0.0,0.00632,0.0,0.20755,0.00432,9487,3215,0.33888
04005_00905,40.05,9.05,1.0,0.4234,0.03358,0.0,0.0,0.0,0.22046,0.0,9471,4328,0.45698
04005_00915,40.05,9.15,1.0,0.5886,0.02672,0.02566,0.00211,0.0,0.16684,0.02492,9470,6070,0.64098
04005_00925,40.05,9.25,1.0,0.52234,0.01331,0.01046,0.23703,0.06433,0.0751,0.0,9467,5170,0.54611
04005_00935,40.05,9.35,1.0,0.15786,0.00148,0.0,0.4876,0.13211,0.15976,0.00971,9477,1510,0.15934
04005_00945,40.05,9.45,1.0,0.13379,0.01276,0.01929,0.09974,0.0,0.72198,0.00295,9485,1573,0.16584
04005_00955,40.05,9.55,1.0,0.20395,0.06379,0.04774,0.01521,0.0,0.56865,0.0,9468,2987,0.31548
04005_00965,40.05,9.65,0.9996,0.26657,0.0,0.06417,0.01061,0.0,0.41309,0.02258,9521,3149,0.33074
04005_00975,40.05,9.75,0.1642,0.00435,0.0,0.0,0.0,0.0,0.12352,0.0,9432,41,0.00435
04005_01525,40.05,15.25,0.2285,0.02681,0.0,0.00443,0.0,0.0,0.02702,0.01794,9474,296,0.03124
04005_01535,40.05,15.35,0.8979,0.22316,0.02481,0.0,0.02819,0.0,0.06967,0.10166,9473,2349,0.24797
04005_01545,40.05,15.45,0.7756,0.25546,0.0,0.0,0.02575,0.0,0.05044,0.0306,9477,2421,0.25546
04005_01555,40.05,15.55,0.2659,0.05869,0.0,0.00844,0.0,0.0,0.03283,0.0076,9474,636,0.06713
04005_01565,40.05,15.65,0.5927,0.15516,0.0,0.01414,0.0,0.0,0.17142,0.06407,9474,1604,0.1693
04005_01575,40.05,15.75,1.0,0.39504,0.0,0.0742,0.0,0.0,0.02755,0.06417,9475,4446,0.46924
04005_01585,40.05,15.85,1.0,0.4303,0.0,0.02659,0.06648,0.0,0.02364,0.11829,9477,4330,0.45689
04005_01595,40.05,15.95,1.0,0.57642,0.0,0.06249,0.02575,0.0,0.01256,0.0304,9474,6053,0.63891
04005_01605,40.05,16.05,1.0,0.67712,0.0,0.0,0.02259,0.0,0.00792,0.03853,9474,6415,0.67712
04005_01615,40.05,16.15,1.0,0.51799,0.0,0.05404,0.0057,0.0,0.00844,0.13594,9475,5420,0.57203
04005_01625,40.05,16.25,1.0,0.40766,0.0,0.04084,0.0,0.0,0.01593,0.17096,9476,4250,0.4485
04005_01635,40.05,16.35,1.0,0.44487,0.0,0.02796,0.01688,0.0,0.02997,0.07028,9477,4481,0.47283
04005_01645,40.05,16.45,1.0,0.10343,0.08507,0.05583,0.00728,0.0,0.01963,0.07704,9475,2315,0.24433
04005_01655,40.05,16.55,0.9991,0.0,0.07262,0.06069,0.0,0.0,0.03378,0.10967,9474,1263,0.13331
04005_01665,40.05,16.65,0.0643,0.0,0.0,0.0,0.0,0.0,0.00095,0.0,9474,0,0.0
04005_01805,40.05,18.05,0.8934,0.0,0.01678,0.0,0.0,0.0,0.0038,0.0,9473,159,0.01678
04005_01815,40.05,18.15,1.0,0.0,0.0,0.0,0.0,0.0,0.00401,0.0,9474,0,0.0
04005_01825,40.05,18.25,1.0,0.00285,0.01383,0.0,0.0,0.0,0.0,0.0,9473,158,0.01668
04005_01835,40.05,18.35,1.0,0.0,0.0,0.0,0.0,0.0,0.0,0.0,9476,0,0.0
04005_01845,40.05,18.45,0.6704,0.0,0.00369,0.0,0.0401,0.0,0.0077,0.0,9476,35,0.00369
04015_00845,40.15,8.45,0.3109,0.00085,0.00475,0.0,0.0,0.0,0.10713,0.0,9465,53,0.0056
04015_00855,40.15,8.55,1.0,0.42137,0.00571,0.00814,0.0688,0.0,0.18601,0.0,9462,4118,0.43522
04015_00865,40.15,8.65,1.0,0.2618,0.02085,0.0,0.09799,0.0,0.09926,0.0,9450,2671,0.28265
04015_00875,40.15,8.75,1.0,0.13737,0.0,0.0,0.0057,0.0,0.00127,0.0,9478,1302,0.13737
04015_00885,40.15,8.85,1.0,0.09136,0.0,0.0,0.0,0.0,0.01036,0.00264,9457,864,0.09136
04015_00895,40.15,8.95,1.0,0.12986,0.0,0.0,0.0275,0.0,0.15398,0.0,9456,1228,0.12986
04015_00905,40.15,9.05,1.0,0.21118,0.03782,0.0018,0.0374,0.0,0.294,0.0,9466,2374,0.2508
04015_00915,40.15,9.15,1.0,0.32234,0.01703,0.00709,0.0,0.0,0.26988,0.0,9456,3276,0.34646
04015_00925,40.15,9.25,1.0,0.28329,0.0,0.0,0.00327,0.0,0.0661,0.0,9471,2683,0.28329
04015_00935,40.15,9.35,1.0,0.20463,0.0455,0.09205,0.06444,0.0,0.27807,0.0,9451,3234,0.34218
04015_00945,40.15,9.45,1.0,0.50998,0.08505,0.0,0.08579,0.0,0.19007,0.0,9465,5632,0.59503
04015_00955,40.15,9.55,1.0,0.45135,0.01678,0.0,0.04992,0.0,0.39785,0.00507,9476,4436,0.46813
04015_00965,40.15,9.65,0.5755,0.16449,0.0,0.0,0.00011,0.0,0.38714,0.0,9423,1550,0.16449
04015_01505,40.15,15.05,0.2302,0.04903,0.0,0.0,0.0,0.0,0.02441,0.00708,9464,464,0.04903
04015_01515,40.15,15.15,0.4677,0.01078,0.0093,0.00148,0.0,0.0,0.02758,0.0,9462,204,0.02156
04015_01525,40.15,15.25,0.9567,0.52383,0.0,0.06648,0.01617,0.0,0.02484,0.00307,9461,5585,0.59031
04015_01535,40.15,15.35,1.0,0.53287,0.05686,0.00972,0.0,0.0,0.01934,0.04883,9462,5672,0.59945
04015_01545,40.15,15.45,1.0,0.45005,0.02558,0.00698,0.00666,0.0,0.06322,0.03256,9459,4565,0.48261
04015_01555,40.15,15.55,1.0,0.52917,0.01997,0.00645,0.02536,0.0,0.07039,0.02568,9462,5257,0.55559
04015_01565,40.15,15.65,1.0,0.62011,0.0,0.0,0.06682,0.0,0.0,0.07243,9458,5865,0.62011
04015_01575,40.15,15.75,1.0,0.57244,0.0,0.03646,0.07683,0.0,0.01374,0.08253,9463,5762,0.6089
04015_01585,40.15,15.85,1.0,0.52689,0.0,0.06985,0.03001,0.0,0.03456,0.14868,9463,5647,0.59674
04015_01595,40.15,15.95,1.0,0.3623,0.00571,0.05751,0.061,0.0,0.0037,0.16048,9459,4025,0.42552
04015_01605,40.15,16.05,1.0,0.49736,0.00254,0.01986,0.11042,0.0,0.02198,0.18259,9464,4919,0.51976
04015_01615,40.15,16.15,1.0,0.44588,0.00444,0.0,0.0,0.0,0.0,0.06818,9460,4260,0.45032
04015_01625,40.15,16.25,1.0,0.18761,0.0,0.0,0.0,0.0,0.01089,0.07431,9461,1775,0.18761
04015_01635,40.15,16.35,1.0,0.07887,0.01269,0.04186,0.04874,0.0,0.00983,0.04398,9459,1262,0.13342
04015_01645,40.15,16.45,1.0,0.20827,0.02093,0.00835,0.01639,0.0,0.01755,0.13955,9459,2247,0.23755
04015_01655,40.15,16.55,1.0,0.02568,0.01078,0.01955,0.03371,0.0,0.0262,0.03645,9464,530,0.05601
04015_01665,40.15,16.65,0.7672,0.01491,0.04007,0.00793,0.0,0.0,0.00381,0.00412,9459,595,0.06291
04015_01795,40.15,17.95,0.3533,0.0,0.03616,0.0,0.0,0.0,0.00349,0.0,9459,342,0.03616
04015_01805,40.15,18.05,0.9854,0.0,0.0074,0.0,0.0,0.0,0.0,0.0,9463,70,0.0074
04015_01815,40.15,18.15,1.0,0.0,0.0,0.0,0.0,0.0,0.0,0.0,9463,0,0.0
04015_01825,40.15,18.25,1.0,0.0,0.00359,0.0,0.0,0.0,0.0,0.0,9460,34,0.00359
04015_01835,40.15,18.35,1.0,0.0,0.02462,0.0,0.0,0.0,0.0,0.0,9465,233,0.02462
04015_01845,40.15,18.45,0.8831,0.0,0.01268,0.0,0.0,0.0,0.0,0.0,9464,120,0.01268
04015_01855,40.15,18.55,0.0568,0.0,0.00338,0.00328,0.0,0.0,0.0,0.0,9461,63,0.00666
04025_00845,40.25,8.45,0.2784,0.0,0.04353,0.0,0.00646,0.0,0.07933,0.0,9441,411,0.04353
04025_00855,40.25,8.55,1.0,0.05548,0.00265,0.0,0.10557,0.0,0.10843,0.0,9444,549,0.05813
04025_00865,40.25,8.65,1.0,0.28224,0.00782,0.01543,0.00063,0.0,0.09503,0.0,9460,2890,0.30549
04025_00875,40.25,8.75,1.0,0.05947,0.01908,0.00657,0.02703,0.0,0.03721,0.0,9434,803,0.08512
04025_00885,40.25,8.85,1.0,0.02476,0.0,0.0,0.03164,0.0,0.176,0.0,9449,234,0.02476
04025_00895,40.25,8.95,1.0,0.01281,0.0,0.0,0.0,0.0,0.01927,0.01757,9446,121,0.01281
04025_00905,40.25,9.05,1.0,0.0736,0.0,0.0,0.0,0.0,0.17365,0.00793,9456,696,0.0736
04025_00915,40.25,9.15,1.0,0.16577,0.01324,0.0,0.01409,0.0,0.22148,0.0,9441,1690,0.17901
04025_00925,40.25,9.25,1.0,0.34357,0.0,0.0,0.03357,0.0,0.04724,0.0,9442,3244,0.34357
04025_00935,40.25,9.35,1.0,0.10505,0.0054,0.00032,0.0,0.0,0.28679,0.0,9453,1047,0.11077
04025_00945,40.25,9.45,1.0,0.28318,0.02145,0.0,0.00518,0.0,0.23003,0.02314,9464,2883,0.30463
04025_00955,40.25,9.55,1.0,0.33355,0.0,0.0,0.00351,0.0,0.26684,0.00744,9414,3140,0.33355
04025_00965,40.25,9.65,0.3002,0.06182,0.0,0.0,0.0,0.0,0.18842,0.0,9479,586,0.06182
04025_01495,40.25,14.95,0.5332,0.00212,0.0324,0.0144,0.01133,0.0,0.08185,0.0198,9444,462,0.04892
04025_01505,40.25,15.05,0.9923,0.39534,0.0,0.0,0.02287,0.0,0.0397,0.02583,9445,3734,0.39534
04025_01515,40.25,15.15,1.0,0.36635,0.02074,0.00582,0.00265,0.0,0.04381,0.06317,9450,3713,0.39291
04025_01525,40.25,15.25,1.0,0.43532,0.02064,0.06849,0.0325,0.0,0.03059,0.05494,9446,4954,0.52445
04025_01535,40.25,15.35,1.0,0.77098,0.02297,0.02519,0.02593,0.0,0.0,0.05524,9449,7740,0.81914
04025_01545,40.25,15.45,1.0,0.72915,0.01154,0.00603,0.05049,0.0,0.0,0.03768,9448,7055,0.74672
04025_01555,40.25,15.55,1.0,0.62135,0.00572,0.0,0.1259,0.0,0.0,0.03177,9444,5922,0.62707
04025_01565,40.25,15.65,1.0,0.46567,0.0164,0.00815,0.04243,0.0,0.0,0.04899,9451,4633,0.49022
04025_01575,40.25,15.75,1.0,0.3364,0.0127,0.03652,0.06012,0.0,0.01503,0.09781,9447,3643,0.38562
04025_01585,40.25,15.85,1.0,0.39987,0.03853,0.12055,0.02826,0.0,0.00413,0.05652,9448,5281,0.55895
04025_01595,40.25,15.95,1.0,0.50995,0.00625,0.03875,0.01503,0.0,0.01366,0.06288,9446,5242,0.55495
04025_01605,40.25,16.05,1.0,0.47306,0.00561,0.02583,0.02911,0.0,0.01958,0.09897,9447,4766,0.5045
04025_01615,40.25,16.15,1.0,0.50476,0.01397,0.01853,0.00339,0.0,0.00603,0.08469,9446,5075,0.53726
04025_01625,40.25,16.25,1.0,0.09855,0.0,0.0,0.00476,0.0,0.01884,0.06192,9447,931,0.09855
04025_01635,40.25,16.35,1.0,0.26188,0.0,0.02234,0.00349,0.0,0.02625,0.094,9447,2685,0.28422
04025_01645,40.25,16.45,1.0,0.23153,0.09026,0.04825,0.02074,0.0,0.00042,0.08593,9450,3497,0.37004
04025_01655,40.25,16.55,1.0,0.00381,0.03578,0.03303,0.0,0.0,0.0,0.09675,9447,686,0.07262
04025_01665,40.25,16.65,1.0,0.0344,0.02805,0.01461,0.0,0.0,0.0,0.01715,9448,728,0.07706
04025_01675,40.25,16.75,0.5548,0.00275,0.05864,0.00625,0.0,0.0,0.0,0.00413,9447,639,0.06764
04025_01785,40.25,17.85,0.2076,0.0,0.0,0.0,0.0,0.0,0.0,0.0,9446,0,0.0
04025_01795,40.25,17.95,0.9116,0.0,0.0,0.0,0.0,0.0,0.00529,0.0,9447,0,0.0
04025_01805,40.25,18.05,1.0,0.0,0.0,0.0,0.0,0.0,0.0,0.0,9449,0,0.0
04025_01815,40.25,18.15,1.0,0.0,0.0,0.0,0.0,0.0,0.0,0.0,9447,0,0.0
04025_01825,40.25,18.25,1.0,0.00169,0.0,0.0,0.0,0.0,0.0,0.0,9446,16,0.00169
04025_01835,40.25,18.35,1.0,0.00148,0.0,0.0,0.0,0.0,0.0,0.0,9446,14,0.00148
04025_01845,40.25,18.45,0.4597,0.0,0.01567,0.02457,0.0,0.0,0.00942,0.0,9444,380,0.04024
04035_00835,40.35,8.35,0.0731,0.0,0.0,0.0,0.00021,0.0,0.06643,0.0,9424,0,0.0
04035_00845,40.35,8.45,0.817,0.04439,0.0,0.0,0.16483,0.0,0.43136,0.0,9440,419,0.04439
04035_00855,40.35,8.55,1.0,0.17211,0.0,0.0,0.07376,0.0,0.20125,0.0,9436,1624,0.17211
04035_00865,40.35,8.65,1.0,0.01082,0.0,0.0,0.02418,0.0,0.05642,0.00191,9430,102,0.01082
04035_00875,40.35,8.75,1.0,0.09653,0.0,0.0,0.03635,0.0,0.0,0.19837,9437,911,0.09653
04035_00885,40.35,8.85,1.0,0.31573,0.0,0.0,0.01219,0.0,0.03,0.0,9432,2978,0.31573
04035_00895,40.35,8.95,1.0,0.40858,0.0,0.0,0.0,0.0,0.15286,0.00636,9440,3857,0.40858
04035_00905,40.35,9.05,1.0,0.10571,0.0,0.0,0.0,0.0,0.14954,0.0,9422,996,0.10571
04035_00915,40.35,9.15,1.0,0.3085,0.0,0.0,0.00053,0.0,0.1986,0.0,9436,2911,0.3085
04035_00925,40.35,9.25,1.0,0.1736,0.0,0.00985,0.06292,0.0,0.11418,0.0,9441,1732,0.18345
04035_00935,40.35,9.35,1.0,0.21313,0.0,0.02647,0.02478,0.0,0.30408,0.00424,9445,2263,0.2396
04035_00945,40.35,9.45,1.0,0.13539,0.0,0.0,0.0572,0.0,0.19546,0.0,9388,1271,0.13539
04035_00955,40.35,9.55,1.0,0.06979,0.02815,0.0,0.01265,0.0,0.1907,0.01771,9486,929,0.09794
04035_00965,40.35,9.65,0.8653,0.10694,0.00468,0.00935,0.0,0.0,0.16796,0.00138,9407,1138,0.12097
04035_00975,40.35,9.75,0.1727,0.00808,0.01615,0.0,0.00329,0.0,0.03072,0.0,9409,228,0.02423
04035_01495,40.35,14.95,0.2632,0.01971,0.0,0.0,0.0,0.0,0.05181,0.01621,9439,186,0.01971
04035_01505,40.35,15.05,0.999,0.16495,0.00413,0.00456,0.0,0.0,0.0106,0.0265,9433,1638,0.17364
04035_01515,40.35,15.15,1.0,0.57862,0.0,0.0,0.01633,0.0,0.0369,0.02428,9431,5457,0.57862
04035_01525,40.35,15.25,1.0,0.55311,0.00254,0.0229,0.02523,0.0,0.0,0.03307,9434,5458,0.57855
04035_01535,40.35,15.35,1.0,0.59445,0.00413,0.00795,0.03827,0.0,0.0,0.06031,9434,5722,0.60653
04035_01545,40.35,15.45,1.0,0.43474,0.0,0.0,0.14919,0.0,0.0,0.1564,9431,4100,0.43474
04035_01555,40.35,15.55,1.0,0.18316,0.00106,0.01419,0.08125,0.0,0.0,0.09004,9440,1873,0.19841
04035_01565,40.35,15.65,1.0,0.3146,0.03732,0.02195,0.05864,0.0,0.01813,0.03213,9431,3526,0.37387
04035_01575,40.35,15.75,1.0,0.35545,0.04505,0.04983,0.06467,0.0,0.0,0.02417,9433,4248,0.45033
04035_01585,40.35,15.85,1.0,0.25949,0.03542,0.05175,0.08961,0.0,0.0,0.0369,9430,3269,0.34666
04035_01595,40.35,15.95,1.0,0.33358,0.01897,0.05023,0.2043,0.0,0.01727,0.07969,9437,3801,0.40278
04035_01605,40.35,16.05,1.0,0.33118,0.0,0.0,0.03382,0.0,0.0,0.05089,9433,3124,0.33118
04035_01615,40.35,16.15,1.0,0.37595,0.0,0.00689,0.02735,0.0,0.00127,0.04591,9432,3611,0.38284
04035_01625,40.35,16.25,1.0,0.16206,0.0,0.0,0.01229,0.0,0.0283,0.04844,9435,1529,0.16206
04035_01635,40.35,16.35,1.0,0.10428,0.0,0.00763,0.0,0.0,0.0,0.1454,9436,1056,0.11191
04035_01645,40.35,16.45,1.0,0.09403,0.0,0.00011,0.0,0.0,0.0,0.09117,9433,888,0.09414
04035_01655,40.35,16.55,1.0,0.02512,0.04569,0.04484,0.01262,0.0,0.02205,0.09562,9433,1091,0.11565
04035_01665,40.35,16.65,1.0,0.11068,0.0035,0.00159,0.0,0.0,0.00657,0.04887,9433,1092,0.11577
04035_01675,40.35,16.75,0.9872,0.02534,0.01845,0.0,0.0,0.0,0.0,0.00445,9433,413,0.04379
04035_01685,40.35,16.85,0.3007,0.0,0.06001,0.0,0.0,0.0,0.0123,0.00148,9432,566,0.06001
04035_01725,40.35,17.25,0.0753,0.0,0.0,0.00339,0.0,0.0,0.0,0.0,9434,32,0.00339
04035_01735,40.35,17.35,0.4557,0.0,0.0,0.0,0.0,0.0,0.00435,0.00265,9436,0,0.0
04035_01745,40.35,17.45,0.7723,0.0,0.00381,0.0,0.0,0.0,0.00106,0.0,9438,36,0.00381
04035_01755,40.35,17.55,0.9984,0.0,0.01146,0.0,0.0,0.0,0.0192,0.00594,9427,108,0.01146
04035_01765,40.35,17.65,0.9699,0.00424,0.0,0.0,0.0,0.0,0.05746,0.0,9433,40,0.00424
04035_01775,40.35,17.75,0.9953,0.00307,0.00668,0.0,0.0,0.0,0.01378,0.0,9434,92,0.00975
04035_01785,40.35,17.85,1.0,0.02798,0.0,0.0,0.0,0.0,0.0,0.0,9434,264,0.02798
04035_01795,40.35,17.95,1.0,0.0,0.0,0.0,0.0,0.0,0.0,0.0,9434,0,0.0
04035_01805,40.35,18.05,1.0,0.0,0.0,0.0,0.0,0.0,0.0,0.0,9432,0,0.0
04035_01815,40.35,18.15,1.0,0.0,0.00403,0.0,0.0,0.0,0.0,0.0,9433,38,0.00403
04035_01825,40.35,18.25,0.9979,0.0,0.00848,0.0,0.02607,0.0,0.02056,0.0,9437,80,0.00848
04035_01835,40.35,18.35,0.4884,0.0,0.03955,0.00424,0.0,0.0,0.00488,0.0,9430,413,0.04379
04045_00835,40.45,8.35,0.1273,0.0,0.0,0.0,0.00042,0.0,0.10996,0.0,9422,0,0.0
04045_00845,40.45,8.45,0.9995,0.06074,0.0,0.0,0.16523,0.0,0.40045,0.0,9417,572,0.06074
04045_00855,40.45,8.55,1.0,0.07725,0.0,0.0,0.0832,0.0,0.35692,0.0,9411,727,0.07725
04045_00865,40.45,8.65,1.0,0.02948,0.0,0.0,0.20806,0.0,0.20721,0.0,9430,278,0.02948
04045_00875,40.45,8.75,1.0,0.05118,0.0,0.0,0.04194,0.0,0.01306,0.0,9418,482,0.05118
04045_00885,40.45,8.85,1.0,0.0982,0.0,0.0,0.019,0.0,0.22102,0.0,9420,925,0.0982
04045_00895,40.45,8.95,1.0,0.35963,0.0,0.00382,0.03175,0.0,0.12189,0.0,9418,3423,0.36345
04045_00905,40.45,9.05,1.0,0.38715,0.0,0.0,0.02972,0.0,0.12611,0.0,9420,3647,0.38715
04045_00915,40.45,9.15,1.0,0.19294,0.00053,0.0,0.0,0.0,0.0279,0.0,9428,1824,0.19347
04045_00925,40.45,9.25,1.0,0.17039,0.0,0.0,0.07738,0.0,0.03072,0.0,9408,1603,0.17039
04045_00935,40.45,9.35,1.0,0.15492,0.02591,0.00446,0.06371,0.0,0.06849,0.0,9418,1745,0.18529
04045_00945,40.45,9.45,1.0,0.00106,0.04429,0.0,0.04323,0.0,0.36983,0.00708,9461,429,0.04535
04045_00955,40.45,9.55,1.0,0.2335,0.04711,0.0,0.06516,0.0,0.45087,0.0031,9362,2627,0.28061
04045_00965,40.45,9.65,1.0,0.16237,0.03985,0.01526,0.01791,0.0,0.2743,0.0,9435,2052,0.21748
04045_00975,40.45,9.75,0.8903,0.0513,0.04462,0.0389,0.0,0.0,0.48924,0.0,9435,1272,0.13482
04045_01495,40.45,14.95,0.3578,0.0,0.0361,0.0,0.0,0.0,0.0,0.0,9418,340,0.0361
04045_01505,40.45,15.05,1.0,0.13101,0.0,0.0,0.01253,0.0,0.01869,0.00605,9419,1234,0.13101
04045_01515,40.45,15.15,1.0,0.32944,0.0,0.0,0.03397,0.0,0.00085,0.00531,9419,3103,0.32944
04045_01525,40.45,15.25,1.0,0.18845,0.0,0.00191,0.01125,0.0,0.0,0.05786,9419,1793,0.19036
04045_01535,40.45,15.35,1.0,0.36501,0.0,0.02378,0.04024,0.0,0.0,0.0877,9419,3662,0.38879
04045_01545,40.45,15.45,1.0,0.48556,0.00287,0.00446,0.0963,0.0,0.0,0.08877,9418,4642,0.49289
04045_01555,40.45,15.55,1.0,0.16005,0.03343,0.0,0.05296,0.0,0.0,0.06665,9422,1823,0.19348
04045_01565,40.45,15.65,1.0,0.52558,0.0051,0.00584,0.05191,0.0,0.0,0.03599,9420,5054,0.53652
04045_01575,40.45,15.75,1.0,0.5699,0.01571,0.06592,0.13088,0.0,0.0,0.05774,9421,6138,0.65153
04045_01585,40.45,15.85,1.0,0.54259,0.012,0.01636,0.07041,0.0,0.0,0.09526,9416,5376,0.57095
04045_01595,40.45,15.95,1.0,0.28377,0.0104,0.03184,0.07323,0.0,0.01252,0.18391,9423,3072,0.32601
04045_01605,40.45,16.05,1.0,0.39387,0.02133,0.00754,0.04033,0.0,0.00563,0.15114,9422,3983,0.42274
04045_01615,40.45,16.15,1.0,0.59979,0.0,0.00117,0.00021,0.0,0.0,0.02102,9420,5661,0.60096
04045_01625,40.45,16.25,1.0,0.29692,0.0,0.0,0.0293,0.0,0.0,0.04894,9420,2797,0.29692
04045_01635,40.45,16.35,1.0,0.03801,0.0,0.0,0.0,0.0,0.00032,0.11466,9419,358,0.03801
04045_01645,40.45,16.45,1.0,0.02527,0.0,0.03631,0.01348,0.0,0.06859,0.09567,9418,580,0.06158
04045_01655,40.45,16.55,1.0,0.03407,0.07398,0.05297,0.01412,0.0,0.10487,0.08502,9421,1517,0.16102
04045_01665,40.45,16.65,1.0,0.09679,0.04882,0.0,0.01157,0.0,0.04065,0.08841,9422,1372,0.14561
04045_01675,40.45,16.75,1.0,0.1015,0.0,0.0,0.0,0.0,0.02272,0.00319,9419,956,0.1015
04045_01685,40.45,16.85,0.9452,0.0,0.03598,0.0,0.0,0.0,0.00372,0.0,9421,339,0.03598
04045_01695,40.45,16.95,0.3154,0.0,0.05574,0.0,0.0,0.0,0.06752,0.0,9419,525,0.05574
04045_01715,40.45,17.15,0.0667,0.0,0.0,0.0,0.0,0.0,0.0,0.0,9421,0,0.0
04045_01725,40.45,17.25,0.7271,0.0,0.0,0.0,0.0,0.0,0.00435,0.0,9419,0,0.0
04045_01735,40.45,17.35,1.0,0.0,0.00977,0.0,0.0,0.0,0.0,0.0,9418,92,0.00977
04045_01745,40.45,17.45,1.0,0.0,0.0,0.0,0.0,0.0,0.01719,0.0,9422,0,0.0
04045_01755,40.45,17.55,1.0,0.0,0.0,0.0,0.0,0.0,0.0,0.0,9417,0,0.0
04045_01765,40.45,17.65,1.0,0.00425,0.0,0.0,0.0,0.0,0.00265,0.0,9421,40,0.00425
04045_01775,40.45,17.75,1.0,0.0,0.0,0.0,0.0,0.0,0.0,0.0,9419,0,0.0
04045_01785,40.45,17.85,1.0,0.0,0.00297,0.0,0.0,0.0,0.0,0.0,9421,28,0.00297
04045_01795,40.45,17.95,1.0,0.00648,0.0,0.0,0.0,0.0,0.0,0.0,9419,61,0.00648
04045_01805,40.45,18.05,1.0,0.0,0.0,0.0,0.0,0.0,0.0,0.0,9421,0,0.0
04045_01815,40.45,18.15,0.8485,0.0,0.0,0.0,0.0,0.0,0.0,0.0,9419,0,0.0
04045_01825,40.45,18.25,0.3306,0.00733,0.0,0.0,0.01773,0.0,0.03217,0.0,9418,69,0.00733
04055_00815,40.55,8.15,0.0613,0.0,0.005,0.00425,0.0,0.0,0.04486,0.0,9406,87,0.00925
04055_00825,40.55,8.25,0.1769,0.0,0.05379,0.02764,0.0,0.0,0.01924,0.0,9407,766,0.08143
04055_00835,40.55,8.35,0.7993,0.00457,0.0,0.0,0.00106,0.0,0.25013,0.0,9403,43,0.00457
04055_00845,40.55,8.45,1.0,0.09615,0.00329,0.0,0.05833,0.0,0.35646,0.0,9412,936,0.09944
04055_00855,40.55,8.55,1.0,0.05695,0.00574,0.0,0.14993,0.0,0.20986,0.0,9411,590,0.06269
04055_00865,40.55,8.65,1.0,0.102,0.0,0.0083,0.20805,0.0,0.13767,0.0,9392,1036,0.1103
04055_00875,40.55,8.75,1.0,0.05004,0.0,0.00648,0.03782,0.0,0.0784,0.0,9413,532,0.05652
04055_00885,40.55,8.85,1.0,0.0,0.0,0.0,0.0,0.0,0.05984,0.0,9409,0,0.0
04055_00895,40.55,8.95,1.0,0.18496,0.0,0.0,0.00117,0.0,0.09094,0.0,9402,1739,0.18496
04055_00905,40.55,9.05,1.0,0.45419,0.005,0.00266,0.0,0.0,0.05134,0.0,9408,4345,0.46185
04055_00915,40.55,9.15,1.0,0.25221,0.0119,0.0,0.0,0.0,0.25539,0.0,9409,2485,0.26411
04055_00925,40.55,9.25,1.0,0.27216,0.0136,0.0,0.0,0.0,0.08278,0.00861,9410,2689,0.28576
04055_00935,40.55,9.35,1.0,0.27522,0.10418,0.00149,0.00085,0.0,0.1299,0.00574,9407,3583,0.38089
04055_00945,40.55,9.45,1.0,0.06908,0.04041,0.0,0.04478,0.0,0.41002,0.01983,9380,1027,0.10949
04055_00955,40.55,9.55,1.0,0.26459,0.02707,0.0,0.03268,0.0,0.33111,0.03543,9456,2758,0.29166
04055_00965,40.55,9.65,1.0,0.08535,0.03324,0.0065,0.0065,0.0,0.36217,0.0,9385,1174,0.12509
04055_00975,40.55,9.75,0.8922,0.02251,0.06168,0.0,0.0,0.0,0.26415,0.0,9419,793,0.08419
04055_00985,40.55,9.85,0.0957,0.0,0.03063,0.0,0.0,0.0,0.0531,0.0,9435,289,0.03063
04055_01425,40.55,14.25,0.1071,0.01828,0.0,0.0,0.00882,0.0,0.01042,0.0,9408,172,0.01828
04055_01435,40.55,14.35,0.1254,0.00712,0.0,0.0,0.0,0.0,0.02881,0.0,9407,67,0.00712
04055_01485,40.55,14.85,0.0702,0.00532,0.00319,0.0,0.0,0.0,0.0,0.0,9406,80,0.00851
04055_01495,40.55,14.95,0.9053,0.00255,0.02286,0.0,0.0,0.0,0.0,0.0,9406,239,0.02541
04055_01505,40.55,15.05,1.0,0.06187,0.0,0.0,0.0,0.0,0.0,0.0,9407,582,0.06187
04055_01515,40.55,15.15,1.0,0.11727,0.0,0.0,0.00351,0.0,0.0,0.01669,9406,1103,0.11727
04055_01525,40.55,15.25,1.0,0.51988,0.0,0.0,0.04412,0.0,0.0,0.05582,9406,4890,0.51988
04055_01535,40.55,15.35,1.0,0.56506,0.0,0.0,0.01053,0.0,0.0,0.0522,9406,5315,0.56506
04055_01545,40.55,15.45,1.0,0.35989,0.00627,0.0101,0.0385,0.0,0.0,0.03446,9403,3538,0.37626
04055_01555,40.55,15.55,1.0,0.34991,0.0,0.00446,0.04315,0.0,0.0,0.08727,9408,3334,0.35437
04055_01565,40.55,15.65,1.0,0.38565,0.0,0.00213,0.02105,0.0,0.0,0.07772,9405,3647,0.38778
04055_01575,40.55,15.75,1.0,0.56491,0.00766,0.01988,0.05125,0.0,0.0,0.05614,9405,5572,0.59245
04055_01585,40.55,15.85,1.0,0.62795,0.00659,0.02827,0.01307,0.0,0.0,0.04346,9410,6237,0.66281
04055_01595,40.55,15.95,1.0,0.2533,0.00521,0.00946,0.00532,0.0,0.00255,0.12846,9404,2520,0.26797
04055_01605,40.55,16.05,1.0,0.40102,0.00255,0.00989,0.0336,0.0,0.01861,0.0741,9406,3889,0.41346
04055_01615,40.55,16.15,1.0,0.6891,0.00255,0.01967,0.00468,0.0,0.00362,0.03753,9405,6690,0.71132
04055_01625,40.55,16.25,1.0,0.21186,0.0,0.0,0.02626,0.0,0.00808,0.01339,9407,1993,0.21186
04055_01635,40.55,16.35,1.0,0.22041,0.0,0.0,0.06358,0.0,0.04423,0.10898,9405,2073,0.22041
04055_01645,40.55,16.45,1.0,0.08165,0.01276,0.01212,0.05954,0.0,0.027,0.08101,9406,1002,0.10653
04055_01655,40.55,16.55,1.0,0.03955,0.04837,0.01935,0.01829,0.0,0.04837,0.03774,9406,1009,0.10727
04055_01665,40.55,16.65,1.0,0.05199,0.13195,0.0,0.00542,0.0,0.0,0.01308,9405,1730,0.18394
04055_01675,40.55,16.75,1.0,0.02584,0.0,0.0,0.0,0.0,0.07071,0.0084,9405,243,0.02584
04055_01685,40.55,16.85,1.0,0.01117,0.04987,0.0,0.0,0.0,0.12442,0.0,9404,574,0.06104
04055_01695,40.55,16.95,1.0,0.0,0.0084,0.0,0.0,0.0,0.05027,0.0,9410,79,0.0084
04055_01705,40.55,17.05,0.8785,0.0,0.0639,0.0,0.0,0.0,0.0169,0.0,9406,601,0.0639
04055_01715,40.55,17.15,0.9151,0.0,0.07497,0.00915,0.01127,0.0,0.02733,0.0,9404,791,0.08412
04055_01725,40.55,17.25,1.0,0.0,0.01382,0.01488,0.02605,0.0,0.1111,0.00404,9406,270,0.0287
04055_01735,40.55,17.35,1.0,0.0,0.0,0.0,0.0,0.0,0.02201,0.0,9404,0,0.0
04055_01745,40.55,17.45,1.0,0.00138,0.00819,0.0,0.01946,0.0,0.0805,0.0,9404,90,0.00957
04055_01755,40.55,17.55,1.0,0.00733,0.0,0.0,0.0,0.0,0.0,0.0,9412,69,0.00733
04055_01765,40.55,17.65,1.0,0.0,0.0,0.0,0.0,0.0,0.0,0.0,9409,0,0.0
04055_01775,40.55,17.75,1.0,0.0,0.0,0.0,0.0,0.0,0.0,0.0,9405,0,0.0
04055_01785,40.55,17.85,1.0,0.0,0.0,0.0,0.0,0.0,0.0,0.0,9407,0,0.0
04055_01795,40.55,17.95,1.0,0.0,0.0,0.0,0.0,0.0,0.0,0.0,9408,0,0.0
04055_01805,40.55,18.05,0.6219,0.0,0.0,0.01148,0.0,0.0,0.0,0.0,9404,108,0.01148
04065_00815,40.65,8.15,0.2156,0.0,0.09083,0.03716,0.0,0.0,0.05708,0.0,9391,1202,0.12799
04065_00825,40.65,8.25,0.9707,0.0,0.1066,0.0,0.0,0.0,0.15974,0.0,9390,1001,0.1066
04065_00835,40.65,8.35,1.0,0.00639,0.00458,0.0,0.0,0.0,0.04641,0.0,9394,103,0.01097
04065_00845,40.65,8.45,1.0,0.00469,0.00629,0.0,0.01875,0.0,0.25887,0.0,9387,103,0.01098
04065_00855,40.65,8.55,1.0,0.04419,0.0,0.0,0.16526,0.0,0.01555,0.0,9391,415,0.04419
04065_00865,40.65,8.65,1.0,0.01308,0.0,0.0,0.12473,0.0,0.06763,0.0,9404,123,0.01308
04065_00875,40.65,8.75,1.0,0.01641,0.0,0.0,0.01204,0.0,0.02237,0.0,9387,154,0.01641
04065_00885,40.65,8.85,1.0,0.13706,0.0,0.0,0.00724,0.0,0.09201,0.0,9390,1287,0.13706
04065_00895,40.65,8.95,1.0,0.0,0.0,0.0,0.0,0.0,0.00575,0.0,9397,0,0.0
04065_00905,40.65,9.05,1.0,0.02225,0.00436,0.0,0.0,0.0,0.11711,0.00884,9393,250,0.02661
04065_00915,40.65,9.15,1.0,0.3056,0.26715,0.0,0.0,0.0,0.24403,0.0,9388,5377,0.57275
04065_00925,40.65,9.25,1.0,0.06706,0.0999,0.0,0.01663,0.0,0.47852,0.0,9379,1566,0.16696
04065_00935,40.65,9.35,1.0,0.34236,0.08474,0.0,0.0,0.0,0.20241,0.00341,9382,4007,0.4271
04065_00945,40.65,9.45,1.0,0.40164,0.12609,0.0,0.0,0.0,0.33227,0.01073,9414,4968,0.52773
04065_00955,40.65,9.55,1.0,0.03292,0.1613,0.0,0.00406,0.0,0.51587,0.06745,9355,1817,0.19422
04065_00965,40.65,9.65,1.0,0.02226,0.14923,0.0,0.00297,0.0,0.40806,0.00456,9435,1618,0.17149
04065_00975,40.65,9.75,0.4608,0.00075,0.00618,0.0,0.0,0.0,0.09151,0.0,9387,65,0.00693
04065_01435,40.65,14.35,0.1972,0.0,0.0,0.01033,0.0,0.0,0.01043,0.00405,9392,97,0.01033
04065_01445,40.65,14.45,0.645,0.22219,0.0,0.0,0.03492,0.0,0.06973,0.01384,9393,2087,0.22219
04065_01455,40.65,14.55,0.8309,0.44724,0.0,0.00554,0.00309,0.0,0.05995,0.07241,9391,4252,0.45278
04065_01465,40.65,14.65,0.5985,0.36565,0.0,0.0,0.0,0.0,0.0215,0.06204,9397,3436,0.36565
04065_01475,40.65,14.75,0.3227,0.10147,0.0,0.0,0.0,0.0,0.00671,0.01448,9392,953,0.10147
04065_01485,40.65,14.85,0.7972,0.08361,0.0,0.0,0.0,0.0,0.00288,0.0066,9389,785,0.08361
04065_01495,40.65,14.95,1.0,0.06355,0.0,0.0,0.00309,0.0,0.00617,0.0,9394,597,0.06355
04065_01505,40.65,15.05,1.0,0.376,0.0,0.04802,0.03248,0.0,0.0,0.02609,9391,3982,0.42402
04065_01515,40.65,15.15,1.0,0.35814,0.00745,0.02555,0.00394,0.0,0.00405,0.08091,9393,3674,0.39114
04065_01525,40.65,15.25,1.0,0.22461,0.0066,0.0,0.00213,0.0,0.00703,0.00713,9394,2172,0.23121
04065_01535,40.65,15.35,1.0,0.19687,0.0,0.0,0.07144,0.0,0.00096,0.02619,9392,1849,0.19687
04065_01545,40.65,15.45,1.0,0.22319,0.01022,0.00564,0.09222,0.0,0.0,0.08391,9391,2245,0.23905
04065_01555,40.65,15.55,1.0,0.26501,0.0,0.0083,0.06974,0.0,0.00511,0.03397,9392,2567,0.27331
04065_01565,40.65,15.65,1.0,0.3003,0.0,0.0,0.01884,0.0,0.0,0.04982,9394,2821,0.3003
04065_01575,40.65,15.75,1.0,0.13682,0.0,0.00405,0.01448,0.0,0.0,0.04685,9392,1323,0.14087
04065_01585,40.65,15.85,1.0,0.13513,0.00586,0.0,0.0,0.0,0.00831,0.08029,9391,1324,0.14099
04065_01595,40.65,15.95,1.0,0.15069,0.00841,0.00362,0.0147,0.0,0.00916,0.14292,9390,1528,0.16272
04065_01605,40.65,16.05,1.0,0.42953,0.0,0.01969,0.03311,0.0,0.01405,0.05578,9394,4220,0.44922
04065_01615,40.65,16.15,1.0,0.20145,0.00852,0.01597,0.02619,0.0,0.01097,0.02523,9392,2122,0.22594
04065_01625,40.65,16.25,1.0,0.12436,0.0132,0.00468,0.0,0.0,0.0099,0.03407,9392,1336,0.14224
04065_01635,40.65,16.35,1.0,0.07719,0.00309,0.00287,0.0,0.0,0.0164,0.04365,9393,781,0.08315
04065_01645,40.65,16.45,1.0,0.08344,0.15475,0.0,0.0,0.0,0.00575,0.02629,9396,2238,0.23819
04065_01655,40.65,16.55,1.0,0.01012,0.01757,0.0,0.0017,0.0,0.0,0.01927,9391,260,0.02769
04065_01665,40.65,16.65,1.0,0.09295,0.00841,0.0,0.02034,0.0,0.07176,0.0477,9392,952,0.10136
04065_01675,40.65,16.75,1.0,0.04919,0.0,0.0,0.00447,0.0,0.04493,0.00085,9393,462,0.04919
04065_01685,40.65,16.85,1.0,0.0181,0.03917,0.06909,0.02874,0.0,0.04407,0.00351,9394,1187,0.12636
04065_01695,40.65,16.95,1.0,0.04079,0.01853,0.0,0.01204,0.0,0.07914,0.0,9389,557,0.05932
04065_01705,40.65,17.05,1.0,0.09645,0.02566,0.0,0.05036,0.0,0.05419,0.0,9393,1147,0.12211
04065_01715,40.65,17.15,1.0,0.2233,0.01384,0.0,0.01012,0.0,0.21595,0.0,9391,2227,0.23714
04065_01725,40.65,17.25,1.0,0.34958,0.0033,0.0,0.0182,0.0,0.07111,0.0,9394,3315,0.35288
04065_01735,40.65,17.35,1.0,0.30977,0.0,0.0,0.00192,0.0,0.00692,0.00277,9394,2910,0.30977
04065_01745,40.65,17.45,1.0,0.11,0.0,0.0,0.0,0.0,0.02279,0.0,9391,1033,0.11
04065_01755,40.65,17.55,1.0,0.0032,0.0,0.0,0.0,0.0,0.0,0.00352,9388,30,0.0032
04065_01765,40.65,17.65,1.0,0.0,0.0,0.0,0.0,0.0,0.0,0.0,9393,0,0.0
04065_01775,40.65,17.75,1.0,0.00064,0.0,0.0,0.0,0.0,0.0,0.0,9392,6,0.00064
04065_01785,40.65,17.85,0.9068,0.00692,0.0,0.0,0.00628,0.0,0.0,0.0,9392,65,0.00692
04065_01795,40.65,17.95,0.6457,0.0,0.0,0.0,0.0,0.0,0.0049,0.0,9391,0,0.0
04065_01805,40.65,18.05,0.0967,0.0,0.0,0.0,0.0,0.0,0.0,0.0,9392,0,0.0
04075_00815,40.75,8.15,0.423,0.00565,0.0033,0.0,0.0,0.0,0.2464,0.0,9383,84,0.00895
04075_00825,40.75,8.25,1.0,0.06865,0.0,0.0,0.0,0.0,0.18591,0.00256,9381,644,0.06865
04075_00835,40.75,8.35,1.0,0.00544,0.0,0.0,0.0,0.0,0.1424,0.0,9375,51,0.00544
04075_00845,40.75,8.45,1.0,0.0,0.0,0.0,0.0,0.0,0.02463,0.0,9380,0,0.0
04075_00855,40.75,8.55,1.0,0.01918,0.0,0.0,0.0,0.0,0.04848,0.0,9385,180,0.01918
04075_00865,40.75,8.65,1.0,0.04557,0.00918,0.0,0.08623,0.0,0.18453,0.0,9370,513,0.05475
04075_00875,40.75,8.75,1.0,0.09178,0.00682,0.0,0.0904,0.0,0.05341,0.0,9381,925,0.0986
04075_00885,40.75,8.85,1.0,0.19691,0.0,0.0,0.02347,0.0,0.15883,0.0,9375,1846,0.19691
04075_00895,40.75,8.95,1.0,0.15014,0.01482,0.00331,0.00757,0.0,0.27586,0.00864,9378,1578,0.16827
04075_00905,40.75,9.05,1.0,0.16514,0.0,0.0,0.00512,0.0,0.18294,0.0,9380,1549,0.16514
04075_00915,40.75,9.15,1.0,0.12387,0.04232,0.0,0.0,0.0,0.06311,0.03038,9381,1559,0.16619
04075_00925,40.75,9.25,1.0,0.17372,0.09443,0.0065,0.0048,0.0,0.32218,0.00544,9383,2577,0.27465
04075_00935,40.75,9.35,1.0,0.15292,0.17306,0.01449,0.0081,0.0,0.52376,0.0,9384,3195,0.34047
04075_00945,40.75,9.45,1.0,0.04153,0.06672,0.0,0.01932,0.0,0.5514,0.0364,9367,1014,0.10825
04075_00955,40.75,9.55,1.0,0.08682,0.05016,0.0,0.00308,0.0,0.5474,0.02412,9410,1289,0.13698
04075_00965,40.75,9.65,0.9107,0.01286,0.01887,0.0,0.0,0.0,0.43632,0.0044,9328,296,0.03173
04075_00975,40.75,9.75,0.0853,0.0,0.0,0.0,0.0,0.0,0.02556,0.0,9350,0,0.0
04075_01385,40.75,13.85,0.2225,0.04552,0.0,0.0,0.0,0.0,0.02505,0.0,9381,427,0.04552
04075_01395,40.75,13.95,0.2738,0.0914,0.0,0.008,0.0,0.0,0.03488,0.0,9376,932,0.0994
04075_01405,40.75,14.05,0.092,0.00085,0.0,0.0,0.0,0.0,0.01035,0.0,9376,8,0.00085
04075_01435,40.75,14.35,0.1179,0.00149,0.00171,0.0,0.0,0.0,0.0,0.0,9378,30,0.0032
04075_01445,40.75,14.45,0.6309,0.00416,0.02111,0.0,0.0,0.0,0.0,0.00672,9379,237,0.02527
04075_01455,40.75,14.55,1.0,0.06365,0.0,0.01663,0.0,0.0,0.00362,0.01322,9380,753,0.08028
04075_01465,40.75,14.65,1.0,0.22116,0.0,0.00629,0.02932,0.0,0.01898,0.05097,9378,2133,0.22745
04075_01475,40.75,14.75,1.0,0.29685,0.0032,0.0,0.01355,0.0,0.03808,0.06411,9375,2813,0.30005
04075_01485,40.75,14.85,1.0,0.65949,0.0,0.0,0.0,0.0,0.01609,0.05052,9383,6188,0.65949
04075_01495,40.75,14.95,1.0,0.68003,0.0,0.0,0.00416,0.0,0.00853,0.0417,9376,6376,0.68003
04075_01505,40.75,15.05,1.0,0.84956,0.0,0.00672,0.00586,0.0,0.0,0.07911,9379,8031,0.85628
04075_01515,40.75,15.15,1.0,0.84497,0.0,0.00021,0.03945,0.0,0.00032,0.06184,9379,7927,0.84518
04075_01525,40.75,15.25,1.0,0.30162,0.0,0.01429,0.00587,0.0,0.0,0.01237,9376,2962,0.31591
04075_01535,40.75,15.35,1.0,0.60981,0.00565,0.01162,0.04062,0.0,0.0,0.09382,9380,5882,0.62708
04075_01545,40.75,15.45,1.0,0.36724,0.0,0.00586,0.22798,0.0,0.0,0.09085,9378,3499,0.3731
04075_01555,40.75,15.55,1.0,0.25768,0.00267,0.01386,0.0597,0.0,0.0,0.04691,9380,2572,0.27421
04075_01565,40.75,15.65,1.0,0.40096,0.0,0.0,0.01152,0.0,0.0,0.03541,9375,3759,0.40096
04075_01575,40.75,15.75,1.0,0.12623,0.00736,0.01173,0.02889,0.0,0.0,0.03731,9380,1363,0.14532
04075_01585,40.75,15.85,1.0,0.27581,0.0,0.00651,0.00555,0.0,0.0,0.03338,9376,2647,0.28232
04075_01595,40.75,15.95,1.0,0.16693,0.0,0.02345,0.0,0.0,0.0,0.07366,9381,1786,0.19038
04075_01605,40.75,16.05,1.0,0.06485,0.00299,0.0,0.0,0.0,0.00821,0.01952,9375,636,0.06784
04075_01615,40.75,16.15,1.0,0.06684,0.0,0.0,0.01866,0.0,0.0,0.0097,9380,627,0.06684
04075_01625,40.75,16.25,1.0,0.03786,0.0,0.0,0.00683,0.0,0.0,0.01099,9376,355,0.03786
04075_01635,40.75,16.35,1.0,0.03231,0.05492,0.04212,0.0,0.0,0.01951,0.00938,9378,1213,0.12935
04075_01645,40.75,16.45,1.0,0.07646,0.0337,0.0128,0.00299,0.0,0.01034,0.00395,9377,1153,0.12296
04075_01655,40.75,16.55,1.0,0.00192,0.0,0.0,0.00256,0.0,0.0,0.0,9380,18,0.00192
04075_01665,40.75,16.65,1.0,0.0,0.00757,0.0,0.04895,0.0,0.0,0.00203,9377,71,0.00757
04075_01675,40.75,16.75,1.0,0.03113,0.01397,0.0,0.02015,0.0,0.0,0.00352,9380,423,0.0451
04075_01685,40.75,16.85,1.0,0.07112,0.00896,0.0,0.06025,0.0,0.01002,0.0,9378,751,0.08008
04075_01695,40.75,16.95,1.0,0.19949,0.0,0.0,0.0,0.0,0.00725,0.0,9379,1871,0.19949
04075_01705,40.75,17.05,1.0,0.20943,0.0,0.0,0.0,0.0,0.0,0.0,9378,1964,0.20943
04075_01715,40.75,17.15,1.0,0.21544,0.0,0.0,0.00981,0.0,0.00629,0.0,9381,2021,0.21544
04075_01725,40.75,17.25,1.0,0.12585,0.0,0.00672,0.0,0.0,0.0,0.0,9376,1243,0.13257
04075_01735,40.75,17.35,1.0,0.03475,0.0,0.0,0.0,0.0,0.0,0.0,9380,326,0.03475
04075_01745,40.75,17.45,1.0,0.01855,0.02485,0.0,0.0,0.0,0.01248,0.00597,9378,407,0.0434
04075_01755,40.75,17.55,0.9735,0.03891,0.0,0.0,0.0,0.0,0.0,0.00714,9381,365,0.03891
04075_01765,40.75,17.65,0.7523,0.0,0.00352,0.0,0.0,0.0,0.00576,0.0,9378,33,0.00352
04075_01775,40.75,17.75,0.3494,0.0,0.00885,0.0,0.0,0.0,0.0,0.0,9377,83,0.00885
04085_00815,40.85,8.15,0.0507,0.0,0.0,0.0,0.0,0.0,0.02597,0.0,9356,0,0.0
04085_00825,40.85,8.25,0.7605,0.00811,0.0,0.0,0.0,0.0,0.0647,0.0,9367,76,0.00811
04085_00835,40.85,8.35,0.4178,0.00128,0.0,0.0,0.0,0.0,0.01398,0.0,9371,12,0.00128
04085_00845,40.85,8.45,0.265,0.0,0.01208,0.0,0.0,0.0,0.0,0.0,9357,113,0.01208
04085_00855,40.85,8.55,0.3047,0.0,0.05725,0.0,0.0,0.0,0.0,0.0,9363,536,0.05725
04085_00865,40.85,8.65,0.8318,0.02701,0.0111,0.0,0.0,0.0,0.17122,0.0,9368,357,0.03811
04085_00875,40.85,8.75,1.0,0.0516,0.00823,0.00427,0.0,0.0,0.24615,0.0,9360,600,0.0641
04085_00885,40.85,8.85,1.0,0.05336,0.0,0.0,0.0,0.0,0.14653,0.0,9370,500,0.05336
04085_00895,40.85,8.95,1.0,0.20923,0.00459,0.04766,0.00459,0.0,0.25572,0.0,9358,2447,0.26148
04085_00905,40.85,9.05,1.0,0.53336,0.011,0.0,0.01132,0.0,0.308,0.0,9367,5099,0.54436
04085_00915,40.85,9.15,1.0,0.34878,0.15469,0.00576,0.00224,0.0,0.1943,0.00181,9367,4770,0.50923
04085_00925,40.85,9.25,1.0,0.35597,0.02117,0.00267,0.0,0.0,0.29181,0.04245,9352,3552,0.37981
04085_00935,40.85,9.35,1.0,0.12187,0.0,0.0,0.0,0.0,0.24118,0.0,9379,1143,0.12187
04085_00945,40.85,9.45,1.0,0.03372,0.0,0.0,0.0,0.0,0.25592,0.0,9370,316,0.03372
04085_00955,40.85,9.55,0.9999,0.02918,0.02897,0.0,0.0,0.0,0.33487,0.00601,9320,542,0.05815
04085_00965,40.85,9.65,0.6938,0.01443,0.0,0.0,0.0,0.0,0.4055,0.00138,9423,136,0.01443
04085_00975,40.85,9.75,0.0695,0.0,0.0,0.0,0.0,0.0,0.05217,0.0,9393,0,0.0
04085_01405,40.85,14.05,0.5029,0.00811,0.01324,0.0,0.00342,0.0,0.0,0.01527,9367,200,0.02135
04085_01415,40.85,14.15,0.8517,0.0782,0.0,0.0,0.00929,0.0,0.00865,0.02104,9361,732,0.0782
04085_01425,40.85,14.25,0.6909,0.01057,0.0,0.0,0.0,0.0,0.0,0.01495,9366,99,0.01057
04085_01435,40.85,14.35,0.915,0.03258,0.0,0.00449,0.0,0.0,0.0,0.00021,9363,347,0.03707
04085_01445,40.85,14.45,1.0,0.12194,0.0016,0.05627,0.0,0.0,0.0,0.02509,9365,1684,0.17981
04085_01455,40.85,14.55,1.0,0.05468,0.0,0.0,0.00331,0.0,0.0,0.00171,9364,512,0.05468
04085_01465,40.85,14.65,1.0,0.32657,0.00651,0.0,0.02424,0.0,0.0031,0.07977,9364,3119,0.33308
04085_01475,40.85,14.75,1.0,0.39281,0.00288,0.01259,0.0,0.0,0.00438,0.02092,9371,3826,0.40828
04085_01485,40.85,14.85,1.0,0.51816,0.01282,0.0,0.0,0.0,0.0,0.04145,9360,4970,0.53098
04085_01495,40.85,14.95,1.0,0.76044,0.00075,0.00907,0.02306,0.0,0.0,0.04623,9367,7215,0.77026
04085_01505,40.85,15.05,1.0,0.41536,0.0094,0.01549,0.01047,0.0,0.0,0.15166,9363,4122,0.44025
04085_01515,40.85,15.15,1.0,0.34472,0.05776,0.01826,0.03982,0.0,0.0,0.07889,9367,3941,0.42074
04085_01525,40.85,15.25,1.0,0.22298,0.0,0.01228,0.0,0.0,0.0,0.03919,9364,2203,0.23526
04085_01535,40.85,15.35,1.0,0.20771,0.0,0.00694,0.03492,0.0,0.0,0.11373,9364,2010,0.21465
04085_01545,40.85,15.45,1.0,0.24826,0.0,0.00715,0.14981,0.0,0.0016,0.16038,9365,2392,0.25541
04085_01555,40.85,15.55,1.0,0.44584,0.0,0.0,0.01314,0.0,0.0,0.10147,9362,4174,0.44584
04085_01565,40.85,15.65,1.0,0.09501,0.0,0.0,0.0,0.0,0.0,0.05733,9367,890,0.09501
04085_01575,40.85,15.75,1.0,0.54673,0.00598,0.0,0.0,0.0,0.0,0.0,9363,5175,0.55271
04085_01585,40.85,15.85,1.0,0.33333,0.0,0.0,0.0047,0.0,0.0,0.00406,9366,3122,0.33333
04085_01595,40.85,15.95,1.0,0.08286,0.0,0.0,0.0,0.0,0.0,0.0158,9365,776,0.08286
04085_01605,40.85,16.05,1.0,0.11402,0.0,0.0,0.0,0.0,0.0,0.0206,9367,1068,0.11402
04085_01615,40.85,16.15,1.0,0.0,0.0,0.0,0.0,0.0,0.0,0.0,9362,0,0.0
04085_01625,40.85,16.25,1.0,0.0,0.0,0.0,0.0,0.0,0.0,0.00662,9368,0,0.0
04085_01635,40.85,16.35,1.0,0.0,0.0,0.0,0.0,0.0,0.0,0.00555,9362,0,0.0
04085_01645,40.85,16.45,1.0,0.0,0.05222,0.0,0.09494,0.0,0.00278,0.0,9364,489,0.05222
04085_01655,40.85,16.55,1.0,0.0,0.00523,0.0,0.15528,0.0,0.0,0.0,9364,49,0.00523
04085_01665,40.85,16.65,1.0,0.0,0.09534,0.0,0.17382,0.0,0.0,0.0,9366,893,0.09534
04085_01675,40.85,16.75,1.0,0.02029,0.06217,0.04176,0.02895,0.0,0.0,0.01378,9362,1163,0.12422
04085_01685,40.85,16.85,1.0,0.00427,0.0,0.00288,0.0,0.0,0.01047,0.0,9363,67,0.00715
04085_01695,40.85,16.95,1.0,0.03332,0.0,0.0,0.0,0.0,0.00171,0.0,9364,312,0.03332
04085_01705,40.85,17.05,1.0,0.09697,0.0,0.0,0.0,0.0,0.0,0.0,9364,908,0.09697
04085_01715,40.85,17.15,1.0,0.02606,0.00278,0.0,0.0,0.0,0.0,0.0,9363,270,0.02884
04085_01725,40.85,17.25,1.0,0.11371,0.0,0.0,0.0,0.0,0.02296,0.0,9366,1065,0.11371
04085_01735,40.85,17.35,0.9773,0.04752,0.00545,0.0,0.0,0.0,0.01602,0.0,9364,496,0.05297
04085_01745,40.85,17.45,0.5001,0.0,0.0,0.0,0.0,0.0,0.0,0.0,9365,0,0.0
04085_01755,40.85,17.55,0.0556,0.0,0.0,0.0,0.0,0.0,0.0,0.0,9366,0,0.0
04095_00815,40.95,8.15,0.0727,0.0,0.0,0.0,0.0,0.0,0.04562,0.0,9360,0,0.0
04095_00825,40.95,8.25,0.27,0.0,0.0,0.0,0.0,0.0,0.10897,0.0,9342,0,0.0
04095_00875,40.95,8.75,0.176,0.0,0.01132,0.0187,0.0,0.0,0.03002,0.0,9360,281,0.03002
04095_00885,40.95,8.85,0.7027,0.00471,0.0215,0.01476,0.0,0.0,0.09415,0.0,9347,383,0.04097
04095_00895,40.95,8.95,1.0,0.22927,0.01474,0.02596,0.0,0.0,0.43611,0.0313,9360,2527,0.26997
04095_00905,40.95,9.05,1.0,0.14492,0.00643,0.00118,0.01018,0.0,0.22719,0.02646,9336,1424,0.15253
04095_00915,40.95,9.15,1.0,0.16624,0.00363,0.0,0.00064,0.0,0.12724,0.00096,9360,1590,0.16987
04095_00925,40.95,9.25,1.0,0.26912,0.0,0.0,0.0,0.0,0.3797,0.0,9360,2519,0.26912
04095_00935,40.95,9.35,1.0,0.20259,0.0,0.02581,0.0,0.0,0.39169,0.01574,9339,2133,0.2284
04095_00945,40.95,9.45,1.0,0.05984,0.0,0.0,0.0,0.0,0.28504,0.0,9325,558,0.05984
04095_00955,40.95,9.55,0.7327,0.0,0.0,0.0,0.00383,0.0,0.31912,0.0,9404,0,0.0
04095_00965,40.95,9.65,0.1166,0.0,0.0,0.0,0.0,0.0,0.07365,0.0,9287,0,0.0
04095_01295,40.95,12.95,0.0554,0.0,0.0,0.0,0.0,0.0,0.03154,0.0,9352,0,0.0
04095_01395,40.95,13.95,0.1169,0.0,0.02009,0.0,0.0,0.0,0.00267,0.0,9359,188,0.02009
04095_01405,40.95,14.05,0.9133,0.0,0.02622,0.0,0.0,0.0,0.0,0.0,9344,245,0.02622
04095_01415,40.95,14.15,1.0,0.0,0.0,0.0,0.0,0.0,0.0,0.0,9355,0,0.0
04095_01425,40.95,14.25,1.0,0.0,0.0,0.0,0.0,0.0,0.0,0.0,9351,0,0.0
04095_01435,40.95,14.35,1.0,0.0,0.0,0.0,0.0,0.0,0.0,0.0,9349,0,0.0
04095_01445,40.95,14.45,1.0,0.02182,0.0,0.0,0.00813,0.0,0.0,0.00503,9348,204,0.02182
04095_01455,40.95,14.55,1.0,0.06191,0.0,0.0,0.00674,0.0,0.0139,0.02662,9353,579,0.06191
04095_01465,40.95,14.65,1.0,0.57598,0.0,0.0,0.00032,0.0,0.00075,0.03689,9351,5386,0.57598
04095_01475,40.95,14.75,1.0,0.3915,0.0,0.00877,0.00738,0.0,0.00417,0.00888,9346,3741,0.40027
04095_01485,40.95,14.85,1.0,0.13803,0.00513,0.00545,0.0,0.0,0.0,0.01497,9353,1390,0.14861
04095_01495,40.95,14.95,1.0,0.42839,0.0,0.00289,0.01497,0.0,0.0,0.08065,9349,4032,0.43128
04095_01505,40.95,15.05,1.0,0.16394,0.0,0.0,0.0,0.0,0.0,0.01262,9351,1533,0.16394
04095_01515,40.95,15.15,1.0,0.15372,0.0,0.0,0.0,0.0,0.0,0.01615,9348,1437,0.15372
04095_01525,40.95,15.25,1.0,0.20791,0.0,0.0061,0.0,0.0,0.0,0.00909,9350,2001,0.21401
04095_01535,40.95,15.35,1.0,0.06332,0.01797,0.00663,0.00503,0.0,0.00289,0.06898,9350,822,0.08792
04095_01545,40.95,15.45,1.0,0.09271,0.00973,0.00032,0.00417,0.0,0.02267,0.07196,9352,961,0.10276
04095_01555,40.95,15.55,1.0,0.3658,0.01219,0.01689,0.01689,0.0,0.0,0.06747,9352,3693,0.39488
04095_01565,40.95,15.65,1.0,0.20417,0.0,0.0416,0.00374,0.0,0.0,0.02374,9350,2298,0.24577
04095_01575,40.95,15.75,1.0,0.07991,0.00332,0.0,0.0,0.0,0.0,0.01754,9348,778,0.08323
04095_01585,40.95,15.85,1.0,0.02737,0.0,0.0,0.0,0.0,0.0,0.00513,9353,256,0.02737
04095_01595,40.95,15.95,1.0,0.06698,0.0,0.0,0.0,0.0,0.0,0.00588,9346,626,0.06698
04095_01605,40.95,16.05,1.0,0.08147,0.00043,0.0,0.0,0.0,0.0,0.0,9353,766,0.0819
04095_01615,40.95,16.15,1.0,0.0,0.03893,0.0,0.0,0.0,0.0,0.0,9351,364,0.03893
04095_01625,40.95,16.25,1.0,0.0,0.06301,0.0,0.21202,0.0,0.00471,0.01733,9348,589,0.06301
04095_01635,40.95,16.35,1.0,0.0,0.01486,0.0,0.43932,0.0,0.0,0.0,9353,139,0.01486
04095_01645,40.95,16.45,1.0,0.0,0.05347,0.0,0.22629,0.0,0.0,0.02385,9351,500,0.05347
04095_01655,40.95,16.55,1.0,0.02823,0.05485,0.0,0.26743,0.0,0.0,0.03304,9352,777,0.08308
04095_01665,40.95,16.65,1.0,0.01818,0.0215,0.00588,0.14492,0.0,0.0,0.03872,9350,426,0.04556
04095_01675,40.95,16.75,1.0,0.0,0.0,0.0,0.0,0.0,0.0,0.0,9350,0,0.0
04095_01685,40.95,16.85,1.0,0.0,0.0,0.0,0.0,0.0,0.0,0.0,9351,0,0.0
04095_01695,40.95,16.95,1.0,0.0,0.0,0.0,0.0,0.0,0.0138,0.0,9351,0,0.0
04095_01705,40.95,17.05,1.0,0.0,0.0,0.0,0.0,0.0,0.0,0.0,9349,0,0.0
04095_01715,40.95,17.15,1.0,0.00695,0.0,0.0,0.0,0.0,0.0,0.0,9351,65,0.00695
04095_01725,40.95,17.25,0.8312,0.00257,0.0,0.0,0.0,0.0,0.0,0.0,9350,24,0.00257
04095_01735,40.95,17.35,0.1767,0.0,0.0,0.0,0.0,0.0,0.0,0.0,9351,0,0.0
04105_00825,41.05,8.25,0.268,0.0,0.0,0.0,0.0,0.0,0.1917,0.0,9348,0,0.0
04105_00835,41.05,8.35,0.1755,0.00536,0.0,0.0,0.0,0.0,0.15795,0.0,9332,50,0.00536
04105_00885,41.05,8.85,0.062,0.0,0.0,0.0,0.0,0.0,0.03726,0.0,9339,0,0.0
04105_00895,41.05,8.95,0.6358,0.02305,0.0,0.0,0.0,0.0,0.4515,0.01683,9329,215,0.02305
04105_00905,41.05,9.05,1.0,0.27402,0.0,0.0,0.0,0.0,0.39803,0.03253,9346,2561,0.27402
04105_00915,41.05,9.15,1.0,0.34923,0.00289,0.0,0.0,0.0,0.38354,0.00536,9329,3285,0.35212
04105_00925,41.05,9.25,1.0,0.24472,0.00075,0.0,0.0,0.0,0.36794,0.00654,9333,2291,0.24547
04105_00935,41.05,9.35,1.0,0.05189,0.0,0.00749,0.0,0.0,0.32342,0.00706,9347,555,0.05938
04105_00945,41.05,9.45,1.0,0.0,0.0,0.0,0.0,0.0,0.54709,0.0,9355,0,0.0
04105_00955,41.05,9.55,0.4598,0.0,0.0,0.0,0.0,0.0,0.33488,0.0,9287,0,0.0
04105_01395,41.05,13.95,0.84,0.0,0.00407,0.0,0.0,0.0,0.01521,0.0,9333,38,0.00407
04105_01405,41.05,14.05,1.0,0.0,0.0,0.0,0.0,0.0,0.0,0.0,9346,0,0.0
04105_01415,41.05,14.15,1.0,0.00043,0.0,0.0,0.0,0.0,0.0,0.0,9330,4,0.00043
04105_01425,41.05,14.25,1.0,0.0,0.0,0.0,0.00354,0.0,0.0,0.00504,9333,0,0.0
04105_01435,41.05,14.35,1.0,0.02023,0.0,0.0,0.04207,0.0,0.01595,0.00268,9341,189,0.02023
04105_01445,41.05,14.45,1.0,0.13713,0.0,0.0,0.12813,0.0,0.0,0.00182,9334,1280,0.13713
04105_01455,41.05,14.55,1.0,0.32548,0.0,0.0,0.11053,0.0,0.00964,0.04091,9337,3039,0.32548
04105_01465,41.05,14.65,1.0,0.25171,0.0,0.0,0.0,0.0,0.0,0.03631,9336,2350,0.25171
04105_01475,41.05,14.75,1.0,0.30166,0.0,0.0,0.0,0.0,0.0,0.00064,9335,2816,0.30166
04105_01485,41.05,14.85,1.0,0.24494,0.0,0.00364,0.0,0.0,0.0,0.01232,9337,2321,0.24858
04105_01495,41.05,14.95,1.0,0.06063,0.0,0.0,0.0,0.0,0.0,0.0,9335,566,0.06063
04105_01505,41.05,15.05,1.0,0.09219,0.0,0.0,0.0,0.0,0.0,0.0,9339,861,0.09219
04105_01515,41.05,15.15,1.0,0.06661,0.0,0.0,0.0,0.0,0.0,0.01306,9338,622,0.06661
04105_01525,41.05,15.25,1.0,0.1649,0.01638,0.003,0.00385,0.0,0.0,0.04294,9339,1721,0.18428
04105_01535,41.05,15.35,1.0,0.0649,0.01692,0.01349,0.00461,0.0,0.0,0.00953,9337,890,0.09531
04105_01545,41.05,15.45,1.0,0.16572,0.03074,0.01103,0.0,0.0,0.00428,0.00439,9335,1937,0.20749
04105_01555,41.05,15.55,1.0,0.15563,0.0,0.01575,0.01864,0.0,0.0,0.03674,9336,1600,0.17138
04105_01565,41.05,15.65,1.0,0.04766,0.00289,0.01114,0.00257,0.0,0.0,0.00578,9336,576,0.06169
04105_01575,41.05,15.75,1.0,0.05001,0.0,0.0,0.0,0.0,0.0076,0.01521,9338,467,0.05001
04105_01585,41.05,15.85,1.0,0.02174,0.0,0.0,0.0,0.0,0.0,0.0,9337,203,0.02174
04105_01595,41.05,15.95,1.0,0.05366,0.00739,0.012,0.00803,0.0,0.0,0.01317,9336,682,0.07305
04105_01605,41.05,16.05,1.0,0.03096,0.0195,0.02036,0.07092,0.0,0.0,0.02389,9334,661,0.07082
04105_01615,41.05,16.15,1.0,0.00396,0.08247,0.0,0.18796,0.0,0.0,0.02624,9337,807,0.08643
04105_01625,41.05,16.25,1.0,0.00311,0.04563,0.0,0.43991,0.0,0.0,0.0,9336,455,0.04874
04105_01635,41.05,16.35,1.0,0.01949,0.02335,0.0,0.25833,0.0,0.0,0.0,9337,400,0.04284
04105_01645,41.05,16.45,1.0,0.1101,0.00589,0.0,0.03534,0.0,0.0,0.0181,9337,1083,0.11599
04105_01655,41.05,16.55,1.0,0.0,0.0,0.0,0.0,0.0,0.0,0.0,9336,0,0.0
04105_01665,41.05,16.65,1.0,0.0,0.0,0.0,0.0,0.0,0.0,0.0,9336,0,0.0
04105_01675,41.05,16.75,1.0,0.0,0.0,0.0,0.0,0.0,0.0,0.0,9337,0,0.0
04105_01685,41.05,16.85,1.0,0.0,0.00268,0.0,0.0,0.0,0.0,0.0,9337,25,0.00268
04105_01695,41.05,16.95,0.9746,0.0,0.0,0.0,0.0,0.0,0.0,0.0,9338,0,0.0
04105_01705,41.05,17.05,0.7612,0.0,0.0,0.0,0.0,0.0,0.0,0.0,9337,0,0.0
04105_01715,41.05,17.15,0.3543,0.0,0.0,0.0,0.0,0.0,0.00407,0.0,9336,0,0.0
04115_00905,41.15,9.05,0.2881,0.0,0.00386,0.0,0.0,0.0,0.10777,0.0,9325,36,0.00386
04115_00915,41.15,9.15,0.6851,0.03497,0.04634,0.0,0.0,0.0,0.34703,0.00343,9322,758,0.08131
04115_00925,41.15,9.25,0.9864,0.0,0.00601,0.0,0.00933,0.0,0.42661,0.0,9320,56,0.00601
04115_00935,41.15,9.35,0.9118,0.01957,0.0,0.0,0.0,0.0,0.42134,0.0043,9299,182,0.01957
04115_00945,41.15,9.45,0.5031,0.0,0.00257,0.0,0.0,0.0,0.33258,0.0,9339,24,0.00257
04115_00955,41.15,9.55,0.2409,0.0,0.0,0.0,0.0,0.0,0.15914,0.0,9344,0,0.0
04115_01385,41.15,13.85,0.5599,0.0073,0.00579,0.0,0.06578,0.0,0.00236,0.05559,9319,122,0.01309
04115_01395,41.15,13.95,1.0,0.12464,0.0,0.0,0.03429,0.0,0.05573,0.02165,9331,1163,0.12464
04115_01405,41.15,14.05,1.0,0.01846,0.0,0.0,0.0,0.0,0.0,0.01567,9318,172,0.01846
04115_01415,41.15,14.15,1.0,0.00064,0.0,0.0,0.02263,0.0,0.0,0.0,9324,6,0.00064
04115_01425,41.15,14.25,1.0,0.14972,0.0,0.0,0.03625,0.0,0.02102,0.07175,9324,1396,0.14972
04115_01435,41.15,14.35,1.0,0.18219,0.0,0.0,0.07693,0.0,0.0382,0.04571,9320,1698,0.18219
04115_01445,41.15,14.45,1.0,0.1082,0.0,0.0,0.00579,0.0,0.00011,0.00815,9325,1009,0.1082
04115_01455,41.15,14.55,1.0,0.34878,0.0,0.00687,0.10128,0.0,0.0,0.04334,9321,3315,0.35565
04115_01465,41.15,14.65,1.0,0.26059,0.0,0.0,0.0163,0.0,0.0,0.03464,9325,2430,0.26059
04115_01475,41.15,14.75,1.0,0.05318,0.0,0.0,0.0,0.0,0.0,0.0,9326,496,0.05318
04115_01485,41.15,14.85,1.0,0.04925,0.0,0.00161,0.0,0.0,0.0,0.0,9319,474,0.05086
04115_01495,41.15,14.95,1.0,0.10283,0.0,0.0,0.0,0.0,0.0,0.02809,9326,959,0.10283
04115_01505,41.15,15.05,1.0,0.08433,0.0,0.0,0.0,0.0,0.0,0.01352,9320,786,0.08433
04115_01515,41.15,15.15,1.0,0.03347,0.0,0.0,0.0,0.0,0.0,0.02264,9321,312,0.03347
04115_01525,41.15,15.25,1.0,0.05653,0.00622,0.02467,0.02414,0.0,0.0,0.03583,9322,815,0.08742
04115_01535,41.15,15.35,1.0,0.09556,0.04354,0.04622,0.05169,0.0,0.0,0.01384,9324,1728,0.18532
04115_01545,41.15,15.45,1.0,0.0693,0.0,0.0,0.00826,0.0,0.0,0.01255,9322,646,0.0693
04115_01555,41.15,15.55,1.0,0.01427,0.0,0.0,0.00032,0.0,0.0,0.0,9322,133,0.01427
04115_01565,41.15,15.65,1.0,0.0,0.0,0.0,0.00311,0.0,0.00354,0.0,9324,0,0.0
04115_01575,41.15,15.75,1.0,0.00483,0.0,0.0,0.00397,0.0,0.0,0.0,9324,45,0.00483
04115_01585,41.15,15.85,1.0,0.00998,0.0,0.0,0.00043,0.0,0.0,0.0,9321,93,0.00998
04115_01595,41.15,15.95,1.0,0.02027,0.0,0.0,0.00686,0.0,0.0,0.0,9325,189,0.02027
04115_01605,41.15,16.05,1.0,0.0,0.01727,0.00043,0.09643,0.0,0.0,0.0,9323,165,0.0177
04115_01615,41.15,16.15,1.0,0.0,0.00461,0.0,0.17432,0.0,0.0,0.0,9322,43,0.00461
04115_01625,41.15,16.25,1.0,0.03616,0.0,0.0,0.07736,0.0,0.00322,0.0,9320,337,0.03616
04115_01635,41.15,16.35,1.0,0.00933,0.0,0.0,0.01276,0.0,0.0,0.0,9325,87,0.00933
04115_01645,41.15,16.45,1.0,0.003,0.0,0.0,0.0,0.0,0.01084,0.0,9321,28,0.003
04115_01655,41.15,16.55,1.0,0.0,0.0,0.0,0.0,0.0,0.0,0.0,9321,0,0.0
04115_01665,41.15,16.65,0.9118,0.0,0.0,0.0,0.0,0.0,0.0,0.0,9324,0,0.0
04115_01675,41.15,16.75,0.6433,0.0,0.0,0.0,0.0,0.0,0.0,0.0,9326,0,0.0
04115_01685,41.15,16.85,0.3241,0.0,0.0,0.0,0.0,0.0,0.0,0.0,9320,0,0.0
04115_01695,41.15,16.95,0.0529,0.0,0.0,0.0,0.0,0.0,0.0,0.0,9319,0,0.0
04125_00915,41.25,9.15,0.1874,0.0,0.0,0.0,0.0,0.0,0.07309,0.0,9304,0,0.0
04125_00925,41.25,9.25,0.3917,0.0,0.0,0.0,0.01105,0.0,0.23165,0.0,9320,0,0.0
04125_00935,41.25,9.35,0.1719,0.0,0.0,0.0,0.00032,0.0,0.12441,0.0,9324,0,0.0
04125_00945,41.25,9.45,0.2872,0.0,0.01187,0.0,0.0,0.0,0.12201,0.0,9270,110,0.01187
04125_01305,41.25,13.05,0.5429,0.08536,0.01417,0.01364,0.0,0.0,0.04145,0.0,9313,1054,0.11317
04125_01315,41.25,13.15,0.3643,0.0,0.0,0.0,0.0,0.0,0.0,0.0,9306,0,0.0
04125_01325,41.25,13.25,0.1148,0.0,0.0,0.0,0.0,0.0,0.0,0.0,9313,0,0.0
04125_01335,41.25,13.35,0.1319,0.0,0.00462,0.0,0.0,0.0,0.0,0.0,9306,43,0.00462
04125_01345,41.25,13.45,0.4988,0.06725,0.0,0.0,0.0,0.0,0.03083,0.0347,9308,626,0.06725
04125_01355,41.25,13.55,0.7622,0.03836,0.0,0.0,0.0,0.0,0.00269,0.04814,9307,357,0.03836
04125_01365,41.25,13.65,0.4606,0.01365,0.0,0.0,0.00924,0.0,0.00849,0.01042,9307,127,0.01365
04125_01375,41.25,13.75,0.7081,0.01977,0.01117,0.00107,0.0,0.0,0.0,0.02449,9309,298,0.03201
04125_01385,41.25,13.85,1.0,0.00419,0.00602,0.0,0.0131,0.0,0.0,0.016,9310,95,0.01021
04125_01395,41.25,13.95,1.0,0.37685,0.0,0.0,0.00451,0.0,0.02149,0.02117,9306,3507,0.37685
04125_01405,41.25,14.05,1.0,0.25916,0.0,0.0,0.00763,0.0,0.0,0.01053,9311,2413,0.25916
04125_01415,41.25,14.15,1.0,0.21769,0.0,0.0,0.03857,0.0,0.04212,0.01805,9307,2026,0.21769
04125_01425,41.25,14.25,1.0,0.64107,0.0,0.00494,0.00709,0.0,0.00075,0.03276,9311,6015,0.64601
04125_01435,41.25,14.35,1.0,0.28241,0.0,0.0,0.0,0.0,0.0,0.02052,9309,2629,0.28241
04125_01445,41.25,14.45,1.0,0.19731,0.0,0.0,0.00612,0.0,0.00333,0.00387,9310,1837,0.19731
04125_01455,41.25,14.55,1.0,0.16244,0.01214,0.00204,0.02525,0.0,0.0,0.00838,9308,1644,0.17662
04125_01465,41.25,14.65,1.0,0.17245,0.0,0.00838,0.08273,0.0,0.00774,0.01128,9307,1683,0.18083
04125_01475,41.25,14.75,1.0,0.09263,0.0,0.0057,0.0,0.0,0.01236,0.00258,9306,915,0.09833
04125_01485,41.25,14.85,1.0,0.06347,0.0,0.00827,0.0,0.0,0.0,0.01418,9312,668,0.07174
04125_01495,41.25,14.95,1.0,0.09564,0.01504,0.0,0.0,0.0,0.0,0.036,9306,1030,0.11068
04125_01505,41.25,15.05,1.0,0.08581,0.01428,0.013,0.00247,0.0,0.00311,0.01149,9311,1053,0.11309
04125_01515,41.25,15.15,1.0,0.05275,0.00838,0.01762,0.02364,0.0,0.0,0.03223,9308,733,0.07875
04125_01525,41.25,15.25,1.0,0.18236,0.01504,0.03922,0.03686,0.0,0.00301,0.06759,9306,2202,0.23662
04125_01535,41.25,15.35,1.0,0.2568,0.00548,0.04975,0.01902,0.0,0.00312,0.00645,9307,2904,0.31203
04125_01545,41.25,15.45,1.0,0.03523,0.0,0.0,0.0,0.0,0.00129,0.0,9309,328,0.03523
04125_01555,41.25,15.55,1.0,0.02277,0.00795,0.0,0.0,0.0,0.0,0.00408,9309,286,0.03072
04125_01565,41.25,15.65,1.0,0.0,0.0,0.0,0.0,0.0,0.00054,0.0,9308,0,0.0
04125_01575,41.25,15.75,1.0,0.0,0.0,0.0,0.0,0.0,0.0,0.0,9308,0,0.0
04125_01585,41.25,15.85,1.0,0.0,0.0,0.0,0.0,0.0,0.0,0.0,9308,0,0.0
04125_01595,41.25,15.95,1.0,0.00193,0.0,0.0,0.0,0.0,0.0,0.0,9307,18,0.00193
04125_01605,41.25,16.05,1.0,0.01343,0.0,0.0,0.0,0.0,0.0,0.0,9307,125,0.01343
04125_01615,41.25,16.15,1.0,0.0,0.0,0.0,0.0,0.0,0.0,0.0,9311,0,0.0
04125_01625,41.25,16.25,1.0,0.0,0.0,0.0,0.0,0.0,0.0,0.0,9314,0,0.0
04125_01635,41.25,16.35,0.9754,0.0,0.0,0.0,0.0,0.0,0.0,0.0,9309,0,0.0
04125_01645,41.25,16.45,0.6546,0.0,0.0,0.0,0.0,0.0,0.0,0.0,9306,0,0.0
04125_01655,41.25,16.55,0.2727,0.0,0.0,0.0,0.0,0.0,0.0,0.0,9311,0,0.0
04135_01295,41.35,12.95,0.4151,0.00355,0.00312,0.00344,0.0,0.0,0.0256,0.0,9296,94,0.01011
04135_01305,41.35,13.05,0.995,0.25514,0.03434,0.03929,0.0,0.0,0.0028,0.0,9289,3054,0.32877
04135_01315,41.35,13.15,1.0,0.00548,0.0,0.0,0.0,0.0,0.00301,0.0,9299,51,0.00548
04135_01325,41.35,13.25,1.0,0.28285,0.0,0.0,0.00829,0.0,0.03573,0.22473,9291,2628,0.28285
04135_01335,41.35,13.35,1.0,0.10431,0.0,0.00172,0.01301,0.0,0.05452,0.09732,9299,986,0.10603
04135_01345,41.35,13.45,1.0,0.08229,0.0029,0.01614,0.0,0.0,0.2074,0.02872,9296,942,0.10133
04135_01355,41.35,13.55,1.0,0.43793,0.0,0.00602,0.01549,0.0,0.03754,0.13049,9296,4127,0.44395
04135_01365,41.35,13.65,1.0,0.51506,0.0,0.0071,0.00344,0.0,0.0,0.10006,9294,4853,0.52216
04135_01375,41.35,13.75,1.0,0.29411,0.00258,0.01626,0.0,0.0,0.0,0.07407,9289,2907,0.31295
04135_01385,41.35,13.85,1.0,0.3206,0.00452,0.00667,0.02174,0.0,0.0,0.10052,9292,3083,0.33179
04135_01395,41.35,13.95,1.0,0.46495,0.0,0.0,0.00376,0.0,0.0,0.04323,9300,4324,0.46495
04135_01405,41.35,14.05,1.0,0.38958,0.0,0.0,0.00958,0.0,0.01184,0.03379,9292,3620,0.38958
04135_01415,41.35,14.15,1.0,0.23301,0.0,0.0057,0.00634,0.0,0.00796,0.02387,9300,2220,0.23871
04135_01425,41.35,14.25,1.0,0.41433,0.00689,0.0,0.0,0.0,0.0,0.01098,9292,3914,0.42122
04135_01435,41.35,14.35,1.0,0.37652,0.0,0.0,0.01786,0.0,0.0,0.00355,9293,3499,0.37652
04135_01445,41.35,14.45,1.0,0.70615,0.0,0.0,0.04734,0.0,0.0,0.03626,9294,6563,0.70615
04135_01455,41.35,14.55,1.0,0.4638,0.01237,0.00054,0.09026,0.0,0.0,0.14137,9295,4431,0.47671
04135_01465,41.35,14.65,1.0,0.37815,0.0,0.0,0.11379,0.0,0.0,0.11594,9298,3516,0.37815
04135_01475,41.35,14.75,1.0,0.13639,0.0,0.0,0.0,0.0,0.00355,0.00366,9297,1268,0.13639
04135_01485,41.35,14.85,1.0,0.12894,0.0,0.0,0.007,0.0,0.0,0.00097,9291,1198,0.12894
04135_01495,41.35,14.95,1.0,0.11899,0.0043,0.0,0.0,0.0,0.00559,0.03475,9295,1146,0.12329
04135_01505,41.35,15.05,1.0,0.1155,0.02099,0.01055,0.0,0.0,0.03445,0.03552,9290,1366,0.14704
04135_01515,41.35,15.15,1.0,0.22258,0.04731,0.02161,0.04161,0.0,0.00892,0.01624,9300,2711,0.2915
04135_01525,41.35,15.25,1.0,0.04142,0.00334,0.00032,0.01958,0.0,0.00516,0.0,9294,419,0.04508
04135_01535,41.35,15.35,1.0,0.00893,0.0,0.0,0.0,0.0,0.0,0.0,9296,83,0.00893
04135_01545,41.35,15.45,1.0,0.02162,0.00377,0.0,0.0,0.0,0.00452,0.0,9296,236,0.02539
04135_01555,41.35,15.55,1.0,0.00129,0.0,0.0,0.0,0.0,0.0,0.01711,9293,12,0.00129
04135_01565,41.35,15.65,1.0,0.00893,0.00506,0.0,0.01173,0.0,0.01162,0.0,9291,130,0.01399
04135_01575,41.35,15.75,1.0,0.0,0.0,0.0,0.0,0.0,0.0,0.0,9298,0,0.0
04135_01585,41.35,15.85,1.0,0.0,0.0,0.0,0.0,0.0,0.0,0.0,9294,0,0.0
04135_01595,41.35,15.95,1.0,0.0,0.0,0.0,0.0,0.0,0.0,0.0,9296,0,0.0
04135_01605,41.35,16.05,0.9997,0.0,0.0,0.0,0.0,0.0,0.0,0.0,9294,0,0.0
04135_01615,41.35,16.15,0.7858,0.0,0.0,0.0,0.0,0.0,0.0,0.0,9294,0,0.0
04135_01625,41.35,16.25,0.3723,0.0,0.0,0.0,0.0,0.0,0.0,0.0,9292,0,0.0
04135_01635,41.35,16.35,0.0756,0.0,0.0,0.0,0.0,0.0,0.0,0.0,9292,0,0.0
04145_01265,41.45,12.65,0.461,0.00356,0.00269,0.0,0.0,0.0,0.0,0.0,9280,58,0.00625
04145_01275,41.45,12.75,0.7524,0.07563,0.00905,0.0,0.0,0.0,0.01002,0.0,9282,786,0.08468
04145_01285,41.45,12.85,0.9056,0.0,0.0,0.0,0.0,0.0,0.00183,0.0,9280,0,0.0
04145_01295,41.45,12.95,1.0,0.00119,0.0,0.0,0.0,0.0,0.0,0.0,9279,11,0.00119
04145_01305,41.45,13.05,1.0,0.00506,0.0,0.0,0.0,0.0,0.0,0.0,9285,47,0.00506
04145_01315,41.45,13.15,1.0,0.09208,0.0,0.00539,0.0,0.0,0.03299,0.01951,9275,904,0.09747
04145_01325,41.45,13.25,1.0,0.16318,0.00592,0.00334,0.00668,0.0,0.01271,0.19991,9284,1601,0.17244
04145_01335,41.45,13.35,1.0,0.267,0.0124,0.00108,0.01099,0.0,0.00776,0.17764,9277,2602,0.28048
04145_01345,41.45,13.45,1.0,0.35234,0.00442,0.0,0.0,0.0,0.0,0.21546,9278,3310,0.35676
04145_01355,41.45,13.55,1.0,0.34457,0.0028,0.00269,0.01681,0.0,0.0,0.09988,9281,3249,0.35006
04145_01365,41.45,13.65,1.0,0.08403,0.01261,0.00883,0.0,0.0,0.0,0.05872,9282,979,0.10547
04145_01375,41.45,13.75,1.0,0.03157,0.0,0.0,0.0,0.0,0.0,0.00873,9281,293,0.03157
04145_01385,41.45,13.85,1.0,0.08045,0.00355,0.0,0.0,0.0,0.0,0.0406,9285,780,0.084
04145_01395,41.45,13.95,1.0,0.22839,0.00614,0.00453,0.02242,0.0,0.03395,0.08041,9278,2218,0.23906
04145_01405,41.45,14.05,1.0,0.27866,0.0,0.0,0.03362,0.0,0.00269,0.08093,9280,2586,0.27866
04145_01415,41.45,14.15,1.0,0.52453,0.00765,0.0,0.05574,0.0,0.0,0.04205,9275,4936,0.53218
04145_01425,41.45,14.25,1.0,0.57637,0.00022,0.0,0.09285,0.0,0.0,0.12279,9284,5353,0.57659
04145_01435,41.45,14.35,1.0,0.51503,0.0,0.0,0.14503,0.0,0.0,0.02952,9281,4780,0.51503
04145_01445,41.45,14.45,1.0,0.61261,0.0,0.0,0.1445,0.0,0.0,0.05032,9280,5685,0.61261
04145_01455,41.45,14.55,1.0,0.43211,0.0,0.0,0.00474,0.0,0.0,0.06013,9280,4010,0.43211
04145_01465,41.45,14.65,1.0,0.21227,0.0,0.0,0.0,0.0,0.0,0.00474,9276,1969,0.21227
04145_01475,41.45,14.75,1.0,0.22701,0.0,0.0,0.01682,0.0,0.0,0.00528,9277,2106,0.22701
04145_01485,41.45,14.85,1.0,0.24965,0.0,0.0,0.0,0.0,0.0,0.02736,9285,2318,0.24965
04145_01495,41.45,14.95,1.0,0.13753,0.0,0.0,0.0,0.0,0.0,0.00873,9278,1276,0.13753
04145_01505,41.45,15.05,1.0,0.15168,0.01142,0.05095,0.0,0.0,0.0,0.00743,9283,1987,0.21405
04145_01515,41.45,15.15,1.0,0.13782,0.01487,0.02306,0.0,0.0,0.0,0.00765,9280,1631,0.17575
04145_01525,41.45,15.25,1.0,0.0,0.0,0.0,0.0,0.0,0.0,0.0,9280,0,0.0
04145_01535,41.45,15.35,1.0,0.0,0.0,0.0,0.0,0.0,0.0,0.0,9282,0,0.0
04145_01545,41.45,15.45,1.0,0.0,0.0,0.0,0.0,0.0,0.0,0.0,9279,0,0.0
04145_01555,41.45,15.55,1.0,0.0,0.0,0.0,0.0,0.0,0.0,0.0,9282,0,0.0
04145_01565,41.45,15.65,1.0,0.00011,0.0,0.0,0.0,0.0,0.0,0.0,9282,1,0.00011
04145_01575,41.45,15.75,1.0,0.0,0.0,0.0,0.0,0.0,0.0,0.0,9278,0,0.0
04145_01585,41.45,15.85,1.0,0.0,0.0,0.0,0.0,0.0,0.0,0.0,9284,0,0.0
04145_01595,41.45,15.95,0.6992,0.0,0.0,0.0,0.0,0.0,0.0,0.0,9279,0,0.0
04145_01605,41.45,16.05,0.1722,0.0,0.0,0.0,0.0,0.0,0.0,0.0,9283,0,0.0
04155_01255,41.55,12.55,0.6354,0.01759,0.01003,0.0,0.0,0.0,0.00421,0.0,9268,256,0.02762
04155_01265,41.55,12.65,1.0,0.03066,0.02019,0.0,0.0,0.0,0.0,0.0,9263,471,0.05085
04155_01275,41.55,12.75,1.0,0.0,0.0,0.0,0.0,0.0,0.0,0.0,9265,0,0.0
04155_01285,41.55,12.85,1.0,0.00604,0.0,0.0,0.0,0.0,0.0,0.0,9272,56,0.00604
04155_01295,41.55,12.95,1.0,0.05753,0.00432,0.0,0.0,0.0,0.0,0.04101,9265,573,0.06185
04155_01305,41.55,13.05,1.0,0.40976,0.01349,0.00086,0.00691,0.0,0.0,0.15674,9264,3929,0.42411
04155_01315,41.55,13.15,1.0,0.33811,0.00475,0.00917,0.0,0.0,0.0,0.11389,9272,3264,0.35203
04155_01325,41.55,13.25,1.0,0.34698,0.00637,0.0121,0.02063,0.0,0.0,0.08175,9260,3384,0.36545
04155_01335,41.55,13.35,1.0,0.15865,0.01682,0.01219,0.0,0.0,0.00421,0.04346,9272,1740,0.18766
04155_01345,41.55,13.45,1.0,0.16602,0.0,0.0,0.00421,0.0,0.0,0.02008,9264,1538,0.16602
04155_01355,41.55,13.55,1.0,0.15091,0.0,0.00184,0.01101,0.0,0.0,0.02871,9264,1415,0.15275
04155_01365,41.55,13.65,1.0,0.1946,0.0,0.0,0.0,0.0,0.0,0.0748,9265,1803,0.1946
04155_01375,41.55,13.75,1.0,0.3724,0.02363,0.01802,0.01122,0.0,0.0,0.12658,9267,3837,0.41405
04155_01385,41.55,13.85,1.0,0.36326,0.01824,0.04975,0.0,0.0,0.0,0.05493,9266,3996,0.43125
04155_01395,41.55,13.95,1.0,0.57129,0.02515,0.03324,0.00874,0.00302,0.0,0.0816,9265,5834,0.62968
04155_01405,41.55,14.05,1.0,0.70379,0.0,0.00302,0.0,0.0,0.0,0.11687,9267,6550,0.70681
04155_01415,41.55,14.15,1.0,0.43688,0.01057,0.0,0.00334,0.0,0.03097,0.02644,9268,4147,0.44745
04155_01425,41.55,14.25,1.0,0.45656,0.01004,0.0,0.03098,0.0,0.0054,0.04544,9265,4323,0.4666
04155_01435,41.55,14.35,1.0,0.33484,0.04437,0.01112,0.20974,0.0,0.0,0.03843,9264,3616,0.39033
04155_01445,41.55,14.45,1.0,0.16363,0.01252,0.0,0.1061,0.0,0.0,0.00086,9265,1632,0.17615
04155_01455,41.55,14.55,1.0,0.29819,0.00486,0.0,0.0,0.0,0.0,0.01079,9266,2808,0.30305
04155_01465,41.55,14.65,1.0,0.15949,0.00151,0.0,0.0,0.0,0.0,0.01619,9267,1492,0.161
04155_01475,41.55,14.75,1.0,0.13603,0.0,0.0,0.0,0.0,0.0,0.0192,9270,1261,0.13603
04155_01485,41.55,14.85,1.0,0.19067,0.00464,0.0054,0.0,0.0,0.0,0.02667,9262,1859,0.20071
04155_01495,41.55,14.95,1.0,0.04845,0.05654,0.0,0.00334,0.0,0.01618,0.04845,9268,973,0.10499
04155_01505,41.55,15.05,1.0,0.41479,0.03931,0.01069,0.0,0.0,0.00356,0.0067,9260,4304,0.46479
04155_01515,41.55,15.15,1.0,0.01456,0.01682,0.00205,0.0,0.0,0.00108,0.00884,9272,310,0.03343
04155_01525,41.55,15.25,1.0,0.0,0.0,0.0,0.0,0.0,0.0,0.0,9265,0,0.0
04155_01535,41.55,15.35,1.0,0.0,0.00777,0.0,0.0,0.0,0.0,0.0,9264,72,0.00777
04155_01545,41.55,15.45,1.0,0.0,0.0,0.0,0.0,0.0,0.0,0.0,9268,0,0.0
04155_01555,41.55,15.55,1.0,0.0,0.0,0.0,0.0,0.0,0.0,0.0,9266,0,0.0
04155_01565,41.55,15.65,1.0,0.0,0.0,0.0,0.0,0.0,0.0,0.0,9267,0,0.0
04155_01575,41.55,15.75,1.0,0.0,0.0,0.0,0.0586,0.0,0.0,0.0,9266,0,0.0
04155_01585,41.55,15.85,0.9782,0.0,0.0041,0.0,0.02687,0.0,0.0,0.0,9267,38,0.0041
04165_01235,41.65,12.35,0.0893,0.03395,0.01114,0.0,0.0,0.0,0.02444,0.00389,9249,417,0.04509
04165_01245,41.65,12.45,0.7045,0.12277,0.0214,0.0,0.0,0.0,0.01459,0.0,9253,1334,0.14417
04165_01255,41.65,12.55,1.0,0.00703,0.0,0.0,0.0,0.0,0.0,0.0,9248,65,0.00703
04165_01265,41.65,12.65,1.0,0.01037,0.0,0.0,0.0,0.0,0.0,0.0,9258,96,0.01037
04165_01275,41.65,12.75,1.0,0.01881,0.0,0.0,0.0,0.0,0.0,0.0,9250,174,0.01881
04165_01285,41.65,12.85,1.0,0.04087,0.0,0.0,0.0,0.0,0.0,0.00324,9249,378,0.04087
04165_01295,41.65,12.95,1.0,0.46245,0.0,0.0,0.0,0.0,0.0,0.16283,9255,4280,0.46245
04165_01305,41.65,13.05,1.0,0.50302,0.0,0.00173,0.0,0.0,0.0,0.10888,9258,4673,0.50475
04165_01315,41.65,13.15,1.0,0.53905,0.0,0.0,0.0,0.0,0.0,0.1151,9244,4983,0.53905
04165_01325,41.65,13.25,1.0,0.15583,0.0,0.0,0.0,0.0,0.0,0.00097,9260,1443,0.15583
04165_01335,41.65,13.35,1.0,0.06596,0.0026,0.0,0.0,0.0,0.0,0.00314,9248,634,0.06856
04165_01345,41.65,13.45,1.0,0.04182,0.0,0.0,0.0,0.0,0.0,0.0,9253,387,0.04182
04165_01355,41.65,13.55,1.0,0.13838,0.0067,0.0,0.00551,0.0,0.0,0.00497,9250,1342,0.14508
04165_01365,41.65,13.65,1.0,0.33114,0.0,0.00173,0.00443,0.0,0.0,0.02238,9250,3079,0.33287
04165_01375,41.65,13.75,1.0,0.24141,0.0,0.00713,0.00119,0.0,0.0,0.02938,9258,2301,0.24854
04165_01385,41.65,13.85,1.0,0.37747,0.01481,0.03643,0.016,0.0,0.0,0.03524,9251,3966,0.42871
04165_01395,41.65,13.95,1.0,0.49065,0.00259,0.01254,0.29381,0.0,0.0,0.02075,9251,4679,0.50578
04165_01405,41.65,14.05,1.0,0.64437,0.00411,0.0,0.04063,0.0,0.0,0.05544,9254,6001,0.64848
04165_01415,41.65,14.15,1.0,0.46752,0.0,0.0,0.01383,0.0,0.0,0.23657,9253,4326,0.46752
04165_01425,41.65,14.25,1.0,0.48325,0.00735,0.0,0.08355,0.0,0.0,0.04831,9252,4539,0.4906
04165_01435,41.65,14.35,1.0,0.58217,0.00421,0.0,0.12825,0.0,0.0,0.11237,9255,5427,0.58638
04165_01445,41.65,14.45,1.0,0.29116,0.0,0.0,0.03717,0.0,0.0,0.06828,9256,2695,0.29116
04165_01455,41.65,14.55,1.0,0.15405,0.0,0.0,0.01276,0.0,0.0,0.01395,9250,1425,0.15405
04165_01465,41.65,14.65,1.0,0.30095,0.0,0.0,0.0,0.0,0.0,0.03955,9254,2785,0.30095
04165_01475,41.65,14.75,1.0,0.34184,0.0,0.0,0.0,0.0,0.0,0.01319,9250,3162,0.34184
04165_01485,41.65,14.85,1.0,0.09856,0.01005,0.0,0.0,0.0,0.0,0.01524,9253,1005,0.10861
04165_01495,41.65,14.95,1.0,0.11023,0.02107,0.07165,0.00951,0.0,0.0,0.01935,9253,1878,0.20295
04165_01505,41.65,15.05,1.0,0.04636,0.0,0.01697,0.0,0.0,0.0,0.0536,9253,586,0.06333
04165_01515,41.65,15.15,1.0,0.00303,0.0,0.01524,0.0,0.0,0.0,0.00595,9250,169,0.01827
04165_01525,41.65,15.25,1.0,0.0,0.0,0.0,0.0,0.0,0.0,0.0,9254,0,0.0
04165_01535,41.65,15.35,1.0,0.0,0.0,0.0,0.0,0.0,0.0,0.0,9253,0,0.0
04165_01545,41.65,15.45,1.0,0.0,0.0,0.0,0.0,0.0,0.0,0.0,9253,0,0.0
04165_01555,41.65,15.55,1.0,0.00065,0.01243,0.0,0.01167,0.0,0.05468,0.03836,9254,121,0.01308
04165_01565,41.65,15.65,1.0,0.0,0.0,0.0,0.15299,0.0,0.1625,0.02898,9249,0,0.0
04165_01575,41.65,15.75,1.0,0.0,0.0,0.0,0.13397,0.0,0.09021,0.01102,9256,0,0.0
04165_01585,41.65,15.85,0.9977,0.01027,0.00162,0.0,0.20856,0.0,0.13515,0.00627,9249,110,0.01189
04165_01595,41.65,15.95,0.5734,0.0,0.00659,0.0,0.11584,0.0,0.13194,0.0,9254,61,0.00659
04165_01605,41.65,16.05,0.1371,0.01081,0.0,0.0,0.00508,0.0,0.07102,0.00659,9251,100,0.01081
04175_01225,41.75,12.25,0.5169,0.0,0.00801,0.0,0.0,0.0,0.00877,0.0,9240,74,0.00801
04175_01235,41.75,12.35,0.9568,0.10318,0.06215,0.01213,0.0,0.0,0.0602,0.0393,9236,1639,0.17746
04175_01245,41.75,12.45,1.0,0.14208,0.05768,0.0,0.0,0.0,0.03052,0.00368,9241,1846,0.19976
04175_01255,41.75,12.55,1.0,0.0,0.0,0.0,0.0,0.0,0.0,0.0,9243,0,0.0
04175_01265,41.75,12.65,0.9958,0.08016,0.00368,0.00141,0.0,0.0,0.0,0.01083,9231,787,0.08525
04175_01275,41.75,12.75,1.0,0.56356,0.0,0.0,0.0,0.0,0.0,0.00325,9243,5209,0.56356
04175_01285,41.75,12.85,1.0,0.24023,0.0,0.0,0.0,0.0,0.0,0.00314,9237,2219,0.24023
04175_01295,41.75,12.95,1.0,0.1309,0.0,0.0,0.0,0.0,0.0,0.0196,9236,1209,0.1309
04175_01305,41.75,13.05,1.0,0.08273,0.0,0.0,0.0,0.0,0.0,0.00855,9235,764,0.08273
04175_01315,41.75,13.15,1.0,0.07779,0.0,0.00292,0.0,0.0,0.0,0.01385,9243,746,0.08071
04175_01325,41.75,13.25,1.0,0.17006,0.00726,0.00661,0.01083,0.0,0.0,0.04094,9232,1698,0.18393
04175_01335,41.75,13.35,1.0,0.20717,0.01656,0.0368,0.00206,0.0,0.0,0.08291,9239,2407,0.26053
04175_01345,41.75,13.45,1.0,0.5585,0.00898,0.01959,0.0,0.0,0.0,0.0355,9239,5424,0.58707
04175_01355,41.75,13.55,1.0,0.57662,0.01331,0.0131,0.00281,0.0,0.0,0.07457,9240,5572,0.60303
04175_01365,41.75,13.65,1.0,0.21113,0.01916,0.01938,0.0,0.0,0.0,0.06854,9236,2306,0.24967
04175_01375,41.75,13.75,1.0,0.42829,0.04524,0.02933,0.05304,0.0,0.0,0.03886,9239,4646,0.50286
04175_01385,41.75,13.85,1.0,0.51575,0.00509,0.10848,0.02815,0.0,0.0,0.06355,9237,5813,0.62932
04175_01395,41.75,13.95,1.0,0.45434,0.01547,0.0712,0.06546,0.0,0.0,0.10939,9242,5000,0.54101
04175_01405,41.75,14.05,1.0,0.37625,0.0,0.0078,0.12657,0.0,0.0,0.2474,9236,3547,0.38405
04175_01415,41.75,14.15,1.0,0.3892,0.01072,0.00249,0.04774,0.0,0.0,0.04417,9237,3717,0.40241
04175_01425,41.75,14.25,1.0,0.48782,0.02923,0.00054,0.13381,0.0,0.0,0.08109,9237,4781,0.51759
04175_01435,41.75,14.35,1.0,0.41204,0.0563,0.0,0.09343,0.0,0.0,0.1284,9237,4326,0.46834
04175_01445,41.75,14.45,1.0,0.21473,0.0,0.0,0.0144,0.0,0.0,0.27504,9235,1983,0.21473
04175_01455,41.75,14.55,1.0,0.19697,0.0,0.0,0.0382,0.0,0.0,0.07576,9240,1820,0.19697
04175_01465,41.75,14.65,1.0,0.27368,0.0,0.0,0.03876,0.0,0.0,0.04644,9237,2528,0.27368
04175_01475,41.75,14.75,1.0,0.21919,0.00682,0.00508,0.0,0.0,0.0,0.11068,9243,2136,0.23109
04175_01485,41.75,14.85,1.0,0.23661,0.01126,0.0,0.0,0.0,0.0,0.02857,9239,2290,0.24787
04175_01495,41.75,14.95,1.0,0.09161,0.0,0.0,0.0,0.0,0.0,0.00444,9235,846,0.09161
04175_01505,41.75,15.05,1.0,0.0,0.0,0.0,0.0,0.0,0.0,0.0,9241,0,0.0
04175_01515,41.75,15.15,1.0,0.01126,0.0,0.0,0.0,0.0,0.0,0.0,9239,104,0.01126
04175_01525,41.75,15.25,1.0,0.00022,0.00401,0.0,0.0,0.0,0.00909,0.0,9236,39,0.00423
04175_01535,41.75,15.35,1.0,0.0,0.0,0.0,0.0,0.0,0.00671,0.0,9239,0,0.0
04175_01545,41.75,15.45,1.0,0.0,0.0,0.0,0.0,0.0,0.00563,0.0,9235,0,0.0
04175_01555,41.75,15.55,1.0,0.21498,0.00097,0.0,0.21163,0.0,0.15988,0.02317,9238,1995,0.21595
04175_01565,41.75,15.65,1.0,0.70563,0.02024,0.0,0.08593,0.0,0.0,0.00054,9240,6707,0.72587
04175_01575,41.75,15.75,1.0,0.43655,0.00758,0.0,0.10881,0.0,0.0,0.00422,9236,4102,0.44413
04175_01585,41.75,15.85,1.0,0.60829,0.02782,0.01158,0.08843,0.0,0.00206,0.06332,9239,5984,0.64769
04175_01595,41.75,15.95,1.0,0.51819,0.0,0.02739,0.19485,0.0,0.00628,0.08292,9238,5040,0.54558
04175_01605,41.75,16.05,0.9549,0.4039,0.01537,0.00844,0.18171,0.0,0.06039,0.06894,9240,3952,0.42771
04175_01615,41.75,16.15,0.4682,0.03075,0.11974,0.16326,0.00909,0.0,0.03962,0.00628,9237,2898,0.31375
04185_01215,41.85,12.15,0.1284,0.0,0.00596,0.00618,0.0,0.0,0.01549,0.0,9230,112,0.01214
04185_01225,41.85,12.25,0.9711,0.02365,0.01183,0.01714,0.0,0.0,0.05208,0.0,9216,485,0.05262
04185_01235,41.85,12.35,1.0,0.00162,0.00217,0.01126,0.0,0.0,0.0,0.00314,9235,139,0.01505
04185_01245,41.85,12.45,1.0,0.00575,0.0,0.0,0.0,0.0,0.0,0.0,9218,53,0.00575
04185_01255,41.85,12.55,1.0,0.0,0.0,0.0,0.0,0.0,0.0,0.0,9216,0,0.0
04185_01265,41.85,12.65,1.0,0.00964,0.0,0.00141,0.0,0.0,0.0,0.0,9228,102,0.01105
04185_01275,41.85,12.75,1.0,0.07186,0.0,0.0,0.0,0.0,0.0,0.0,9226,663,0.07186
04185_01285,41.85,12.85,1.0,0.15692,0.0,0.0,0.0,0.0,0.0,0.03091,9221,1447,0.15692
04185_01295,41.85,12.95,1.0,0.32976,0.0,0.01452,0.0,0.0,0.0,0.15485,9228,3177,0.34428
04185_01305,41.85,13.05,1.0,0.163,0.00683,0.00748,0.0,0.0,0.0,0.03264,9221,1635,0.17731
04185_01315,41.85,13.15,1.0,0.42341,0.00531,0.03458,0.01507,0.0,0.0,0.15133,9225,4274,0.4633
04185_01325,41.85,13.25,1.0,0.63,0.01409,0.01897,0.03035,0.0,0.0,0.14967,9227,6118,0.66306
04185_01335,41.85,13.35,1.0,0.79293,0.018,0.0,0.01778,0.00455,0.0,0.01973,9224,7480,0.81093
04185_01345,41.85,13.45,1.0,0.58805,0.0,0.0,0.01518,0.0,0.0,0.09098,9222,5423,0.58805
04185_01355,41.85,13.55,1.0,0.56114,0.0,0.0,0.05887,0.0,0.0,0.12533,9224,5176,0.56114
04185_01365,41.85,13.65,1.0,0.74314,0.0,0.0,0.03025,0.0,0.0,0.0476,9223,6854,0.74314
04185_01375,41.85,13.75,1.0,0.60904,0.02634,0.00661,0.17071,0.0,0.0,0.07175,9226,5923,0.64199
04185_01385,41.85,13.85,1.0,0.5045,0.009,0.00455,0.21117,0.0,0.0,0.0929,9225,4779,0.51805
04185_01395,41.85,13.95,1.0,0.35998,0.0,0.01844,0.40597,0.0,0.0,0.03113,9220,3489,0.37842
04185_01405,41.85,14.05,1.0,0.28734,0.03176,0.00434,0.29493,0.0,0.0,0.04531,9226,2984,0.32344
04185_01415,41.85,14.15,1.0,0.48677,0.0,0.0,0.11906,0.0,0.0,0.11017,9222,4489,0.48677
04185_01425,41.85,14.25,1.0,0.39129,0.0,0.02753,0.13148,0.0,0.0,0.1809,9226,3864,0.41882
04185_01435,41.85,14.35,1.0,0.19306,0.0,0.09388,0.15469,0.0,0.0,0.11523,9225,2647,0.28694
04185_01445,41.85,14.45,1.0,0.19913,0.01864,0.01583,0.17919,0.0,0.0,0.18363,9225,2155,0.2336
04185_01455,41.85,14.55,1.0,0.34573,0.00564,0.02082,0.01962,0.0,0.0,0.11047,9224,3433,0.37219
04185_01465,41.85,14.65,1.0,0.35068,0.0,0.02234,0.0,0.0,0.0,0.02733,9222,3440,0.37302
04185_01475,41.85,14.75,1.0,0.19751,0.00672,0.02267,0.0,0.0,0.0,0.03818,9220,2092,0.2269
04185_01485,41.85,14.85,1.0,0.02862,0.03058,0.00314,0.0,0.0,0.0,0.00683,9223,575,0.06234
04185_01495,41.85,14.95,1.0,0.02059,0.0,0.0,0.0,0.0,0.0,0.0,9226,190,0.02059
04185_01505,41.85,15.05,1.0,0.0,0.0,0.0,0.0,0.0,0.0,0.0,9222,0,0.0
04185_01515,41.85,15.15,1.0,0.0477,0.0,0.0,0.0,0.0,0.01203,0.0,9224,440,0.0477
04185_01525,41.85,15.25,1.0,0.01453,0.00455,0.0,0.0,0.0,0.00629,0.01138,9224,176,0.01908
04185_01535,41.85,15.35,1.0,0.0,0.0,0.0,0.0,0.0,0.01887,0.0,9222,0,0.0
04185_01545,41.85,15.45,1.0,0.0,0.00141,0.0,0.00607,0.0,0.0492,0.05537,9228,13,0.00141
04185_01555,41.85,15.55,1.0,0.08436,0.0,0.0,0.1889,0.0,0.22208,0.04045,9222,778,0.08436
04185_01565,41.85,15.65,1.0,0.2442,0.0,0.0,0.07786,0.0,0.23704,0.11841,9222,2252,0.2442
04185_01575,41.85,15.75,1.0,0.0658,0.0,0.0,0.1045,0.0,0.03057,0.05106,9225,607,0.0658
04185_01585,41.85,15.85,1.0,0.10733,0.00184,0.00889,0.17042,0.0,0.00737,0.10733,9224,1089,0.11806
04185_01595,41.85,15.95,1.0,0.62448,0.02592,0.144,0.0,0.0,0.0,0.0051,9222,7326,0.7944
04185_01605,41.85,16.05,1.0,0.62333,0.1261,0.13141,0.0,0.0,0.0,0.00065,9223,8124,0.88084
04185_01615,41.85,16.15,0.8237,0.02547,0.1538,0.11966,0.01149,0.0,0.01788,0.03826,9226,2758,0.29893
04195_01205,41.95,12.05,0.3743,0.00586,0.0,0.00043,0.0,0.0,0.0,0.0,9212,58,0.00629
04195_01215,41.95,12.15,0.8788,0.0252,0.00445,0.00337,0.0,0.0,0.0,0.0,9208,304,0.03302
04195_01225,41.95,12.25,1.0,0.0178,0.00076,0.0038,0.0,0.0,0.0,0.0,9213,206,0.02236
04195_01235,41.95,12.35,1.0,0.0,0.00467,0.0,0.0,0.0,0.0,0.0,9202,43,0.00467
04195_01245,41.95,12.45,0.994,0.02789,0.0,0.0,0.0,0.0,0.0,0.0,9214,257,0.02789
04195_01255,41.95,12.55,1.0,0.0,0.0,0.0,0.0,0.0,0.0,0.0,9216,0,0.0
04195_01265,41.95,12.65,1.0,0.00554,0.00326,0.0,0.0,0.0,0.00054,0.0,9209,81,0.0088
04195_01275,41.95,12.75,1.0,0.02792,0.0,0.0,0.0,0.0,0.00402,0.01695,9206,257,0.02792
04195_01285,41.95,12.85,1.0,0.23496,0.0,0.0,0.00663,0.0,0.0,0.12307,9206,2163,0.23496
04195_01295,41.95,12.95,1.0,0.50462,0.00945,0.00478,0.0,0.0,0.0,0.19757,9207,4777,0.51885
04195_01305,41.95,13.05,1.0,0.55427,0.01389,0.00336,0.00434,0.0,0.0,0.04005,9214,5266,0.57152
04195_01315,41.95,13.15,1.0,0.65548,0.03041,0.01434,0.14923,0.0,0.0,0.05409,9207,6447,0.70023
04195_01325,41.95,13.25,1.0,0.77494,0.0,0.0,0.07849,0.0114,0.0,0.06568,9211,7138,0.77494
04195_01335,41.95,13.35,1.0,0.68915,0.00739,0.00337,0.0631,0.00587,0.0,0.02151,9207,6444,0.69991
04195_01345,41.95,13.45,1.0,0.34003,0.0,0.01346,0.05255,0.0,0.0,0.10227,9211,3256,0.35349
04195_01355,41.95,13.55,1.0,0.24881,0.0,0.00163,0.03376,0.0,0.0,0.06839,9212,2307,0.25044
04195_01365,41.95,13.65,1.0,0.22937,0.01292,0.01303,0.0669,0.0,0.0,0.19961,9208,2351,0.25532
04195_01375,41.95,13.75,1.0,0.26764,0.02128,0.0367,0.19642,0.0,0.0,0.17904,9210,2999,0.32562
04195_01385,41.95,13.85,1.0,0.43822,0.05418,0.01574,0.15353,0.0,0.0,0.20098,9210,4680,0.50814
04195_01395,41.95,13.95,1.0,0.4058,0.05307,0.03885,0.25103,0.0,0.0,0.14597,9214,4586,0.49772
04195_01405,41.95,14.05,1.0,0.50022,0.00869,0.0,0.13977,0.0,0.0,0.08047,9208,4686,0.50891
04195_01415,41.95,14.15,1.0,0.56881,0.01682,0.00575,0.15259,0.0,0.0,0.05188,9214,5449,0.59138
04195_01425,41.95,14.25,1.0,0.35462,0.00543,0.0,0.05431,0.0,0.0,0.07473,9207,3315,0.36005
04195_01435,41.95,14.35,1.0,0.49984,0.0,0.00054,0.05724,0.0,0.0,0.05463,9207,4607,0.50038
04195_01445,41.95,14.45,1.0,0.27818,0.00228,0.0,0.05212,0.0,0.0,0.07079,9210,2583,0.28046
04195_01455,41.95,14.55,1.0,0.3624,0.0,0.01281,0.0,0.0,0.0,0.02726,9208,3455,0.37521
04195_01465,41.95,14.65,1.0,0.27258,0.00315,0.01433,0.0,0.0,0.0,0.02812,9212,2672,0.29006
04195_01475,41.95,14.75,1.0,0.03799,0.0,0.0,0.0,0.0,0.0,0.0,9212,350,0.03799
04195_01485,41.95,14.85,1.0,0.0,0.0,0.0,0.0,0.0,0.0,0.0,9210,0,0.0
04195_01495,41.95,14.95,1.0,0.00793,0.0,0.0,0.0,0.0,0.0,0.00326,9208,73,0.00793
04195_01505,41.95,15.05,0.6409,0.0,0.01433,0.0,0.0,0.0,0.0,0.0,9210,132,0.01433
04195_01515,41.95,15.15,0.2569,0.01379,0.01965,0.0,0.0,0.0,0.00098,0.0,9209,308,0.03344
04195_01525,41.95,15.25,0.1953,0.0,0.01738,0.0,0.0,0.0,0.0063,0.01825,9208,160,0.01738
04195_01535,41.95,15.35,0.0979,0.0,0.02128,0.0,0.0,0.0,0.0101,0.0,9210,196,0.02128
04195_01555,41.95,15.55,0.158,0.0,0.00304,0.0,0.0,0.0,0.0,0.0,9211,28,0.00304
04195_01565,41.95,15.65,0.2169,0.02127,0.00923,0.0,0.00727,0.0,0.03484,0.0,9213,281,0.0305
04195_01575,41.95,15.75,0.1688,0.0,0.03018,0.0,0.0,0.0,0.0,0.0,9210,278,0.03018
04195_01585,41.95,15.85,0.2583,0.0,0.00087,0.01444,0.0,0.0,0.0,0.0,9208,141,0.01531
04195_01595,41.95,15.95,0.376,0.00792,0.06253,0.05525,0.0,0.0,0.00803,0.0,9212,1158,0.1257
04195_01605,41.95,16.05,0.4435,0.0,0.16918,0.00423,0.0,0.0,0.00022,0.01455,9209,1597,0.17341
04195_01615,41.95,16.15,0.089,0.0,0.01705,0.0,0.0,0.0,0.0,0.0,9208,157,0.01705
04205_01185,42.05,11.85,0.5739,0.08157,0.0,0.0,0.08842,0.0,0.0,0.02806,9195,750,0.08157
04205_01195,42.05,11.95,0.8041,0.30554,0.0,0.0,0.02772,0.0,0.01685,0.09674,9200,2811,0.30554
04205_01205,42.05,12.05,1.0,0.34102,0.0,0.0,0.00304,0.0,0.00565,0.0936,9199,3137,0.34102
04205_01215,42.05,12.15,1.0,0.22338,0.0,0.0,0.02784,0.0,0.01729,0.01218,9195,2054,0.22338
04205_01225,42.05,12.25,1.0,0.02328,0.0,0.0,0.0,0.0,0.0,0.00533,9193,214,0.02328
04205_01235,42.05,12.35,1.0,0.05372,0.0,0.00109,0.0,0.0,0.0,0.0,9196,504,0.05481
04205_01245,42.05,12.45,1.0,0.07231,0.0,0.0,0.0,0.0,0.0,0.00261,9196,665,0.07231
04205_01255,42.05,12.55,1.0,0.06745,0.0,0.0,0.0,0.0,0.0,0.0,9192,620,0.06745
04205_01265,42.05,12.65,1.0,0.09006,0.0,0.0,0.0,0.0,0.0,0.00294,9194,828,0.09006
04205_01275,42.05,12.75,1.0,0.12599,0.0,0.0,0.0,0.0,0.0,0.01544,9199,1159,0.12599
04205_01285,42.05,12.85,1.0,0.68968,0.0,0.00304,0.00381,0.0,0.0,0.08644,9197,6371,0.69272
04205_01295,42.05,12.95,1.0,0.41626,0.00261,0.00402,0.0,0.0,0.0,0.26747,9201,3891,0.42289
04205_01305,42.05,13.05,1.0,0.45387,0.0,0.00925,0.02589,0.0,0.0,0.0532,9192,4257,0.46312
04205_01315,42.05,13.15,1.0,0.71587,0.00467,0.0,0.16239,0.0,0.0,0.06424,9200,6629,0.72054
04205_01325,42.05,13.25,1.0,0.24902,0.00359,0.00664,0.16166,0.0,0.0,0.22737,9192,2383,0.25925
04205_01335,42.05,13.35,1.0,0.04544,0.00761,0.00217,0.11784,0.0,0.0,0.07903,9199,508,0.05522
04205_01345,42.05,13.45,1.0,0.02642,0.00881,0.0,0.04176,0.0,0.0,0.06644,9196,324,0.03523
04205_01355,42.05,13.55,1.0,0.01556,0.01828,0.01882,0.01752,0.0,0.0,0.04754,9192,484,0.05266
04205_01365,42.05,13.65,1.0,0.02295,0.01305,0.00076,0.39097,0.0,0.0,0.07798,9195,338,0.03676
04205_01375,42.05,13.75,1.0,0.1379,0.0261,0.01566,0.2509,0.0,0.0,0.17303,9195,1652,0.17966
04205_01385,42.05,13.85,1.0,0.06614,0.06614,0.0025,0.16242,0.0,0.0,0.1547,9192,1239,0.13478
04205_01395,42.05,13.95,1.0,0.05623,0.04633,0.04318,0.03209,0.0,0.0,0.22515,9194,1340,0.14574
04205_01405,42.05,14.05,1.0,0.33815,0.01142,0.07187,0.11689,0.04621,0.0,0.10503,9197,3876,0.42144
04205_01415,42.05,14.15,1.0,0.16687,0.00892,0.02371,0.10726,0.01838,0.0,0.08691,9193,1834,0.1995
04205_01425,42.05,14.25,1.0,0.09666,0.0,0.00304,0.00294,0.0,0.0,0.12917,9197,917,0.0997
04205_01435,42.05,14.35,1.0,0.34087,0.0,0.00576,0.01022,0.0,0.0,0.00859,9197,3188,0.34663
04205_01445,42.05,14.45,1.0,0.11202,0.00359,0.0,0.0,0.0,0.0,0.05177,9195,1063,0.11561
04205_01455,42.05,14.55,1.0,0.10799,0.0,0.0,0.0,0.0,0.0,0.05372,9195,993,0.10799
04205_01465,42.05,14.65,1.0,0.03263,0.0,0.0,0.0,0.0,0.0,0.00968,9195,300,0.03263
04205_01475,42.05,14.75,0.8331,0.00772,0.0,0.0,0.0,0.0,0.00522,0.00305,9192,71,0.00772
04205_01485,42.05,14.85,0.3908,0.0,0.0087,0.0,0.0,0.0,0.0,0.0,9195,80,0.0087
04205_01495,42.05,14.95,0.12,0.0,0.0,0.0,0.0,0.0,0.0,0.0,9197,0,0.0
04215_01175,42.15,11.75,0.5649,0.00261,0.00719,0.0,0.0,0.0,0.00338,0.0,9184,90,0.0098
04215_01185,42.15,11.85,1.0,0.24513,0.0,0.0,0.01906,0.0,0.00849,0.07394,9183,2251,0.24513
04215_01195,42.15,11.95,1.0,0.44011,0.0,0.0,0.01417,0.0,0.00589,0.16469,9175,4038,0.44011
04215_01205,42.15,12.05,1.0,0.48109,0.0,0.0,0.01417,0.0,0.0,0.13711,9175,4414,0.48109
04215_01215,42.15,12.15,1.0,0.41356,0.0,0.0,0.0,0.0,0.0,0.0209,9186,3799,0.41356
04215_01225,42.15,12.25,1.0,0.14076,0.0,0.0,0.0,0.0,0.0,0.00708,9179,1292,0.14076
04215_01235,42.15,12.35,1.0,0.10181,0.0,0.0024,0.0,0.0,0.0,0.00011,9184,957,0.10421
04215_01245,42.15,12.45,1.0,0.15675,0.0,0.0,0.01373,0.0,0.0,0.01176,9180,1439,0.15675
04215_01255,42.15,12.55,1.0,0.16472,0.0,0.0,0.0,0.0,0.0,0.01819,9179,1512,0.16472
04215_01265,42.15,12.65,1.0,0.01568,0.0,0.0,0.0,0.0,0.0,0.00022,9183,144,0.01568
04215_01275,42.15,12.75,1.0,0.09336,0.0,0.0,0.0,0.0,0.0,0.01024,9180,857,0.09336
04215_01285,42.15,12.85,1.0,0.50349,0.0,0.0,0.00229,0.0,0.0,0.04543,9178,4621,0.50349
04215_01295,42.15,12.95,1.0,0.47398,0.01557,0.00664,0.0,0.0,0.0,0.21304,9186,4558,0.49619
04215_01305,42.15,13.05,1.0,0.74771,0.0,0.00577,0.0,0.0,0.0,0.06961,9180,6917,0.75348
04215_01315,42.15,13.15,1.0,0.7951,0.0,0.0,0.0,0.0,0.0,0.06801,9175,7295,0.7951
04215_01325,42.15,13.25,1.0,0.39323,0.0,0.00871,0.0538,0.0,0.0,0.093,9183,3691,0.40194
04215_01335,42.15,13.35,1.0,0.20314,0.02091,0.00937,0.07995,0.00915,0.0,0.14791,9181,2143,0.23342
04215_01345,42.15,13.45,1.0,0.20747,0.00632,0.0073,0.17676,0.16315,0.0,0.04051,9182,2030,0.22109
04215_01355,42.15,13.55,1.0,0.27912,0.05545,0.01917,0.32607,0.0,0.0,0.10339,9179,3247,0.35374
04215_01365,42.15,13.65,1.0,0.38928,0.01329,0.0,0.31783,0.0,0.0,0.1172,9181,3696,0.40257
04215_01375,42.15,13.75,1.0,0.25637,0.04509,0.02363,0.12721,0.0,0.0,0.26977,9182,2985,0.32509
04215_01385,42.15,13.85,1.0,0.17529,0.10158,0.05422,0.05988,0.0,0.0,0.13936,9185,3041,0.33109
04215_01395,42.15,13.95,1.0,0.32908,0.05305,0.05621,0.04575,0.0,0.0,0.26024,9180,4024,0.43834
04215_01405,42.15,14.05,1.0,0.33678,0.01133,0.01111,0.2275,0.05611,0.0,0.11571,9178,3297,0.35922
04215_01415,42.15,14.15,1.0,0.42229,0.05588,0.03943,0.09019,0.14639,0.0,0.03562,9181,4752,0.5176
04215_01425,42.15,14.25,1.0,0.13821,0.0,0.0,0.0,0.0,0.0,0.06567,9182,1269,0.13821
04215_01435,42.15,14.35,1.0,0.04118,0.0,0.0,0.0,0.0,0.0,0.00545,9179,378,0.04118
04215_01445,42.15,14.45,1.0,0.02984,0.0,0.0,0.0,0.0,0.0,0.0,9183,274,0.02984
04215_01455,42.15,14.55,1.0,0.0378,0.0,0.0,0.0,0.0,0.0,0.0,9180,347,0.0378
04215_01465,42.15,14.65,0.8965,0.03932,0.0,0.0,0.0,0.0,0.0,0.0,9182,361,0.03932
04215_01475,42.15,14.75,0.1442,0.0,0.0,0.0,0.0,0.0,0.0,0.0,9182,0,0.0
04225_01165,42.25,11.65,0.2491,0.0,0.01287,0.00044,0.0,0.0,0.0,0.0,9167,122,0.01331
04225_01175,42.25,11.75,0.9789,0.02827,0.0,0.0,0.0,0.0,0.0,0.0,9161,259,0.02827
04225_01185,42.25,11.85,1.0,0.17263,0.0,0.0,0.0,0.0,0.0,0.01037,9164,1582,0.17263
04225_01195,42.25,11.95,1.0,0.24951,0.0,0.00338,0.0,0.0,0.0,0.23022,9174,2320,0.25289
04225_01205,42.25,12.05,1.0,0.29938,0.0,0.0,0.0,0.0,0.0,0.10034,9169,2745,0.29938
04225_01215,42.25,12.15,1.0,0.22142,0.0,0.0,0.0,0.0,0.0,0.03079,9159,2028,0.22142
04225_01225,42.25,12.25,1.0,0.08197,0.0,0.0,0.0,0.0,0.0,0.0,9174,752,0.08197
04225_01235,42.25,12.35,1.0,0.19718,0.0,0.0,0.0,0.0,0.0,0.00273,9164,1807,0.19718
04225_01245,42.25,12.45,1.0,0.2383,0.0,0.0,0.0,0.0,0.0,0.00295,9165,2184,0.2383
04225_01255,42.25,12.55,1.0,0.20554,0.0,0.0,0.0,0.0,0.0,0.006,9171,1885,0.20554
04225_01265,42.25,12.65,1.0,0.0925,0.0,0.0,0.0,0.0,0.0,0.0024,9168,848,0.0925
04225_01275,42.25,12.75,1.0,0.3517,0.0,0.0,0.00251,0.0,0.0,0.02553,9164,3223,0.3517
04225_01285,42.25,12.85,1.0,0.47383,0.0,0.0,0.00087,0.0,0.0,0.02116,9170,4345,0.47383
04225_01295,42.25,12.95,1.0,0.5479,0.00873,0.0,0.0,0.0,0.0,0.08828,9164,5101,0.55663
04225_01305,42.25,13.05,1.0,0.74435,0.0,0.0,0.00415,0.0,0.0,0.04354,9165,6822,0.74435
04225_01315,42.25,13.15,1.0,0.59084,0.03293,0.01439,0.02279,0.0,0.0,0.06674,9170,5852,0.63816
04225_01325,42.25,13.25,1.0,0.53327,0.00316,0.02421,0.13809,0.01167,0.0,0.04232,9168,5140,0.56064
04225_01335,42.25,13.35,1.0,0.46229,0.0,0.0,0.25019,0.0,0.0,0.08263,9161,4235,0.46229
04225_01345,42.25,13.45,1.0,0.20781,0.02411,0.02258,0.28504,0.00415,0.0,0.17356,9167,2333,0.2545
04225_01355,42.25,13.55,1.0,0.3483,0.0,0.01548,0.10346,0.0,0.0,0.1088,9173,3337,0.36378
04225_01365,42.25,13.65,1.0,0.17883,0.04157,0.03753,0.1078,0.0,0.0,0.26754,9165,2364,0.25793
04225_01375,42.25,13.75,1.0,0.08989,0.00971,0.05956,0.20247,0.0,0.0,0.25134,9167,1459,0.15916
04225_01385,42.25,13.85,1.0,0.30689,0.05391,0.01855,0.02466,0.0,0.0,0.16468,9163,3476,0.37935
04225_01395,42.25,13.95,1.0,0.08932,0.02334,0.0,0.0,0.0,0.0,0.02127,9169,1033,0.11266
04225_01405,42.25,14.05,1.0,0.24098,0.01614,0.00164,0.02737,0.0,0.0,0.05332,9171,2373,0.25876
04225_01415,42.25,14.15,1.0,0.18813,0.00033,0.01124,0.0,0.0,0.0,0.06155,9164,1830,0.1997
04225_01425,42.25,14.25,1.0,0.09023,0.0,0.0,0.0,0.0,0.0,0.0299,9165,827,0.09023
04225_01435,42.25,14.35,1.0,0.02977,0.0,0.0,0.0,0.0,0.0,0.01178,9170,273,0.02977
04225_01445,42.25,14.45,0.9501,0.09195,0.0,0.0,0.0,0.0,0.0,0.0,9168,843,0.09195
04225_01455,42.25,14.55,0.316,0.04244,0.0,0.0,0.0,0.0,0.0,0.0,9166,389,0.04244
04235_01035,42.35,10.35,0.0915,0.0,0.0,0.0,0.0,0.0,0.0672,0.0,9137,0,0.0
04235_01085,42.35,10.85,0.1068,0.01464,0.00721,0.0,0.0,0.0,0.08323,0.0,9155,200,0.02185
04235_01095,42.35,10.95,0.1277,0.00153,0.01039,0.0,0.0,0.0,0.11234,0.0,9142,109,0.01192
04235_01115,42.35,11.15,0.2338,0.0538,0.0,0.0,0.0,0.0,0.14194,0.0,9145,492,0.0538
04235_01145,42.35,11.45,0.23,0.0,0.0,0.0,0.0,0.0,0.01769,0.0,9160,0,0.0
04235_01155,42.35,11.55,0.6081,0.02284,0.00601,0.00754,0.0,0.0,0.00033,0.0,9151,333,0.03639
04235_01165,42.35,11.65,0.986,0.02046,0.0,0.00744,0.0,0.0,0.0,0.0,9141,255,0.0279
04235_01175,42.35,11.75,1.0,0.19253,0.00328,0.0119,0.0,0.0,0.0,0.0,9157,1902,0.20771
04235_01185,42.35,11.85,1.0,0.0827,0.0,0.0,0.06773,0.0,0.0,0.07702,9154,757,0.0827
04235_01195,42.35,11.95,1.0,0.20494,0.0,0.0,0.0482,0.0,0.0,0.06809,9149,1875,0.20494
04235_01205,42.35,12.05,1.0,0.05633,0.0,0.0,0.0,0.0,0.0,0.0,9161,516,0.05633
04235_01215,42.35,12.15,1.0,0.43158,0.04142,0.00634,0.0,0.0,0.0,0.00863,9150,4386,0.47934
04235_01225,42.35,12.25,1.0,0.18619,0.0,0.0,0.0,0.0,0.0,0.0,9152,1704,0.18619
04235_01235,42.35,12.35,1.0,0.10702,0.0,0.0,0.0,0.0,0.0,0.0,9148,979,0.10702
04235_01245,42.35,12.45,1.0,0.1045,0.0,0.0,0.0,0.0,0.0,0.0,9158,957,0.1045
04235_01255,42.35,12.55,1.0,0.1454,0.0,0.0,0.0,0.0,0.0,0.00262,9147,1330,0.1454
04235_01265,42.35,12.65,1.0,0.36201,0.0,0.0,0.0,0.0,0.0,0.00918,9149,3312,0.36201
04235_01275,42.35,12.75,1.0,0.64992,0.01026,0.01878,0.00721,0.0,0.0,0.04575,9158,6218,0.67896
04235_01285,42.35,12.85,1.0,0.64317,0.00601,0.01158,0.00907,0.0,0.0,0.02721,9150,6046,0.66076
04235_01295,42.35,12.95,1.0,0.59144,0.00404,0.00404,0.01671,0.0,0.0,0.0296,9154,5488,0.59952
04235_01305,42.35,13.05,1.0,0.65731,0.00688,0.01541,0.01191,0.01289,0.0,0.05661,9151,6219,0.6796
04235_01315,42.35,13.15,1.0,0.52687,0.01747,0.02163,0.13226,0.00284,0.0,0.04391,9156,5182,0.56597
04235_01325,42.35,13.25,1.0,0.41883,0.0,0.01137,0.08549,0.0,0.0,0.05433,9147,3935,0.4302
04235_01335,42.35,13.35,1.0,0.14016,0.06659,0.0,0.17171,0.0,0.0,0.08995,9161,1894,0.20675
04235_01345,42.35,13.45,1.0,0.04602,0.04537,0.02088,0.10647,0.0,0.0,0.12079,9148,1027,0.11227
04235_01355,42.35,13.55,1.0,0.03715,0.07638,0.01136,0.5106,0.0,0.0,0.10621,9152,1143,0.12489
04235_01365,42.35,13.65,1.0,0.03158,0.04906,0.01191,0.70039,0.0,0.0,0.05758,9152,847,0.09255
04235_01375,42.35,13.75,1.0,0.23318,0.00623,0.00109,0.47128,0.0,0.0,0.13172,9156,2202,0.2405
04235_01385,42.35,13.85,1.0,0.3585,0.00677,0.0,0.07616,0.0,0.0,0.13101,9152,3343,0.36527
04235_01395,42.35,13.95,1.0,0.08456,0.0,0.0,0.0,0.0,0.0,0.00317,9153,774,0.08456
04235_01405,42.35,14.05,1.0,0.04984,0.0,0.0,0.0,0.0,0.0,0.0,9150,456,0.04984
04235_01415,42.35,14.15,1.0,0.01595,0.0,0.0,0.0,0.0,0.0,0.01529,9156,146,0.01595
04235_01425,42.35,14.25,1.0,0.00765,0.0,0.0,0.0,0.0,0.0,0.0,9154,70,0.00765
04235_01435,42.35,14.35,0.883,0.03573,0.0,0.0,0.0,0.0,0.0,0.0,9151,327,0.03573
04235_01445,42.35,14.45,0.1665,0.02305,0.00273,0.0,0.0,0.0,0.0,0.0,9153,236,0.02578
04245_01115,42.45,11.15,0.4837,0.13408,0.00941,0.0,0.0,0.0,0.09154,0.0,9144,1312,0.14349
04245_01125,42.45,11.25,0.8669,0.10199,0.0528,0.01972,0.0,0.0,0.15535,0.0,9128,1593,0.17451
04245_01135,42.45,11.35,0.9771,0.24331,0.0,0.00066,0.0,0.0,0.19314,0.0,9149,2232,0.24397
04245_01145,42.45,11.45,1.0,0.26659,0.0,0.0,0.0,0.0,0.01807,0.0,9130,2434,0.26659
04245_01155,42.45,11.55,1.0,0.2102,0.0,0.0,0.0,0.0,0.02803,0.00274,9134,1920,0.2102
04245_01165,42.45,11.65,1.0,0.17024,0.0,0.0,0.0,0.0,0.0,0.02099,9146,1557,0.17024
04245_01175,42.45,11.75,1.0,0.16162,0.0,0.0,0.0,0.0,0.0,0.0081,9139,1477,0.16162
04245_01185,42.45,11.85,1.0,0.14839,0.00558,0.0,0.0,0.0,0.0,0.01116,9138,1407,0.15397
04245_01195,42.45,11.95,1.0,0.07794,0.0,0.0,0.0,0.0,0.0,0.01073,9135,712,0.07794
04245_01205,42.45,12.05,1.0,0.00405,0.0,0.0,0.0,0.0,0.0,0.0,9135,37,0.00405
04245_01215,42.45,12.15,1.0,0.1785,0.00197,0.0,0.0,0.0,0.0,0.00766,9143,1650,0.18047
04245_01225,42.45,12.25,1.0,0.27702,0.0,0.0,0.0,0.0,0.0,0.00175,9133,2530,0.27702
04245_01235,42.45,12.35,1.0,0.21057,0.0,0.0,0.0,0.0,0.0,0.0,9142,1925,0.21057
04245_01245,42.45,12.45,1.0,0.16181,0.0,0.0,0.0,0.0,0.00252,0.0,9134,1478,0.16181
04245_01255,42.45,12.55,1.0,0.47457,0.00842,0.05645,0.0,0.0,0.0,0.00941,9141,4931,0.53944
04245_01265,42.45,12.65,1.0,0.51001,0.0081,0.02331,0.0,0.0,0.00963,0.0674,9139,4948,0.54142
04245_01275,42.45,12.75,1.0,0.53742,0.00317,0.00383,0.02505,0.0,0.0,0.02954,9140,4976,0.54442
04245_01285,42.45,12.85,1.0,0.10312,0.0,0.0035,0.0,0.0,0.0,0.00296,9135,974,0.10662
04245_01295,42.45,12.95,1.0,0.65598,0.0,0.01849,0.0,0.0,0.0,0.02353,9139,6164,0.67447
04245_01305,42.45,13.05,1.0,0.67239,0.01739,0.01542,0.02253,0.0,0.0,0.05688,9142,6447,0.7052
04245_01315,42.45,13.15,1.0,0.47158,0.02574,0.00646,0.13054,0.0,0.0,0.05147,9131,4600,0.50378
04245_01325,42.45,13.25,1.0,0.30218,0.01203,0.02372,0.33793,0.0,0.0,0.0574,9147,3091,0.33793
04245_01335,42.45,13.35,1.0,0.15332,0.05848,0.03822,0.40138,0.0,0.0,0.10536,9131,2283,0.25002
04245_01345,42.45,13.45,1.0,0.23042,0.03096,0.00449,0.48731,0.0,0.0,0.06302,9140,2430,0.26587
04245_01355,42.45,13.55,1.0,0.17538,0.04179,0.00766,0.33895,0.0,0.0,0.03315,9140,2055,0.22483
04245_01365,42.45,13.65,1.0,0.29853,0.00821,0.00405,0.37021,0.00755,0.0,0.02648,9138,2840,0.31079
04245_01375,42.45,13.75,1.0,0.39573,0.01992,0.02375,0.14548,0.0,0.0,0.02518,9135,4014,0.4394
04245_01385,42.45,13.85,1.0,0.26463,0.01958,0.00799,0.0,0.0,0.0,0.0291,9141,2671,0.2922
04245_01395,42.45,13.95,1.0,0.09984,0.0,0.0,0.0,0.0,0.0,0.00328,9135,912,0.09984
04245_01405,42.45,14.05,1.0,0.05373,0.0,0.0,0.0,0.0,0.0,0.0,9138,491,0.05373
04245_01415,42.45,14.15,0.9821,0.01094,0.0,0.00525,0.0,0.0,0.0,0.0,9140,148,0.01619
04245_01425,42.45,14.25,0.4928,0.0,0.0,0.0,0.0,0.0,0.0,0.0,9134,0,0.0
04255_01005,42.55,10.05,0.1044,0.0,0.0,0.0,0.0,0.0,0.04422,0.0,9091,0,0.0
04255_01115,42.55,11.15,0.4725,0.07075,0.00307,0.0,0.0,0.0,0.043,0.0,9117,673,0.07382
04255_01125,42.55,11.25,1.0,0.01819,0.0,0.0,0.0,0.0,0.01052,0.0,9127,166,0.01819
04255_01135,42.55,11.35,1.0,0.33779,0.0,0.0,0.0,0.0,0.00219,0.00153,9124,3082,0.33779
04255_01145,42.55,11.45,1.0,0.24172,0.0,0.0,0.0,0.0,0.00395,0.0,9118,2204,0.24172
04255_01155,42.55,11.55,1.0,0.49666,0.0,0.0,0.0,0.0,0.0,0.00088,9129,4534,0.49666
04255_01165,42.55,11.65,1.0,0.34396,0.0,0.0,0.0,0.0,0.0,0.0,9129,3140,0.34396
04255_01175,42.55,11.75,1.0,0.1782,0.0,0.0,0.0,0.0,0.0,0.00373,9119,1625,0.1782
04255_01185,42.55,11.85,1.0,0.07554,0.0,0.0,0.0,0.0,0.0,0.0,9121,689,0.07554
04255_01195,42.55,11.95,1.0,0.04567,0.0,0.0,0.0,0.0,0.0,0.0,9130,417,0.04567
04255_01205,42.55,12.05,1.0,0.07029,0.0,0.0,0.0,0.0,0.0,0.0,9119,641,0.07029
04255_01215,42.55,12.15,1.0,0.18075,0.0,0.0,0.0,0.0,0.0,0.0,9123,1649,0.18075
04255_01225,42.55,12.25,1.0,0.17728,0.0,0.0,0.0,0.0,0.0,0.03298,9127,1618,0.17728
04255_01235,42.55,12.35,1.0,0.38437,0.0,0.00153,0.0,0.0,0.00625,0.00252,9124,3521,0.3859
04255_01245,42.55,12.45,1.0,0.3458,0.0,0.0,0.0,0.0,0.00482,0.00417,9121,3154,0.3458
04255_01255,42.55,12.55,1.0,0.11187,0.0,0.0,0.0,0.0,0.0,0.00394,9127,1021,0.11187
04255_01265,42.55,12.65,1.0,0.12616,0.0,0.02565,0.0,0.0,0.0,0.0365,9123,1385,0.15181
04255_01275,42.55,12.75,1.0,0.48443,0.02401,0.04496,0.0,0.0,0.0,0.01579,9120,5047,0.5534
04255_01285,42.55,12.85,1.0,0.6362,0.0,0.06366,0.04263,0.0,0.0,0.07594,9126,6387,0.69986
04255_01295,42.55,12.95,1.0,0.63768,0.0,0.0034,0.05735,0.0,0.0,0.01667,9119,5846,0.64108
04255_01305,42.55,13.05,1.0,0.52675,0.05229,0.0148,0.03859,0.00417,0.0,0.0308,9122,5417,0.59384
04255_01315,42.55,13.15,1.0,0.53122,0.02519,0.01785,0.06473,0.0,0.0,0.0529,9130,5243,0.57426
04255_01325,42.55,13.25,1.0,0.54941,0.02095,0.0,0.09872,0.0,0.0,0.01568,9117,5200,0.57036
04255_01335,42.55,13.35,1.0,0.27296,0.0229,0.02181,0.17916,0.0,0.0,0.26901,9126,2899,0.31767
04255_01345,42.55,13.45,1.0,0.76369,0.01106,0.00909,0.12412,0.0,0.0,0.0768,9128,7155,0.78384
04255_01355,42.55,13.55,1.0,0.69565,0.00318,0.00428,0.11435,0.0,0.0,0.12729,9121,6413,0.70311
04255_01365,42.55,13.65,1.0,0.34985,0.00285,0.01293,0.02828,0.0,0.0,0.02488,9124,3336,0.36563
04255_01375,42.55,13.75,1.0,0.36614,0.0,0.00888,0.0,0.0,0.0,0.00778,9125,3422,0.37502
04255_01385,42.55,13.85,1.0,0.10371,0.0,0.0,0.0,0.0,0.0,0.0308,9122,946,0.10371
04255_01395,42.55,13.95,1.0,0.0298,0.0,0.0,0.0,0.0,0.0,0.07385,9126,272,0.0298
04255_01405,42.55,14.05,0.9698,0.02959,0.0,0.0,0.0,0.0,0.0,0.00077,9126,270,0.02959
04255_01415,42.55,14.15,0.2885,0.01053,0.0,0.00055,0.0,0.0,0.0,0.0,9119,101,0.01108
04265_01105,42.65,11.05,0.5862,0.08043,0.1057,0.0,0.0,0.0,0.08153,0.0,9101,1694,0.18613
04265_01115,42.65,11.15,0.9995,0.28908,0.0,0.0,0.0,0.0,0.03015,0.0,9122,2637,0.28908
04265_01125,42.65,11.25,1.0,0.31443,0.0,0.0,0.0,0.0,0.0,0.00252,9118,2867,0.31443
04265_01135,42.65,11.35,1.0,0.2715,0.0,0.0,0.0,0.0,0.0,0.01243,9094,2469,0.2715
04265_01145,42.65,11.45,1.0,0.14735,0.0,0.0,0.0,0.0,0.0,0.00713,9121,1344,0.14735
04265_01155,42.65,11.55,1.0,0.22298,0.0,0.0,0.0,0.0,0.0,0.01538,9104,2030,0.22298
04265_01165,42.65,11.65,1.0,0.31418,0.0,0.0,0.0,0.0,0.0,0.00736,9103,2860,0.31418
04265_01175,42.65,11.75,1.0,0.27346,0.0,0.0,0.0,0.0,0.0,0.00922,9113,2492,0.27346
04265_01185,42.65,11.85,1.0,0.16019,0.0,0.0,0.0,0.0,0.0,0.0,9114,1460,0.16019
04265_01195,42.65,11.95,1.0,0.12397,0.0,0.0,0.0,0.0,0.0,0.0,9107,1129,0.12397
04265_01205,42.65,12.05,1.0,0.14634,0.0,0.0,0.0,0.0,0.0,0.00011,9109,1333,0.14634
04265_01215,42.65,12.15,1.0,0.22549,0.0,0.0,0.00911,0.0,0.0,0.04819,9109,2054,0.22549
04265_01225,42.65,12.25,1.0,0.16568,0.0,0.0,0.0,0.0,0.0,0.05841,9108,1509,0.16568
04265_01235,42.65,12.35,1.0,0.68764,0.00439,0.02558,0.00274,0.0,0.0,0.0191,9108,6536,0.71761
04265_01245,42.65,12.45,1.0,0.16775,0.0,0.0,0.0,0.0,0.0,0.0045,9115,1529,0.16775
04265_01255,42.65,12.55,1.0,0.31939,0.0067,0.00637,0.0,0.0,0.0,0.05532,9111,3029,0.33246
04265_01265,42.65,12.65,1.0,0.49171,0.03174,0.11686,0.02219,0.0,0.0,0.11192,9105,5830,0.64031
04265_01275,42.65,12.75,1.0,0.63351,0.01054,0.01669,0.00274,0.0,0.00318,0.05479,9108,6018,0.66074
04265_01285,42.65,12.85,1.0,0.63253,0.0,0.02656,0.04939,0.0,0.02382,0.054,9111,6005,0.65909
04265_01295,42.65,12.95,1.0,0.56323,0.00296,0.0,0.05477,0.0,0.0,0.07212,9110,5158,0.56619
04265_01305,42.65,13.05,1.0,0.48539,0.00538,0.0,0.12742,0.0,0.0,0.10633,9104,4468,0.49077
04265_01315,42.65,13.15,1.0,0.48223,0.02995,0.02337,0.23447,0.0,0.0,0.04213,9114,4881,0.53555
04265_01325,42.65,13.25,1.0,0.55642,0.00406,0.0,0.01054,0.0,0.0,0.02283,9110,5106,0.56048
04265_01335,42.65,13.35,1.0,0.40705,0.01076,0.0113,0.11765,0.0,0.0,0.01921,9112,3910,0.42911
04265_01345,42.65,13.45,1.0,0.64774,0.00472,0.00769,0.10951,0.0,0.0,0.08095,9104,6010,0.66015
04265_01355,42.65,13.55,1.0,0.639,0.00022,0.0,0.01757,0.0,0.0,0.07784,9108,5822,0.63922
04265_01365,42.65,13.65,1.0,0.26081,0.00955,0.00088,0.03996,0.0,0.0,0.00955,9110,2471,0.27124
04265_01375,42.65,13.75,1.0,0.07026,0.0,0.0,0.0,0.0,0.0,0.01877,9109,640,0.07026
04265_01385,42.65,13.85,1.0,0.04863,0.0,0.0,0.0,0.0,0.0,0.03052,9110,443,0.04863
04265_01395,42.65,13.95,1.0,0.02635,0.0,0.0,0.0,0.0,0.0,0.00549,9107,240,0.02635
04265_01405,42.65,14.05,0.395,0.00802,0.0,0.0,0.0,0.0,0.0,0.0,9107,73,0.00802
04275_01015,42.75,10.15,0.5866,0.13393,0.01989,0.01494,0.0,0.0,0.36465,0.0,9102,1536,0.16876
04275_01025,42.75,10.25,0.5772,0.16563,0.00427,0.04889,0.0,0.0,0.23665,0.0,9123,1996,0.21879
04275_01035,42.75,10.35,0.5486,0.04845,0.02962,0.05792,0.01178,0.0,0.12499,0.04085,9081,1235,0.13599
04275_01045,42.75,10.45,0.2092,0.01787,0.01886,0.01502,0.00351,0.0,0.10316,0.01096,9122,472,0.05175
04275_01075,42.75,10.75,0.0917,0.06728,0.0044,0.0,0.0,0.0,0.00934,0.0,9096,652,0.07168
04275_01085,42.75,10.85,0.3246,0.02725,0.03473,0.0,0.0,0.0,0.10527,0.00429,9100,564,0.06198
04275_01095,42.75,10.95,0.6663,0.0,0.07772,0.0,0.0,0.0,0.00418,0.01242,9097,707,0.07772
04275_01105,42.75,11.05,1.0,0.0,0.02298,0.0,0.0,0.0,0.0,0.00143,9093,209,0.02298
04275_01115,42.75,11.15,1.0,0.01531,0.0,0.0,0.0,0.0,0.00804,0.0,9079,139,0.01531
04275_01125,42.75,11.25,1.0,0.18318,0.0,0.0,0.0,0.0,0.04024,0.00418,9095,1666,0.18318
04275_01135,42.75,11.35,1.0,0.37925,0.0,0.0,0.0,0.0,0.00022,0.0,9097,3450,0.37925
04275_01145,42.75,11.45,1.0,0.43641,0.0033,0.00605,0.00352,0.0,0.0,0.0,9097,4055,0.44576
04275_01155,42.75,11.55,1.0,0.352,0.00539,0.04158,0.00099,0.0,0.0,0.00891,9091,3627,0.39897
04275_01165,42.75,11.65,1.0,0.51248,0.03134,0.07675,0.0,0.0,0.0,0.05113,9095,5644,0.62057
04275_01175,42.75,11.75,1.0,0.2577,0.0,0.02188,0.0,0.0,0.0,0.02748,9096,2543,0.27958
04275_01185,42.75,11.85,1.0,0.20458,0.01034,0.01199,0.0,0.0,0.00044,0.00297,9092,2063,0.22691
04275_01195,42.75,11.95,1.0,0.50737,0.00748,0.0231,0.0,0.0,0.00231,0.00924,9092,4891,0.53795
04275_01205,42.75,12.05,1.0,0.28025,0.0,0.0,0.0,0.0,0.0,0.03055,9099,2550,0.28025
04275_01215,42.75,12.15,1.0,0.40934,0.0,0.00319,0.0,0.0,0.0,0.0222,9100,3754,0.41253
04275_01225,42.75,12.25,1.0,0.52975,0.00242,0.0044,0.0,0.0,0.0,0.0649,9091,4878,0.53657
04275_01235,42.75,12.35,1.0,0.41965,0.0,0.00539,0.0,0.0,0.0,0.00055,9098,3867,0.42504
04275_01245,42.75,12.45,1.0,0.16799,0.0,0.00451,0.0,0.0,0.0,0.00374,9090,1568,0.1725
04275_01255,42.75,12.55,1.0,0.33949,0.00517,0.01342,0.05314,0.0,0.0,0.07679,9090,3255,0.35808
04275_01265,42.75,12.65,1.0,0.14166,0.0333,0.12342,0.00725,0.0,0.0,0.00571,9099,2715,0.29838
04275_01275,42.75,12.75,1.0,0.2976,0.02232,0.04606,0.0,0.0,0.0,0.01385,9096,3329,0.36598
04275_01285,42.75,12.85,1.0,0.55883,0.02463,0.0287,0.02892,0.0,0.0,0.12965,9094,5567,0.61216
04275_01295,42.75,12.95,1.0,0.56656,0.01517,0.01022,0.05639,0.0,0.00451,0.11751,9097,5385,0.59195
04275_01305,42.75,13.05,1.0,0.49335,0.00264,0.0,0.00011,0.0,0.0,0.03309,9097,4512,0.49599
04275_01315,42.75,13.15,1.0,0.33157,0.0,0.0,0.21771,0.0,0.0,0.03322,9090,3014,0.33157
04275_01325,42.75,13.25,1.0,0.47418,0.0033,0.0222,0.27319,0.0,0.0,0.07308,9100,4547,0.49968
04275_01335,42.75,13.35,1.0,0.71763,0.0,0.01903,0.02277,0.0,0.0,0.18821,9091,6697,0.73666
04275_01345,42.75,13.45,1.0,0.68723,0.0,0.00011,0.0,0.0,0.0,0.10931,9093,6250,0.68734
04275_01355,42.75,13.55,1.0,0.67366,0.01275,0.02462,0.14948,0.0,0.0,0.10068,9098,6469,0.71103
04275_01365,42.75,13.65,1.0,0.44085,0.01033,0.02661,0.0122,0.0,0.0,0.02001,9096,4346,0.47779
04275_01375,42.75,13.75,1.0,0.05739,0.0,0.0,0.0,0.0,0.0,0.0033,9096,522,0.05739
04275_01385,42.75,13.85,1.0,0.01682,0.0,0.0,0.0,0.0,0.0,0.01781,9095,153,0.01682
04275_01395,42.75,13.95,0.7334,0.0133,0.0,0.0,0.0,0.0,0.0,0.00022,9095,121,0.0133
04285_01015,42.85,10.15,0.0597,0.0372,0.0,0.0,0.0,0.0,0.00836,0.0,9087,338,0.0372
04285_01025,42.85,10.25,0.077,0.03516,0.00132,0.00516,0.0,0.0,0.0189,0.0,9102,379,0.04164
04285_01035,42.85,10.35,0.1791,0.03057,0.0,0.00594,0.01616,0.0,0.07653,0.0,9095,332,0.03651
04285_01045,42.85,10.45,0.2241,0.06949,0.0,0.0,0.00607,0.0,0.08582,0.01357,9066,630,0.06949
04285_01075,42.85,10.75,0.2896,0.13,0.02128,0.0,0.0,0.0,0.06065,0.0,9069,1372,0.15128
04285_01085,42.85,10.85,1.0,0.66612,0.0,0.0,0.0,0.0,0.22061,0.0,9075,6045,0.66612
04285_01095,42.85,10.95,1.0,0.41735,0.0065,0.0,0.0,0.0,0.13743,0.0,9081,3849,0.42385
04285_01105,42.85,11.05,1.0,0.02059,0.0,0.0,0.0,0.0,0.04161,0.0,9084,187,0.02059
04285_01115,42.85,11.15,1.0,0.26766,0.0,0.03962,0.0,0.0,0.14044,0.00627,9086,2792,0.30728
04285_01125,42.85,11.25,1.0,0.17526,0.0,0.00463,0.0,0.0,0.00551,0.01411,9072,1632,0.17989
04285_01135,42.85,11.35,1.0,0.18451,0.0,0.0,0.0,0.0,0.0,0.01804,9089,1677,0.18451
04285_01145,42.85,11.45,1.0,0.3579,0.01564,0.04627,0.02159,0.0,0.0,0.0,9078,3811,0.41981
04285_01155,42.85,11.55,1.0,0.56379,0.03335,0.03313,0.03434,0.0,0.0,0.0044,9085,5726,0.63027
04285_01165,42.85,11.65,1.0,0.5322,0.08134,0.14496,0.02389,0.0,0.0,0.00914,9085,6891,0.7585
04285_01175,42.85,11.75,1.0,0.06501,0.01355,0.00463,0.02016,0.0,0.0,0.04628,9076,755,0.08319
04285_01185,42.85,11.85,1.0,0.25851,0.01289,0.02181,0.00859,0.0,0.0,0.08624,9079,2662,0.29321
04285_01195,42.85,11.95,1.0,0.47825,0.00705,0.02676,0.00451,0.0,0.0,0.03083,9081,4650,0.51206
04285_01205,42.85,12.05,1.0,0.33546,0.0,0.0,0.0,0.0,0.0,0.04849,9074,3044,0.33546
04285_01215,42.85,12.15,1.0,0.66314,0.0,0.02257,0.0,0.0,0.0,0.03271,9081,6227,0.68571
04285_01225,42.85,12.25,1.0,0.62131,0.00066,0.03424,0.0,0.0,0.0,0.08399,9084,5961,0.65621
04285_01235,42.85,12.35,1.0,0.177,0.0,0.0,0.0,0.0,0.0,0.01223,9079,1607,0.177
04285_01245,42.85,12.45,1.0,0.21716,0.0,0.0,0.0,0.0,0.0,0.0,9081,1972,0.21716
04285_01255,42.85,12.55,1.0,0.24915,0.0,0.01497,0.03061,0.0,0.00275,0.06474,9083,2399,0.26412
04285_01265,42.85,12.65,1.0,0.00154,0.0,0.04758,0.0,0.0,0.0,0.00529,9079,446,0.04912
04285_01275,42.85,12.75,1.0,0.15606,0.0,0.03436,0.03733,0.0,0.0,0.00628,9080,1729,0.19042
04285_01285,42.85,12.85,1.0,0.57725,0.00639,0.02588,0.14283,0.0,0.0,0.05021,9081,5535,0.60952
04285_01295,42.85,12.95,1.0,0.53883,0.01014,0.00452,0.02567,0.0,0.01179,0.11127,9077,5024,0.55349
04285_01305,42.85,13.05,1.0,0.37591,0.02566,0.00462,0.08148,0.0,0.0,0.17034,9082,3689,0.40619
04285_01315,42.85,13.15,1.0,0.42488,0.01189,0.01816,0.29081,0.0,0.0,0.03368,9085,4133,0.45493
04285_01325,42.85,13.25,1.0,0.11561,0.02909,0.03427,0.36357,0.0,0.0,0.03251,9074,1624,0.17897
04285_01335,42.85,13.35,1.0,0.69306,0.00496,0.00991,0.03954,0.0,0.0,0.08216,9080,6428,0.70793
04285_01345,42.85,13.45,1.0,0.41836,0.01585,0.08466,0.02158,0.0,0.0,0.18067,9083,4713,0.51887
04285_01355,42.85,13.55,1.0,0.29163,0.00551,0.0554,0.00837,0.0,0.0,0.10529,9080,3201,0.35254
04285_01365,42.85,13.65,1.0,0.06399,0.0,0.0,0.0,0.0,0.0,0.04537,9080,581,0.06399
04285_01375,42.85,13.75,1.0,0.02974,0.0,0.0,0.0,0.0,0.0,0.02588,9080,270,0.02974
04285_01385,42.85,13.85,1.0,0.02181,0.0,0.0,0.0,0.0,0.0,0.00782,9077,198,0.02181
04285_01395,42.85,13.95,0.3004,0.0,0.0,0.0,0.0,0.0,0.0,0.00022,9079,0,0.0
04295_01045,42.95,10.45,0.0704,0.04888,0.0,0.0,0.0,0.0,0.0188,0.0,9043,442,0.04888
04295_01055,42.95,10.55,0.6047,0.07163,0.0,0.00143,0.0,0.0,0.00143,0.00429,9089,664,0.07306
04295_01065,42.95,10.65,0.4843,0.03694,0.00044,0.01345,0.0,0.0,0.0,0.0,9068,461,0.05083
04295_01075,42.95,10.75,0.785,0.45959,0.00927,0.0,0.0,0.0,0.0,0.0,9058,4247,0.46886
04295_01085,42.95,10.85,1.0,0.19546,0.0011,0.00507,0.0,0.0,0.08427,0.00265,9066,1828,0.20163
04295_01095,42.95,10.95,1.0,0.3875,0.00176,0.01973,0.0,0.0,0.03858,0.0032,9071,3710,0.40899
04295_01105,42.95,11.05,1.0,0.09498,0.0,0.0,0.0,0.0,0.01344,0.0,9076,862,0.09498
04295_01115,42.95,11.15,1.0,0.33411,0.02934,0.01897,0.0,0.0,0.17141,0.00739,9066,3467,0.38242
04295_01125,42.95,11.25,1.0,0.36751,0.0,0.03819,0.0,0.0,0.00055,0.0,9061,3676,0.4057
04295_01135,42.95,11.35,1.0,0.20461,0.0,0.00552,0.0,0.0,0.0,0.00055,9066,1905,0.21013
04295_01145,42.95,11.45,1.0,0.21302,0.0,0.0,0.0,0.0,0.0,0.02107,9065,1931,0.21302
04295_01155,42.95,11.55,1.0,0.2672,0.04169,0.03705,0.0,0.0,0.0,0.02647,9068,3137,0.34594
04295_01165,42.95,11.65,1.0,0.28237,0.07948,0.14141,0.0,0.0,0.0,0.07804,9059,4559,0.50326
04295_01175,42.95,11.75,1.0,0.11116,0.00915,0.01709,0.0,0.0,0.0,0.04488,9068,1246,0.1374
04295_01185,42.95,11.85,1.0,0.45932,0.00386,0.03958,0.00606,0.0,0.0,0.03947,9070,4560,0.50276
04295_01195,42.95,11.95,1.0,0.23404,0.0,0.0021,0.00397,0.0,0.0,0.00033,9067,2141,0.23614
04295_01205,42.95,12.05,1.0,0.51572,0.0032,0.0043,0.0,0.0,0.0,0.0075,9067,4744,0.52322
04295_01215,42.95,12.15,1.0,0.56351,0.0,0.03532,0.0,0.0,0.0,0.05044,9061,5426,0.59883
04295_01225,42.95,12.25,1.0,0.34924,0.01334,0.02095,0.0,0.0,0.01753,0.05633,9071,3479,0.38353
04295_01235,42.95,12.35,1.0,0.00287,0.0,0.0,0.0,0.0,0.0,0.0,9059,26,0.00287
04295_01245,42.95,12.45,1.0,0.40798,0.00298,0.06903,0.0,0.0,0.01422,0.0,9069,4353,0.47999
04295_01255,42.95,12.55,1.0,0.2436,0.00474,0.08745,0.0,0.0,0.00562,0.0,9068,3045,0.33579
04295_01265,42.95,12.65,1.0,0.00232,0.0,0.0,0.0,0.0,0.0,0.0,9068,21,0.00232
04295_01275,42.95,12.75,1.0,0.32351,0.01556,0.0117,0.01379,0.0,0.0,0.0406,9063,3179,0.35077
04295_01285,42.95,12.85,1.0,0.53486,0.02581,0.03706,0.08195,0.0,0.0,0.03111,9066,5419,0.59773
04295_01295,42.95,12.95,1.0,0.42937,0.01103,0.0,0.12879,0.0,0.0,0.07608,9069,3994,0.4404
04295_01305,42.95,13.05,1.0,0.38303,0.00828,0.05617,0.05109,0.0,0.0,0.08309,9062,4055,0.44748
04295_01315,42.95,13.15,1.0,0.40243,0.05008,0.03144,0.26222,0.0,0.0,0.09388,9065,4387,0.48395
04295_01325,42.95,13.25,1.0,0.36546,0.01081,0.00176,0.3981,0.0,0.0,0.07686,9068,3428,0.37803
04295_01335,42.95,13.35,1.0,0.33311,0.00617,0.03617,0.0118,0.0,0.0,0.05138,9069,3405,0.37545
04295_01345,42.95,13.45,1.0,0.34459,0.01986,0.00386,0.0,0.0,0.0,0.07315,9063,3338,0.36831
04295_01355,42.95,13.55,1.0,0.25386,0.0,0.00199,0.0,0.0,0.0,0.0705,9064,2319,0.25585
04295_01365,42.95,13.65,1.0,0.05041,0.0,0.0,0.0,0.0,0.0,0.08427,9066,457,0.05041
04295_01375,42.95,13.75,1.0,0.07503,0.0,0.0,0.0,0.0,0.0,0.04094,9063,680,0.07503
04295_01385,42.95,13.85,0.8753,0.03825,0.0,0.0,0.0,0.0,0.0,0.02723,9071,347,0.03825
04305_00985,43.05,9.85,0.2053,0.00388,0.0,0.0,0.0,0.0,0.18902,0.0,9015,35,0.00388
04305_01055,43.05,10.55,0.7167,0.08046,0.00288,0.04427,0.0,0.0,0.01372,0.0,9036,1153,0.12761
04305_01065,43.05,10.65,1.0,0.15932,0.0,0.00309,0.0,0.0,0.05381,0.00177,9051,1470,0.16241
04305_01075,43.05,10.75,1.0,0.63695,0.00442,0.00685,0.0,0.0,0.04574,0.00199,9051,5867,0.64822
04305_01085,43.05,10.85,1.0,0.46965,0.01203,0.03808,0.0,0.0,0.06325,0.00121,9060,4709,0.51976
04305_01095,43.05,10.95,1.0,0.73594,0.00442,0.03469,0.0,0.0,0.0,0.0053,9051,7015,0.77505
04305_01105,43.05,11.05,1.0,0.76198,0.0,0.02048,0.0,0.0,0.00144,0.05391,9033,7068,0.78246
04305_01115,43.05,11.15,1.0,0.63872,0.01964,0.06729,0.0,0.0,0.01986,0.02592,9065,6578,0.72565
04305_01125,43.05,11.25,1.0,0.4333,0.12412,0.14576,0.0,0.0,0.09541,0.06029,9056,6368,0.70318
04305_01135,43.05,11.35,1.0,0.54966,0.0,0.02477,0.0,0.0,0.00111,0.02787,9042,5194,0.57443
04305_01145,43.05,11.45,1.0,0.53107,0.0,0.0,0.0,0.0,0.0,0.01666,9061,4812,0.53107
04305_01155,43.05,11.55,1.0,0.27808,0.00221,0.0052,0.0,0.0,0.0,0.00896,9044,2582,0.28549
04305_01165,43.05,11.65,1.0,0.04761,0.0,0.00011,0.0,0.0,0.0,0.02055,9053,432,0.04772
04305_01175,43.05,11.75,1.0,0.17952,0.0,0.00928,0.0,0.0,0.0,0.11125,9052,1709,0.1888
04305_01185,43.05,11.85,1.0,0.26954,0.00365,0.00509,0.0,0.0,0.0,0.03958,9045,2517,0.27828
04305_01195,43.05,11.95,1.0,0.05952,0.0,0.0,0.00055,0.0,0.0,0.01524,9056,539,0.05952
04305_01205,43.05,12.05,1.0,0.14171,0.0,0.0,0.0,0.0,0.0,0.0,9054,1283,0.14171
04305_01215,43.05,12.15,1.0,0.2611,0.0,0.0,0.0,0.0,0.02121,0.00464,9054,2364,0.2611
04305_01225,43.05,12.25,1.0,0.09993,0.0,0.00674,0.0,0.0,0.0,0.00122,9046,965,0.10667
04305_01235,43.05,12.35,1.0,0.01226,0.00795,0.0,0.0,0.0,0.0,0.00298,9055,183,0.02021
04305_01245,43.05,12.45,1.0,0.0348,0.00144,0.0,0.0,0.0,0.04175,0.0,9053,328,0.03624
04305_01255,43.05,12.55,1.0,0.01493,0.0,0.0,0.0,0.0,0.0,0.0,9045,135,0.01493
04305_01265,43.05,12.65,1.0,0.17416,0.02542,0.10708,0.0,0.0,0.0,0.05525,9049,2775,0.30666
04305_01275,43.05,12.75,1.0,0.49354,0.00939,0.02043,0.00751,0.0,0.0,0.01513,9055,4739,0.52336
04305_01285,43.05,12.85,1.0,0.34755,0.02364,0.00884,0.05999,0.0,0.0,0.02629,9052,3440,0.38003
04305_01295,43.05,12.95,1.0,0.48691,0.0032,0.0,0.11278,0.0,0.0,0.06307,9053,4437,0.49011
04305_01305,43.05,13.05,1.0,0.31536,0.0,0.01702,0.04652,0.0,0.0,0.08519,9050,3008,0.33238
04305_01315,43.05,13.15,1.0,0.30036,0.00917,0.04851,0.18687,0.0,0.0,0.15571,9049,3240,0.35804
04305_01325,43.05,13.25,1.0,0.44367,0.00309,0.00928,0.16468,0.0,0.0,0.0708,9054,4129,0.45604
04305_01335,43.05,13.35,1.0,0.19129,0.00376,0.0,0.0,0.0,0.0,0.05028,9049,1765,0.19505
04305_01345,43.05,13.45,1.0,0.14672,0.00155,0.0,0.0,0.0,0.0,0.09469,9051,1342,0.14827
04305_01355,43.05,13.55,1.0,0.10019,0.0,0.0,0.0,0.0,0.0,0.02121,9053,907,0.10019
04305_01365,43.05,13.65,1.0,0.07987,0.0,0.0,0.0,0.0,0.0,0.02662,9052,723,0.07987
04305_01375,43.05,13.75,1.0,0.03093,0.0,0.0,0.0,0.0,0.0,0.02519,9052,280,0.03093
04305_01385,43.05,13.85,0.5509,0.04775,0.0,0.0,0.0,0.0,0.0063,0.01149,9048,432,0.04775
04315_01055,43.15,10.55,0.6162,0.13112,0.03442,0.02109,0.0,0.0,0.04674,0.0,9007,1681,0.18663
04315_01065,43.15,10.65,1.0,0.69659,0.01073,0.0209,0.0,0.0,0.03284,0.01039,9044,6586,0.72822
04315_01075,43.15,10.75,1.0,0.45317,0.01747,0.01592,0.0,0.0,0.15714,0.01836,9043,4400,0.48656
04315_01085,43.15,10.85,1.0,0.58675,0.0,0.03572,0.0,0.0,0.03915,0.01261,9043,5629,0.62247
04315_01095,43.15,10.95,1.0,0.80151,0.01186,0.04344,0.0,0.0,0.00033,0.05043,9023,7731,0.85681
04315_01105,43.15,11.05,1.0,0.73763,0.0,0.00652,0.0,0.0,0.0,0.01657,9052,6736,0.74415
04315_01115,43.15,11.15,1.0,0.388,0.04272,0.06579,0.0,0.0,0.0,0.03096,9013,4475,0.49651
04315_01125,43.15,11.25,1.0,0.33919,0.2487,0.24274,0.0,0.0,0.0,0.02961,9051,7518,0.83063
04315_01135,43.15,11.35,1.0,0.55569,0.0,0.00388,0.0,0.0,0.09588,0.032,9032,5054,0.55957
04315_01145,43.15,11.45,1.0,0.09285,0.0,0.00575,0.0,0.0,0.00387,0.00354,9036,891,0.0986
04315_01155,43.15,11.55,1.0,0.25304,0.0,0.0,0.0,0.0,0.0,0.08855,9034,2286,0.25304
04315_01165,43.15,11.65,1.0,0.27206,0.0,0.00431,0.0,0.0,0.0,0.01305,9042,2499,0.27637
04315_01175,43.15,11.75,1.0,0.19402,0.00432,0.04615,0.0,0.0,0.0,0.00697,9035,2209,0.24449
04315_01185,43.15,11.85,1.0,0.0031,0.0,0.0,0.0,0.0,0.0,0.0031,9041,28,0.0031
04315_01195,43.15,11.95,1.0,0.0763,0.0,0.00354,0.0,0.0,0.0,0.0,9030,721,0.07984
04315_01205,43.15,12.05,1.0,0.02224,0.0,0.0,0.0,0.0,0.0,0.0,9039,201,0.02224
04315_01215,43.15,12.15,1.0,0.10024,0.0,0.0,0.0,0.0,0.0,0.0,9038,906,0.10024
04315_01225,43.15,12.25,1.0,0.23591,0.0,0.01705,0.00376,0.0,0.0,0.00775,9033,2285,0.25296
04315_01235,43.15,12.35,1.0,0.29485,0.01626,0.01139,0.00476,0.0,0.0,0.04479,9042,2916,0.3225
04315_01245,43.15,12.45,1.0,0.07265,0.00255,0.00111,0.0,0.0,0.0,0.02148,9030,689,0.07631
04315_01255,43.15,12.55,1.0,0.19973,0.0031,0.02057,0.0,0.0,0.0,0.01969,9042,2020,0.2234
04315_01265,43.15,12.65,1.0,0.33842,0.00288,0.00919,0.0,0.0,0.0,0.03254,9036,3167,0.35049
04315_01275,43.15,12.75,1.0,0.2323,0.0042,0.00288,0.00044,0.0,0.0,0.01593,9040,2164,0.23938
04315_01285,43.15,12.85,1.0,0.51755,0.01118,0.06465,0.08325,0.0,0.0,0.10904,9033,5360,0.59338
04315_01295,43.15,12.95,1.0,0.59066,0.01539,0.01483,0.06564,0.0,0.0,0.08601,9034,5609,0.62088
04315_01305,43.15,13.05,1.0,0.11922,0.0,0.0,0.01017,0.0,0.0,0.01626,9042,1078,0.11922
04315_01315,43.15,13.15,1.0,0.38311,0.04882,0.01406,0.20423,0.0,0.0,0.09221,9034,4029,0.44599
04315_01325,43.15,13.25,1.0,0.11393,0.00354,0.0,0.00022,0.0,0.0,0.06592,9041,1062,0.11747
04315_01335,43.15,13.35,1.0,0.05425,0.0,0.0,0.0,0.0,0.0,0.03897,9033,490,0.05425
04315_01345,43.15,13.45,1.0,0.0805,0.0,0.0,0.0,0.0,0.0,0.03638,9043,728,0.0805
04315_01355,43.15,13.55,1.0,0.00896,0.0,0.0,0.0,0.0,0.0,0.03685,9036,81,0.00896
04315_01365,43.15,13.65,1.0,0.00553,0.0,0.00542,0.0,0.0,0.0,0.02302,9036,99,0.01095
04315_01375,43.15,13.75,0.992,0.0083,0.0,0.0,0.0,0.0,0.0,0.00984,9041,75,0.0083
04315_01385,43.15,13.85,0.1746,0.0,0.0,0.0,0.0,0.0,0.00852,0.00055,9034,0,0.0
04325_01055,43.25,10.55,0.8023,0.02757,0.06045,0.01982,0.0,0.0,0.0,0.0,9033,974,0.10784
04325_01065,43.25,10.65,1.0,0.61641,0.00686,0.02314,0.0,0.0,0.01395,0.00022,9033,5839,0.64641
04325_01075,43.25,10.75,1.0,0.59091,0.00621,0.04457,0.0,0.0,0.14557,0.00388,9020,5788,0.64169
04325_01085,43.25,10.85,1.0,0.39485,0.01642,0.01998,0.0,0.0,0.11708,0.02475,9011,3886,0.43125
04325_01095,43.25,10.95,1.0,0.44816,0.03696,0.02766,0.0,0.0,0.06175,0.02789,9037,4634,0.51278
04325_01105,43.25,11.05,1.0,0.40948,0.0,0.05306,0.0,0.0,0.0,0.03563,9009,4167,0.46254
04325_01115,43.25,11.15,1.0,0.73525,0.00376,0.03564,0.0,0.0,0.0,0.02369,9035,6999,0.77465
04325_01125,43.25,11.25,1.0,0.25538,0.02752,0.02697,0.0,0.0,0.0,0.0,9010,2792,0.30987
04325_01135,43.25,11.35,1.0,0.0991,0.0,0.0,0.0,0.0,0.0,0.0,9031,895,0.0991
04325_01145,43.25,11.45,1.0,0.08841,0.0,0.0,0.0,0.0,0.0,0.01986,9015,797,0.08841
04325_01155,43.25,11.55,1.0,0.09461,0.0,0.0,0.0,0.0,0.0,0.04664,9027,854,0.09461
04325_01165,43.25,11.65,1.0,0.40237,0.01574,0.06043,0.0,0.0,0.0,0.03482,9019,4316,0.47854
04325_01175,43.25,11.75,1.0,0.10047,0.00354,0.03301,0.0,0.0,0.0,0.01163,9028,1237,0.13702
04325_01185,43.25,11.85,1.0,0.0,0.0,0.0,0.0,0.0,0.0,0.0,9019,0,0.0
04325_01195,43.25,11.95,1.0,0.0,0.0,0.00177,0.0,0.0,0.00443,0.01607,9024,16,0.00177
04325_01205,43.25,12.05,1.0,0.30347,0.0,0.12108,0.00488,0.0,0.01031,0.17374,9019,3829,0.42455
04325_01215,43.25,12.15,1.0,0.49634,0.0,0.01352,0.0031,0.0,0.03092,0.089,9022,4600,0.50986
04325_01225,43.25,12.25,1.0,0.54998,0.0,0.02305,0.00643,0.0,0.0,0.04887,9024,5171,0.57303
04325_01235,43.25,12.35,1.0,0.3469,0.0,0.0143,0.01641,0.0,0.10676,0.04446,9020,3258,0.3612
04325_01245,43.25,12.45,1.0,0.37555,0.0,0.0102,0.0,0.0,0.0,0.08843,9024,3481,0.38575
04325_01255,43.25,12.55,1.0,0.34597,0.0,0.00244,0.00377,0.0,0.0,0.09777,9021,3143,0.34841
04325_01265,43.25,12.65,1.0,0.28928,0.01019,0.01917,0.0,0.0,0.0,0.03146,9026,2876,0.31864
04325_01275,43.25,12.75,1.0,0.16973,0.03736,0.01463,0.02251,0.0,0.0,0.05565,9020,2000,0.22172
04325_01285,43.25,12.85,1.0,0.52837,0.04355,0.03557,0.12821,0.0,0.0,0.05375,9024,5482,0.60749
04325_01295,43.25,12.95,1.0,0.38344,0.0041,0.02084,0.0511,0.0,0.0,0.08037,9021,3684,0.40838
04325_01305,43.25,13.05,1.0,0.25335,0.0,0.00133,0.05034,0.0,0.0,0.03637,9019,2297,0.25468
04325_01315,43.25,13.15,1.0,0.34571,0.01829,0.01219,0.06595,0.0,0.0,0.05442,9022,3394,0.37619
04325_01325,43.25,13.25,1.0,0.03082,0.0041,0.00266,0.0,0.0,0.0,0.01929,9019,339,0.03758
04325_01335,43.25,13.35,1.0,0.0,0.0,0.0,0.0,0.0,0.0,0.02636,9029,0,0.0
04325_01345,43.25,13.45,1.0,0.0153,0.0,0.0,0.0,0.0,0.0,0.02251,9019,138,0.0153
04325_01355,43.25,13.55,1.0,0.0,0.0,0.0,0.0,0.0,0.0,0.01774,9019,0,0.0
04325_01365,43.25,13.65,1.0,0.01175,0.0,0.0,0.0,0.0,0.0,0.00421,9021,106,0.01175
04325_01375,43.25,13.75,0.6732,0.00155,0.0,0.0,0.0,0.0,0.0,0.01275,9021,14,0.00155
04335_01045,43.35,10.45,0.4952,0.00333,0.02653,0.0,0.0,0.0,0.0,0.0,9009,269,0.02986
04335_01055,43.35,10.55,1.0,0.34503,0.0,0.03577,0.0,0.0,0.01395,0.00354,9031,3439,0.3808
04335_01065,43.35,10.65,1.0,0.38657,0.0,0.0397,0.00056,0.0,0.0,0.01212,8992,3833,0.42627
04335_01075,43.35,10.75,1.0,0.3625,0.00278,0.01543,0.01266,0.0,0.01288,0.01421,9007,3429,0.38071
04335_01085,43.35,10.85,1.0,0.17676,0.0,0.01344,0.0,0.0,0.01367,0.01344,9001,1712,0.1902
04335_01095,43.35,10.95,1.0,0.4441,0.01865,0.04186,0.0,0.0,0.09659,0.04497,9007,4545,0.50461
04335_01105,43.35,11.05,1.0,0.31194,0.0,0.03148,0.0,0.0,0.02494,0.01718,9021,3098,0.34342
04335_01115,43.35,11.15,1.0,0.39549,0.0,0.06253,0.0,0.0,0.0,0.04831,9004,4124,0.45802
04335_01125,43.35,11.25,1.0,0.48144,0.0,0.00433,0.0,0.0,0.0,0.01089,8998,4371,0.48577
04335_01135,43.35,11.35,1.0,0.19898,0.0,0.01764,0.0,0.0,0.0,0.00421,9016,1953,0.21662
04335_01145,43.35,11.45,1.0,0.19165,0.00411,0.07488,0.0,0.0,0.0,0.00522,9001,2436,0.27064
04335_01155,43.35,11.55,1.0,0.44241,0.00466,0.02827,0.0,0.0,0.0,0.00443,9021,4288,0.47534
04335_01165,43.35,11.65,1.0,0.74875,0.00422,0.0622,0.0,0.0,0.0,0.06653,9003,7339,0.81517
04335_01175,43.35,11.75,1.0,0.12697,0.0,0.00889,0.0,0.0,0.0,0.01111,9002,1223,0.13586
04335_01185,43.35,11.85,1.0,0.02896,0.01099,0.00866,0.0,0.0,0.0,0.01631,9011,438,0.04861
04335_01195,43.35,11.95,1.0,0.28285,0.05559,0.08733,0.0,0.0,0.00244,0.15557,9012,3837,0.42577
04335_01205,43.35,12.05,1.0,0.66826,0.00966,0.05351,0.0,0.0,0.0,0.14478,9007,6588,0.73143
04335_01215,43.35,12.15,1.0,0.60375,0.0,0.0,0.0,0.0,0.0,0.02288,9002,5435,0.60375
04335_01225,43.35,12.25,1.0,0.33725,0.0,0.00677,0.0,0.0,0.0,0.0,9011,3100,0.34402
04335_01235,43.35,12.35,1.0,0.30656,0.0,0.01177,0.0,0.0,0.0,0.06909,9003,2866,0.31833
04335_01245,43.35,12.45,1.0,0.37845,0.0,0.04782,0.00599,0.0,0.0,0.06357,9013,3842,0.42627
04335_01255,43.35,12.55,1.0,0.11899,0.04951,0.03419,0.06549,0.0,0.0,0.03319,9009,1826,0.20269
04335_01265,43.35,12.65,1.0,0.28573,0.02565,0.0724,0.0,0.0,0.0,0.03976,9005,3456,0.38378
04335_01275,43.35,12.75,1.0,0.40882,0.01777,0.02266,0.06686,0.0,0.0,0.0974,9004,4045,0.44925
04335_01285,43.35,12.85,1.0,0.24445,0.0131,0.04085,0.02065,0.0,0.0,0.08104,9008,2688,0.2984
04335_01295,43.35,12.95,1.0,0.13577,0.01121,0.0423,0.00833,0.0,0.0,0.06516,9008,1705,0.18928
04335_01305,43.35,13.05,1.0,0.60409,0.01554,0.00744,0.0846,0.0,0.0,0.04208,9007,5648,0.62707
04335_01315,43.35,13.15,1.0,0.26835,0.0,0.0,0.01743,0.0,0.0,0.03064,9007,2417,0.26835
04335_01325,43.35,13.25,1.0,0.20468,0.00799,0.00189,0.01265,0.0,0.0,0.04804,9014,1934,0.21456
04335_01335,43.35,13.35,1.0,0.0,0.0,0.0,0.0,0.0,0.0,0.00211,9004,0,0.0
04335_01345,43.35,13.45,1.0,0.00622,0.0,0.0,0.0,0.0,0.0,0.01411,9003,56,0.00622
04335_01355,43.35,13.55,1.0,0.0,0.0,0.0,0.0,0.0,0.0,0.00988,9010,0,0.0
04335_01365,43.35,13.65,0.9602,0.0,0.0,0.0,0.0,0.0,0.0,0.00577,9009,0,0.0
04335_01375,43.35,13.75,0.1004,0.0,0.0,0.0,0.0,0.0,0.0,0.0,9003,0,0.0
04345_01035,43.45,10.35,0.3353,0.12321,0.0051,0.11745,0.0,0.0,0.00255,0.00299,9025,2218,0.24576
04345_01045,43.45,10.45,0.9884,0.13774,0.0069,0.04632,0.0,0.0,0.12215,0.02717,8981,1715,0.19096
04345_01055,43.45,10.55,1.0,0.22806,0.0,0.06188,0.0,0.0,0.02677,0.01377,9002,2610,0.28994
04345_01065,43.45,10.65,1.0,0.60403,0.0,0.00624,0.0,0.0,0.00045,0.04767,8978,5479,0.61027
04345_01075,43.45,10.75,1.0,0.1431,0.00823,0.01557,0.00934,0.0,0.0,0.00011,8994,1501,0.1669
04345_01085,43.45,10.85,1.0,0.1667,0.00067,0.0,0.0,0.0,0.02947,0.0,8992,1505,0.16737
04345_01095,43.45,10.95,1.0,0.58214,0.01913,0.02347,0.0,0.0,0.04516,0.0,8991,5617,0.62474
04345_01105,43.45,11.05,1.0,0.26065,0.0,0.0,0.0,0.0,0.00868,0.0,8989,2343,0.26065
04345_01115,43.45,11.15,1.0,0.128,0.0,0.02644,0.0,0.0,0.0,0.0,9000,1390,0.15444
04345_01125,43.45,11.25,1.0,0.3273,0.04844,0.08777,0.0,0.0,0.0,0.00289,9001,4172,0.46351
04345_01135,43.45,11.35,1.0,0.64189,0.00657,0.0602,0.0,0.0,0.0,0.0,8986,6368,0.70866
04345_01145,43.45,11.45,1.0,0.63821,0.01,0.1087,0.0,0.0,0.0,0.02345,8997,6810,0.75691
04345_01155,43.45,11.55,1.0,0.57539,0.03116,0.10971,0.0,0.0,0.0,0.01346,8987,6437,0.71626
04345_01165,43.45,11.65,1.0,0.4642,0.00634,0.04603,0.0,0.0,0.0,0.02958,8994,4646,0.51657
04345_01175,43.45,11.75,1.0,0.3751,0.0,0.04825,0.0,0.0,0.0,0.08371,8995,3808,0.42335
04345_01185,43.45,11.85,1.0,0.09195,0.00334,0.04325,0.0,0.0,0.0,0.01045,8994,1246,0.13854
04345_01195,43.45,11.95,1.0,0.52658,0.03981,0.03603,0.0,0.0,0.0,0.14146,8992,5417,0.60242
04345_01205,43.45,12.05,1.0,0.75996,0.0,0.02525,0.01424,0.0,0.0,0.03003,8990,7059,0.78521
04345_01215,43.45,12.15,1.0,0.42025,0.0,0.01223,0.0,0.0,0.0,0.02279,8997,3891,0.43248
04345_01225,43.45,12.25,1.0,0.2463,0.01535,0.02648,0.0,0.0,0.0,0.05117,8989,2590,0.28813
04345_01235,43.45,12.35,1.0,0.56659,0.01467,0.07148,0.0,0.0,0.0,0.08137,8996,5872,0.65274
04345_01245,43.45,12.45,1.0,0.33178,0.03492,0.14637,0.00278,0.0,0.0,0.04716,8991,4613,0.51307
04345_01255,43.45,12.55,1.0,0.50017,0.00278,0.02459,0.00033,0.0,0.0,0.05863,8989,4742,0.52754
04345_01265,43.45,12.65,1.0,0.44027,0.00734,0.00156,0.07086,0.0,0.0,0.18487,8990,4038,0.44917
04345_01275,43.45,12.75,1.0,0.58871,0.0,0.01223,0.09293,0.0,0.0,0.12561,8996,5406,0.60094
04345_01285,43.45,12.85,1.0,0.1743,0.02345,0.01112,0.00634,0.0,0.0,0.07248,8996,1879,0.20887
04345_01295,43.45,12.95,1.0,0.31554,0.02379,0.08939,0.0,0.0,0.0,0.15699,8994,3856,0.42872
04345_01305,43.45,13.05,1.0,0.14032,0.00923,0.05381,0.0,0.0,0.0,0.05793,8994,1829,0.20336
04345_01315,43.45,13.15,1.0,0.07542,0.0,0.0,0.0,0.0,0.0,0.02803,8990,678,0.07542
04345_01325,43.45,13.25,1.0,0.00211,0.0,0.0,0.0,0.0,0.0,0.01668,8993,19,0.00211
04345_01335,43.45,13.35,1.0,0.0,0.0,0.00523,0.0,0.0,0.0,0.00467,8992,47,0.00523
04345_01345,43.45,13.45,1.0,0.0,0.0,0.00144,0.0,0.0,0.0,0.0,8998,13,0.00144
04345_01355,43.45,13.55,1.0,0.00411,0.0,0.0,0.0,0.0,0.0,0.00712,8994,37,0.00411
04345_01365,43.45,13.65,0.5511,0.003,0.0,0.0,0.0,0.0,0.0,0.00478,8994,27,0.003
04355_01035,43.55,10.35,0.948,0.24443,0.00301,0.02082,0.0,0.0,0.01403,0.00356,8980,2409,0.26826
04355_01045,43.55,10.45,1.0,0.22467,0.0,0.09576,0.0,0.0,0.02603,0.00612,8991,2881,0.32043
04355_01055,43.55,10.55,1.0,0.13069,0.00602,0.02219,0.0,0.0,0.0,0.00691,8968,1425,0.1589
04355_01065,43.55,10.65,1.0,0.04699,0.0,0.03051,0.0,0.0,0.0,0.01804,8980,696,0.0775
04355_01075,43.55,10.75,1.0,0.16967,0.0,0.03683,0.0,0.0,0.0,0.0,8988,1856,0.2065
04355_01085,43.55,10.85,1.0,0.37839,0.01168,0.00278,0.0,0.0,0.0,0.00345,8988,3531,0.39285
04355_01095,43.55,10.95,1.0,0.32353,0.00201,0.01883,0.00524,0.0,0.01493,0.0,8976,3091,0.34437
04355_01105,43.55,11.05,1.0,0.11786,0.0,0.0262,0.0,0.0,0.0,0.01539,8968,1292,0.14406
04355_01115,43.55,11.15,1.0,0.13242,0.0,0.10814,0.0,0.0,0.0,0.0,8979,2160,0.24056
04355_01125,43.55,11.25,1.0,0.44878,0.00846,0.10067,0.0,0.0,0.0,0.00668,8980,5010,0.55791
04355_01135,43.55,11.35,1.0,0.51337,0.05406,0.05774,0.0,0.0,0.0,0.0,8972,5609,0.62517
04355_01145,43.55,11.45,1.0,0.50562,0.00523,0.03128,0.0,0.0,0.0,0.0354,8983,4870,0.54213
04355_01155,43.55,11.55,1.0,0.15279,0.00167,0.02641,0.0,0.0,0.0,0.0068,8973,1623,0.18087
04355_01165,43.55,11.65,1.0,0.24098,0.00279,0.03966,0.0,0.0,0.0,0.04545,8976,2544,0.28343
04355_01175,43.55,11.75,1.0,0.40294,0.03386,0.09522,0.0,0.0,0.0,0.08163,8979,4777,0.53202
04355_01185,43.55,11.85,1.0,0.19967,0.0,0.0941,0.0,0.0,0.0,0.07639,8980,2638,0.29377
04355_01195,43.55,11.95,1.0,0.65568,0.0,0.05013,0.0,0.0,0.0,0.07931,8977,6336,0.70581
04355_01205,43.55,12.05,1.0,0.24404,0.00479,0.00957,0.0,0.0,0.0,0.10888,8982,2321,0.2584
04355_01215,43.55,12.15,1.0,0.11953,0.01948,0.00512,0.0,0.0,0.0,0.0148,8985,1295,0.14413
04355_01225,43.55,12.25,1.0,0.54423,0.00156,0.00401,0.0,0.0,0.0,0.12277,8976,4935,0.5498
04355_01235,43.55,12.35,1.0,0.62728,0.0,0.03318,0.0,0.0,0.0,0.06359,8980,5931,0.66046
04355_01245,43.55,12.45,1.0,0.45376,0.0,0.03555,0.01415,0.0,0.0,0.10798,8974,4391,0.48931
04355_01255,43.55,12.55,1.0,0.46069,0.01481,0.03953,0.10267,0.0,0.0,0.20178,8980,4625,0.51503
04355_01265,43.55,12.65,1.0,0.3886,0.0,0.01615,0.01236,0.0,0.0,0.11213,8981,3635,0.40475
04355_01275,43.55,12.75,1.0,0.24468,0.0,0.0509,0.0,0.0,0.0,0.05279,8979,2654,0.29558
04355_01285,43.55,12.85,1.0,0.22906,0.0,0.01905,0.00067,0.0,0.0,0.04545,8976,2227,0.24811
04355_01295,43.55,12.95,1.0,0.11777,0.0,0.01994,0.00301,0.0,0.0,0.02028,8975,1236,0.13771
04355_01305,43.55,13.05,1.0,0.03629,0.0,0.0,0.0,0.0,0.0,0.01035,8982,326,0.03629
04355_01315,43.55,13.15,1.0,0.0,0.0,0.0,0.0,0.0,0.0,0.01815,8981,0,0.0
04355_01325,43.55,13.25,1.0,0.00256,0.0,0.0,0.0,0.0,0.0,0.02051,8973,23,0.00256
04355_01335,43.55,13.35,1.0,0.00022,0.0,0.0,0.0,0.0,0.0,0.01459,8979,2,0.00022
04355_01345,43.55,13.45,1.0,0.0147,0.0,0.00379,0.0,0.0,0.0,0.0,8977,166,0.01849
04355_01355,43.55,13.55,0.882,0.02763,0.01381,0.02228,0.0,0.0,0.00423,0.00613,8976,572,0.06372
04355_01365,43.55,13.65,0.1386,0.04098,0.0,0.01125,0.0,0.0,0.0,0.0,8979,469,0.05223
04365_01025,43.65,10.25,0.171,0.00056,0.01761,0.01382,0.0,0.0,0.0,0.01538,8971,287,0.03199
04365_01035,43.65,10.35,1.0,0.04193,0.10651,0.06099,0.0,0.0,0.0,0.00516,8919,1868,0.20943
04365_01045,43.65,10.45,1.0,0.00435,0.0,0.0,0.0,0.0,0.0,0.0,8972,39,0.00435
04365_01055,43.65,10.55,1.0,0.00916,0.0,0.00357,0.0,0.0,0.00637,0.01988,8954,114,0.01273
04365_01065,43.65,10.65,1.0,0.04537,0.00758,0.07993,0.0,0.0,0.0,0.00178,8970,1192,0.13288
04365_01075,43.65,10.75,1.0,0.1227,0.02363,0.1616,0.0,0.0,0.0,0.00546,8973,2763,0.30793
04365_01085,43.65,10.85,1.0,0.15961,0.00815,0.10656,0.0,0.0,0.0,0.0,8953,2456,0.27432
04365_01095,43.65,10.95,1.0,0.08435,0.0,0.03648,0.0,0.0,0.0,0.0,8963,1083,0.12083
04365_01105,43.65,11.05,1.0,0.12076,0.0,0.09099,0.0,0.0,0.0,0.00647,8968,1899,0.21175
04365_01115,43.65,11.15,1.0,0.11395,0.00625,0.04163,0.0,0.0,0.0,0.0,8960,1450,0.16183
04365_01125,43.65,11.25,1.0,0.12316,0.18758,0.11558,0.0,0.0,0.0,0.01037,8972,3825,0.42632
04365_01135,43.65,11.35,1.0,0.48683,0.09685,0.09384,0.0,0.0,0.0,0.01462,8962,6072,0.67752
04365_01145,43.65,11.45,1.0,0.23426,0.0,0.10737,0.0,0.0,0.0,0.00703,8960,3061,0.34163
04365_01155,43.65,11.55,1.0,0.29569,0.01674,0.10667,0.0,0.0,0.0,0.0771,8962,3756,0.4191
04365_01165,43.65,11.65,1.0,0.72615,0.04325,0.10009,0.03009,0.0,0.0,0.06554,8972,7801,0.86949
04365_01175,43.65,11.75,1.0,0.69162,0.02499,0.0945,0.0,0.0,0.0,0.03157,8963,7270,0.81111
04365_01185,43.65,11.85,1.0,0.44018,0.01094,0.10257,0.0,0.0,0.0,0.0356,8960,4961,0.55369
04365_01195,43.65,11.95,1.0,0.70792,0.02913,0.02768,0.01908,0.0,0.0,0.00971,8960,6852,0.76473
04365_01205,43.65,12.05,1.0,0.43654,0.01585,0.04722,0.08226,0.0,0.0,0.02958,8959,4476,0.49961
04365_01215,43.65,12.15,1.0,0.79335,0.0,0.00011,0.00312,0.0,0.0,0.00546,8967,7115,0.79346
04365_01225,43.65,12.25,1.0,0.73915,0.00167,0.0,0.0,0.0,0.0,0.04173,8963,6640,0.74082
04365_01235,43.65,12.35,1.0,0.54441,0.0,0.01328,0.0,0.0,0.0,0.08536,8962,4998,0.55769
04365_01245,43.65,12.45,1.0,0.29894,0.0,0.01562,0.0097,0.0,0.0,0.1401,8965,2820,0.31456
04365_01255,43.65,12.55,1.0,0.25518,0.01003,0.02598,0.01014,0.0,0.0,0.05797,8970,2612,0.29119
04365_01265,43.65,12.65,1.0,0.20324,0.00592,0.04319,0.00714,0.0,0.0,0.06004,8960,2261,0.25235
04365_01275,43.65,12.75,1.0,0.34665,0.05355,0.07174,0.0415,0.0,0.0,0.09729,8963,4230,0.47194
04365_01285,43.65,12.85,1.0,0.13109,0.00022,0.00145,0.0,0.0,0.0,0.04943,8963,1190,0.13276
04365_01295,43.65,12.95,1.0,0.00736,0.0,0.0,0.0,0.0,0.0,0.01751,8967,66,0.00736
04365_01305,43.65,13.05,1.0,0.0,0.0,0.0,0.0,0.0,0.0,0.01307,8955,0,0.0
04365_01315,43.65,13.15,1.0,0.0,0.0,0.0,0.0,0.0,0.0,0.02532,8966,0,0.0
04365_01325,43.65,13.25,0.9277,0.0,0.0,0.0,0.0,0.0,0.0,0.00011,8966,0,0.0
04365_01335,43.65,13.35,0.5159,0.0,0.0,0.0,0.0,0.0,0.0,0.01271,8968,0,0.0
04365_01345,43.65,13.45,0.1543,0.0,0.0,0.0,0.0,0.0,0.0,0.00435,8961,0,0.0
04365_01355,43.65,13.55,0.0952,0.00915,0.0,0.0,0.0,0.0,0.0,0.0,8964,82,0.00915
04375_00755,43.75,7.55,0.0923,0.00078,0.0,0.00815,0.00514,0.0,0.03966,0.0,8952,80,0.00893
04375_00765,43.75,7.65,0.161,0.00235,0.0,0.0,0.0,0.0,0.02079,0.00302,8947,21,0.00235
04375_01025,43.75,10.25,0.2699,0.02527,0.06316,0.01543,0.0,0.0,0.06227,0.04785,8945,929,0.10386
04375_01035,43.75,10.35,1.0,0.06205,0.07958,0.08694,0.0,0.0,0.01016,0.02824,8960,2048,0.22857
04375_01045,43.75,10.45,1.0,0.03358,0.05923,0.09738,0.0,0.0,0.03503,0.02811,8965,1705,0.19019
04375_01055,43.75,10.55,1.0,0.07548,0.27685,0.11143,0.0,0.0,0.01714,0.19677,8929,4141,0.46376
04375_01065,43.75,10.65,1.0,0.13087,0.01908,0.06226,0.0,0.0,0.0,0.00312,8963,1902,0.21221
04375_01075,43.75,10.75,1.0,0.14505,0.0293,0.16003,0.0,0.0,0.0,0.04708,8942,2990,0.33438
04375_01085,43.75,10.85,1.0,0.00805,0.0,0.02548,0.0,0.0,0.0,0.0,8949,300,0.03353
04375_01095,43.75,10.95,1.0,0.01731,0.0077,0.12405,0.0,0.0,0.0,0.0,8956,1335,0.14906
04375_01105,43.75,11.05,1.0,0.059,0.03632,0.23455,0.0,0.0,0.0,0.00402,8949,2952,0.32987
04375_01115,43.75,11.15,1.0,0.04216,0.00995,0.1654,0.0,0.0,0.0,0.0,8942,1945,0.21751
04375_01125,43.75,11.25,1.0,0.0,0.0,0.03298,0.0,0.0,0.0,0.0,8946,295,0.03298
04375_01135,43.75,11.35,1.0,0.2117,0.0,0.11099,0.0,0.0,0.0,0.00569,8956,2890,0.32269
04375_01145,43.75,11.45,1.0,0.21637,0.00324,0.10634,0.0,0.0,0.0,0.00056,8943,2915,0.32595
04375_01155,43.75,11.55,1.0,0.43813,0.21465,0.16685,0.00704,0.0,0.0,0.00893,8954,7339,0.81963
04375_01165,43.75,11.65,1.0,0.61196,0.04259,0.11738,0.00246,0.0,0.0,0.03991,8945,6905,0.77193
04375_01175,43.75,11.75,1.0,0.27652,0.01643,0.10037,0.0,0.0,0.0,0.0,8947,3519,0.39332
04375_01185,43.75,11.85,1.0,0.50285,0.06343,0.12172,0.0,0.0,0.0,0.0153,8955,6161,0.688
04375_01195,43.75,11.95,1.0,0.55941,0.0589,0.10462,0.0256,0.0,0.0,0.05913,8947,6468,0.72293
04375_01205,43.75,12.05,1.0,0.57018,0.0304,0.04549,0.00469,0.0,0.0,0.05174,8948,5781,0.64607
04375_01215,43.75,12.15,1.0,0.39112,0.00313,0.01375,0.0256,0.0,0.0,0.07143,8946,3650,0.408
04375_01225,43.75,12.25,1.0,0.40505,0.00424,0.01084,0.0477,0.0,0.0,0.05742,8952,3761,0.42013
04375_01235,43.75,12.35,1.0,0.19537,0.0,0.07332,0.00536,0.0,0.0,0.10573,8947,2404,0.26869
04375_01245,43.75,12.45,1.0,0.24508,0.0,0.06769,0.0,0.0,0.0,0.09495,8952,2800,0.31277
04375_01255,43.75,12.55,1.0,0.2895,0.00458,0.03589,0.0,0.0,0.0,0.06228,8943,2951,0.32997
04375_01265,43.75,12.65,1.0,0.16341,0.0,0.01921,0.0,0.0,0.0,0.08902,8953,1635,0.18262
04375_01275,43.75,12.75,1.0,0.23628,0.03387,0.04583,0.0,0.0,0.0,0.05153,8947,2827,0.31598
04375_01285,43.75,12.85,1.0,0.13652,0.0,0.00335,0.0,0.0,0.0,0.03664,8951,1252,0.13987
04375_01295,43.75,12.95,1.0,0.00849,0.0,0.0,0.0,0.0,0.0,0.03933,8949,76,0.00849
04375_01305,43.75,13.05,0.9994,0.0,0.0,0.0,0.0,0.0,0.0,0.0219,8950,0,0.0
04375_01315,43.75,13.15,0.6431,0.0,0.0,0.0,0.0,0.0,0.0,0.00782,8949,0,0.0
04375_01325,43.75,13.25,0.0821,0.0,0.0,0.0,0.0,0.0,0.0,0.00458,8947,0,0.0
04385_00755,43.85,7.55,0.8725,0.07064,0.02944,0.22167,0.01489,0.0,0.21037,0.15909,8932,2874,0.32175
04385_00765,43.85,7.65,1.0,0.20884,0.08293,0.0319,0.0,0.0,0.04857,0.15355,8935,2892,0.32367
04385_00775,43.85,7.75,0.9295,0.0471,0.06713,0.28653,0.0,0.0,0.11468,0.04587,8938,3582,0.40076
04385_00785,43.85,7.85,0.7186,0.11423,0.0,0.08433,0.05723,0.0,0.08131,0.04659,8929,1773,0.19856
04385_00795,43.85,7.95,0.4927,0.05923,0.0,0.0,0.0487,0.0,0.01332,0.03952,8932,529,0.05923
04385_00805,43.85,8.05,0.1371,0.00022,0.0,0.0,0.0,0.0,0.01242,0.0,8940,2,0.00022
04385_01025,43.85,10.25,0.5676,0.0,0.04927,0.08353,0.0,0.0,0.0,0.0,8991,1194,0.1328
04385_01035,43.85,10.35,1.0,0.06181,0.07919,0.21402,0.0,0.0,0.00258,0.0046,8915,3165,0.35502
04385_01045,43.85,10.45,1.0,0.11804,0.03662,0.21559,0.0,0.0,0.02621,0.00818,8929,3306,0.37025
04385_01055,43.85,10.55,1.0,0.02014,0.00738,0.04307,0.0,0.0,0.0,0.00213,8939,631,0.07059
04385_01065,43.85,10.65,1.0,0.01634,0.01276,0.04075,0.0,0.0,0.0,0.0,8933,624,0.06985
04385_01075,43.85,10.75,1.0,0.01826,0.0,0.028,0.0,0.0,0.0,0.0,8928,413,0.04626
04385_01085,43.85,10.85,1.0,0.06735,0.0,0.15841,0.0,0.0,0.0,0.0,8939,2018,0.22576
04385_01095,43.85,10.95,1.0,0.06955,0.0,0.15982,0.0,0.0,0.0,0.0,8929,2048,0.22937
04385_01105,43.85,11.05,1.0,0.0,0.0,0.00593,0.0,0.0,0.0,0.0,8936,53,0.00593
04385_01115,43.85,11.15,1.0,0.08266,0.01421,0.06387,0.0,0.0,0.0,0.03669,8940,1437,0.16074
04385_01125,43.85,11.25,1.0,0.27998,0.051,0.14571,0.0,0.0,0.0,0.01603,8922,4253,0.47669
04385_01135,43.85,11.35,1.0,0.41351,0.0,0.15241,0.0,0.0,0.0,0.03343,8943,5061,0.56592
04385_01145,43.85,11.45,1.0,0.51607,0.00437,0.02374,0.0,0.0,0.0,0.01859,8929,4859,0.54418
04385_01155,43.85,11.55,1.0,0.59693,0.02394,0.06981,0.0,0.0,0.0,0.00358,8939,6174,0.69068
04385_01165,43.85,11.65,1.0,0.67708,0.10357,0.11555,0.0,0.0,0.0,0.02318,8931,8004,0.8962
04385_01175,43.85,11.75,1.0,0.54235,0.08068,0.25389,0.00638,0.0,0.0,0.03525,8937,7837,0.87692
04385_01185,43.85,11.85,1.0,0.52498,0.10148,0.27173,0.00022,0.0,0.0,0.06933,8928,8019,0.89819
04385_01195,43.85,11.95,1.0,0.49362,0.02562,0.14597,0.00962,0.0,0.0,0.05213,8940,5947,0.66521
04385_01205,43.85,12.05,1.0,0.44917,0.03997,0.07031,0.00817,0.0,0.0,0.02833,8932,4997,0.55945
04385_01215,43.85,12.15,1.0,0.52201,0.00717,0.02038,0.0,0.0,0.0,0.0756,8929,4907,0.54956
04385_01225,43.85,12.25,1.0,0.14746,0.00492,0.0,0.00772,0.0,0.0,0.13527,8938,1362,0.15238
04385_01235,43.85,12.35,1.0,0.21981,0.01343,0.01041,0.04421,0.0,0.0,0.10498,8935,2177,0.24365
04385_01245,43.85,12.45,0.9835,0.08296,0.00258,0.02004,0.00291,0.0,0.0,0.11252,8932,943,0.10558
04385_01255,43.85,12.55,1.0,0.11382,0.0,0.00157,0.01365,0.0,0.0,0.0836,8935,1031,0.11539
04385_01265,43.85,12.65,1.0,0.0981,0.0,0.00011,0.0,0.0,0.0,0.06103,8930,877,0.09821
04385_01275,43.85,12.75,1.0,0.04543,0.0,0.00962,0.0,0.0,0.0,0.02864,8937,492,0.05505
04385_01285,43.85,12.85,1.0,0.0263,0.0,0.0,0.0,0.0,0.0,0.02295,8934,235,0.0263
04385_01295,43.85,12.95,0.8647,0.00392,0.0,0.0,0.0,0.0,0.0,0.0,8934,35,0.00392
04385_01305,43.85,13.05,0.3103,0.0,0.0,0.0,0.0,0.0,0.0,0.01477,8939,0,0.0
04395_00755,43.95,7.55,0.1764,0.21446,0.22242,0.09989,0.16794,0.05852,0.0315,0.12444,8920,4788,0.53677
04395_00765,43.95,7.65,0.7899,0.33812,0.09709,0.22365,0.07265,0.0,0.00336,0.14047,8920,5877,0.65886
04395_00775,43.95,7.75,1.0,0.65127,0.08668,0.13927,0.01088,0.0,0.0,0.06313,8918,7823,0.87722
04395_00785,43.95,7.85,1.0,0.60274,0.0,0.10716,0.14707,0.0,0.0,0.06244,8921,6333,0.7099
04395_00795,43.95,7.95,1.0,0.44092,0.0,0.012,0.03722,0.0,0.012,0.0796,8920,4040,0.45292
04395_00805,43.95,8.05,0.972,0.14023,0.01031,0.10896,0.0,0.0,0.00504,0.18316,8921,2315,0.2595
04395_00815,43.95,8.15,0.4127,0.01345,0.00975,0.11544,0.0,0.0,0.08866,0.02746,8922,1237,0.13864
04395_01015,43.95,10.15,0.3204,0.00932,0.0073,0.01662,0.0,0.0,0.0,0.0,8906,296,0.03324
04395_01025,43.95,10.25,0.9795,0.22038,0.01662,0.13658,0.0,0.0,0.00168,0.0,8903,3326,0.37358
04395_01035,43.95,10.35,1.0,0.51673,0.02074,0.17429,0.06668,0.0,0.0,0.01494,8968,6383,0.71176
04395_01045,43.95,10.45,1.0,0.59027,0.0,0.19507,0.0,0.0,0.0,0.01644,8879,6973,0.78534
04395_01055,43.95,10.55,1.0,0.47641,0.0,0.23597,0.0,0.0,0.0,0.02068,8946,6373,0.71238
04395_01065,43.95,10.65,1.0,0.64635,0.0,0.19737,0.0,0.0,0.0,0.0,8907,7515,0.84372
04395_01075,43.95,10.75,1.0,0.53208,0.00314,0.21747,0.0,0.0,0.0,0.00493,8916,6711,0.75269
04395_01085,43.95,10.85,1.0,0.25272,0.00829,0.28106,0.0,0.0,0.0,0.0,8927,4839,0.54207
04395_01095,43.95,10.95,1.0,0.26058,0.0,0.05387,0.0,0.0,0.0,0.0,8911,2802,0.31445
04395_01105,43.95,11.05,1.0,0.40049,0.0,0.13985,0.0,0.0,0.0,0.0186,8924,4822,0.54034
04395_01115,43.95,11.15,1.0,0.41802,0.01591,0.19321,0.02297,0.0,0.0,0.07453,8923,5596,0.62714
04395_01125,43.95,11.25,1.0,0.50651,0.00785,0.05182,0.0,0.0,0.0,0.00123,8916,5048,0.56618
04395_01135,43.95,11.35,1.0,0.38251,0.0,0.02096,0.0,0.0,0.0,0.0,8920,3599,0.40347
04395_01145,43.95,11.45,1.0,0.29582,0.0,0.04887,0.0,0.0,0.0,0.0,8921,3075,0.34469
04395_01155,43.95,11.55,1.0,0.77162,0.0,0.02064,0.0,0.0,0.0,0.01761,8915,7063,0.79226
04395_01165,43.95,11.65,1.0,0.77361,0.01714,0.07886,0.03484,0.0,0.0,0.03562,8927,7763,0.86961
04395_01175,43.95,11.75,1.0,0.66386,0.02649,0.1367,0.04736,0.0,0.0,0.08866,8910,7369,0.82705
04395_01185,43.95,11.85,1.0,0.41078,0.02006,0.15322,0.00605,0.0,0.0,0.16465,8922,5211,0.58406
04395_01195,43.95,11.95,1.0,0.27564,0.01099,0.13541,0.00336,0.0,0.0,0.07522,8921,3765,0.42204
04395_01205,43.95,12.05,1.0,0.50583,0.00796,0.03016,0.0,0.0,0.0,0.04978,8920,4852,0.54395
04395_01215,43.95,12.15,1.0,0.32272,0.0,0.08586,0.0,0.0,0.0,0.06569,8921,3645,0.40858
04395_01225,43.95,12.25,1.0,0.2061,0.0,0.03375,0.00931,0.0,0.0,0.1294,8918,2139,0.23985
04395_01235,43.95,12.35,1.0,0.17904,0.0065,0.02668,0.0093,0.0,0.0,0.09832,8920,1893,0.21222
04395_01245,43.95,12.45,0.4024,0.07265,0.0,0.00964,0.0037,0.0,0.0,0.05404,8920,734,0.08229
04395_01255,43.95,12.55,0.9312,0.04093,0.0,0.0,0.0,0.0,0.0,0.03611,8918,365,0.04093
04395_01265,43.95,12.65,0.9686,0.00258,0.0,0.0,0.0,0.0,0.0,0.00852,8918,23,0.00258
04395_01275,43.95,12.75,0.695,0.00291,0.0,0.0,0.0,0.0,0.0,0.00885,8922,26,0.00291
04395_01285,43.95,12.85,0.4262,0.0,0.0,0.00594,0.0,0.0,0.0,0.00852,8918,53,0.00594
04395_01295,43.95,12.95,0.0542,0.00157,0.0,0.0,0.0,0.0,0.0,0.00135,8917,14,0.00157
04405_00765,44.05,7.65,0.1278,0.01572,0.57286,0.02683,0.1566,0.01448,0.02739,0.13247,8908,5482,0.61541
04405_00775,44.05,7.75,0.9458,0.40056,0.16966,0.12067,0.21281,0.04764,0.0,0.02438,8900,6149,0.69089
04405_00785,44.05,7.85,1.0,0.61222,0.00977,0.13922,0.08409,0.0,0.0,0.11283,8907,6780,0.76121
04405_00795,44.05,7.95,1.0,0.73313,0.00741,0.01998,0.02324,0.0,0.0,0.06411,8907,6774,0.76052
04405_00805,44.05,8.05,1.0,0.4932,0.0,0.06449,0.02977,0.0,0.0,0.18234,8901,4964,0.55769
04405_00815,44.05,8.15,0.9541,0.14653,0.0,0.17348,0.01673,0.0,0.09252,0.13148,8906,2850,0.32001
04405_00825,44.05,8.25,0.1759,0.0,0.0,0.00079,0.0,0.0,0.0,0.00763,8912,7,0.00079
04405_00975,44.05,9.75,0.123,0.05119,0.03469,0.00271,0.0,0.0,0.01164,0.0,8850,784,0.08859
04405_00985,44.05,9.85,0.211,0.03767,0.0107,0.04247,0.0,0.0,0.01159,0.0,8972,815,0.09084
04405_00995,44.05,9.95,0.472,0.08818,0.02905,0.04155,0.0,0.0,0.02241,0.00653,8880,1410,0.15878
04405_01005,44.05,10.05,0.6889,0.0723,0.0,0.0884,0.0,0.0,0.00529,0.00642,8880,1427,0.1607
04405_01015,44.05,10.15,0.9969,0.31632,0.0379,0.12539,0.00022,0.0,0.0,0.0584,8972,4303,0.47961
04405_01025,44.05,10.25,1.0,0.54723,0.00011,0.01141,0.01582,0.0,0.02791,0.18215,8850,4945,0.55875
04405_01035,44.05,10.35,1.0,0.78981,0.0,0.01203,0.02002,0.0,0.0,0.09345,8892,7130,0.80184
04405_01045,44.05,10.45,1.0,0.63553,0.0,0.02905,0.0,0.0,0.0,0.0,8917,5926,0.66458
04405_01055,44.05,10.55,1.0,0.77612,0.0,0.05841,0.0,0.0,0.0,0.00549,8920,7444,0.83453
04405_01065,44.05,10.65,1.0,0.76009,0.0,0.03678,0.01192,0.0,0.0,0.07851,8891,7085,0.79687
04405_01075,44.05,10.75,1.0,0.82747,0.00562,0.02303,0.0,0.0,0.0,0.01292,8903,7622,0.85612
04405_01085,44.05,10.85,1.0,0.71384,0.02608,0.13555,0.00438,0.0,0.0,0.0,8897,7789,0.87547
04405_01095,44.05,10.95,1.0,0.88587,0.01121,0.08924,0.0,0.0,0.0,0.0,8920,8798,0.98632
04405_01105,44.05,11.05,1.0,0.84886,0.02146,0.08877,0.00393,0.0,0.0,0.0,8899,8535,0.95909
04405_01115,44.05,11.15,1.0,0.67457,0.04325,0.14581,0.00258,0.0,0.0,0.00809,8902,7688,0.86363
04405_01125,44.05,11.25,1.0,0.49742,0.05521,0.11423,0.0,0.0,0.0,0.02637,8912,5943,0.66686
04405_01135,44.05,11.35,1.0,0.54854,0.03382,0.05843,0.01528,0.0,0.0,0.01101,8900,5703,0.64079
04405_01145,44.05,11.45,1.0,0.75286,0.00606,0.10954,0.01437,0.0,0.0,0.03479,8910,7738,0.86846
04405_01155,44.05,11.55,1.0,0.74171,0.00831,0.04325,0.00303,0.0,0.0,0.11954,8901,7061,0.79327
04405_01165,44.05,11.65,1.0,0.64958,0.01023,0.09384,0.02484,0.0,0.0,0.10598,8898,6706,0.75365
04405_01175,44.05,11.75,1.0,0.33427,0.03187,0.13925,0.00673,0.0,0.0,0.04623,8912,4504,0.50539
04405_01185,44.05,11.85,1.0,0.27521,0.03997,0.12553,0.0,0.0,0.0,0.00719,8906,3925,0.44071
04405_01195,44.05,11.95,1.0,0.19088,0.0,0.22705,0.0,0.0,0.0,0.03898,8901,3720,0.41793
04405_01205,44.05,12.05,1.0,0.11407,0.0,0.0,0.00314,0.0,0.0,0.04816,8907,1016,0.11407
04405_01215,44.05,12.15,1.0,0.05052,0.0,0.0,0.0,0.0,0.0,0.07432,8907,450,0.05052
04405_01225,44.05,12.25,1.0,0.21303,0.0,0.01101,0.0,0.0,0.0,0.05135,8900,1994,0.22404
04405_01235,44.05,12.35,1.0,0.02829,0.0,0.011,0.0,0.0,0.0,0.01145,8908,350,0.03929
04405_01245,44.05,12.45,1.0,0.00472,0.0,0.0,0.0,0.0,0.0,0.00719,8899,42,0.00472
04405_01255,44.05,12.55,0.8346,0.0,0.0,0.0,0.0,0.0,0.0,0.00842,8904,0,0.0
04405_01265,44.05,12.65,0.1708,0.0,0.0,0.0,0.0,0.0,0.0,0.0,8909,0,0.0
04415_00725,44.15,7.25,0.404,0.00067,0.27022,0.0,0.10305,0.00405,0.0,0.10609,8889,2408,0.27089
04415_00735,44.15,7.35,0.6757,0.0405,0.04106,0.0,0.03319,0.03791,0.0,0.12037,8889,725,0.08156
04415_00745,44.15,7.45,0.7226,0.05712,0.05521,0.02541,0.1537,0.03643,0.0,0.13964,8894,1225,0.13774
04415_00755,44.15,7.55,0.5286,0.1697,0.21907,0.00101,0.1453,0.04195,0.0,0.2067,8892,3466,0.38978
04415_00765,44.15,7.65,0.4752,0.02824,0.17743,0.04388,0.29692,0.03657,0.00315,0.09192,8888,2218,0.24955
04415_00775,44.15,7.75,1.0,0.10474,0.15401,0.14749,0.1557,0.02329,0.0,0.13084,8889,3611,0.40624
04415_00785,44.15,7.85,1.0,0.38702,0.02711,0.05016,0.16241,0.04004,0.0,0.14779,8891,4128,0.46429
04415_00795,44.15,7.95,1.0,0.55017,0.0,0.14837,0.06322,0.0,0.0,0.07087,8890,6210,0.69854
04415_00805,44.15,8.05,1.0,0.77928,0.00495,0.07897,0.01417,0.0,0.0,0.10575,8889,7673,0.8632
04415_00815,44.15,8.15,1.0,0.52645,0.0,0.11445,0.0,0.0,0.07506,0.15046,8886,5695,0.6409
04415_00825,44.15,8.25,0.79,0.09853,0.03599,0.0947,0.01833,0.0,0.08008,0.10156,8891,2038,0.22922
04415_00835,44.15,8.35,0.3079,0.122,0.0,0.03039,0.0,0.0,0.02409,0.00799,8885,1354,0.15239
04415_00955,44.15,9.55,0.077,0.00596,0.0126,0.0198,0.0,0.0,0.00248,0.02262,8887,341,0.03836
04415_00965,44.15,9.65,0.5715,0.0958,0.08223,0.18061,0.0,0.0,0.06608,0.02165,8914,3197,0.35864
04415_00975,44.15,9.75,0.9472,0.33577,0.06556,0.35743,0.0,0.0,0.01224,0.03009,8908,6759,0.75876
04415_00985,44.15,9.85,0.9754,0.12432,0.01408,0.30146,0.0,0.0,0.0,0.05619,8880,3906,0.43986
04415_00995,44.15,9.95,1.0,0.29223,0.00293,0.13468,0.0,0.0,0.00709,0.01791,8880,3817,0.42984
04415_01005,44.15,10.05,1.0,0.66115,0.0134,0.12691,0.0,0.0,0.0,0.00146,8880,7117,0.80146
04415_01015,44.15,10.15,1.0,0.50755,0.00631,0.04583,0.08874,0.0,0.0,0.11374,8880,4970,0.55969
04415_01025,44.15,10.25,1.0,0.6383,0.0,0.01549,0.02795,0.0,0.0,0.06646,8908,5824,0.65379
04415_01035,44.15,10.35,1.0,0.51526,0.00538,0.09861,0.00651,0.0,0.0,0.01941,8914,5520,0.61925
04415_01045,44.15,10.45,1.0,0.72814,0.0,0.04298,0.01452,0.0,0.0,0.05356,8887,6853,0.77112
04415_01055,44.15,10.55,1.0,0.69986,0.01827,0.10546,0.09407,0.0,0.0,0.01184,8866,7302,0.82359
04415_01065,44.15,10.65,1.0,0.43394,0.09075,0.1852,0.10401,0.0,0.0,0.03205,8893,6313,0.70989
04415_01075,44.15,10.75,1.0,0.60889,0.02868,0.10585,0.15478,0.0,0.0,0.02137,8890,6609,0.74342
04415_01085,44.15,10.85,1.0,0.71472,0.02035,0.06567,0.08411,0.0,0.0,0.00933,8893,7121,0.80074
04415_01095,44.15,10.95,1.0,0.53698,0.03647,0.04334,0.0,0.0,0.0,0.0,8883,5479,0.61679
04415_01105,44.15,11.05,1.0,0.53189,0.009,0.03869,0.00214,0.0,0.0,0.0505,8891,5153,0.57958
04415_01115,44.15,11.15,1.0,0.47589,0.05991,0.03282,0.0,0.0,0.0,0.03136,8897,5059,0.56862
04415_01125,44.15,11.25,1.0,0.55297,0.04723,0.06511,0.00382,0.0,0.0,0.01102,8892,5916,0.66531
04415_01135,44.15,11.35,1.0,0.36875,0.0,0.0367,0.05549,0.0,0.0,0.09343,8884,3602,0.40545
04415_01145,44.15,11.45,1.0,0.68994,0.0,0.00944,0.00911,0.0,0.0,0.1231,8895,6221,0.69938
04415_01155,44.15,11.55,1.0,0.68148,0.00979,0.05041,0.00326,0.0,0.0,0.04883,8888,6592,0.74168
04415_01165,44.15,11.65,1.0,0.38559,0.01891,0.20349,0.0,0.0,0.0,0.01992,8885,5402,0.60799
04415_01175,44.15,11.75,1.0,0.33348,0.00382,0.0685,0.0,0.0,0.0,0.01012,8891,3608,0.4058
04415_01185,44.15,11.85,1.0,0.20459,0.00428,0.08654,0.0,0.0,0.0,0.05582,8886,2625,0.29541
04415_01195,44.15,11.95,1.0,0.12465,0.0,0.0135,0.0,0.0,0.0,0.04106,8889,1228,0.13815
04415_01205,44.15,12.05,1.0,0.01271,0.0,0.0,0.0,0.0,0.0,0.01057,8890,113,0.01271
04415_01215,44.15,12.15,1.0,0.05387,0.0,0.0,0.0,0.0,0.0,0.00056,8891,479,0.05387
04415_01225,44.15,12.25,1.0,0.0,0.0,0.0,0.0,0.0,0.0,0.0,8889,0,0.0
04415_01235,44.15,12.35,1.0,0.0,0.0,0.0,0.0,0.0,0.0,0.0,8888,0,0.0
04415_01245,44.15,12.45,0.6283,0.0,0.0,0.0,0.0,0.0,0.0,0.0,8892,0,0.0
04425_00695,44.25,6.95,0.068,0.00282,0.31298,0.03436,0.11289,0.0712,0.0,0.03391,8876,3108,0.35016
04425_00705,44.25,7.05,0.699,0.0098,0.15236,0.02096,0.04417,0.02017,0.0,0.17602,8874,1625,0.18312
04425_00715,44.25,7.15,0.9369,0.08607,0.08089,0.08979,0.01791,0.01374,0.0,0.28977,8876,2279,0.25675
04425_00725,44.25,7.25,1.0,0.0613,0.10096,0.14659,0.0,0.00699,0.0,0.13341,8875,2741,0.30885
04425_00735,44.25,7.35,1.0,0.44654,0.00563,0.03673,0.0,0.01285,0.0,0.14648,8875,4339,0.4889
04425_00745,44.25,7.45,1.0,0.54491,0.0018,0.05365,0.02908,0.00462,0.0,0.11653,8873,5327,0.60036
04425_00755,44.25,7.55,1.0,0.63558,0.0,0.08122,0.0,0.01386,0.0,0.10094,8877,6363,0.7168
04425_00765,44.25,7.65,1.0,0.4845,0.10177,0.0541,0.00687,0.00304,0.0,0.09535,8873,5682,0.64037
04425_00775,44.25,7.75,1.0,0.41201,0.04845,0.02659,0.22702,0.00777,0.0,0.16336,8876,4323,0.48705
04425_00785,44.25,7.85,1.0,0.70745,0.03695,0.00946,0.01138,0.00034,0.0,0.12256,8877,6692,0.75386
04425_00795,44.25,7.95,1.0,0.71686,0.01668,0.02491,0.04824,0.01623,0.0,0.1099,8872,6729,0.75845
04425_00805,44.25,8.05,1.0,0.7378,0.0,0.11132,0.0,0.0,0.0,0.01149,8875,7536,0.84912
04425_00815,44.25,8.15,1.0,0.86873,0.0,0.02783,0.0,0.0,0.0,0.03211,8875,7957,0.89656
04425_00825,44.25,8.25,1.0,0.77845,0.01431,0.05973,0.0,0.0,0.0,0.06164,8874,7565,0.85249
04425_00835,44.25,8.35,1.0,0.63048,0.0,0.14067,0.0,0.0,0.05136,0.0526,8879,6847,0.77115
04425_00845,44.25,8.45,0.3887,0.03855,0.02761,0.03821,0.0,0.0,0.08059,0.01815,8872,926,0.10437
04425_00935,44.25,9.35,0.059,0.0,0.0,0.01048,0.0,0.0,0.00282,0.01115,8876,93,0.01048
04425_00945,44.25,9.45,0.5568,0.02963,0.04225,0.08281,0.0,0.0,0.08945,0.09531,8876,1373,0.15469
04425_00955,44.25,9.55,0.9373,0.3408,0.08585,0.24831,0.0,0.0,0.01361,0.12297,8888,5999,0.67496
04425_00965,44.25,9.65,1.0,0.49825,0.00857,0.40731,0.0,0.0,0.0,0.01738,8863,8102,0.91413
04425_00975,44.25,9.75,1.0,0.22316,0.11378,0.42343,0.01601,0.0,0.0,0.0221,8868,6743,0.76037
04425_00985,44.25,9.85,1.0,0.72624,0.01273,0.07466,0.02365,0.0,0.0,0.05563,8880,7225,0.81363
04425_00995,44.25,9.95,1.0,0.51577,0.0,0.117,0.0,0.0,0.0,0.00788,8880,5619,0.63277
04425_01005,44.25,10.05,1.0,0.575,0.00045,0.0384,0.0,0.0,0.0,0.00788,8880,5451,0.61385
04425_01015,44.25,10.15,1.0,0.70473,0.00327,0.04786,0.00721,0.0,0.0,0.02275,8880,6712,0.75586
04425_01025,44.25,10.25,1.0,0.74323,0.0044,0.02289,0.05323,0.0,0.0,0.015,8868,6833,0.77052
04425_01035,44.25,10.35,1.0,0.66129,0.02369,0.0897,0.10595,0.0,0.0,0.01873,8863,6866,0.77468
04425_01045,44.25,10.45,1.0,0.69959,0.02644,0.01418,0.13895,0.0,0.0,0.00349,8888,6579,0.74021
04425_01055,44.25,10.55,1.0,0.56039,0.01836,0.06129,0.0,0.0,0.0,0.0,8876,5681,0.64004
04425_01065,44.25,10.65,1.0,0.60511,0.03357,0.07841,0.00665,0.0,0.0,0.00315,8876,6365,0.71709
04425_01075,44.25,10.75,1.0,0.41314,0.03837,0.04917,0.00945,0.0,0.0,0.00068,8888,4450,0.50068
04425_01085,44.25,10.85,1.0,0.52507,0.0,0.00023,0.0,0.0,0.0,0.048,8875,4662,0.5253
04425_01095,44.25,10.95,1.0,0.45623,0.0,0.03358,0.0,0.0,0.0,0.01048,8875,4347,0.48981
04425_01105,44.25,11.05,1.0,0.46929,0.0,0.0,0.0,0.0,0.0,0.11665,8873,4164,0.46929
04425_01115,44.25,11.15,1.0,0.52886,0.0,0.01026,0.0,0.0,0.0,0.07057,8870,4782,0.53912
04425_01125,44.25,11.25,1.0,0.48806,0.00507,0.01442,0.0,0.0,0.0,0.00394,8876,4505,0.50755
04425_01135,44.25,11.35,1.0,0.43982,0.00992,0.00766,0.0089,0.0,0.0,0.02806,8874,4059,0.4574
04425_01145,44.25,11.45,1.0,0.38359,0.0,0.01183,0.14458,0.0,0.0,0.09759,8874,3509,0.39542
04425_01155,44.25,11.55,1.0,0.25214,0.0186,0.05174,0.02311,0.0,0.0,0.0514,8872,2861,0.32248
04425_01165,44.25,11.65,1.0,0.11645,0.01633,0.03401,0.0,0.0,0.0,0.10542,8879,1481,0.16679
04425_01175,44.25,11.75,1.0,0.04102,0.0,0.00451,0.0,0.0,0.0,0.07584,8874,404,0.04553
04425_01185,44.25,11.85,1.0,0.00676,0.0,0.0,0.0,0.0,0.0,0.02761,8875,60,0.00676
04425_01195,44.25,11.95,1.0,0.0027,0.0,0.0,0.0,0.0,0.0,0.0,8875,24,0.0027
04425_01205,44.25,12.05,1.0,0.0,0.0,0.0,0.0,0.0,0.0,0.0,8872,0,0.0
04425_01215,44.25,12.15,1.0,0.0,0.0,0.0,0.0,0.0,0.0,0.0,8877,0,0.0
04425_01225,44.25,12.25,1.0,0.0,0.0,0.0,0.0,0.0,0.0,0.0,8876,0,0.0
04425_01235,44.25,12.35,0.7034,0.0,0.0231,0.0,0.0,0.0,0.0,0.0,8873,205,0.0231
04435_00695,44.35,6.95,0.7851,0.0,0.13995,0.0,0.07867,0.00813,0.0,0.14865,8860,1240,0.13995
04435_00705,44.35,7.05,1.0,0.00361,0.23544,0.01998,0.15508,0.0,0.0,0.16704,8860,2295,0.25903
04435_00715,44.35,7.15,1.0,0.0921,0.07043,0.01512,0.05011,0.08014,0.0,0.11682,8860,1574,0.17765
04435_00725,44.35,7.25,1.0,0.31414,0.01501,0.09696,0.0535,0.05554,0.0,0.16334,8859,3775,0.42611
04435_00735,44.35,7.35,1.0,0.68145,0.01038,0.07089,0.0079,0.01072,0.0,0.06299,8859,6757,0.76272
04435_00745,44.35,7.45,1.0,0.51981,0.0,0.01603,0.0,0.0,0.0,0.02156,8857,4746,0.53584
04435_00755,44.35,7.55,1.0,0.21163,0.0,0.01084,0.0,0.0,0.0,0.00474,8860,1971,0.22247
04435_00765,44.35,7.65,1.0,0.15158,0.0,0.02223,0.0,0.0,0.0,0.0,8860,1540,0.17381
04435_00775,44.35,7.75,1.0,0.38824,0.0,0.00666,0.0,0.0,0.0,0.0,8863,3500,0.3949
04435_00785,44.35,7.85,1.0,0.48633,0.0,0.0,0.0,0.0,0.0,0.00915,8854,4306,0.48633
04435_00795,44.35,7.95,1.0,0.5981,0.0,0.03816,0.0,0.00102,0.0,0.01987,8858,5636,0.63626
04435_00805,44.35,8.05,1.0,0.4237,0.0,0.14661,0.0,0.0,0.0,0.00293,8860,5053,0.57031
04435_00815,44.35,8.15,1.0,0.69303,0.0,0.04558,0.0,0.0,0.0,0.02719,8864,6547,0.73861
04435_00825,44.35,8.25,1.0,0.61092,0.0,0.01557,0.0,0.0,0.0,0.08012,8862,5552,0.62649
04435_00835,44.35,8.35,1.0,0.85084,0.0,0.00011,0.0,0.0,0.0,0.03193,8863,7542,0.85095
04435_00845,44.35,8.45,0.9812,0.60713,0.0,0.07315,0.0,0.0,0.02472,0.02755,8858,6026,0.68028
04435_00855,44.35,8.55,0.5657,0.10809,0.0,0.12717,0.0,0.0,0.07827,0.02767,8854,2083,0.23526
04435_00865,44.35,8.65,0.1546,0.0132,0.0,0.01669,0.0,0.0,0.05764,0.0,8866,265,0.02989
04435_00895,44.35,8.95,0.0617,0.0,0.0,0.0,0.0,0.0,0.0,0.00068,8857,0,0.0
04435_00905,44.35,9.05,0.2077,0.03423,0.0,0.02022,0.03479,0.0,0.01141,0.0227,8853,482,0.05445
04435_00915,44.35,9.15,0.6159,0.32325,0.0,0.05147,0.0,0.0,0.02517,0.04447,8860,3320,0.37472
04435_00925,44.35,9.25,0.6903,0.39614,0.00992,0.02661,0.0,0.0,0.03372,0.03597,8868,3837,0.43267
04435_00935,44.35,9.35,0.9347,0.41855,0.00305,0.13324,0.0,0.0,0.00564,0.04806,8864,4918,0.55484
04435_00945,44.35,9.45,1.0,0.45803,0.01988,0.10055,0.07954,0.0,0.10021,0.1619,8851,5120,0.57846
04435_00955,44.35,9.55,1.0,0.60625,0.02483,0.01388,0.06805,0.0,0.00576,0.07877,8861,5715,0.64496
04435_00965,44.35,9.65,1.0,0.71273,0.00907,0.09228,0.02086,0.0,0.0,0.06167,8821,7181,0.81408
04435_00975,44.35,9.75,1.0,0.69888,0.03999,0.0169,0.06669,0.0,0.0,0.00597,8877,6709,0.75577
04435_00985,44.35,9.85,1.0,0.76092,0.0,0.02736,0.0,0.0,0.0,0.01509,8880,7000,0.78828
04435_00995,44.35,9.95,1.0,0.60315,0.0,0.00867,0.02083,0.0,0.0,0.00293,8880,5433,0.61182
04435_01005,44.35,10.05,1.0,0.75912,0.00327,0.01836,0.11757,0.0,0.0,0.03176,8880,6933,0.78075
04435_01015,44.35,10.15,1.0,0.70079,0.01554,0.03345,0.0786,0.0,0.0,0.04381,8880,6658,0.74978
04435_01025,44.35,10.25,1.0,0.7088,0.01172,0.01983,0.11051,0.0,0.0,0.05509,8877,6572,0.74035
04435_01035,44.35,10.35,1.0,0.65832,0.0,0.039,0.00816,0.0,0.0,0.01474,8821,6151,0.69732
04435_01045,44.35,10.45,1.0,0.51224,0.0,0.02855,0.02844,0.0,0.0,0.04164,8861,4792,0.54079
04435_01055,44.35,10.55,1.0,0.40493,0.0,0.00926,0.0,0.0,0.0,0.01604,8851,3666,0.41419
04435_01065,44.35,10.65,1.0,0.46006,0.0,0.01523,0.00124,0.0,0.0,0.00068,8864,4213,0.47529
04435_01075,44.35,10.75,1.0,0.33108,0.0,0.0044,0.00327,0.0,0.0,0.01421,8868,2975,0.33548
04435_01085,44.35,10.85,1.0,0.23352,0.0,0.01129,0.00124,0.0,0.0,0.06084,8860,2169,0.24481
04435_01095,44.35,10.95,1.0,0.32961,0.0,0.00497,0.00294,0.0,0.0,0.08336,8853,2962,0.33458
04435_01105,44.35,11.05,1.0,0.34809,0.0,0.03963,0.01716,0.0,0.0,0.01163,8857,3434,0.38772
04435_01115,44.35,11.15,1.0,0.50028,0.0,0.00113,0.00068,0.0,0.0,0.0514,8853,4439,0.50141
04435_01125,44.35,11.25,1.0,0.53475,0.0,0.0,0.0,0.0,0.0,0.03125,8864,4740,0.53475
04435_01135,44.35,11.35,1.0,0.3739,0.0,0.0,0.01139,0.0,0.0,0.00609,8866,3315,0.3739
04435_01145,44.35,11.45,1.0,0.33036,0.0,0.0,0.12051,0.0,0.0,0.19449,8854,2925,0.33036
04435_01155,44.35,11.55,1.0,0.09878,0.0,0.0,0.02506,0.0,0.0,0.14439,8858,875,0.09878
04435_01165,44.35,11.65,1.0,0.00621,0.0,0.0,0.0,0.0,0.0,0.02482,8863,55,0.00621
04435_01175,44.35,11.75,1.0,0.0,0.0,0.0,0.0,0.0,0.0,0.0,8862,0,0.0
04435_01185,44.35,11.85,1.0,0.0,0.0,0.0,0.0,0.0,0.0,0.0,8864,0,0.0
04435_01195,44.35,11.95,1.0,0.0,0.0,0.0,0.0,0.0,0.0,0.0,8860,0,0.0
04435_01205,44.35,12.05,1.0,0.0,0.0,0.0,0.0,0.0,0.0,0.0,8858,0,0.0
04435_01215,44.35,12.15,1.0,0.0,0.0,0.0,0.0,0.0,0.0,0.0,8854,0,0.0
04435_01225,44.35,12.25,1.0,0.0,0.01117,0.09252,0.0,0.0,0.0,0.0,8863,919,0.10369
04435_01235,44.35,12.35,0.3066,0.0,0.04041,0.00068,0.0,0.0,0.0,0.0,8860,364,0.04109
04445_00685,44.45,6.85,0.082,0.0,0.14089,0.0,0.32553,0.0,0.0,0.0,8844,1246,0.14089
04445_00695,44.45,6.95,0.8959,0.0,0.10905,0.00791,0.14849,0.0,0.0,0.119,8849,1035,0.11696
04445_00705,44.45,7.05,1.0,0.0,0.31155,0.03697,0.12661,0.01673,0.0,0.208,8846,3083,0.34852
04445_00715,44.45,7.15,1.0,0.06637,0.30413,0.1082,0.19152,0.0,0.0,0.13884,8845,4234,0.4787
04445_00725,44.45,7.25,1.0,0.46575,0.04024,0.24248,0.04985,0.03572,0.0,0.10118,8846,6621,0.74847
04445_00735,44.45,7.35,1.0,0.42523,0.0267,0.13179,0.0,0.0,0.0,0.05928,8840,5160,0.58372
04445_00745,44.45,7.45,1.0,0.05776,0.0,0.0061,0.0,0.0,0.0,0.0,8847,565,0.06386
04445_00755,44.45,7.55,1.0,0.01639,0.0,0.0,0.0,0.0,0.0,0.01288,8848,145,0.01639
04445_00765,44.45,7.65,1.0,0.01131,0.0,0.0,0.0,0.0,0.0,0.0,8840,100,0.01131
04445_00775,44.45,7.75,1.0,0.05684,0.0,0.0,0.0,0.0,0.0,0.0,8850,503,0.05684
04445_00785,44.45,7.85,1.0,0.14137,0.0,0.0,0.0,0.0,0.0,0.0,8842,1250,0.14137
04445_00795,44.45,7.95,1.0,0.30062,0.0,0.03245,0.0,0.0,0.0,0.01481,8845,2946,0.33307
04445_00805,44.45,8.05,1.0,0.32644,0.0,0.07446,0.0,0.0,0.0,0.08384,8850,3548,0.4009
04445_00815,44.45,8.15,1.0,0.44446,0.0,0.06109,0.0052,0.0,0.0,0.01471,8840,4469,0.50555
04445_00825,44.45,8.25,1.0,0.47811,0.0,0.07047,0.0,0.0,0.0,0.08404,8841,4850,0.54858
04445_00835,44.45,8.35,1.0,0.49271,0.0,0.1859,0.0,0.0,0.0,0.03096,8849,6005,0.67861
04445_00845,44.45,8.45,1.0,0.55532,0.0113,0.06837,0.0,0.0,0.0,0.13369,8849,5619,0.63499
04445_00855,44.45,8.55,1.0,0.70391,0.03845,0.0138,0.04999,0.0,0.01719,0.07114,8842,6686,0.75616
04445_00865,44.45,8.65,0.989,0.3835,0.06463,0.03842,0.15921,0.0,0.10418,0.13638,8850,4306,0.48655
04445_00875,44.45,8.75,0.7892,0.28276,0.02184,0.00883,0.09131,0.0,0.0998,0.13815,8838,2770,0.31343
04445_00885,44.45,8.85,0.8689,0.20407,0.01188,0.09197,0.07579,0.0,0.08009,0.06674,8840,2722,0.30792
04445_00895,44.45,8.95,0.9838,0.31293,0.0,0.03727,0.03602,0.0,0.0,0.18566,8855,3101,0.3502
04445_00905,44.45,9.05,1.0,0.64253,0.00362,0.02508,0.13445,0.0,0.00667,0.07536,8851,5941,0.67123
04445_00915,44.45,9.15,1.0,0.7243,0.0,0.0,0.02174,0.0,0.0,0.09579,8832,6397,0.7243
04445_00925,44.45,9.25,1.0,0.63988,0.01142,0.1492,0.01108,0.0,0.0,0.06488,8847,7082,0.8005
04445_00935,44.45,9.35,1.0,0.58473,0.02926,0.12268,0.0531,0.0,0.0,0.0514,8852,6521,0.73667
04445_00945,44.45,9.45,1.0,0.60859,0.03115,0.11148,0.10071,0.0,0.0,0.06344,8827,6631,0.75122
04445_00955,44.45,9.55,1.0,0.77522,0.0,0.01353,0.04419,0.0,0.0,0.02818,8871,6997,0.78875
04445_00965,44.45,9.65,1.0,0.55221,0.00779,0.02359,0.07868,0.0,0.0,0.03657,8859,5170,0.58359
04445_00975,44.45,9.75,1.0,0.60531,0.03074,0.00442,0.0,0.0,0.0,0.00284,8817,5647,0.64047
04445_00985,44.45,9.85,1.0,0.88813,0.02038,0.01223,0.01812,0.0,0.0,0.00091,8832,8132,0.92074
04445_00995,44.45,9.95,1.0,0.76813,0.008,0.03694,0.04291,0.0,0.0,0.0455,8880,7220,0.81307
04445_01005,44.45,10.05,1.0,0.69065,0.01577,0.04099,0.01588,0.0,0.0,0.05372,8880,6637,0.74741
04445_01015,44.45,10.15,1.0,0.67788,0.00362,0.03034,0.0,0.0,0.0,0.03974,8832,6287,0.71184
04445_01025,44.45,10.25,1.0,0.55597,0.00374,0.00272,0.00374,0.0,0.0,0.03187,8817,4959,0.56243
04445_01035,44.45,10.35,1.0,0.43346,0.01456,0.0079,0.0,0.0,0.0,0.03556,8859,4039,0.45592
04445_01045,44.45,10.45,1.0,0.39319,0.0,0.0,0.0,0.0,0.0,0.01961,8871,3488,0.39319
04445_01055,44.45,10.55,1.0,0.28991,0.0,0.0,0.00317,0.0,0.0,0.06095,8827,2559,0.28991
04445_01065,44.45,10.65,1.0,0.21012,0.0,0.0,0.00813,0.0,0.0,0.11014,8852,1860,0.21012
04445_01075,44.45,10.75,1.0,0.24619,0.0,0.0,0.00757,0.0,0.0,0.06861,8847,2178,0.24619
04445_01085,44.45,10.85,1.0,0.20267,0.0,0.0,0.06001,0.0,0.0,0.0796,8832,1790,0.20267
04445_01095,44.45,10.95,1.0,0.1062,0.00395,0.0,0.0165,0.0,0.0,0.07954,8851,975,0.11015
04445_01105,44.45,11.05,1.0,0.13665,0.0,0.0,0.02812,0.0,0.0,0.03512,8855,1210,0.13665
04445_01115,44.45,11.15,1.0,0.23292,0.00419,0.0,0.00633,0.0,0.0,0.02217,8840,2096,0.23711
04445_01125,44.45,11.25,1.0,0.24021,0.0,0.01109,0.00158,0.0,0.0,0.00373,8838,2221,0.2513
04445_01135,44.45,11.35,1.0,0.1174,0.0,0.00339,0.05492,0.0,0.0,0.03164,8850,1069,0.12079
04445_01145,44.45,11.45,1.0,0.07238,0.0,0.0,0.0,0.0,0.0,0.02432,8842,640,0.07238
04445_01155,44.45,11.55,1.0,0.0035,0.0,0.0,0.0,0.0,0.0,0.0,8849,31,0.0035
04445_01165,44.45,11.65,1.0,0.0,0.0,0.0,0.0,0.0,0.0,0.0,8849,0,0.0
04445_01175,44.45,11.75,1.0,0.0,0.0,0.0,0.0,0.0,0.0,0.0,8841,0,0.0
04445_01185,44.45,11.85,1.0,0.0,0.0,0.0,0.0,0.0,0.0,0.0,8840,0,0.0
04445_01195,44.45,11.95,1.0,0.0,0.0,0.0,0.0,0.0,0.0,0.0,8850,0,0.0
04445_01205,44.45,12.05,1.0,0.0,0.0,0.0,0.0,0.0,0.0,0.0,8845,0,0.0
04445_01215,44.45,12.15,1.0,0.0,0.0,0.0,0.0,0.0,0.0,0.0,8842,0,0.0
04445_01225,44.45,12.25,0.9403,0.0,0.03605,0.06418,0.0,0.0,0.0,0.0,8850,887,0.10023
04455_00685,44.55,6.85,0.2045,0.0,0.07528,0.0,0.1424,0.00328,0.0,0.0257,8834,665,0.07528
04455_00695,44.55,6.95,0.8819,0.0,0.00963,0.0,0.25864,0.03297,0.0,0.01507,8827,85,0.00963
04455_00705,44.55,7.05,1.0,0.01008,0.2415,0.05301,0.09504,0.03523,0.0,0.17626,8828,2689,0.30459
04455_00715,44.55,7.15,1.0,0.11845,0.26509,0.09002,0.018,0.0,0.0,0.20371,8831,4182,0.47356
04455_00725,44.55,7.25,1.0,0.53421,0.05415,0.07238,0.0529,0.0,0.0,0.20242,8828,5833,0.66074
04455_00735,44.55,7.35,1.0,0.77003,0.01584,0.00837,0.0,0.02637,0.0,0.07039,8836,7018,0.79424
04455_00745,44.55,7.45,1.0,0.49739,0.0,0.0,0.0,0.0,0.0,0.0,8828,4391,0.49739
04455_00755,44.55,7.55,1.0,0.00974,0.0,0.0,0.0,0.0,0.0,0.0222,8827,86,0.00974
04455_00765,44.55,7.65,1.0,0.00656,0.0,0.0,0.0,0.0,0.0,0.0,8836,58,0.00656
04455_00775,44.55,7.75,1.0,0.04239,0.0,0.0,0.0,0.0,0.0,0.02539,8823,374,0.04239
04455_00785,44.55,7.85,1.0,0.10713,0.0,0.0,0.0,0.0,0.0,0.0051,8830,946,0.10713
04455_00795,44.55,7.95,1.0,0.09598,0.0,0.07674,0.0,0.0,0.0,0.0,8835,1526,0.17272
04455_00805,44.55,8.05,1.0,0.16621,0.0,0.18038,0.0,0.0,0.0,0.0111,8826,3059,0.34659
04455_00815,44.55,8.15,1.0,0.16463,0.00577,0.30016,0.0,0.0,0.0,0.02072,8832,4156,0.47056
04455_00825,44.55,8.25,1.0,0.32654,0.00555,0.22101,0.0,0.0,0.0,0.06635,8832,4885,0.5531
04455_00835,44.55,8.35,1.0,0.18635,0.0,0.09397,0.00703,0.0,0.0,0.13387,8822,2473,0.28032
04455_00845,44.55,8.45,1.0,0.31795,0.02014,0.12424,0.00215,0.0,0.0,0.19043,8838,4086,0.46233
04455_00855,44.55,8.55,1.0,0.30936,0.00759,0.27696,0.0,0.0,0.0,0.25113,8828,5243,0.59391
04455_00865,44.55,8.65,1.0,0.42346,0.01064,0.19803,0.01766,0.0,0.0,0.17708,8832,5583,0.63213
04455_00875,44.55,8.75,1.0,0.55159,0.01349,0.06655,0.06395,0.0,0.0,0.20624,8820,5571,0.63163
04455_00885,44.55,8.85,1.0,0.38195,0.01436,0.08096,0.11488,0.0,0.0,0.16147,8844,4221,0.47727
04455_00895,44.55,8.95,1.0,0.6368,0.0,0.0,0.0,0.0,0.0,0.04276,8816,5614,0.6368
04455_00905,44.55,9.05,1.0,0.78434,0.0,0.0,0.02105,0.0,0.0,0.1403,8838,6932,0.78434
04455_00915,44.55,9.15,1.0,0.78651,0.0,0.0,0.03996,0.0,0.0,0.07856,8834,6948,0.78651
04455_00925,44.55,9.25,1.0,0.8345,0.0,0.0348,0.01236,0.0,0.0,0.04489,8822,7669,0.8693
04455_00935,44.55,9.35,1.0,0.67319,0.00928,0.11184,0.00294,0.0,0.0,0.12984,8834,7017,0.79431
04455_00945,44.55,9.45,1.0,0.60584,0.01335,0.08576,0.07399,0.0,0.0,0.08134,8839,6231,0.70495
04455_00955,44.55,9.55,1.0,0.78634,0.00397,0.00272,0.02764,0.0,0.0,0.03331,8827,7000,0.79303
04455_00965,44.55,9.65,1.0,0.72501,0.0,0.00307,0.01443,0.0,0.0,0.00784,8804,6410,0.72808
04455_00975,44.55,9.75,1.0,0.64245,0.00541,0.00383,0.0,0.0,0.0,0.04088,8880,5787,0.65169
04455_00985,44.55,9.85,1.0,0.57601,0.0,0.00365,0.0,0.0,0.0,0.12886,8769,5083,0.57966
04455_00995,44.55,9.95,1.0,0.60946,0.00101,0.00327,0.0,0.0,0.0,0.03322,8880,5450,0.61374
04455_01005,44.55,10.05,1.0,0.67241,0.0268,0.0357,0.0,0.0,0.0,0.05439,8880,6526,0.73491
04455_01015,44.55,10.15,1.0,0.40438,0.02737,0.0398,0.00559,0.0,0.0,0.02075,8769,4135,0.47155
04455_01025,44.55,10.25,1.0,0.30439,0.0,0.01914,0.0,0.0,0.0,0.02849,8880,2873,0.32353
04455_01035,44.55,10.35,1.0,0.25091,0.0,0.00704,0.0,0.0,0.0,0.06281,8804,2271,0.25795
04455_01045,44.55,10.45,1.0,0.35097,0.00317,0.0,0.0256,0.0,0.0,0.08927,8827,3126,0.35414
04455_01055,44.55,10.55,1.0,0.40491,0.00351,0.01584,0.0,0.0,0.0,0.03982,8839,3750,0.42426
04455_01065,44.55,10.65,1.0,0.24349,0.0,0.0,0.04177,0.0,0.0,0.0712,8834,2151,0.24349
04455_01075,44.55,10.75,1.0,0.10281,0.0,0.0,0.01485,0.0,0.0,0.06121,8822,907,0.10281
04455_01085,44.55,10.85,1.0,0.02015,0.0,0.0,0.0,0.0,0.0,0.01619,8834,178,0.02015
04455_01095,44.55,10.95,1.0,0.01211,0.0,0.0,0.0,0.0,0.0,0.0,8838,107,0.01211
04455_01105,44.55,11.05,1.0,0.00363,0.0,0.0,0.0,0.0,0.0,0.00862,8816,32,0.00363
04455_01115,44.55,11.15,1.0,0.0,0.0,0.0,0.0,0.0,0.0,0.0,8844,0,0.0
04455_01125,44.55,11.25,1.0,0.0,0.0,0.0,0.0,0.0,0.0,0.0,8820,0,0.0
04455_01135,44.55,11.35,1.0,0.00634,0.0,0.0,0.0,0.0,0.0,0.0,8832,56,0.00634
04455_01145,44.55,11.45,1.0,0.0,0.0,0.0,0.0,0.0,0.0,0.0,8828,0,0.0
04455_01155,44.55,11.55,1.0,0.0,0.0,0.0,0.0,0.0,0.0,0.0,8838,0,0.0
04455_01165,44.55,11.65,1.0,0.00487,0.0,0.0,0.0,0.0,0.0,0.0,8822,43,0.00487
04455_01175,44.55,11.75,1.0,0.0,0.0,0.0,0.0,0.0,0.0,0.0,8832,0,0.0
04455_01185,44.55,11.85,1.0,0.0,0.0,0.0,0.0,0.0,0.0,0.0,8832,0,0.0
04455_01195,44.55,11.95,1.0,0.0,0.0,0.0,0.0,0.0,0.0,0.0,8826,0,0.0
04455_01205,44.55,12.05,1.0,0.0,0.0,0.0,0.0,0.0,0.0,0.0,8835,0,0.0
04455_01215,44.55,12.15,1.0,0.0,0.0,0.0,0.0,0.0,0.0,0.0,8830,0,0.0
04455_01225,44.55,12.25,0.816,0.0,0.03899,0.07764,0.0,0.0,0.0,0.04386,8823,1029,0.11663
04465_00695,44.65,6.95,0.3887,0.0,0.03326,0.0,0.2277,0.00908,0.0,0.00409,8810,293,0.03326
04465_00705,44.65,7.05,0.8987,0.0,0.14085,0.00352,0.04763,0.01712,0.0,0.08868,8818,1273,0.14437
04465_00715,44.65,7.15,1.0,0.1468,0.03313,0.00953,0.0,0.02813,0.0,0.03029,8815,1670,0.18946
04465_00725,44.65,7.25,1.0,0.42982,0.04289,0.07954,0.0,0.0,0.0,0.09509,8813,4867,0.55225
04465_00735,44.65,7.35,1.0,0.55188,0.00465,0.0,0.0,0.0,0.0,0.02177,8819,4908,0.55653
04465_00745,44.65,7.45,1.0,0.18639,0.0,0.0,0.0,0.0,0.0,0.02258,8815,1643,0.18639
04465_00755,44.65,7.55,1.0,0.00465,0.0,0.0,0.0,0.0,0.0,0.00057,8809,41,0.00465
04465_00765,44.65,7.65,1.0,0.00737,0.0,0.0,0.0,0.0,0.0,0.0,8820,65,0.00737
04465_00775,44.65,7.75,1.0,0.00806,0.0,0.0,0.0,0.0,0.0,0.0,8810,71,0.00806
04465_00785,44.65,7.85,1.0,0.08949,0.0,0.0,0.0,0.0,0.0,0.00011,8817,789,0.08949
04465_00795,44.65,7.95,1.0,0.04377,0.0,0.0,0.0,0.0,0.0,0.0,8818,386,0.04377
04465_00805,44.65,8.05,1.0,0.09986,0.0,0.07615,0.0,0.0,0.0,0.0,8812,1551,0.17601
04465_00815,44.65,8.15,1.0,0.1194,0.0,0.1871,0.0,0.0,0.0,0.0,8819,2703,0.3065
04465_00825,44.65,8.25,1.0,0.17973,0.0,0.16941,0.0,0.0,0.0,0.0,8813,3077,0.34914
04465_00835,44.65,8.35,1.0,0.2066,0.0,0.04289,0.0,0.0,0.0,0.00953,8814,2199,0.24949
04465_00845,44.65,8.45,1.0,0.22486,0.0,0.03311,0.0,0.0,0.0,0.02109,8819,2275,0.25797
04465_00855,44.65,8.55,1.0,0.2081,0.0,0.04244,0.0,0.0,0.0,0.01441,8813,2208,0.25054
04465_00865,44.65,8.65,1.0,0.23219,0.0,0.04696,0.0,0.0,0.0,0.03618,8816,2461,0.27915
04465_00875,44.65,8.75,1.0,0.43638,0.03062,0.0457,0.0,0.0,0.0,0.0347,8818,4521,0.5127
04465_00885,44.65,8.85,1.0,0.58446,0.01272,0.01454,0.0,0.0,0.0,0.06305,8803,5385,0.61172
04465_00895,44.65,8.95,1.0,0.74383,0.0,0.00362,0.0,0.0,0.0,0.07463,8830,6600,0.74745
04465_00905,44.65,9.05,1.0,0.62145,0.0,0.02204,0.01307,0.0,0.0,0.09657,8802,5664,0.64349
04465_00915,44.65,9.15,1.0,0.75439,0.0,0.0119,0.03616,0.0,0.0,0.11787,8823,6761,0.76629
04465_00925,44.65,9.25,1.0,0.85358,0.0,0.00114,0.05028,0.0,0.0,0.04041,8810,7530,0.85472
04465_00935,44.65,9.35,1.0,0.66557,0.0227,0.0084,0.00159,0.0,0.0,0.10591,8809,6137,0.69667
04465_00945,44.65,9.45,1.0,0.49043,0.01914,0.06162,0.08597,0.0,0.0,0.09265,8829,5043,0.57119
04465_00955,44.65,9.55,1.0,0.62041,0.00637,0.01422,0.0281,0.0,0.0,0.07656,8791,5635,0.641
04465_00965,44.65,9.65,1.0,0.63956,0.0,0.0,0.0,0.0,0.0,0.05101,8842,5655,0.63956
04465_00975,44.65,9.75,1.0,0.55717,0.0059,0.01556,0.0,0.0,0.0,0.0377,8807,5096,0.57863
04465_00985,44.65,9.85,1.0,0.55858,0.0,0.0,0.0,0.0,0.0,0.04252,8842,4939,0.55858
04465_00995,44.65,9.95,1.0,0.44442,0.0,0.00136,0.0084,0.0,0.0,0.11514,8807,3926,0.44578
04465_01005,44.65,10.05,1.0,0.29601,0.0,0.01215,0.0,0.0,0.0,0.14136,8807,2714,0.30816
04465_01015,44.65,10.15,1.0,0.31531,0.00588,0.00158,0.0,0.0,0.0,0.0199,8842,2854,0.32277
04465_01025,44.65,10.25,1.0,0.09084,0.0,0.0,0.0,0.0,0.0,0.00318,8807,800,0.09084
04465_01035,44.65,10.35,1.0,0.07487,0.0,0.0,0.0,0.0,0.0,0.01448,8842,662,0.07487
04465_01045,44.65,10.45,1.0,0.08293,0.0,0.0,0.00307,0.0,0.0,0.0306,8791,729,0.08293
04465_01055,44.65,10.55,1.0,0.01053,0.0,0.0,0.0,0.0,0.0,0.00181,8829,93,0.01053
04465_01065,44.65,10.65,1.0,0.00284,0.0,0.0,0.0,0.0,0.0,0.0,8809,25,0.00284
04465_01075,44.65,10.75,1.0,0.01078,0.0,0.0,0.0,0.0,0.0,0.0,8810,95,0.01078
04465_01085,44.65,10.85,1.0,0.0153,0.0,0.0,0.0,0.0,0.0,0.00272,8823,135,0.0153
04465_01095,44.65,10.95,1.0,0.00727,0.0,0.0,0.0,0.0,0.0,0.0,8802,64,0.00727
04465_01105,44.65,11.05,1.0,0.00747,0.0,0.0,0.0,0.0,0.0,0.0,8830,66,0.00747
04465_01115,44.65,11.15,1.0,0.0,0.0,0.0,0.0,0.0,0.0,0.0,8803,0,0.0
04465_01125,44.65,11.25,1.0,0.00635,0.0,0.0,0.0,0.0,0.0,0.0,8818,56,0.00635
04465_01135,44.65,11.35,1.0,0.0,0.0,0.0,0.0,0.0,0.0,0.0,8816,0,0.0
04465_01145,44.65,11.45,1.0,0.0,0.0,0.0,0.0,0.0,0.0,0.0,8813,0,0.0
04465_01155,44.65,11.55,1.0,0.0,0.0,0.0,0.0,0.0,0.0,0.0,8819,0,0.0
04465_01165,44.65,11.65,1.0,0.00295,0.0,0.0,0.0,0.0,0.0,0.00295,8814,26,0.00295
04465_01175,44.65,11.75,1.0,0.00635,0.0,0.0,0.0,0.0,0.0,0.0,8813,56,0.00635
04465_01185,44.65,11.85,1.0,0.0,0.0,0.0,0.0,0.0,0.0,0.0,8819,0,0.0
04465_01195,44.65,11.95,1.0,0.0,0.0,0.0,0.0,0.0,0.0,0.0,8812,0,0.0
04465_01205,44.65,12.05,1.0,0.0,0.0,0.0,0.0,0.0,0.0,0.0,8818,0,0.0
04465_01215,44.65,12.15,1.0,0.0,0.0,0.0,0.0,0.0,0.0,0.0,8817,0,0.0
04465_01225,44.65,12.25,0.582,0.0,0.01975,0.01203,0.0,0.0,0.0,0.0025,8810,280,0.03178
04475_00705,44.75,7.05,0.7117,0.00591,0.16956,0.06762,0.16479,0.02512,0.0,0.14558,8799,2139,0.24309
04475_00715,44.75,7.15,1.0,0.25946,0.10388,0.09808,0.06285,0.06035,0.0,0.0741,8799,4060,0.46142
04475_00725,44.75,7.25,1.0,0.55163,0.00534,0.04828,0.0,0.00648,0.0,0.0994,8803,5328,0.60525
04475_00735,44.75,7.35,1.0,0.12747,0.0,0.0,0.0,0.0,0.0,0.0,8794,1121,0.12747
04475_00745,44.75,7.45,1.0,0.01226,0.0,0.0,0.0,0.0,0.0,0.00079,8807,108,0.01226
04475_00755,44.75,7.55,1.0,0.01216,0.0,0.0,0.0,0.0,0.0,0.0,8802,107,0.01216
04475_00765,44.75,7.65,1.0,0.0,0.0,0.0,0.0,0.0,0.0,0.0,8800,0,0.0
04475_00775,44.75,7.75,1.0,0.01307,0.0,0.0,0.0,0.0,0.0,0.0,8798,115,0.01307
04475_00785,44.75,7.85,1.0,0.30925,0.0,0.01897,0.0,0.0,0.0,0.00534,8802,2889,0.32822
04475_00795,44.75,7.95,1.0,0.15114,0.0,0.11261,0.0,0.0,0.0,0.00057,8800,2321,0.26375
04475_00805,44.75,8.05,1.0,0.02715,0.0,0.0,0.0,0.0,0.0,0.0,8804,239,0.02715
04475_00815,44.75,8.15,1.0,0.04151,0.0,0.0,0.0,0.0,0.0,0.0,8793,365,0.04151
04475_00825,44.75,8.25,1.0,0.02455,0.0,0.0,0.0,0.0,0.0,0.0,8799,216,0.02455
04475_00835,44.75,8.35,1.0,0.05543,0.0,0.0,0.0,0.0,0.0,0.0,8804,488,0.05543
04475_00845,44.75,8.45,1.0,0.1924,0.0,0.0,0.0,0.0,0.0,0.0,8794,1692,0.1924
04475_00855,44.75,8.55,1.0,0.1313,0.0,0.0,0.0,0.0,0.0,0.00965,8804,1156,0.1313
04475_00865,44.75,8.65,1.0,0.01478,0.0,0.0,0.0,0.0,0.0,0.005,8794,130,0.01478
04475_00875,44.75,8.75,1.0,0.11314,0.0,0.0,0.0,0.0,0.0,0.0017,8803,996,0.11314
04475_00885,44.75,8.85,1.0,0.20536,0.0,0.02077,0.0,0.0,0.0,0.01794,8809,1992,0.22613
04475_00895,44.75,8.95,1.0,0.58937,0.0,0.0,0.0,0.0,0.0,0.01525,8789,5180,0.58937
04475_00905,44.75,9.05,1.0,0.46792,0.00182,0.00386,0.0,0.0,0.0,0.08007,8805,4170,0.4736
04475_00915,44.75,9.15,1.0,0.62058,0.03624,0.0501,0.01034,0.0,0.0,0.05294,8803,6223,0.70692
04475_00925,44.75,9.25,1.0,0.56089,0.03525,0.07197,0.034,0.0,0.0,0.06401,8795,5876,0.66811
04475_00935,44.75,9.35,1.0,0.43562,0.03387,0.05785,0.0158,0.0,0.0,0.06501,8799,4640,0.52734
04475_00945,44.75,9.45,1.0,0.45884,0.02535,0.02001,0.06105,0.0,0.0,0.13381,8796,4435,0.5042
04475_00955,44.75,9.55,1.0,0.51089,0.00533,0.01486,0.01384,0.0,0.0,0.00397,8814,4681,0.53108
04475_00965,44.75,9.65,1.0,0.53662,0.0,0.00023,0.0,0.0,0.0,0.00296,8794,4721,0.53685
04475_00975,44.75,9.75,1.0,0.41886,0.01368,0.04094,0.0,0.0,0.0,0.0,8769,4152,0.47348
04475_00985,44.75,9.85,1.0,0.40045,0.0,0.00676,0.0,0.0,0.0,0.12444,8880,3616,0.40721
04475_00995,44.75,9.95,1.0,0.33448,0.0,0.0,0.0139,0.0,0.0,0.08902,8706,2912,0.33448
04475_01005,44.75,10.05,1.0,0.28532,0.0,0.0,0.0,0.0,0.0,0.10843,8706,2484,0.28532
04475_01015,44.75,10.15,1.0,0.0643,0.0,0.0,0.00968,0.0,0.0,0.03457,8880,571,0.0643
04475_01025,44.75,10.25,1.0,0.04778,0.0,0.0,0.0,0.0,0.0,0.00513,8769,419,0.04778
04475_01035,44.75,10.35,1.0,0.01342,0.0,0.0,0.0,0.0,0.0,0.00443,8794,118,0.01342
04475_01045,44.75,10.45,1.0,0.01055,0.0,0.0,0.0,0.0,0.0,0.0,8814,93,0.01055
04475_01055,44.75,10.55,1.0,0.0,0.0,0.0,0.0,0.0,0.0,0.0,8796,0,0.0
04475_01065,44.75,10.65,1.0,0.0,0.0,0.0,0.0,0.0,0.0,0.0,8799,0,0.0
04475_01075,44.75,10.75,1.0,0.0,0.0,0.0,0.0,0.0,0.0,0.0,8795,0,0.0
04475_01085,44.75,10.85,1.0,0.0,0.0,0.0,0.0,0.0,0.0,0.0,8803,0,0.0
04475_01095,44.75,10.95,1.0,0.0,0.0,0.0,0.0,0.0,0.0,0.01476,8805,0,0.0
04475_01105,44.75,11.05,1.0,0.0,0.0,0.0,0.0,0.0,0.0,0.0,8789,0,0.0
04475_01115,44.75,11.15,1.0,0.0,0.0,0.0,0.0,0.0,0.0,0.0,8809,0,0.0
04475_01125,44.75,11.25,1.0,0.0,0.0,0.0,0.0,0.0,0.0,0.0,8803,0,0.0
04475_01135,44.75,11.35,1.0,0.01478,0.0,0.0,0.0,0.0,0.0,0.0,8794,130,0.01478
04475_01145,44.75,11.45,1.0,0.01545,0.0,0.0,0.0,0.0,0.0,0.0,8804,136,0.01545
04475_01155,44.75,11.55,1.0,0.00023,0.0,0.0,0.0,0.0,0.0,0.0,8794,2,0.00023
04475_01165,44.75,11.65,1.0,0.0,0.0,0.0,0.0,0.0,0.0,0.0,8804,0,0.0
04475_01175,44.75,11.75,1.0,0.0,0.0,0.0,0.0,0.0,0.0,0.0,8799,0,0.0
04475_01185,44.75,11.85,1.0,0.0,0.0,0.0,0.0,0.0,0.0,0.0,8793,0,0.0
04475_01195,44.75,11.95,1.0,0.0,0.0,0.0,0.0,0.0,0.0,0.0,8804,0,0.0
04475_01205,44.75,12.05,1.0,0.0,0.0,0.0,0.0,0.0,0.0,0.0,8800,0,0.0
04475_01215,44.75,12.15,1.0,0.0,0.0,0.0,0.0,0.0,0.0,0.0,8802,0,0.0
04475_01225,44.75,12.25,0.4947,0.0,0.01784,0.0,0.0,0.0,0.0,0.0,8798,157,0.01784
04475_01235,44.75,12.35,0.0521,0.0,0.0,0.0,0.0,0.0,0.0,0.0,8800,0,0.0
04485_00685,44.85,6.85,0.4039,0.0,0.08947,0.0,0.34969,0.00364,0.0,0.01924,8785,786,0.08947
04485_00695,44.85,6.95,0.4939,0.0,0.17224,0.0,0.19183,0.00478,0.0,0.03484,8784,1513,0.17224
04485_00705,44.85,7.05,0.9446,0.01081,0.16187,0.08492,0.14741,0.02743,0.0,0.10393,8785,2263,0.2576
04485_00715,44.85,7.15,1.0,0.31744,0.06579,0.01263,0.02322,0.1112,0.0,0.12486,8786,3478,0.39586
04485_00725,44.85,7.25,1.0,0.60128,0.0,0.00911,0.0,0.0,0.0,0.01252,8783,5361,0.61039
04485_00735,44.85,7.35,1.0,0.01491,0.0,0.0,0.0,0.0,0.0,0.00728,8786,131,0.01491
04485_00745,44.85,7.45,1.0,0.01104,0.0,0.0,0.0,0.0,0.0,0.0107,8783,97,0.01104
04485_00755,44.85,7.55,1.0,0.01389,0.0,0.0,0.0,0.0,0.0,0.01879,8783,122,0.01389
04485_00765,44.85,7.65,1.0,0.00285,0.0,0.0,0.0,0.0,0.0,0.0066,8782,25,0.00285
04485_00775,44.85,7.75,1.0,0.00455,0.0,0.0,0.0,0.0,0.0,0.0,8787,40,0.00455
04485_00785,44.85,7.85,1.0,0.07614,0.0,0.01719,0.0,0.0,0.0,0.0,8786,820,0.09333
04485_00795,44.85,7.95,1.0,0.32134,0.0,0.0,0.0,0.0,0.0,0.0,8785,2823,0.32134
04485_00805,44.85,8.05,1.0,0.25222,0.0,0.0,0.0,0.0,0.0,0.0,8786,2216,0.25222
04485_00815,44.85,8.15,1.0,0.04586,0.0,0.0,0.0,0.0,0.0,0.0,8788,403,0.04586
04485_00825,44.85,8.25,1.0,0.21364,0.0,0.0,0.0,0.0,0.0,0.00319,8786,1877,0.21364
04485_00835,44.85,8.35,1.0,0.38754,0.0,0.0,0.0,0.0,0.0,0.0,8781,3403,0.38754
04485_00845,44.85,8.45,1.0,0.11534,0.0,0.0,0.0,0.0,0.0,0.0,8783,1013,0.11534
04485_00855,44.85,8.55,1.0,0.0,0.0,0.0,0.0,0.0,0.0,0.0,8788,0,0.0
04485_00865,44.85,8.65,1.0,0.0,0.0,0.0,0.0,0.0,0.0,0.01105,8781,0,0.0
04485_00875,44.85,8.75,1.0,0.0,0.0,0.0,0.0,0.0,0.0,0.0,8781,0,0.0
04485_00885,44.85,8.85,1.0,0.01718,0.0,0.0,0.0,0.0,0.0,0.01047,8789,151,0.01718
04485_00895,44.85,8.95,1.0,0.12125,0.0,0.0,0.0,0.0,0.0,0.01797,8792,1066,0.12125
04485_00905,44.85,9.05,1.0,0.24957,0.0,0.0066,0.0,0.0,0.0,0.05224,8787,2251,0.25617
04485_00915,44.85,9.15,1.0,0.45279,0.0,0.01435,0.0,0.0,0.0,0.06128,8779,4101,0.46714
04485_00925,44.85,9.25,1.0,0.32722,0.02539,0.09268,0.00205,0.0,0.0,0.07378,8783,3911,0.44529
04485_00935,44.85,9.35,1.0,0.36398,0.0149,0.03846,0.00353,0.0,0.0,0.07669,8789,3668,0.41734
04485_00945,44.85,9.45,1.0,0.28903,0.02745,0.01982,0.0033,0.0,0.0,0.09088,8781,2953,0.3363
04485_00955,44.85,9.55,1.0,0.27921,0.00297,0.01176,0.0,0.0,0.0,0.03209,8757,2574,0.29394
04485_00965,44.85,9.65,1.0,0.28778,0.0,0.0,0.0,0.0,0.0,0.01647,8802,2533,0.28778
04485_00975,44.85,9.75,1.0,0.20068,0.0,0.0,0.0,0.0,0.0,0.0,8835,1773,0.20068
04485_00985,44.85,9.85,1.0,0.12563,0.0,0.0,0.0,0.0,0.0,0.02172,8748,1099,0.12563
04485_00995,44.85,9.95,1.0,0.0497,0.0,0.0,0.0,0.0,0.0,0.00286,8753,435,0.0497
04485_01005,44.85,10.05,1.0,0.02262,0.0,0.0,0.0,0.0,0.0,0.0008,8753,198,0.02262
04485_01015,44.85,10.15,1.0,0.0,0.0,0.0,0.00057,0.0,0.0,0.0,8748,0,0.0
04485_01025,44.85,10.25,1.0,0.00362,0.0,0.0,0.0,0.0,0.0,0.0026,8835,32,0.00362
04485_01035,44.85,10.35,1.0,0.00386,0.0,0.0,0.0,0.0,0.0,0.00659,8802,34,0.00386
04485_01045,44.85,10.45,1.0,0.02444,0.0,0.0,0.0,0.0,0.0,0.0121,8757,214,0.02444
04485_01055,44.85,10.55,1.0,0.0,0.0,0.0,0.0,0.0,0.0,0.0,8781,0,0.0
04485_01065,44.85,10.65,1.0,0.0,0.0,0.0,0.0,0.0,0.0,0.02378,8789,0,0.0
04485_01075,44.85,10.75,1.0,0.00751,0.0,0.0,0.0,0.0,0.0,0.02869,8783,66,0.00751
04485_01085,44.85,10.85,1.0,0.0,0.0,0.0,0.0,0.0,0.0,0.00376,8779,0,0.0
04485_01095,44.85,10.95,1.0,0.01457,0.0,0.0,0.0,0.0,0.0,0.00273,8787,128,0.01457
04485_01105,44.85,11.05,1.0,0.00728,0.0,0.0,0.0,0.0,0.0,0.00011,8792,64,0.00728
04485_01115,44.85,11.15,1.0,0.0,0.0,0.0,0.0,0.0,0.0,0.0,8789,0,0.0
04485_01125,44.85,11.25,1.0,0.0,0.0,0.0,0.0,0.0,0.0,0.0,8781,0,0.0
04485_01135,44.85,11.35,1.0,0.0,0.0,0.0,0.0,0.0,0.0,0.0,8781,0,0.0
04485_01145,44.85,11.45,1.0,0.00467,0.0,0.0,0.0,0.0,0.0,0.0,8788,41,0.00467
04485_01155,44.85,11.55,1.0,0.0041,0.0,0.0,0.0,0.0,0.0,0.0,8783,36,0.0041
04485_01165,44.85,11.65,1.0,0.01082,0.0,0.0,0.0,0.0,0.0,0.00262,8781,95,0.01082
04485_01175,44.85,11.75,1.0,0.0,0.0,0.0,0.0,0.0,0.0,0.0,8786,0,0.0
04485_01185,44.85,11.85,1.0,0.0,0.0,0.0,0.0,0.0,0.0,0.0,8788,0,0.0
04485_01195,44.85,11.95,1.0,0.0,0.0,0.0,0.0,0.0,0.0,0.0,8786,0,0.0
04485_01205,44.85,12.05,1.0,0.0,0.0,0.0,0.0,0.0,0.0,0.0,8785,0,0.0
04485_01215,44.85,12.15,1.0,0.00319,0.0,0.0,0.0,0.0,0.0,0.00353,8786,28,0.00319
04485_01225,44.85,12.25,0.8899,0.07124,0.0206,0.03619,0.0,0.0,0.0,0.0,8787,1125,0.12803
04485_01235,44.85,12.35,0.8252,0.0,0.0,0.0,0.0,0.0,0.0,0.0,8782,0,0.0
04485_01245,44.85,12.45,0.5914,0.0,0.0,0.0,0.0,0.0,0.0,0.0,8783,0,0.0
04495_00675,44.95,6.75,0.4551,0.0,0.30871,0.0,0.10682,0.00308,0.0,0.12095,8772,2708,0.30871
04495_00685,44.95,6.85,1.0,0.0,0.3501,0.00433,0.04254,0.0,0.0,0.17254,8769,3108,0.35443
04495_00695,44.95,6.95,1.0,0.0,0.18082,0.0,0.01744,0.00068,0.0,0.06077,8771,1586,0.18082
04495_00705,44.95,7.05,1.0,0.03147,0.29829,0.13307,0.16522,0.02999,0.0,0.13261,8770,4059,0.46283
04495_00715,44.95,7.15,1.0,0.35708,0.23775,0.16845,0.0106,0.00125,0.0,0.11796,8774,6697,0.76328
04495_00725,44.95,7.25,1.0,0.68617,0.03615,0.0731,0.0,0.0,0.0,0.02543,8769,6975,0.79542
04495_00735,44.95,7.35,1.0,0.5016,0.0,0.0,0.0,0.0,0.0,0.01505,8768,4398,0.5016
04495_00745,44.95,7.45,1.0,0.04048,0.00433,0.0,0.0,0.0,0.0,0.026,8770,393,0.04481
04495_00755,44.95,7.55,1.0,0.06714,0.0,0.0,0.0,0.0,0.0,0.0,8773,589,0.06714
04495_00765,44.95,7.65,1.0,0.00924,0.0,0.0,0.0,0.0,0.0,0.00365,8769,81,0.00924
04495_00775,44.95,7.75,1.0,0.00764,0.0,0.0,0.0,0.0,0.0,0.0008,8771,67,0.00764
04495_00785,44.95,7.85,1.0,0.0,0.0,0.0,0.0,0.0,0.0,0.0,8770,0,0.0
04495_00795,44.95,7.95,1.0,0.16254,0.0,0.0,0.0,0.0,0.0,0.0,8767,1425,0.16254
04495_00805,44.95,8.05,1.0,0.42621,0.0,0.0,0.0,0.0,0.0,0.0,8768,3737,0.42621
04495_00815,44.95,8.15,1.0,0.44163,0.0,0.0,0.0,0.0,0.0,0.0,8772,3874,0.44163
04495_00825,44.95,8.25,1.0,0.16862,0.0,0.0,0.0,0.0,0.0,0.0,8771,1479,0.16862
04495_00835,44.95,8.35,1.0,0.31349,0.0,0.0,0.0,0.0,0.0,0.0,8769,2749,0.31349
04495_00845,44.95,8.45,1.0,0.03489,0.0,0.0,0.0,0.0,0.0,0.0,8770,306,0.03489
04495_00855,44.95,8.55,1.0,0.00342,0.0,0.0,0.0,0.0,0.0,0.0,8774,30,0.00342
04495_00865,44.95,8.65,1.0,0.00433,0.0,0.0,0.0,0.0,0.0,0.0,8772,38,0.00433
04495_00875,44.95,8.75,1.0,0.02257,0.0,0.0,0.0,0.0,0.0,0.00331,8773,198,0.02257
04495_00885,44.95,8.85,1.0,0.01095,0.0,0.0,0.0,0.0,0.0,0.03159,8768,96,0.01095
04495_00895,44.95,8.95,1.0,0.0,0.0,0.0,0.0,0.0,0.0,0.0,8770,0,0.0
04495_00905,44.95,9.05,1.0,0.14232,0.0,0.00787,0.0,0.0,0.0,0.02452,8769,1317,0.15019
04495_00915,44.95,9.15,1.0,0.16522,0.0,0.01574,0.0,0.0,0.0,0.0805,8770,1587,0.18096
04495_00925,44.95,9.25,1.0,0.11871,0.00992,0.00969,0.00354,0.0,0.0,0.08097,8769,1213,0.13832
04495_00935,44.95,9.35,1.0,0.06328,0.0,0.0,0.0,0.0,0.0,0.02782,8771,555,0.06328
04495_00945,44.95,9.45,1.0,0.09941,0.0,0.0,0.0,0.0,0.0,0.03678,8782,873,0.09941
04495_00955,44.95,9.55,1.0,0.03828,0.0,0.0,0.0,0.0,0.0,0.0147,8778,336,0.03828
04495_00965,44.95,9.65,1.0,0.01927,0.0,0.0,0.0,0.0,0.0,0.01106,8769,169,0.01927
04495_00975,44.95,9.75,1.0,0.0,0.0,0.0,0.0,0.0,0.0,0.01448,8769,0,0.0
04495_00985,44.95,9.85,1.0,0.00011,0.0,0.0,0.0,0.0,0.0,0.00664,8739,1,0.00011
04495_00995,44.95,9.95,1.0,0.0,0.0,0.0,0.0,0.0,0.0,0.0008,8769,0,0.0
04495_01005,44.95,10.05,1.0,0.0,0.0,0.0,0.0,0.0,0.0,0.0,8769,0,0.0
04495_01015,44.95,10.15,1.0,0.0,0.0,0.0,0.0,0.0,0.0,0.00252,8739,0,0.0
04495_01025,44.95,10.25,1.0,0.00764,0.0,0.0,0.0,0.0,0.0,0.01209,8769,67,0.00764
04495_01035,44.95,10.35,1.0,0.07355,0.0,0.0,0.0,0.0,0.0,0.05953,8769,645,0.07355
04495_01045,44.95,10.45,1.0,0.0974,0.0,0.0,0.0,0.0,0.0,0.06676,8778,855,0.0974
04495_01055,44.95,10.55,1.0,0.0534,0.0,0.0,0.0,0.0,0.0,0.09451,8782,469,0.0534
04495_01065,44.95,10.65,1.0,0.10694,0.0,0.0,0.0,0.0,0.0,0.12085,8771,938,0.10694
04495_01075,44.95,10.75,1.0,0.00194,0.0,0.0,0.0,0.0,0.0,0.00308,8769,17,0.00194
04495_01085,44.95,10.85,1.0,0.0,0.0,0.0,0.0,0.0,0.0,0.0,8770,0,0.0
04495_01095,44.95,10.95,1.0,0.0,0.0,0.0,0.0,0.0,0.0,0.0,8769,0,0.0
04495_01105,44.95,11.05,1.0,0.0,0.0,0.0,0.0,0.0,0.0,0.0,8770,0,0.0
04495_01115,44.95,11.15,1.0,0.0,0.0,0.0,0.0,0.0,0.0,0.0,8768,0,0.0
04495_01125,44.95,11.25,1.0,0.0,0.0,0.0,0.0,0.0,0.0,0.0,8773,0,0.0
04495_01135,44.95,11.35,1.0,0.00365,0.0,0.0,0.0,0.0,0.0,0.02291,8772,32,0.00365
04495_01145,44.95,11.45,1.0,0.0106,0.0,0.0,0.0,0.0,0.0,0.01208,8774,93,0.0106
04495_01155,44.95,11.55,1.0,0.01995,0.0,0.0,0.0,0.0,0.0,0.00479,8770,175,0.01995
04495_01165,44.95,11.65,1.0,0.0,0.0,0.0,0.0,0.0,0.0,0.0,8769,0,0.0
04495_01175,44.95,11.75,1.0,0.00821,0.0,0.0,0.0,0.0,0.0,0.00707,8771,72,0.00821
04495_01185,44.95,11.85,1.0,0.02029,0.0,0.0,0.0,0.0,0.0,0.0,8772,178,0.02029
04495_01195,44.95,11.95,1.0,0.00479,0.0,0.0,0.0,0.0,0.0,0.00308,8768,42,0.00479
04495_01205,44.95,12.05,1.0,0.02338,0.0,0.0,0.0,0.0,0.0,0.02498,8767,205,0.02338
04495_01215,44.95,12.15,1.0,0.00764,0.0,0.0,0.0,0.0,0.0,0.00593,8770,67,0.00764
04495_01225,44.95,12.25,1.0,0.03614,0.00798,0.0,0.0,0.0,0.0,0.00388,8771,387,0.04412
04495_01235,44.95,12.35,1.0,0.0,0.0,0.0,0.0,0.0,0.0,0.0,8769,0,0.0
04495_01245,44.95,12.45,0.9866,0.00445,0.0,0.0,0.0,0.0,0.0,0.0,8773,39,0.00445
04495_01255,44.95,12.55,0.2305,0.0,0.0,0.0,0.0,0.0,0.0,0.0,8770,0,0.0
04505_00665,45.05,6.65,0.3428,0.01564,0.32915,0.03722,0.09636,0.01039,0.0,0.07615,8759,3346,0.38201
04505_00675,45.05,6.75,0.9066,0.0008,0.46738,0.01862,0.012,0.0,0.0,0.17263,8753,4261,0.4868
04505_00685,45.05,6.85,1.0,0.0,0.47835,0.00845,0.03862,0.0,0.0,0.18714,8753,4261,0.4868
04505_00695,45.05,6.95,1.0,0.0,0.44762,0.01314,0.08808,0.00057,0.0,0.17377,8753,4033,0.46076
04505_00705,45.05,7.05,1.0,0.03278,0.32195,0.04854,0.16423,0.00857,0.0,0.19392,8756,3531,0.40327
04505_00715,45.05,7.15,1.0,0.07547,0.17824,0.07479,0.0451,0.06052,0.0,0.11224,8758,2877,0.3285
04505_00725,45.05,7.25,1.0,0.50868,0.08078,0.08992,0.02114,0.05953,0.0,0.04936,8752,5946,0.67938
04505_00735,45.05,7.35,1.0,0.5108,0.0,0.08033,0.0,0.0,0.0,0.00446,8751,5173,0.59113
04505_00745,45.05,7.45,1.0,0.32206,0.01325,0.0,0.0,0.0,0.0,0.01907,8756,2936,0.33531
04505_00755,45.05,7.55,1.0,0.01496,0.0,0.0,0.0,0.0,0.0,0.0,8758,131,0.01496
04505_00765,45.05,7.65,1.0,0.01382,0.0,0.0,0.0,0.0,0.0,0.0,8753,121,0.01382
04505_00775,45.05,7.75,1.0,0.37266,0.0,0.0,0.0,0.0,0.0,0.00354,8756,3263,0.37266
04505_00785,45.05,7.85,1.0,0.12727,0.0,0.0,0.0,0.0,0.0,0.0,8753,1114,0.12727
04505_00795,45.05,7.95,1.0,0.24306,0.0,0.0,0.0,0.0,0.0,0.0,8755,2128,0.24306
04505_00805,45.05,8.05,1.0,0.39066,0.0,0.0,0.0,0.0,0.0,0.0,8757,3421,0.39066
04505_00815,45.05,8.15,1.0,0.11024,0.0,0.0,0.0,0.0,0.0,0.0,8754,965,0.11024
04505_00825,45.05,8.25,1.0,0.1826,0.0,0.0,0.0,0.0,0.0,0.0,8757,1599,0.1826
04505_00835,45.05,8.35,1.0,0.07644,0.0,0.0,0.0,0.0,0.0,0.00423,8752,669,0.07644
04505_00845,45.05,8.45,1.0,0.00571,0.0,0.0,0.0,0.0,0.0,0.0,8749,50,0.00571
04505_00855,45.05,8.55,1.0,0.02272,0.0,0.0,0.0,0.0,0.0,0.00011,8759,199,0.02272
04505_00865,45.05,8.65,1.0,0.08749,0.0,0.0,0.0,0.0,0.0,0.09857,8755,766,0.08749
04505_00875,45.05,8.75,1.0,0.07355,0.0,0.0,0.0,0.0,0.0,0.03552,8756,644,0.07355
04505_00885,45.05,8.85,1.0,0.04969,0.0,0.0,0.0,0.0,0.0,0.01919,8755,435,0.04969
04505_00895,45.05,8.95,1.0,0.04365,0.0,0.0,0.0,0.0,0.0,0.00811,8751,382,0.04365
04505_00905,45.05,9.05,1.0,0.03119,0.0,0.0,0.0,0.0,0.0,0.02742,8752,273,0.03119
04505_00915,45.05,9.15,1.0,0.01244,0.0,0.0,0.0,0.0,0.0,0.00126,8759,109,0.01244
04505_00925,45.05,9.25,1.0,0.0,0.0,0.0,0.0,0.0,0.0,0.00548,8758,0,0.0
04505_00935,45.05,9.35,1.0,0.00149,0.0,0.0,0.0,0.0,0.0,0.00526,8753,13,0.00149
04505_00945,45.05,9.45,1.0,0.00411,0.0,0.0,0.0,0.0,0.0,0.0241,8756,36,0.00411
04505_00955,45.05,9.55,1.0,0.02391,0.0,0.0,0.0,0.0,0.0,0.04347,8741,209,0.02391
04505_00965,45.05,9.65,1.0,0.0032,0.0,0.0,0.0,0.0,0.0,0.01315,8743,28,0.0032
04505_00975,45.05,9.75,1.0,0.04724,0.0,0.0,0.0,0.0,0.0,0.04473,8763,414,0.04724
04505_00985,45.05,9.85,1.0,0.06421,0.0,0.0,0.0,0.0,0.0,0.05461,8753,562,0.06421
04505_00995,45.05,9.95,1.0,0.0,0.0,0.0,0.0,0.0,0.0,0.00274,8769,0,0.0
04505_01005,45.05,10.05,1.0,0.01642,0.0,0.0,0.0,0.0,0.0,0.0349,8769,144,0.01642
04505_01015,45.05,10.15,1.0,0.0,0.0,0.0,0.0,0.0,0.0,0.09974,8753,0,0.0
04505_01025,45.05,10.25,1.0,0.02396,0.0,0.0,0.0,0.0,0.0,0.05421,8763,210,0.02396
04505_01035,45.05,10.35,1.0,0.0008,0.0,0.0,0.0,0.0,0.0,0.01075,8743,7,0.0008
04505_01045,45.05,10.45,1.0,0.0,0.0,0.0,0.0,0.0,0.0,0.0,8741,0,0.0
04505_01055,45.05,10.55,1.0,0.00925,0.0,0.0,0.0,0.0,0.0,0.00788,8756,81,0.00925
04505_01065,45.05,10.65,1.0,0.05621,0.0,0.0,0.0,0.0,0.0,0.15309,8753,492,0.05621
04505_01075,45.05,10.75,1.0,0.01302,0.0,0.0,0.0,0.0,0.0,0.03288,8758,114,0.01302
04505_01085,45.05,10.85,1.0,0.01861,0.0,0.0,0.0,0.0,0.0,0.04099,8759,163,0.01861
04505_01095,45.05,10.95,1.0,0.02228,0.0,0.0,0.0,0.0,0.0,0.02011,8752,195,0.02228
04505_01105,45.05,11.05,1.0,0.01234,0.0,0.0,0.00331,0.0,0.0,0.05668,8751,108,0.01234
04505_01115,45.05,11.15,1.0,0.0426,0.0,0.0,0.0,0.0,0.0,0.03118,8755,373,0.0426
04505_01125,45.05,11.25,1.0,0.04294,0.0,0.0,0.0,0.0,0.0,0.0072,8756,376,0.04294
04505_01135,45.05,11.35,1.0,0.0072,0.0,0.0,0.0,0.0,0.0,0.0016,8755,63,0.0072
04505_01145,45.05,11.45,1.0,0.00822,0.0,0.0,0.0,0.0,0.0,0.0,8759,72,0.00822
04505_01155,45.05,11.55,1.0,0.0,0.0,0.0,0.0,0.0,0.0,0.0,8749,0,0.0
04505_01165,45.05,11.65,1.0,0.0,0.0,0.0,0.0,0.0,0.0,0.0,8752,0,0.0
04505_01175,45.05,11.75,1.0,0.0,0.0,0.0,0.0,0.0,0.0,0.0,8757,0,0.0
04505_01185,45.05,11.85,1.0,0.0,0.0,0.0,0.0,0.0,0.0,0.0,8754,0,0.0
04505_01195,45.05,11.95,1.0,0.0,0.0,0.0,0.0,0.0,0.0,0.0,8757,0,0.0
04505_01205,45.05,12.05,1.0,0.00263,0.0,0.0,0.0,0.0,0.0,0.00731,8755,23,0.00263
04505_01215,45.05,12.15,1.0,0.0,0.0,0.0,0.0,0.0,0.0,0.00011,8753,0,0.0
04505_01225,45.05,12.25,1.0,0.0,0.0,0.0,0.0,0.0,0.0,0.0,8756,0,0.0
04505_01235,45.05,12.35,0.7997,0.0,0.00331,0.0,0.0,0.0,0.0,0.0,8753,29,0.00331
04505_01245,45.05,12.45,0.1492,0.0,0.0,0.0,0.0,0.0,0.0,0.0,8758,0,0.0
04515_00665,45.15,6.65,0.1869,0.00389,0.23833,0.03501,0.22151,0.02746,0.0,0.01876,8740,2423,0.27723
04515_00675,45.15,6.75,0.4773,0.0,0.12054,0.02415,0.19174,0.02793,0.0,0.01671,8736,1264,0.14469
04515_00685,45.15,6.85,0.4065,0.01692,0.02584,0.0072,0.11527,0.00995,0.0,0.03442,8745,437,0.04996
04515_00695,45.15,6.95,0.8329,0.17286,0.07894,0.10422,0.10742,0.0,0.0,0.11715,8741,3112,0.35602
04515_00705,45.15,7.05,1.0,0.18555,0.11424,0.231,0.06536,0.00618,0.0,0.09547,8736,4637,0.53079
04515_00715,45.15,7.15,1.0,0.30291,0.02642,0.08785,0.07664,0.01521,0.0,0.1049,8742,3647,0.41718
04515_00725,45.15,7.25,1.0,0.34447,0.01877,0.0309,0.23037,0.03422,0.0,0.11215,8738,3444,0.39414
04515_00735,45.15,7.35,1.0,0.45109,0.03649,0.05457,0.02139,0.02345,0.0,0.10823,8741,4739,0.54215
04515_00745,45.15,7.45,1.0,0.30835,0.05938,0.07803,0.02357,0.0,0.0,0.2119,8740,3896,0.44576
04515_00755,45.15,7.55,1.0,0.19345,0.0,0.00355,0.0,0.0,0.0,0.02312,8736,1721,0.197
04515_00765,45.15,7.65,1.0,0.03352,0.0,0.0,0.0,0.0,0.0,0.00355,8740,293,0.03352
04515_00775,45.15,7.75,1.0,0.02665,0.0,0.0,0.0,0.0,0.0,0.00721,8743,233,0.02665
04515_00785,45.15,7.85,1.0,0.25578,0.0,0.0032,0.0,0.0,0.0,0.01431,8738,2263,0.25898
04515_00795,45.15,7.95,1.0,0.35542,0.0,0.01156,0.00709,0.0,0.0,0.02254,8739,3207,0.36698
04515_00805,45.15,8.05,1.0,0.32822,0.0,0.0,0.0,0.0,0.0,0.02621,8738,2868,0.32822
04515_00815,45.15,8.15,1.0,0.32753,0.0,0.0,0.0,0.0,0.0,0.02862,8735,2861,0.32753
04515_00825,45.15,8.25,1.0,0.19247,0.0,0.0,0.0,0.0,0.0,0.00892,8744,1683,0.19247
04515_00835,45.15,8.35,1.0,0.07194,0.0,0.0,0.0,0.0,0.0,0.00572,8744,629,0.07194
04515_00845,45.15,8.45,1.0,0.00343,0.0,0.0,0.0,0.0,0.0,0.01316,8737,30,0.00343
04515_00855,45.15,8.55,1.0,0.06636,0.0,0.0,0.0,0.0,0.0,0.08101,8740,580,0.06636
04515_00865,45.15,8.65,1.0,0.04658,0.0,0.0,0.0,0.0,0.0,0.02507,8737,407,0.04658
04515_00875,45.15,8.75,1.0,0.05254,0.0,0.0,0.0,0.0,0.0,0.02438,8737,459,0.05254
04515_00885,45.15,8.85,1.0,0.09357,0.0,0.0,0.0,0.0,0.0,0.01418,8742,818,0.09357
04515_00895,45.15,8.95,1.0,0.04996,0.0,0.0,0.0,0.0,0.0,0.00663,8747,437,0.04996
04515_00905,45.15,9.05,1.0,0.02998,0.0,0.0,0.0,0.0,0.0,0.03101,8738,262,0.02998
04515_00915,45.15,9.15,1.0,0.0788,0.0,0.0,0.0,0.0,0.0,0.02772,8731,688,0.0788
04515_00925,45.15,9.25,1.0,0.09139,0.0,0.0,0.0,0.0,0.0,0.04049,8743,799,0.09139
04515_00935,45.15,9.35,1.0,0.10738,0.0,0.0,0.0,0.0,0.0,0.01282,8735,938,0.10738
04515_00945,45.15,9.45,1.0,0.03035,0.0,0.0,0.0,0.0,0.0,0.0465,8731,265,0.03035
04515_00955,45.15,9.55,1.0,0.00068,0.0,0.0,0.0,0.0,0.0,0.05353,8761,6,0.00068
04515_00965,45.15,9.65,1.0,0.00673,0.0,0.0,0.0,0.0,0.0,0.02168,8763,59,0.00673
04515_00975,45.15,9.75,1.0,0.00299,0.0,0.0,0.0,0.0,0.0,0.02763,8686,26,0.00299
04515_00985,45.15,9.85,1.0,0.01352,0.0,0.0,0.0,0.0,0.0,0.01054,8731,118,0.01352
04515_00995,45.15,9.95,1.0,0.01939,0.0,0.0,0.0,0.0,0.0,0.05417,8769,170,0.01939
04515_01005,45.15,10.05,1.0,0.01129,0.0,0.0,0.0,0.0,0.0,0.00388,8769,99,0.01129
04515_01015,45.15,10.15,1.0,0.00298,0.0,0.0,0.0,0.0,0.0,0.0,8731,26,0.00298
04515_01025,45.15,10.25,1.0,0.0,0.0,0.0,0.0,0.0,0.0,0.0,8686,0,0.0
04515_01035,45.15,10.35,1.0,0.0,0.0,0.0,0.0,0.0,0.0,0.00456,8763,0,0.0
04515_01045,45.15,10.45,1.0,0.0,0.0,0.0,0.0,0.0,0.0,0.01084,8761,0,0.0
04515_01055,45.15,10.55,1.0,0.0,0.0,0.0,0.0,0.0,0.0,0.00641,8731,0,0.0
04515_01065,45.15,10.65,1.0,0.0,0.0,0.0,0.0,0.0,0.0,0.0,8735,0,0.0
04515_01075,45.15,10.75,1.0,0.0175,0.0,0.0,0.0,0.0,0.0,0.00366,8743,153,0.0175
04515_01085,45.15,10.85,1.0,0.02233,0.0,0.0,0.0,0.0,0.0,0.02646,8731,195,0.02233
04515_01095,45.15,10.95,1.0,0.0,0.0,0.0,0.0,0.0,0.0,0.0,8738,0,0.0
04515_01105,45.15,11.05,1.0,0.00446,0.0,0.0,0.0,0.0,0.0,0.0,8747,39,0.00446
04515_01115,45.15,11.15,1.0,0.0,0.0,0.0,0.0,0.0,0.0,0.0,8742,0,0.0
04515_01125,45.15,11.25,1.0,0.00824,0.0,0.0,0.0,0.0,0.0,0.00698,8737,72,0.00824
04515_01135,45.15,11.35,1.0,0.0,0.0,0.0,0.0,0.0,0.0,0.0,8737,0,0.0
04515_01145,45.15,11.45,1.0,0.0032,0.0,0.0,0.0,0.0,0.0,0.0,8740,28,0.0032
04515_01155,45.15,11.55,1.0,0.0,0.0,0.0,0.0,0.0,0.0,0.00423,8737,0,0.0
04515_01165,45.15,11.65,1.0,0.0,0.0,0.0,0.0,0.0,0.0,0.00743,8744,0,0.0
04515_01175,45.15,11.75,1.0,0.0,0.0,0.0,0.0,0.0,0.0,0.0,8744,0,0.0
04515_01185,45.15,11.85,1.0,0.0,0.0,0.0,0.0,0.0,0.0,0.0,8735,0,0.0
04515_01195,45.15,11.95,1.0,0.0,0.0,0.0,0.0,0.0,0.0,0.0,8738,0,0.0
04515_01205,45.15,12.05,1.0,0.0,0.0,0.0,0.0,0.0,0.0,0.0,8739,0,0.0
04515_01215,45.15,12.15,1.0,0.0,0.0,0.0,0.0,0.0,0.0,0.0,8738,0,0.0
04515_01225,45.15,12.25,1.0,0.0,0.02493,0.0,0.0,0.0,0.0,0.0,8743,218,0.02493
04515_01235,45.15,12.35,0.2567,0.01178,0.02174,0.0,0.0,0.0,0.0,0.00366,8740,293,0.03352
04525_00705,45.25,7.05,0.2006,0.01457,0.00849,0.01675,0.23822,0.0,0.0,0.00287,8719,347,0.03981
04525_00715,45.25,7.15,0.8244,0.02384,0.01089,0.03312,0.14783,0.04068,0.0,0.0408,8726,592,0.06785
04525_00725,45.25,7.25,1.0,0.14084,0.0267,0.0667,0.07701,0.15081,0.0,0.09959,8726,2044,0.23424
04525_00735,45.25,7.35,1.0,0.50733,0.02028,0.01983,0.01077,0.0777,0.0,0.05547,8726,4777,0.54744
04525_00745,45.25,7.45,1.0,0.36965,0.06492,0.04358,0.00883,0.0,0.0,0.20174,8719,4169,0.47815
04525_00755,45.25,7.55,1.0,0.20234,0.00069,0.0071,0.0,0.01454,0.0,0.02931,8733,1835,0.21013
04525_00765,45.25,7.65,1.0,0.15227,0.0,0.0,0.0031,0.00459,0.0,0.04475,8715,1327,0.15227
04525_00775,45.25,7.75,1.0,0.10285,0.0,0.0,0.01581,0.0,0.0,0.01867,8731,898,0.10285
04525_00785,45.25,7.85,1.0,0.07957,0.0,0.0,0.0,0.0,0.0,0.00837,8722,694,0.07957
04525_00795,45.25,7.95,1.0,0.02659,0.0,0.0,0.0,0.0,0.0,0.00401,8726,232,0.02659
04525_00805,45.25,8.05,1.0,0.01537,0.0,0.0,0.0,0.0,0.0,0.00711,8721,134,0.01537
04525_00815,45.25,8.15,1.0,0.0,0.0,0.0,0.0,0.0,0.0,0.0,8732,0,0.0
04525_00825,45.25,8.25,1.0,0.0726,0.0,0.0,0.0,0.0,0.0,0.00401,8719,633,0.0726
04525_00835,45.25,8.35,1.0,0.0,0.0,0.0,0.0,0.0,0.0,0.0,8728,0,0.0
04525_00845,45.25,8.45,1.0,0.0,0.0,0.0,0.0,0.0,0.0,0.00046,8727,0,0.0
04525_00855,45.25,8.55,1.0,0.01605,0.0,0.0,0.0,0.0,0.0,0.01181,8724,140,0.01605
04525_00865,45.25,8.65,1.0,0.00401,0.0,0.0,0.0,0.0,0.0,0.0,8722,35,0.00401
04525_00875,45.25,8.75,1.0,0.00172,0.0,0.0,0.0,0.0,0.0,0.01535,8727,15,0.00172
04525_00885,45.25,8.85,1.0,0.02245,0.0,0.0,0.0,0.0,0.0,0.00275,8729,196,0.02245
04525_00895,45.25,8.95,1.0,0.2884,0.0,0.0,0.0,0.0,0.0,0.0031,8710,2512,0.2884
04525_00905,45.25,9.05,1.0,0.08539,0.0,0.0,0.0,0.0,0.0,0.05174,8736,746,0.08539
04525_00915,45.25,9.15,1.0,0.01238,0.0,0.0,0.0,0.0,0.0,0.00481,8724,108,0.01238
04525_00925,45.25,9.25,1.0,0.0,0.0,0.0,0.0,0.0,0.0,0.0,8724,0,0.0
04525_00935,45.25,9.35,1.0,0.01113,0.0,0.0,0.0,0.0,0.0,0.01594,8718,97,0.01113
04525_00945,45.25,9.45,1.0,0.00274,0.0,0.0,0.0,0.0,0.0,0.00217,8749,24,0.00274
04525_00955,45.25,9.55,1.0,0.0,0.0,0.0,0.0,0.0,0.0,0.00632,8704,0,0.0
04525_00965,45.25,9.65,1.0,0.03166,0.0,0.0,0.0,0.0,0.0,0.0405,8717,276,0.03166
04525_00975,45.25,9.75,1.0,0.01519,0.0,0.0,0.0,0.0,0.0,0.00343,8756,133,0.01519
04525_00985,45.25,9.85,1.0,0.0,0.0,0.0,0.0,0.0,0.0,0.0,8658,0,0.0
04525_00995,45.25,9.95,1.0,0.00855,0.0,0.0,0.0,0.0,0.0,0.0,8769,75,0.00855
04525_01005,45.25,10.05,1.0,0.0,0.0,0.0,0.0,0.0,0.0,0.0,8769,0,0.0
04525_01015,45.25,10.15,1.0,0.0037,0.0,0.0,0.0,0.0,0.0,0.00462,8658,32,0.0037
04525_01025,45.25,10.25,1.0,0.0,0.0,0.0,0.0,0.0,0.0,0.0,8756,0,0.0
04525_01035,45.25,10.35,1.0,0.0,0.0,0.0,0.0,0.0,0.0,0.0,8717,0,0.0
04525_01045,45.25,10.45,1.0,0.0,0.0,0.0,0.0,0.0,0.0,0.0,8704,0,0.0
04525_01055,45.25,10.55,1.0,0.0,0.0,0.0,0.0,0.0,0.0,0.0,8749,0,0.0
04525_01065,45.25,10.65,1.0,0.0,0.0,0.0,0.0,0.0,0.0,0.0,8718,0,0.0
04525_01075,45.25,10.75,1.0,0.01731,0.0,0.0,0.0,0.0,0.0,0.0,8724,151,0.01731
04525_01085,45.25,10.85,1.0,0.0,0.0,0.0,0.0,0.0,0.0,0.0,8724,0,0.0
04525_01095,45.25,10.95,1.0,0.0,0.0,0.0,0.0,0.0,0.0,0.0,8736,0,0.0
04525_01105,45.25,11.05,1.0,0.0,0.0,0.0,0.0,0.0,0.0,0.0,8710,0,0.0
04525_01115,45.25,11.15,1.0,0.0,0.0,0.0,0.0,0.0,0.0,0.0,8729,0,0.0
04525_01125,45.25,11.25,1.0,0.00309,0.0,0.0,0.0,0.0,0.0,0.0,8727,27,0.00309
04525_01135,45.25,11.35,1.0,0.0,0.0,0.0,0.0,0.0,0.0,0.0,8722,0,0.0
04525_01145,45.25,11.45,1.0,0.0,0.0,0.0,0.0,0.0,0.0,0.0,8724,0,0.0
04525_01155,45.25,11.55,1.0,0.0,0.0,0.0,0.0,0.0,0.0,0.0,8727,0,0.0
04525_01165,45.25,11.65,1.0,0.09739,0.0,0.0,0.0,0.0,0.0,0.0,8728,850,0.09739
04525_01175,45.25,11.75,1.0,0.10391,0.0,0.0,0.0,0.0,0.0,0.0,8719,906,0.10391
04525_01185,45.25,11.85,1.0,0.0,0.0,0.0,0.0,0.0,0.0,0.0,8732,0,0.0
04525_01195,45.25,11.95,1.0,0.0,0.0,0.0,0.0,0.0,0.0,0.0,8721,0,0.0
04525_01205,45.25,12.05,1.0,0.0,0.0,0.0,0.0,0.0,0.0,0.0,8726,0,0.0
04525_01215,45.25,12.15,1.0,0.0,0.0,0.0,0.0,0.0,0.0,0.0,8722,0,0.0
04525_01225,45.25,12.25,0.9982,0.0,0.00435,0.0,0.0,0.0,0.0,0.0,8731,38,0.00435
04535_00715,45.35,7.15,0.5677,0.0,0.00815,0.0,0.08646,0.03927,0.0,0.01895,8709,71,0.00815
04535_00725,45.35,7.25,1.0,0.07403,0.0785,0.08206,0.00585,0.15873,0.0,0.09021,8713,2044,0.23459
04535_00735,45.35,7.35,1.0,0.34949,0.05249,0.06684,0.1083,0.0487,0.0,0.14529,8707,4082,0.46882
04535_00745,45.35,7.45,1.0,0.44341,0.00758,0.01596,0.1638,0.13786,0.0,0.15691,8712,4068,0.46695
04535_00755,45.35,7.55,1.0,0.59543,0.00552,0.03447,0.01172,0.01092,0.0,0.08905,8703,5530,0.63542
04535_00765,45.35,7.65,1.0,0.26062,0.0,0.0,0.0,0.0,0.0,0.01721,8714,2271,0.26062
04535_00775,45.35,7.75,1.0,0.11711,0.0,0.0,0.0,0.0,0.0,0.03789,8710,1020,0.11711
04535_00785,45.35,7.85,1.0,0.27682,0.0,0.0,0.0,0.0,0.0,0.0,8706,2410,0.27682
04535_00795,45.35,7.95,1.0,0.18243,0.0,0.0,0.0,0.0,0.0,0.0,8710,1589,0.18243
04535_00805,45.35,8.05,1.0,0.20728,0.0,0.0,0.0,0.0,0.0,0.0,8713,1806,0.20728
04535_00815,45.35,8.15,1.0,0.00597,0.0,0.0,0.0,0.0,0.0,0.0,8704,52,0.00597
04535_00825,45.35,8.25,1.0,0.00207,0.0,0.0,0.0,0.0,0.0,0.00034,8714,18,0.00207
04535_00835,45.35,8.35,1.0,0.00287,0.0,0.0,0.0,0.0,0.0,0.03424,8703,25,0.00287
04535_00845,45.35,8.45,1.0,0.00597,0.0,0.0,0.0,0.0,0.0,0.04235,8714,52,0.00597
04535_00855,45.35,8.55,1.0,0.0,0.0,0.0,0.0,0.0,0.0,0.0,8708,0,0.0
04535_00865,45.35,8.65,1.0,0.00069,0.0,0.0,0.0,0.0,0.0,0.0,8708,6,0.00069
04535_00875,45.35,8.75,1.0,0.00677,0.0,0.0,0.0,0.0,0.0,0.0,8716,59,0.00677
04535_00885,45.35,8.85,1.0,0.16174,0.0,0.0,0.0,0.0,0.0,0.00621,8699,1407,0.16174
04535_00895,45.35,8.95,1.0,0.10984,0.0,0.0,0.0,0.0,0.0,0.01513,8722,958,0.10984
04535_00905,45.35,9.05,1.0,0.00195,0.0,0.0,0.0,0.0,0.0,0.0,8699,17,0.00195
04535_00915,45.35,9.15,1.0,0.00654,0.0,0.0,0.0,0.0,0.0,0.0,8720,57,0.00654
04535_00925,45.35,9.25,1.0,0.0,0.0,0.0,0.0,0.0,0.0,0.0,8705,0,0.0
04535_00935,45.35,9.35,1.0,0.0,0.0,0.0,0.0,0.0,0.0,0.0,8699,0,0.0
04535_00945,45.35,9.45,1.0,0.03063,0.0,0.0,0.0,0.0,0.0,0.03029,8717,267,0.03063
04535_00955,45.35,9.55,1.0,0.00069,0.0,0.0,0.0,0.0,0.0,0.0,8704,6,0.00069
04535_00965,45.35,9.65,1.0,0.0,0.0,0.0,0.0,0.0,0.0,0.0,8724,0,0.0
04535_00975,45.35,9.75,1.0,0.00805,0.0,0.0,0.0,0.0,0.0,0.01265,8693,70,0.00805
04535_00985,45.35,9.85,1.0,0.03531,0.0,0.0,0.0,0.0,0.0,0.0,8723,308,0.03531
04535_00995,45.35,9.95,1.0,0.01471,0.0,0.0,0.0,0.0,0.0,0.0,8704,128,0.01471
04535_01005,45.35,10.05,1.0,0.0,0.0,0.0,0.0,0.0,0.0,0.0,8704,0,0.0
04535_01015,45.35,10.15,1.0,0.0,0.0,0.0,0.0,0.0,0.0,0.0,8723,0,0.0
04535_01025,45.35,10.25,1.0,0.0,0.0,0.0,0.0,0.0,0.0,0.0,8693,0,0.0
04535_01035,45.35,10.35,1.0,0.0,0.0,0.0,0.0,0.0,0.0,0.0,8724,0,0.0
04535_01045,45.35,10.45,1.0,0.0,0.0,0.0,0.0,0.0,0.0,0.0,8704,0,0.0
04535_01055,45.35,10.55,1.0,0.0,0.0,0.0,0.0,0.0,0.0,0.0,8717,0,0.0
04535_01065,45.35,10.65,1.0,0.0077,0.0,0.0,0.0,0.0,0.0,0.0,8699,67,0.0077
04535_01075,45.35,10.75,1.0,0.0,0.0,0.0,0.0,0.0,0.0,0.0,8705,0,0.0
04535_01085,45.35,10.85,1.0,0.00378,0.0,0.0,0.0,0.0,0.0,0.0,8720,33,0.00378
04535_01095,45.35,10.95,1.0,0.0,0.0,0.0,0.0,0.0,0.0,0.0,8699,0,0.0
04535_01105,45.35,11.05,1.0,0.0,0.0,0.0,0.0,0.0,0.0,0.0,8722,0,0.0
04535_01115,45.35,11.15,1.0,0.0,0.0,0.0,0.0,0.0,0.0,0.0,8699,0,0.0
04535_01125,45.35,11.25,1.0,0.0,0.0,0.0,0.0,0.0,0.0,0.0,8716,0,0.0
04535_01135,45.35,11.35,1.0,0.0,0.0,0.0,0.0,0.0,0.0,0.0,8708,0,0.0
04535_01145,45.35,11.45,1.0,0.05903,0.0,0.0,0.0,0.0,0.0,0.0,8708,514,0.05903
04535_01155,45.35,11.55,1.0,0.03133,0.0,0.0,0.0,0.0,0.0,0.0,8714,273,0.03133
04535_01165,45.35,11.65,1.0,0.18959,0.0,0.0,0.0,0.0,0.0,0.0,8703,1650,0.18959
04535_01175,45.35,11.75,1.0,0.19268,0.0,0.0,0.0,0.0,0.0,0.0,8714,1679,0.19268
04535_01185,45.35,11.85,1.0,0.0,0.0,0.0,0.0,0.0,0.0,0.0,8704,0,0.0
04535_01195,45.35,11.95,1.0,0.0,0.0,0.0,0.0,0.0,0.0,0.0,8713,0,0.0
04535_01205,45.35,12.05,1.0,0.0,0.0,0.0,0.0,0.0,0.0,0.0,8710,0,0.0
04535_01215,45.35,12.15,1.0,0.0162,0.0,0.0,0.0,0.0,0.0,0.0,8706,141,0.0162
04535_01225,45.35,12.25,1.0,0.0,0.0,0.0,0.0,0.0,0.0,0.0,8710,0,0.0
04535_01235,45.35,12.35,0.3522,0.0,0.00379,0.0,0.0,0.0,0.0,0.0,8714,33,0.00379
04545_00705,45.45,7.05,0.1516,0.0,0.00862,0.0,0.20377,0.0,0.0,0.0,8701,75,0.00862
04545_00715,45.45,7.15,0.785,0.0,0.03221,0.0,0.06109,0.03486,0.0,0.02002,8692,280,0.03221
04545_00725,45.45,7.25,1.0,0.00552,0.16297,0.0,0.01484,0.01323,0.0,0.08902,8695,1465,0.16849
04545_00735,45.45,7.35,1.0,0.05047,0.11014,0.05898,0.03828,0.03966,0.0,0.13566,8698,1910,0.21959
04545_00745,45.45,7.45,1.0,0.2075,0.00806,0.0473,0.07205,0.07504,0.0,0.06169,8689,2284,0.26286
04545_00755,45.45,7.55,1.0,0.41359,0.04047,0.1558,0.04208,0.07267,0.0,0.07715,8697,5304,0.60986
04545_00765,45.45,7.65,1.0,0.28021,0.0,0.0422,0.10003,0.07347,0.0,0.09601,8697,2804,0.32241
04545_00775,45.45,7.75,1.0,0.50431,0.0,0.00828,0.0199,0.00115,0.0,0.039,8693,4456,0.51259
04545_00785,45.45,7.85,1.0,0.20301,0.0,0.0,0.0,0.0,0.0,0.00989,8694,1765,0.20301
04545_00795,45.45,7.95,1.0,0.20913,0.0,0.00426,0.0,0.0,0.0,0.013,8693,1855,0.21339
04545_00805,45.45,8.05,1.0,0.36791,0.0,0.0,0.0,0.0,0.0,0.02116,8695,3199,0.36791
04545_00815,45.45,8.15,1.0,0.07131,0.0,0.0,0.0,0.0,0.0,0.04048,8695,620,0.07131
04545_00825,45.45,8.25,1.0,0.01427,0.0,0.0,0.0,0.0,0.0,0.06101,8687,124,0.01427
04545_00835,45.45,8.35,1.0,0.04802,0.0,0.0,0.0,0.0,0.0,0.03711,8705,418,0.04802
04545_00845,45.45,8.45,1.0,0.01415,0.0,0.0,0.0,0.0,0.0,0.01427,8691,123,0.01415
04545_00855,45.45,8.55,1.0,0.0,0.0,0.0,0.0,0.0,0.0,0.01404,8691,0,0.0
04545_00865,45.45,8.65,1.0,0.0153,0.0,0.0,0.0,0.0,0.0,0.00012,8693,133,0.0153
04545_00875,45.45,8.75,1.0,0.10361,0.0,0.0,0.0,0.0,0.0,0.00023,8696,901,0.10361
04545_00885,45.45,8.85,1.0,0.11573,0.0,0.0,0.0,0.0,0.0,0.03046,8701,1007,0.11573
04545_00895,45.45,8.95,1.0,0.00818,0.0,0.0,0.0,0.0,0.0,0.0,8685,71,0.00818
04545_00905,45.45,9.05,1.0,0.00472,0.0,0.0,0.0,0.0,0.0,0.0,8691,41,0.00472
04545_00915,45.45,9.15,1.0,0.0,0.0,0.0,0.0,0.0,0.0,0.0,8704,0,0.0
04545_00925,45.45,9.25,1.0,0.0,0.0,0.0,0.0,0.0,0.0,0.0,8692,0,0.0
04545_00935,45.45,9.35,1.0,0.0,0.0,0.0,0.0,0.0,0.0,0.0,8701,0,0.0
04545_00945,45.45,9.45,1.0,0.06282,0.0,0.0,0.0,0.0,0.0,0.02133,8675,545,0.06282
04545_00955,45.45,9.55,1.0,0.00906,0.0,0.0,0.0,0.0,0.0,0.0,8717,79,0.00906
04545_00965,45.45,9.65,1.0,0.01059,0.0,0.0,0.0,0.0,0.0,0.00322,8690,92,0.01059
04545_00975,45.45,9.75,1.0,0.00902,0.0,0.0,0.0,0.0,0.0,0.00763,8650,78,0.00902
04545_00985,45.45,9.85,1.0,0.04197,0.0,0.0,0.0,0.0,0.0,0.0,8769,368,0.04197
04545_00995,45.45,9.95,1.0,0.0,0.0,0.0,0.0,0.0,0.0,0.0,8658,0,0.0
04545_01005,45.45,10.05,1.0,0.0,0.0,0.0,0.0,0.0,0.0,0.0,8658,0,0.0
04545_01015,45.45,10.15,1.0,0.00319,0.0,0.0,0.0,0.0,0.0,0.0,8769,28,0.00319
04545_01025,45.45,10.25,1.0,0.0,0.0,0.0,0.0,0.0,0.0,0.0,8650,0,0.0
04545_01035,45.45,10.35,1.0,0.0,0.0,0.0,0.0,0.0,0.0,0.0,8690,0,0.0
04545_01045,45.45,10.45,1.0,0.0226,0.0,0.0,0.0,0.0,0.0,0.0,8717,197,0.0226
04545_01055,45.45,10.55,1.0,0.00427,0.0,0.0,0.0,0.0,0.0,0.0,8675,37,0.00427
04545_01065,45.45,10.65,1.0,0.0,0.0,0.0,0.0,0.0,0.0,0.0,8701,0,0.0
04545_01075,45.45,10.75,1.0,0.00495,0.0,0.0,0.0,0.0,0.0,0.0,8692,43,0.00495
04545_01085,45.45,10.85,1.0,0.01333,0.0,0.0,0.0,0.0,0.0,0.0,8704,116,0.01333
04545_01095,45.45,10.95,1.0,0.03958,0.0,0.0,0.0,0.0,0.0,0.0,8691,344,0.03958
04545_01105,45.45,11.05,1.0,0.09856,0.0,0.0,0.0,0.0,0.0,0.0,8685,856,0.09856
04545_01115,45.45,11.15,1.0,0.03862,0.00322,0.0,0.0,0.0,0.0,0.0,8701,364,0.04184
04545_01125,45.45,11.25,1.0,0.0575,0.0,0.0,0.0,0.0,0.0,0.0,8696,500,0.0575
04545_01135,45.45,11.35,1.0,0.05165,0.0,0.0,0.0,0.0,0.0,0.0,8693,449,0.05165
04545_01145,45.45,11.45,1.0,0.2231,0.0,0.0,0.0084,0.0,0.0,0.0,8691,1939,0.2231
04545_01155,45.45,11.55,1.0,0.42274,0.0,0.0,0.0,0.0,0.0,0.0,8691,3674,0.42274
04545_01165,45.45,11.65,1.0,0.00069,0.0,0.0,0.0,0.0,0.0,0.0,8705,6,0.00069
04545_01175,45.45,11.75,1.0,0.0,0.0,0.0,0.0,0.0,0.0,0.0,8687,0,0.0
04545_01185,45.45,11.85,1.0,0.0,0.0,0.0,0.0,0.0,0.0,0.0,8695,0,0.0
04545_01195,45.45,11.95,1.0,0.0,0.0,0.0,0.0,0.0,0.0,0.0,8695,0,0.0
04545_01205,45.45,12.05,1.0,0.0,0.0,0.0,0.0,0.0,0.0,0.0,8693,0,0.0
04545_01215,45.45,12.15,1.0,0.0,0.0,0.0,0.0,0.0,0.0,0.0,8694,0,0.0
04545_01225,45.45,12.25,1.0,0.0,0.0,0.0,0.0,0.0,0.0,0.00725,8693,0,0.0
04545_01235,45.45,12.35,0.9443,0.0,0.0,0.00644,0.0,0.0,0.0,0.0,8697,56,0.00644
04545_01245,45.45,12.45,0.6377,0.0,0.00609,0.0,0.0,0.0,0.0,0.00494,8697,53,0.00609
04545_01255,45.45,12.55,0.3078,0.0,0.0,0.0,0.0,0.0,0.0,0.0,8689,0,0.0
04555_00695,45.55,6.95,0.078,0.0,0.13051,0.00184,0.32738,0.00288,0.0,0.0,8681,1149,0.13235
04555_00705,45.55,7.05,0.9938,0.0,0.02017,0.0,0.0249,0.07538,0.0,0.03343,8676,175,0.02017
04555_00715,45.55,7.15,1.0,0.0,0.06579,0.0,0.03272,0.00622,0.0,0.09068,8679,571,0.06579
04555_00725,45.55,7.25,1.0,0.0,0.09057,0.0,0.0,0.0,0.0,0.05865,8678,786,0.09057
04555_00735,45.55,7.35,1.0,0.0,0.03686,0.0,0.00161,0.03098,0.0,0.13027,8682,320,0.03686
04555_00745,45.55,7.45,1.0,0.0,0.05865,0.00622,0.02247,0.03791,0.0,0.07156,8678,563,0.06487
04555_00755,45.55,7.55,1.0,0.02513,0.1526,0.06754,0.05936,0.1042,0.0,0.05982,8676,2128,0.24527
04555_00765,45.55,7.65,1.0,0.03042,0.06395,0.01233,0.11234,0.12421,0.0,0.14391,8679,926,0.1067
04555_00775,45.55,7.75,1.0,0.16651,0.07801,0.07905,0.1021,0.05278,0.0,0.19037,8678,2808,0.32357
04555_00785,45.55,7.85,1.0,0.35281,0.0,0.02857,0.00495,0.03756,0.0,0.13619,8679,3310,0.38138
04555_00795,45.55,7.95,1.0,0.33729,0.0,0.04932,0.05935,0.02501,0.0,0.04275,8678,3355,0.38661
04555_00805,45.55,8.05,1.0,0.16363,0.0,0.01106,0.0,0.0,0.0,0.02397,8678,1516,0.17469
04555_00815,45.55,8.15,1.0,0.26296,0.0,0.00564,0.0,0.0,0.0,0.0197,8682,2332,0.2686
04555_00825,45.55,8.25,1.0,0.25115,0.0,0.0,0.0,0.0,0.0,0.00219,8684,2181,0.25115
04555_00835,45.55,8.35,1.0,0.17656,0.0,0.0,0.0,0.0,0.0,0.05555,8677,1532,0.17656
04555_00845,45.55,8.45,1.0,0.20768,0.0,0.0,0.0,0.0,0.0,0.0234,8677,1802,0.20768
04555_00855,45.55,8.55,1.0,0.06579,0.0,0.0,0.0,0.0,0.0,0.00035,8679,571,0.06579
04555_00865,45.55,8.65,1.0,0.09316,0.01566,0.05044,0.0,0.0,0.0,0.00576,8684,1383,0.15926
04555_00875,45.55,8.75,1.0,0.30738,0.0,0.01522,0.0,0.0,0.0,0.02964,8670,2797,0.3226
04555_00885,45.55,8.85,1.0,0.05682,0.0,0.0,0.0,0.0,0.0,0.0,8677,493,0.05682
04555_00895,45.55,8.95,1.0,0.03961,0.0,0.0,0.0,0.0,0.0,0.0,8685,344,0.03961
04555_00905,45.55,9.05,1.0,0.0,0.00541,0.01036,0.0,0.0,0.0,0.0,8686,137,0.01577
04555_00915,45.55,9.15,1.0,0.00311,0.00081,0.0,0.0,0.0,0.0,0.0,8673,34,0.00392
04555_00925,45.55,9.25,1.0,0.0,0.0,0.0,0.0,0.0,0.0,0.0,8680,0,0.0
04555_00935,45.55,9.35,1.0,0.0,0.0,0.0,0.0,0.0,0.0,0.0,8683,0,0.0
04555_00945,45.55,9.45,1.0,0.00796,0.0,0.0,0.0,0.0,0.0,0.0,8673,69,0.00796
04555_00955,45.55,9.55,1.0,0.03407,0.0,0.0,0.0,0.0,0.0,0.0,8658,295,0.03407
04555_00965,45.55,9.65,1.0,0.0,0.0,0.0,0.0,0.0,0.0,0.0,8686,0,0.0
04555_00975,45.55,9.75,1.0,0.0031,0.0,0.0,0.0,0.0,0.0,0.0,8717,27,0.0031
04555_00985,45.55,9.85,1.0,0.0,0.0,0.0,0.0,0.0,0.0,0.0,8677,0,0.0
04555_00995,45.55,9.95,1.0,0.04505,0.0,0.0,0.0,0.0,0.0,0.0,8658,390,0.04505
04555_01005,45.55,10.05,1.0,0.0,0.0,0.0,0.0,0.0,0.0,0.0,8658,0,0.0
04555_01015,45.55,10.15,1.0,0.05244,0.0,0.0,0.0,0.0,0.0,0.0023,8677,455,0.05244
04555_01025,45.55,10.25,1.0,0.24424,0.0,0.0,0.0,0.0,0.0,0.05564,8717,2129,0.24424
04555_01035,45.55,10.35,1.0,0.42517,0.0,0.0,0.0,0.0,0.0,0.06401,8686,3693,0.42517
04555_01045,45.55,10.45,1.0,0.19254,0.0,0.0,0.0,0.0,0.0,0.00716,8658,1667,0.19254
04555_01055,45.55,10.55,1.0,0.01153,0.0,0.0,0.0,0.0,0.0,0.0,8673,100,0.01153
04555_01065,45.55,10.65,1.0,0.03179,0.0,0.0,0.0,0.0,0.0,0.0,8683,276,0.03179
04555_01075,45.55,10.75,1.0,0.08502,0.0,0.0,0.0,0.0,0.0,0.0,8680,738,0.08502
04555_01085,45.55,10.85,1.0,0.28156,0.003,0.01557,0.0,0.0,0.0,0.0,8673,2603,0.30013
04555_01095,45.55,10.95,1.0,0.32201,0.0,0.04375,0.00668,0.0,0.0,0.0,8686,3177,0.36576
04555_01105,45.55,11.05,1.0,0.37018,0.00725,0.01877,0.00714,0.0,0.0,0.0,8685,3441,0.3962
04555_01115,45.55,11.15,1.0,0.45995,0.01809,0.00357,0.0,0.0,0.0,0.0,8677,4179,0.48161
04555_01125,45.55,11.25,1.0,0.39815,0.0,0.0,0.0,0.0,0.0,0.0,8670,3452,0.39815
04555_01135,45.55,11.35,1.0,0.12713,0.0,0.0,0.0,0.0,0.0,0.0,8684,1104,0.12713
04555_01145,45.55,11.45,1.0,0.20417,0.0,0.0,0.0,0.0,0.0,0.0,8679,1772,0.20417
04555_01155,45.55,11.55,1.0,0.03815,0.0,0.0,0.0,0.0,0.0,0.0,8677,331,0.03815
04555_01165,45.55,11.65,1.0,0.00334,0.0,0.0,0.0,0.0,0.0,0.0,8677,29,0.00334
04555_01175,45.55,11.75,1.0,0.01727,0.0,0.0,0.0,0.0,0.0,0.0,8684,150,0.01727
04555_01185,45.55,11.85,1.0,0.0,0.0,0.0,0.0,0.0,0.0,0.0,8682,0,0.0
04555_01195,45.55,11.95,1.0,0.0,0.0,0.0,0.0,0.0,0.0,0.0,8678,0,0.0
04555_01205,45.55,12.05,1.0,0.0,0.0,0.0,0.0,0.0,0.0,0.0,8678,0,0.0
04555_01215,45.55,12.15,1.0,0.00772,0.0,0.0,0.0,0.0,0.0,0.0,8679,67,0.00772
04555_01225,45.55,12.25,1.0,0.00438,0.0,0.0,0.0,0.0,0.0,0.0,8678,38,0.00438
04555_01235,45.55,12.35,1.0,0.00415,0.0,0.0,0.0,0.0,0.0,0.0,8679,36,0.00415
04555_01245,45.55,12.45,1.0,0.0,0.0,0.0,0.0,0.0,0.0,0.0,8676,0,0.0
04555_01255,45.55,12.55,1.0,0.0,0.0,0.0,0.0,0.0,0.0,0.0,8678,0,0.0
04555_01265,45.55,12.65,0.9314,0.0,0.0,0.0,0.0,0.0,0.0,0.0,8682,0,0.0
04555_01275,45.55,12.75,0.6112,0.0,0.01141,0.0,0.0,0.0,0.0,0.00634,8678,99,0.01141
04555_01285,45.55,12.85,0.1799,0.0,0.0,0.0,0.0,0.0,0.0,0.0,8679,0,0.0
04555_01375,45.55,13.75,0.0729,0.05173,0.0,0.10128,0.0,0.0,0.0,0.00334,8679,1328,0.15301
04555_01385,45.55,13.85,0.0985,0.26527,0.08447,0.17147,0.03146,0.0,0.0,0.09369,8678,4523,0.52121
04565_00685,45.65,6.85,0.1011,0.02193,0.17721,0.00647,0.41215,0.04837,0.0,0.00058,8662,1781,0.20561
04565_00695,45.65,6.95,0.5258,0.0,0.0607,0.0,0.21258,0.018,0.0,0.03312,8665,526,0.0607
04565_00705,45.65,7.05,1.0,0.0,0.09397,0.0,0.00496,0.06731,0.0,0.1136,8662,814,0.09397
04565_00715,45.65,7.15,1.0,0.00069,0.33245,0.04052,0.00462,0.02609,0.0,0.19358,8663,3237,0.37366
04565_00725,45.65,7.25,1.0,0.00115,0.37608,0.08103,0.01939,0.00381,0.0,0.11786,8663,3970,0.45826
04565_00735,45.65,7.35,1.0,0.0,0.20819,0.00289,0.01212,0.02354,0.0,0.1296,8665,1829,0.21108
04565_00745,45.65,7.45,1.0,0.0,0.11509,0.0,0.01097,0.00335,0.0,0.07399,8663,997,0.11509
04565_00755,45.65,7.55,1.0,0.0,0.11809,0.0,0.0,0.02401,0.0,0.12109,8663,1023,0.11809
04565_00765,45.65,7.65,1.0,0.11069,0.28382,0.14254,0.00312,0.012,0.0,0.24815,8664,4653,0.53705
04565_00775,45.65,7.75,1.0,0.19822,0.13923,0.12526,0.0157,0.02979,0.0,0.21011,8662,4008,0.46271
04565_00785,45.65,7.85,1.0,0.12875,0.18366,0.12806,0.00254,0.03357,0.0,0.31484,8668,3818,0.44047
04565_00795,45.65,7.95,1.0,0.10665,0.01512,0.12823,0.0883,0.15974,0.0,0.16759,8664,2166,0.25
04565_00805,45.65,8.05,1.0,0.36597,0.02598,0.17802,0.13623,0.02863,0.0,0.08012,8662,4937,0.56997
04565_00815,45.65,8.15,1.0,0.58934,0.02078,0.11796,0.00035,0.00289,0.0,0.04144,8664,6308,0.72808
04565_00825,45.65,8.25,1.0,0.76117,0.0,0.01131,0.0,0.0,0.0,0.08796,8663,6692,0.77248
04565_00835,45.65,8.35,1.0,0.58114,0.0,0.0,0.0,0.0,0.0,0.00923,8664,5035,0.58114
04565_00845,45.65,8.45,1.0,0.32198,0.0,0.0105,0.0,0.0,0.0,0.02354,8665,2881,0.33248
04565_00855,45.65,8.55,1.0,0.21678,0.0,0.06684,0.0,0.0,0.0,0.0,8663,2457,0.28362
04565_00865,45.65,8.65,1.0,0.27437,0.02665,0.09957,0.0,0.0,0.0,0.00496,8667,3472,0.40059
04565_00875,45.65,8.75,1.0,0.12415,0.00415,0.16684,0.0,0.0,0.0,0.00554,8667,2558,0.29514
04565_00885,45.65,8.85,1.0,0.10956,0.0,0.00127,0.0,0.0,0.0,0.00289,8662,960,0.11083
04565_00895,45.65,8.95,1.0,0.22549,0.0,0.01628,0.0,0.0,0.0,0.0,8661,2094,0.24177
04565_00905,45.65,9.05,1.0,0.04468,0.0,0.04537,0.0,0.0,0.0,0.0,8662,780,0.09005
04565_00915,45.65,9.15,1.0,0.08024,0.0,0.01062,0.0,0.0,0.0,0.0,8662,787,0.09086
04565_00925,45.65,9.25,1.0,0.06036,0.0,0.0,0.0,0.0,0.0,0.0,8665,523,0.06036
04565_00935,45.65,9.35,1.0,0.02838,0.0,0.0,0.0,0.0,0.0,0.0,8667,246,0.02838
04565_00945,45.65,9.45,1.0,0.05433,0.0,0.0,0.0,0.0,0.0,0.0,8669,471,0.05433
04565_00955,45.65,9.55,1.0,0.02282,0.0,0.0,0.0,0.0,0.0,0.0,8678,198,0.02282
04565_00965,45.65,9.65,1.0,0.00081,0.0,0.0,0.0,0.0,0.0,0.0,8663,7,0.00081
04565_00975,45.65,9.75,1.0,0.03732,0.0,0.0,0.0,0.0,0.0,0.00635,8655,323,0.03732
04565_00985,45.65,9.85,1.0,0.18561,0.0,0.0,0.0,0.0,0.0,0.0,8658,1607,0.18561
04565_00995,45.65,9.95,1.0,0.29245,0.0,0.0,0.0,0.0,0.0,0.0,8658,2532,0.29245
04565_01005,45.65,10.05,1.0,0.20721,0.0,0.05047,0.0,0.0,0.0,0.00705,8658,2231,0.25768
04565_01015,45.65,10.15,1.0,0.72985,0.0,0.0,0.00046,0.0,0.0,0.00531,8658,6319,0.72985
04565_01025,45.65,10.25,1.0,0.81282,0.0,0.00035,0.00878,0.0,0.0,0.04252,8655,7038,0.81317
04565_01035,45.65,10.35,1.0,0.62842,0.01166,0.06453,0.0,0.0,0.0,0.08646,8663,6104,0.70461
04565_01045,45.65,10.45,1.0,0.71595,0.0,0.00277,0.0,0.0,0.0,0.03146,8678,6237,0.71872
04565_01055,45.65,10.55,1.0,0.54066,0.0,0.06541,0.00588,0.0,0.00069,0.05952,8669,5254,0.60607
04565_01065,45.65,10.65,1.0,0.15403,0.0,0.0,0.0,0.0,0.00438,0.00392,8667,1335,0.15403
04565_01075,45.65,10.75,1.0,0.46636,0.01962,0.02747,0.02435,0.0,0.0,0.01039,8665,4449,0.51345
04565_01085,45.65,10.85,1.0,0.43512,0.02944,0.07308,0.12376,0.03879,0.0,0.01074,8662,4657,0.53764
04565_01095,45.65,10.95,1.0,0.36054,0.03637,0.11625,0.12168,0.0,0.0,0.0,8662,4445,0.51316
04565_01105,45.65,11.05,1.0,0.27318,0.04838,0.08024,0.37271,0.0,0.0,0.0,8661,3480,0.4018
04565_01115,45.65,11.15,1.0,0.44459,0.03267,0.09282,0.10586,0.05426,0.0,0.0,8662,4938,0.57008
04565_01125,45.65,11.25,1.0,0.55706,0.00358,0.04061,0.02504,0.0,0.0,0.0,8667,5211,0.60125
04565_01135,45.65,11.35,1.0,0.42956,0.0,0.0,0.0,0.0,0.0,0.0,8667,3723,0.42956
04565_01145,45.65,11.45,1.0,0.1017,0.0,0.0,0.0,0.0,0.0,0.0,8663,881,0.1017
04565_01155,45.65,11.55,1.0,0.00565,0.0,0.0,0.0,0.0,0.0,0.00635,8665,49,0.00565
04565_01165,45.65,11.65,1.0,0.0,0.0,0.0,0.0,0.0,0.0,0.00854,8664,0,0.0
04565_01175,45.65,11.75,1.0,0.03867,0.0,0.0,0.0,0.0,0.0,0.0,8663,335,0.03867
04565_01185,45.65,11.85,1.0,0.0,0.0,0.0,0.0,0.0,0.0,0.0,8664,0,0.0
04565_01195,45.65,11.95,1.0,0.0,0.0,0.0,0.0,0.0,0.0,0.0,8662,0,0.0
04565_01205,45.65,12.05,1.0,0.0,0.0,0.0,0.0,0.0,0.0,0.0,8664,0,0.0
04565_01215,45.65,12.15,1.0,0.00738,0.0,0.0,0.0,0.0,0.0,0.0,8668,64,0.00738
04565_01225,45.65,12.25,1.0,0.00762,0.0,0.0,0.0,0.0,0.0,0.0,8662,66,0.00762
04565_01235,45.65,12.35,1.0,0.0,0.0,0.0,0.0,0.0,0.0,0.0,8664,0,0.0
04565_01245,45.65,12.45,1.0,0.00012,0.0,0.0,0.0,0.0,0.0,0.0,8663,1,0.00012
04565_01255,45.65,12.55,1.0,0.0,0.0,0.0,0.0,0.0,0.0,0.0,8663,0,0.0
04565_01265,45.65,12.65,1.0,0.00185,0.0,0.0,0.0,0.0,0.0,0.0,8665,16,0.00185
04565_01275,45.65,12.75,1.0,0.0,0.0,0.0,0.0,0.0,0.0,0.0,8663,0,0.0
04565_01285,45.65,12.85,0.9974,0.00496,0.0,0.0,0.0,0.0,0.0,0.0,8663,43,0.00496
04565_01295,45.65,12.95,0.8098,0.00577,0.00981,0.0,0.0,0.0,0.0,0.0,8662,135,0.01558
04565_01305,45.65,13.05,0.6921,0.00496,0.01777,0.0172,0.0,0.0,0.0,0.01177,8665,346,0.03993
04565_01315,45.65,13.15,0.1383,0.0,0.0,0.00843,0.0,0.0,0.0,0.0,8662,73,0.00843
04565_01335,45.65,13.35,0.1696,0.0,0.0,0.0,0.0,0.0,0.0,0.0,8663,0,0.0
04565_01345,45.65,13.45,0.1098,0.0,0.0,0.01166,0.0,0.0,0.0,0.0,8664,101,0.01166
04565_01375,45.65,13.75,0.4136,0.02458,0.02262,0.05828,0.0,0.0,0.0,0.01096,8665,914,0.10548
04565_01385,45.65,13.85,0.7,0.16886,0.11404,0.16401,0.00323,0.0,0.0,0.14081,8664,3872,0.44691
04575_00685,45.75,6.85,0.8862,0.0,0.00706,0.0,0.11475,0.05252,0.0,0.02718,8645,61,0.00706
04575_00695,45.75,6.95,1.0,0.00451,0.29361,0.01191,0.08854,0.023,0.0,0.12657,8651,2682,0.31003
04575_00705,45.75,7.05,1.0,0.0052,0.37984,0.02162,0.04208,0.05803,0.0,0.12276,8651,3518,0.40666
04575_00715,45.75,7.15,1.0,0.02,0.20129,0.00382,0.02497,0.06787,0.0,0.13874,8649,1947,0.22511
04575_00725,45.75,7.25,1.0,0.00104,0.30558,0.02948,0.03272,0.01827,0.0,0.10961,8649,2907,0.3361
04575_00735,45.75,7.35,1.0,0.02567,0.20331,0.10362,0.0,0.02012,0.0,0.16445,8647,2876,0.3326
04575_00745,45.75,7.45,1.0,0.02797,0.35745,0.03987,0.00231,0.01029,0.0,0.21253,8653,3680,0.42529
04575_00755,45.75,7.55,1.0,0.01272,0.3479,0.0962,0.0,0.00243,0.0,0.21586,8649,3951,0.45682
04575_00765,45.75,7.65,1.0,0.0881,0.28165,0.15204,0.0,0.00809,0.0,0.15875,8649,4513,0.52179
04575_00775,45.75,7.75,1.0,0.00486,0.30207,0.03273,0.0,0.0281,0.0,0.22285,8647,2937,0.33966
04575_00785,45.75,7.85,1.0,0.00416,0.20365,0.01781,0.0,0.10697,0.0,0.2114,8647,1951,0.22562
04575_00795,45.75,7.95,1.0,0.04532,0.08475,0.01145,0.10776,0.17782,0.0,0.10637,8649,1224,0.14152
04575_00805,45.75,8.05,1.0,0.3605,0.06718,0.14117,0.10429,0.11019,0.0,0.10198,8649,4920,0.56885
04575_00815,45.75,8.15,1.0,0.51567,0.00752,0.06336,0.10868,0.1347,0.0,0.10209,8649,5073,0.58655
04575_00825,45.75,8.25,1.0,0.72253,0.0,0.02001,0.0,0.00798,0.0,0.06546,8646,6420,0.74254
04575_00835,45.75,8.35,1.0,0.86108,0.0,0.0,0.0,0.0,0.0,0.02452,8645,7444,0.86108
04575_00845,45.75,8.45,1.0,0.48676,0.0,0.00012,0.0,0.0,0.0,0.0,8649,4211,0.48688
04575_00855,45.75,8.55,1.0,0.25916,0.01029,0.03791,0.0,0.0,0.0,0.00289,8651,2659,0.30736
04575_00865,45.75,8.65,1.0,0.20439,0.00705,0.19249,0.0,0.0,0.0,0.0,8650,3494,0.40393
04575_00875,45.75,8.75,1.0,0.28296,0.00671,0.11783,0.0,0.0,0.0,0.0,8648,3524,0.4075
04575_00885,45.75,8.85,1.0,0.20787,0.0,0.04002,0.0,0.0,0.0,0.0,8645,2143,0.24789
04575_00895,45.75,8.95,1.0,0.19877,0.00058,0.24575,0.0,0.0,0.0,0.0,8643,3847,0.4451
04575_00905,45.75,9.05,1.0,0.17667,0.02081,0.00439,0.0,0.0,0.0,0.0,8649,1746,0.20187
04575_00915,45.75,9.15,1.0,0.13464,0.07026,0.06899,0.0,0.0,0.0,0.0,8653,2370,0.27389
04575_00925,45.75,9.25,1.0,0.07803,0.0,0.0,0.0,0.0,0.0,0.0,8651,675,0.07803
04575_00935,45.75,9.35,1.0,0.33827,0.0,0.0,0.0,0.0,0.0,0.00509,8647,2925,0.33827
04575_00945,45.75,9.45,1.0,0.37008,0.0,0.0,0.0,0.0,0.0,0.01064,8644,3199,0.37008
04575_00955,45.75,9.55,1.0,0.4295,0.0,0.0,0.01285,0.0,0.0,0.01563,8638,3710,0.4295
04575_00965,45.75,9.65,1.0,0.49849,0.00371,0.0,0.0,0.0,0.0,0.01204,8636,4337,0.5022
04575_00975,45.75,9.75,1.0,0.5004,0.00739,0.0,0.00474,0.0,0.0,0.05706,8657,4396,0.50779
04575_00985,45.75,9.85,1.0,0.56514,0.0,0.02333,0.0,0.0,0.0,0.02888,8658,5095,0.58847
04575_00995,45.75,9.95,1.0,0.54493,0.00936,0.04897,0.0507,0.0,0.0,0.00832,8658,5223,0.60326
04575_01005,45.75,10.05,1.0,0.25803,0.02044,0.06653,0.00185,0.0,0.0,0.02807,8658,2987,0.345
04575_01015,45.75,10.15,1.0,0.46096,0.06791,0.12128,0.12705,0.0,0.0,0.05128,8658,5629,0.65015
04575_01025,45.75,10.25,1.0,0.53425,0.03604,0.08352,0.03673,0.0,0.0,0.06434,8657,5660,0.65381
04575_01035,45.75,10.35,1.0,0.41894,0.06403,0.20079,0.07121,0.0,0.0,0.01783,8636,5905,0.68376
04575_01045,45.75,10.45,1.0,0.54318,0.06796,0.15629,0.01088,0.0,0.0,0.0558,8638,6629,0.76743
04575_01055,45.75,10.55,1.0,0.47721,0.04084,0.27615,0.03401,0.0,0.0,0.04188,8644,6865,0.7942
04575_01065,45.75,10.65,1.0,0.55464,0.04429,0.26622,0.0052,0.0,0.0,0.04325,8647,7481,0.86515
04575_01075,45.75,10.75,1.0,0.2224,0.04751,0.07386,0.00023,0.0,0.0,0.03653,8651,2974,0.34377
04575_01085,45.75,10.85,1.0,0.41015,0.05374,0.05466,0.08147,0.13914,0.0,0.02173,8653,4487,0.51855
04575_01095,45.75,10.95,1.0,0.28697,0.02914,0.33761,0.02266,0.0,0.0,0.05758,8649,5654,0.65372
04575_01105,45.75,11.05,1.0,0.2616,0.06549,0.36446,0.12068,0.00937,0.0,0.07578,8643,5977,0.69155
04575_01115,45.75,11.15,1.0,0.25055,0.07218,0.21677,0.04731,0.15211,0.0,0.00983,8645,4664,0.5395
04575_01125,45.75,11.25,1.0,0.69137,0.00393,0.05319,0.00902,0.02255,0.0,0.0,8648,6473,0.74849
04575_01135,45.75,11.35,1.0,0.50127,0.0,0.03364,0.03954,0.0,0.0,0.0,8650,4627,0.53491
04575_01145,45.75,11.45,1.0,0.29927,0.00069,0.02358,0.0408,0.0,0.0,0.0,8651,2799,0.32354
04575_01155,45.75,11.55,1.0,0.28292,0.0,0.01954,0.00474,0.0,0.0,0.0,8649,2616,0.30246
04575_01165,45.75,11.65,1.0,0.23355,0.0,0.0022,0.00012,0.0,0.0,0.00925,8645,2038,0.23575
04575_01175,45.75,11.75,1.0,0.03771,0.0,0.0,0.0,0.0,0.0,0.0,8646,326,0.03771
04575_01185,45.75,11.85,1.0,0.02451,0.0,0.0,0.0,0.0,0.0,0.0,8649,212,0.02451
04575_01195,45.75,11.95,1.0,0.00243,0.0,0.0,0.0,0.0,0.0,0.0,8649,21,0.00243
04575_01205,45.75,12.05,1.0,0.03226,0.0,0.0,0.0,0.0,0.0,0.0,8649,279,0.03226
04575_01215,45.75,12.15,1.0,0.04811,0.0,0.0,0.0,0.0,0.0,0.0,8647,416,0.04811
04575_01225,45.75,12.25,1.0,0.0,0.0,0.0,0.0,0.0,0.0,0.0096,8647,0,0.0
04575_01235,45.75,12.35,1.0,0.01434,0.0,0.0,0.0,0.0,0.0,0.02671,8649,124,0.01434
04575_01245,45.75,12.45,1.0,0.01769,0.0,0.0,0.0,0.0,0.0,0.0,8649,153,0.01769
04575_01255,45.75,12.55,1.0,0.0,0.0,0.0,0.0,0.0,0.0,0.0,8653,0,0.0
04575_01265,45.75,12.65,1.0,0.00914,0.0,0.0,0.0,0.0,0.0,0.0,8647,79,0.00914
04575_01275,45.75,12.75,1.0,0.00578,0.0,0.0,0.0,0.0,0.0,0.0,8649,50,0.00578
04575_01285,45.75,12.85,1.0,0.00023,0.0,0.0,0.0,0.0,0.0,0.0,8649,2,0.00023
04575_01295,45.75,12.95,1.0,0.0148,0.0,0.0,0.0,0.0,0.0,0.0,8651,128,0.0148
04575_01305,45.75,13.05,1.0,0.01572,0.0,0.0,0.0,0.0,0.0,0.02323,8651,136,0.01572
04575_01315,45.75,13.15,0.9683,0.04303,0.0,0.0,0.0,0.0,0.0,0.00312,8645,372,0.04303
04575_01325,45.75,13.25,0.902,0.0,0.0,0.0,0.0,0.0,0.0,0.00543,8650,0,0.0
04575_01335,45.75,13.35,1.0,0.0,0.0,0.0,0.0,0.0,0.0,0.00058,8647,0,0.0
04575_01345,45.75,13.45,0.981,0.02589,0.0,0.00162,0.0,0.0,0.0,0.02288,8652,238,0.02751
04575_01355,45.75,13.55,0.3786,0.00682,0.00752,0.0081,0.01191,0.0,0.0,0.06014,8647,194,0.02244
04575_01365,45.75,13.65,0.4478,0.2372,0.04242,0.04971,0.0,0.0,0.0,0.03398,8651,2849,0.32933
04575_01375,45.75,13.75,0.5618,0.33295,0.1079,0.17891,0.0015,0.0,0.0,0.13577,8647,5359,0.61976
04575_01385,45.75,13.85,0.0705,0.25838,0.10879,0.11688,0.00821,0.0,0.0,0.18659,8650,4187,0.48405
04585_00685,45.85,6.85,0.3553,0.01586,0.05488,0.00208,0.02628,0.0,0.0,0.0037,8637,629,0.07282
04585_00695,45.85,6.95,0.5633,0.0,0.06433,0.0058,0.00997,0.02005,0.0,0.11393,8628,605,0.07013
04585_00705,45.85,7.05,0.9383,0.0,0.05004,0.0,0.14549,0.07471,0.0,0.03776,8633,432,0.05004
04585_00715,45.85,7.15,0.6653,0.0,0.13784,0.0,0.21059,0.07216,0.0,0.04761,8633,1190,0.13784
04585_00725,45.85,7.25,0.9188,0.0,0.21831,0.02213,0.07845,0.04426,0.0,0.06141,8630,2075,0.24044
04585_00735,45.85,7.35,0.9972,0.0,0.25712,0.00405,0.01852,0.00382,0.0,0.21232,8638,2256,0.26117
04585_00745,45.85,7.45,1.0,0.0,0.14714,0.00104,0.03012,0.01599,0.0,0.12722,8631,1279,0.14818
04585_00755,45.85,7.55,1.0,0.0,0.16887,0.05204,0.02874,0.03836,0.0,0.11555,8628,1906,0.22091
04585_00765,45.85,7.65,1.0,0.0,0.21324,0.01459,0.02894,0.03392,0.0,0.12792,8638,1968,0.22783
04585_00775,45.85,7.75,1.0,0.0,0.16516,0.0,0.01818,0.02432,0.0,0.08756,8634,1426,0.16516
04585_00785,45.85,7.85,1.0,0.00672,0.06696,0.0,0.06476,0.06152,0.0,0.06823,8632,636,0.07368
04585_00795,45.85,7.95,1.0,0.04031,0.08281,0.08177,0.18288,0.1193,0.0,0.24079,8634,1769,0.20489
04585_00805,45.85,8.05,1.0,0.15466,0.18211,0.21501,0.11747,0.12627,0.0,0.10971,8632,4763,0.55178
04585_00815,45.85,8.15,1.0,0.42733,0.07615,0.17895,0.05668,0.04914,0.0,0.14047,8628,5888,0.68243
04585_00825,45.85,8.25,1.0,0.68469,0.00961,0.03276,0.05012,0.0272,0.0,0.10985,8639,6281,0.72706
04585_00835,45.85,8.35,1.0,0.65968,0.00579,0.05709,0.00475,0.00614,0.0,0.07573,8636,6240,0.72256
04585_00845,45.85,8.45,1.0,0.5321,0.00394,0.06143,0.02237,0.02353,0.0,0.08217,8628,5155,0.59747
04585_00855,45.85,8.55,1.0,0.3018,0.0,0.0051,0.0,0.0,0.0,0.00973,8635,2650,0.3069
04585_00865,45.85,8.65,1.0,0.30268,0.0,0.0,0.0,0.0,0.0,0.0,8633,2613,0.30268
04585_00875,45.85,8.75,1.0,0.44513,0.01843,0.06235,0.0,0.0,0.0,0.0,8629,4538,0.52591
04585_00885,45.85,8.85,1.0,0.42364,0.00324,0.04133,0.01019,0.0,0.0,0.00509,8637,4044,0.46821
04585_00895,45.85,8.95,0.5401,0.32427,0.01134,0.07696,0.0,0.0,0.0,0.0,8641,3565,0.41257
04585_00905,45.85,9.05,0.5729,0.37181,0.03964,0.19622,0.00719,0.0,0.0,0.0,8628,5243,0.60767
04585_00915,45.85,9.15,1.0,0.75945,0.0,0.0102,0.03942,0.0,0.0,0.0,8626,6639,0.76965
04585_00925,45.85,9.25,1.0,0.5617,0.00984,0.01285,0.00695,0.0,0.0,0.00718,8638,5048,0.58439
04585_00935,45.85,9.35,1.0,0.40598,0.0,0.0,0.0197,0.0,0.0,0.06917,8631,3504,0.40598
04585_00945,45.85,9.45,1.0,0.61598,0.00197,0.0,0.04697,0.0,0.0,0.07318,8622,5328,0.61795
04585_00955,45.85,9.55,1.0,0.64103,0.00889,0.0,0.01063,0.0,0.0,0.01178,8658,5627,0.64992
04585_00965,45.85,9.65,1.0,0.64998,0.00301,0.0,0.00463,0.0,0.0,0.0666,8648,5647,0.65299
04585_00975,45.85,9.75,1.0,0.58303,0.00396,0.12324,0.02339,0.01164,0.0,0.02362,8593,6103,0.71023
04585_00985,45.85,9.85,1.0,0.38286,0.02726,0.06623,0.05428,0.03213,0.0,0.06159,8622,4107,0.47635
04585_00995,45.85,9.95,1.0,0.29626,0.15789,0.11954,0.07184,0.0,0.0,0.04551,8658,4967,0.57369
04585_01005,45.85,10.05,1.0,0.24394,0.15177,0.13664,0.05301,0.00323,0.0,0.05833,8658,4609,0.53235
04585_01015,45.85,10.15,1.0,0.31292,0.12364,0.06321,0.01867,0.0,0.0,0.02691,8622,4309,0.49977
04585_01025,45.85,10.25,1.0,0.11917,0.26929,0.21715,0.23833,0.02199,0.0,0.03852,8593,5204,0.60561
04585_01035,45.85,10.35,1.0,0.02532,0.28342,0.1043,0.33106,0.06765,0.0,0.02405,8648,3572,0.41304
04585_01045,45.85,10.45,1.0,0.07138,0.2131,0.21587,0.27131,0.00959,0.0,0.0887,8658,4332,0.50035
04585_01055,45.85,10.55,1.0,0.15924,0.1691,0.29344,0.04593,0.01427,0.0,0.0617,8622,5361,0.62178
04585_01065,45.85,10.65,1.0,0.14842,0.15537,0.49264,0.03151,0.01553,0.0,0.06894,8631,6874,0.79643
04585_01075,45.85,10.75,1.0,0.23026,0.06483,0.43251,0.01181,0.0,0.0,0.08104,8638,6285,0.7276
04585_01085,45.85,10.85,1.0,0.20856,0.02435,0.16218,0.00719,0.01264,0.0,0.08799,8626,3408,0.39509
04585_01095,45.85,10.95,1.0,0.23713,0.05679,0.24351,0.03129,0.00846,0.0,0.04022,8628,4637,0.53743
04585_01105,45.85,11.05,1.0,0.13332,0.0905,0.33954,0.0,0.00069,0.0,0.08101,8641,4868,0.56336
04585_01115,45.85,11.15,1.0,0.10953,0.23411,0.30983,0.06692,0.0983,0.0,0.08105,8637,5644,0.65347
04585_01125,45.85,11.25,1.0,0.44072,0.24881,0.10998,0.1094,0.03685,0.0,0.01912,8629,6899,0.79951
04585_01135,45.85,11.35,1.0,0.60616,0.04935,0.16588,0.02803,0.0,0.0,0.0,8633,7091,0.82139
04585_01145,45.85,11.45,1.0,0.12994,0.37197,0.14823,0.05883,0.0,0.0,0.0,8635,5614,0.65014
04585_01155,45.85,11.55,1.0,0.11868,0.36868,0.12691,0.09701,0.0,0.0,0.0,8628,5300,0.61427
04585_01165,45.85,11.65,1.0,0.63038,0.03439,0.09553,0.09553,0.0,0.0,0.0,8636,6566,0.7603
04585_01175,45.85,11.75,1.0,0.28313,0.1183,0.20986,0.16125,0.00336,0.0,0.00046,8639,5281,0.61129
04585_01185,45.85,11.85,1.0,0.33357,0.02318,0.03778,0.13537,0.0,0.0,0.0,8628,3404,0.39453
04585_01195,45.85,11.95,1.0,0.40825,0.0,0.01552,0.00301,0.0,0.0,0.0,8632,3658,0.42377
04585_01205,45.85,12.05,1.0,0.11686,0.00046,0.0,0.02536,0.0,0.0,0.04899,8634,1013,0.11732
04585_01215,45.85,12.15,1.0,0.24606,0.00371,0.0,0.0,0.0,0.0,0.00255,8632,2156,0.24977
04585_01225,45.85,12.25,1.0,0.04876,0.0,0.0,0.0,0.0,0.0,0.02849,8634,421,0.04876
04585_01235,45.85,12.35,1.0,0.0,0.0,0.0,0.0,0.0,0.0,0.0,8638,0,0.0
04585_01245,45.85,12.45,1.0,0.0,0.0,0.0,0.0,0.0,0.0,0.0,8628,0,0.0
04585_01255,45.85,12.55,1.0,0.0,0.0,0.0,0.0,0.0,0.0,0.0,8631,0,0.0
04585_01265,45.85,12.65,1.0,0.00313,0.0,0.0,0.0,0.0,0.0,0.0,8638,27,0.00313
04585_01275,45.85,12.75,1.0,0.00336,0.0,0.0,0.0,0.0,0.0,0.00209,8630,29,0.00336
04585_01285,45.85,12.85,1.0,0.00788,0.0,0.0,0.0,0.0,0.0,0.00359,8633,68,0.00788
04585_01295,45.85,12.95,1.0,0.03406,0.0,0.0,0.0,0.0,0.0,0.01089,8633,294,0.03406
04585_01305,45.85,13.05,1.0,0.03442,0.0,0.0,0.0,0.0,0.0,0.01681,8628,297,0.03442
04585_01315,45.85,13.15,1.0,0.02512,0.0,0.00637,0.0,0.0,0.0,0.00509,8637,272,0.03149
04585_01325,45.85,13.25,1.0,0.02282,0.0,0.0,0.0,0.0,0.0,0.03081,8633,197,0.02282
04585_01335,45.85,13.35,1.0,0.0,0.0029,0.0,0.0,0.0,0.0,0.00209,8633,25,0.0029
04585_01345,45.85,13.45,1.0,0.01239,0.02004,0.00405,0.00521,0.0,0.0,0.02745,8633,315,0.03648
04585_01355,45.85,13.55,0.8909,0.28557,0.06325,0.12048,0.00904,0.0,0.0,0.23146,8632,4051,0.4693
04595_00705,45.95,7.05,0.0947,0.0,0.00696,0.00093,0.08439,0.02171,0.0,0.02937,8615,68,0.00789
04595_00735,45.95,7.35,0.0881,0.0,0.0,0.0,0.17781,0.00186,0.0,0.0,8616,0,0.0
04595_00745,45.95,7.45,0.3153,0.0,0.0,0.0,0.0,0.0094,0.0,0.01126,8615,0,0.0
04595_00755,45.95,7.55,0.7146,0.0,0.00394,0.0,0.0,0.02621,0.0,0.03143,8623,34,0.00394
04595_00765,45.95,7.65,0.6824,0.0,0.04168,0.0,0.03367,0.02659,0.0,0.00987,8613,359,0.04168
04595_00775,45.95,7.75,0.3178,0.0,0.00661,0.0,0.08155,0.0,0.0,0.0,8621,57,0.00661
04595_00785,45.95,7.85,0.3614,0.0,0.0,0.0,0.00162,0.0,0.0,0.0,8619,0,0.0
04595_00795,45.95,7.95,0.9687,0.0,0.10073,0.04317,0.01857,0.04561,0.0,0.10259,8617,1240,0.1439
04595_00805,45.95,8.05,1.0,0.09566,0.15707,0.12515,0.09276,0.04957,0.0,0.09276,8614,3255,0.37788
04595_00815,45.95,8.15,1.0,0.15525,0.19733,0.12986,0.16151,0.10539,0.0,0.17043,8625,4161,0.48244
04595_00825,45.95,8.25,1.0,0.23786,0.07015,0.15854,0.2079,0.07364,0.0,0.12451,8610,4017,0.46655
04595_00835,45.95,8.35,1.0,0.40081,0.00615,0.1493,0.06543,0.04188,0.0,0.11276,8620,4795,0.55626
04595_00845,45.95,8.45,1.0,0.58949,0.0,0.00012,0.0,0.0,0.0,0.06206,8621,5083,0.58961
04595_00855,45.95,8.55,1.0,0.40488,0.0094,0.03285,0.0,0.00754,0.0,0.01544,8615,3852,0.44713
04595_00865,45.95,8.65,1.0,0.42428,0.00928,0.0,0.0036,0.0,0.0,0.00337,8617,3736,0.43356
04595_00875,45.95,8.75,0.9888,0.66756,0.00905,0.0,0.0,0.0,0.0,0.00638,8621,5833,0.67661
04595_00885,45.95,8.85,0.723,0.6288,0.0,0.03493,0.0,0.0,0.0,0.00511,8618,5720,0.66373
04595_00895,45.95,8.95,0.0831,0.37305,0.0,0.15285,0.0,0.0,0.0,0.0,8610,4528,0.5259
04595_00905,45.95,9.05,0.7331,0.58303,0.01518,0.09885,0.09955,0.0,0.0,0.00672,8629,6015,0.69706
04595_00915,45.95,9.15,1.0,0.61452,0.01278,0.00534,0.04576,0.0,0.0,0.02311,8610,5447,0.63264
04595_00925,45.95,9.25,1.0,0.45442,0.00429,0.0,0.03607,0.0,0.0,0.01253,8622,3955,0.45871
04595_00935,45.95,9.35,1.0,0.5494,0.02903,0.0,0.03994,0.0,0.0,0.07454,8613,4982,0.57843
04595_00945,45.95,9.45,1.0,0.56812,0.01516,0.08207,0.07084,0.0,0.0,0.00602,8639,5748,0.66535
04595_00955,45.95,9.55,1.0,0.54244,0.05698,0.00965,0.10314,0.00512,0.0,0.08465,8600,5238,0.60907
04595_00965,45.95,9.65,1.0,0.63848,0.12105,0.01475,0.00209,0.01022,0.0,0.03241,8608,6665,0.77428
04595_00975,45.95,9.75,1.0,0.18266,0.38125,0.04514,0.1247,0.01224,0.0,0.05969,8661,5275,0.60905
04595_00985,45.95,9.85,1.0,0.0716,0.03299,0.20066,0.13689,0.07242,0.0,0.0303,8547,2609,0.30525
04595_00995,45.95,9.95,1.0,0.15812,0.20155,0.29222,0.09436,0.01097,0.0,0.04308,8658,5644,0.65189
04595_01005,45.95,10.05,1.0,0.06491,0.158,0.20455,0.13698,0.03996,0.0,0.05613,8658,3701,0.42746
04595_01015,45.95,10.15,1.0,0.1762,0.39827,0.12753,0.07383,0.01755,0.0,0.04481,8547,6000,0.702
04595_01025,45.95,10.25,1.0,0.20587,0.27641,0.09052,0.04514,0.00346,0.0,0.07459,8661,4961,0.5728
04595_01035,45.95,10.35,1.0,0.16984,0.41217,0.0697,0.06366,0.03822,0.0,0.05239,8608,5610,0.65171
04595_01045,45.95,10.45,1.0,0.0,0.17779,0.02907,0.20314,0.09616,0.0,0.06186,8600,1779,0.20686
04595_01055,45.95,10.55,1.0,0.03056,0.40688,0.06922,0.07408,0.0485,0.0,0.14423,8639,4377,0.50666
04595_01065,45.95,10.65,1.0,0.10461,0.23813,0.29897,0.03204,0.01289,0.0,0.05945,8613,5527,0.64171
04595_01075,45.95,10.75,1.0,0.18151,0.22118,0.25992,0.10694,0.05822,0.0,0.07098,8622,5713,0.66261
04595_01085,45.95,10.85,1.0,0.19652,0.07282,0.35923,0.00093,0.0,0.0,0.0482,8610,5412,0.62857
04595_01095,45.95,10.95,1.0,0.14683,0.08367,0.41581,0.0095,0.00684,0.0,0.04357,8629,5577,0.64631
04595_01105,45.95,11.05,1.0,0.19756,0.08955,0.2547,0.01196,0.0,0.0,0.06318,8610,4665,0.54181
04595_01115,45.95,11.15,1.0,0.11267,0.17208,0.32583,0.00743,0.06962,0.0,0.05825,8618,5262,0.61058
04595_01125,45.95,11.25,1.0,0.06786,0.28059,0.37977,0.0051,0.0058,0.0,0.02436,8621,6278,0.72822
04595_01135,45.95,11.35,1.0,0.1128,0.51178,0.14019,0.16096,0.01253,0.0,0.01601,8617,6590,0.76477
04595_01145,45.95,11.45,1.0,0.0,0.70377,0.12467,0.06059,0.0202,0.0,0.00499,8615,7137,0.82844
04595_01155,45.95,11.55,1.0,0.01775,0.71813,0.08479,0.14499,0.0,0.0,0.0,8621,7075,0.82067
04595_01165,45.95,11.65,1.0,0.16984,0.35835,0.14513,0.208,0.0,0.0,0.02251,8620,5804,0.67332
04595_01175,45.95,11.75,1.0,0.40557,0.03171,0.32636,0.04111,0.0,0.0,0.00383,8610,6575,0.76364
04595_01185,45.95,11.85,1.0,0.7338,0.01229,0.09948,0.04707,0.0,0.0,0.0,8625,7293,0.84557
04595_01195,45.95,11.95,1.0,0.66462,0.01799,0.04702,0.04214,0.0,0.0,0.00395,8614,6285,0.72963
04595_01205,45.95,12.05,1.0,0.62504,0.0065,0.08936,0.11883,0.0029,0.0,0.00801,8617,6212,0.7209
04595_01215,45.95,12.15,1.0,0.50319,0.00012,0.00267,0.01044,0.01102,0.0,0.00325,8619,4361,0.50598
04595_01225,45.95,12.25,1.0,0.26447,0.0,0.0,0.00035,0.0,0.0,0.0,8621,2280,0.26447
04595_01235,45.95,12.35,1.0,0.01335,0.0,0.0,0.0,0.0,0.0,0.0,8613,115,0.01335
04595_01245,45.95,12.45,1.0,0.11806,0.0,0.00128,0.00499,0.0,0.0,0.00325,8623,1029,0.11934
04595_01255,45.95,12.55,1.0,0.0,0.0,0.0,0.0,0.0,0.0,0.0,8615,0,0.0
04595_01265,45.95,12.65,1.0,0.0,0.0,0.00615,0.0,0.0,0.0,0.0,8616,53,0.00615
04595_01275,45.95,12.75,1.0,0.0065,0.0,0.0022,0.0,0.0,0.0,0.00267,8619,75,0.0087
04595_01285,45.95,12.85,1.0,0.00151,0.0,0.0,0.0,0.0,0.0,0.00406,8620,13,0.00151
04595_01295,45.95,12.95,1.0,0.01938,0.0,0.0,0.0,0.0,0.0,0.04585,8615,167,0.01938
04595_01305,45.95,13.05,1.0,0.0312,0.0,0.0,0.0,0.0,0.0,0.00998,8621,269,0.0312
04595_01315,45.95,13.15,1.0,0.00232,0.0,0.0,0.0,0.0,0.0,0.0,8615,20,0.00232
04595_01325,45.95,13.25,1.0,0.00685,0.0,0.0,0.0,0.0,0.0,0.0,8619,59,0.00685
04595_01335,45.95,13.35,1.0,0.00487,0.0,0.0,0.0,0.0,0.0,0.05523,8618,42,0.00487
04595_01345,45.95,13.45,0.9852,0.04306,0.0,0.0426,0.0,0.0,0.0,0.00476,8616,738,0.08566
04595_01355,45.95,13.55,0.7531,0.05849,0.0,0.07416,0.0,0.0,0.0,0.0,8617,1143,0.13265
04595_01365,45.95,13.65,0.2667,0.36699,0.0,0.05072,0.0,0.0,0.0,0.00975,8616,3599,0.41771
04605_00805,46.05,8.05,0.7871,0.0,0.086,0.02034,0.07705,0.02522,0.0,0.08449,8605,915,0.10634
04605_00815,46.05,8.15,1.0,0.25378,0.08258,0.19563,0.17202,0.01105,0.0,0.11119,8598,4574,0.53199
04605_00825,46.05,8.25,1.0,0.39947,0.04565,0.13939,0.01289,0.00407,0.0,0.07864,8609,5032,0.58451
04605_00835,46.05,8.35,1.0,0.18778,0.0377,0.32309,0.05817,0.12914,0.0,0.12356,8595,4715,0.54857
04605_00845,46.05,8.45,1.0,0.38824,0.02823,0.09119,0.06122,0.17344,0.0,0.11791,8608,4370,0.50766
04605_00855,46.05,8.55,1.0,0.50581,0.01605,0.07942,0.13419,0.1307,0.0,0.07535,8600,5171,0.60128
04605_00865,46.05,8.65,1.0,0.54767,0.0043,0.19221,0.02198,0.0,0.0,0.06523,8600,6400,0.74418
04605_00875,46.05,8.75,0.9758,0.49483,0.0,0.01162,0.0043,0.00023,0.0,0.03659,8609,4360,0.50645
04605_00885,46.05,8.85,0.2772,0.7029,0.02269,0.06866,0.1137,0.0,0.0,0.02688,8593,6825,0.79425
04605_00905,46.05,9.05,0.5615,0.63637,0.0,0.02944,0.04864,0.00326,0.0,0.07005,8594,5722,0.66581
04605_00915,46.05,9.15,1.0,0.6393,0.01754,0.02508,0.07723,0.00604,0.0,0.03449,8611,5872,0.68192
04605_00925,46.05,9.25,1.0,0.31294,0.02745,0.0292,0.08725,0.00221,0.0,0.03315,8596,3177,0.36959
04605_00935,46.05,9.35,1.0,0.68866,0.06062,0.01652,0.00023,0.00419,0.0,0.02525,8595,6582,0.7658
04605_00945,46.05,9.45,1.0,0.3273,0.18809,0.00116,0.14246,0.11773,0.0,0.07756,8613,4449,0.51655
04605_00955,46.05,9.55,1.0,0.09123,0.32255,0.0071,0.18513,0.04841,0.0,0.05131,8594,3617,0.42088
04605_00965,46.05,9.65,1.0,0.02264,0.42928,0.04296,0.25766,0.04761,0.0,0.03228,8612,4262,0.49488
04605_00975,46.05,9.75,1.0,0.00221,0.36303,0.03071,0.24834,0.04304,0.0,0.08294,8597,3404,0.39595
04605_00985,46.05,9.85,1.0,0.0007,0.20009,0.0,0.15422,0.10022,0.0,0.07479,8611,1729,0.20079
04605_00995,46.05,9.95,1.0,0.15418,0.04387,0.03433,0.07552,0.13731,0.0,0.04119,8594,1997,0.23238
04605_01005,46.05,10.05,1.0,0.04422,0.12125,0.03293,0.12858,0.05574,0.0,0.02141,8594,1705,0.1984
04605_01015,46.05,10.15,1.0,0.00813,0.29544,0.00418,0.10475,0.05284,0.0,0.01893,8611,2650,0.30775
04605_01025,46.05,10.25,1.0,0.06851,0.32767,0.03013,0.22834,0.062,0.0,0.04641,8597,3665,0.42631
04605_01035,46.05,10.35,1.0,0.34905,0.2896,0.03263,0.02706,0.018,0.0,0.06572,8612,5781,0.67128
04605_01045,46.05,10.45,1.0,0.00849,0.28229,0.0,0.04247,0.15976,0.0,0.02444,8594,2499,0.29078
04605_01055,46.05,10.55,1.0,0.0,0.13073,0.0,0.02461,0.05016,0.0,0.12353,8613,1126,0.13073
04605_01065,46.05,10.65,1.0,0.03618,0.3587,0.12333,0.00454,0.09948,0.0,0.04642,8595,4454,0.51821
04605_01075,46.05,10.75,1.0,0.09737,0.27013,0.39844,0.01443,0.0121,0.0,0.01675,8596,6584,0.76594
04605_01085,46.05,10.85,1.0,0.10556,0.03925,0.37394,0.04065,0.00813,0.0,0.04959,8611,4467,0.51875
04605_01095,46.05,10.95,1.0,0.17338,0.07435,0.37538,0.00966,0.0,0.0,0.04759,8594,5355,0.62311
04605_01105,46.05,11.05,1.0,0.14465,0.15045,0.40214,0.0,0.00313,0.0,0.02728,8614,6006,0.69724
04605_01115,46.05,11.15,1.0,0.05912,0.04795,0.29,0.0,0.00826,0.0,0.01629,8593,3412,0.39707
04605_01125,46.05,11.25,1.0,0.03531,0.16332,0.32605,0.0,0.0,0.0,0.03764,8609,4517,0.52468
04605_01135,46.05,11.35,1.0,0.12163,0.27442,0.19267,0.02035,0.05093,0.0,0.02128,8600,5063,0.58872
04605_01145,46.05,11.45,1.0,0.08209,0.22547,0.32698,0.0,0.00453,0.0,0.01221,8600,5457,0.63454
04605_01155,46.05,11.55,1.0,0.08736,0.30379,0.30425,0.0,0.03055,0.0,0.02893,8608,5986,0.6954
04605_01165,46.05,11.65,1.0,0.16545,0.2591,0.30413,0.01105,0.00349,0.0,0.04561,8595,6263,0.72868
04605_01175,46.05,11.75,1.0,0.20699,0.25171,0.34673,0.02823,0.00558,0.0,0.0,8609,6934,0.80543
04605_01185,46.05,11.85,1.0,0.27192,0.06885,0.209,0.10316,0.00814,0.0,0.0,8598,4727,0.54977
04605_01195,46.05,11.95,1.0,0.33574,0.0,0.01836,0.0201,0.01976,0.0,0.0,8605,3047,0.3541
04605_01205,46.05,12.05,1.0,0.34666,0.00709,0.05638,0.0057,0.0,0.0,0.00465,8602,3528,0.41013
04605_01215,46.05,12.15,1.0,0.31931,0.02209,0.16517,0.01639,0.0,0.0,0.00849,8603,4358,0.50657
04605_01225,46.05,12.25,1.0,0.3395,0.16452,0.18405,0.10278,0.0,0.0,0.00407,8601,5918,0.68807
04605_01235,46.05,12.35,1.0,0.56786,0.02742,0.1478,0.08912,0.0,0.0,0.0,8606,6395,0.74308
04605_01245,46.05,12.45,1.0,0.37935,0.13385,0.23607,0.05349,0.0,0.0,0.02872,8599,6443,0.74927
04605_01255,46.05,12.55,1.0,0.32133,0.0,0.0,0.04868,0.0,0.0,0.02056,8608,2766,0.32133
04605_01265,46.05,12.65,1.0,0.0,0.0,0.0,0.0,0.0,0.0,0.0,8599,0,0.0
04605_01275,46.05,12.75,1.0,0.00372,0.0,0.0,0.19368,0.0,0.0,0.03371,8602,32,0.00372
04605_01285,46.05,12.85,1.0,0.0,0.0,0.0,0.00314,0.0,0.0,0.00279,8604,0,0.0
04605_01295,46.05,12.95,1.0,0.0,0.0,0.0,0.0,0.0,0.0,0.06231,8602,0,0.0
04605_01305,46.05,13.05,1.0,0.0,0.0,0.0,0.0,0.0,0.0,0.0,8599,0,0.0
04605_01315,46.05,13.15,1.0,0.0,0.0,0.0,0.0,0.0,0.0,0.0,8610,0,0.0
04605_01325,46.05,13.25,1.0,0.00547,0.0,0.0,0.0,0.0,0.0,0.00779,8597,47,0.00547
04605_01335,46.05,13.35,1.0,0.03056,0.0,0.0,0.0,0.0,0.0,0.01394,8606,263,0.03056
04605_01345,46.05,13.45,0.9652,0.2176,0.0,0.02499,0.0,0.0,0.0,0.0,8603,2087,0.24259
04605_01355,46.05,13.55,0.2089,0.70391,0.0,0.0,0.01976,0.0,0.0,0.01302,8602,6055,0.70391
04615_00815,46.15,8.15,0.6126,0.04588,0.21707,0.17329,0.06754,0.00384,0.0,0.19099,8587,3746,0.43624
04615_00825,46.15,8.25,1.0,0.22969,0.09976,0.25393,0.0148,0.00524,0.0,0.1205,8581,5006,0.58338
04615_00835,46.15,8.35,1.0,0.22248,0.05806,0.38387,0.01385,0.00279,0.0,0.06749,8594,5710,0.66441
04615_00845,46.15,8.45,1.0,0.08479,0.16131,0.32751,0.05078,0.02236,0.0,0.13033,8586,4925,0.57361
04615_00855,46.15,8.55,0.8452,0.15174,0.21253,0.32188,0.01817,0.01793,0.0,0.11052,8587,5892,0.68615
04615_00865,46.15,8.65,0.1669,0.29174,0.04264,0.41268,0.08179,0.01794,0.0,0.11266,8583,6412,0.74706
04615_00875,46.15,8.75,0.0532,0.20424,0.02748,0.19015,0.00408,0.0,0.0,0.0425,8588,3623,0.42187
04615_00905,46.15,9.05,0.0569,0.17313,0.1447,0.33438,0.14971,0.03332,0.0,0.03752,8583,5598,0.65221
04615_00915,46.15,9.15,0.5866,0.14435,0.13388,0.06014,0.27382,0.11481,0.0,0.19239,8597,2909,0.33837
04615_00925,46.15,9.25,1.0,0.43871,0.02901,0.00454,0.21836,0.06863,0.0,0.04614,8582,4053,0.47226
04615_00935,46.15,9.35,1.0,0.43211,0.02746,0.00337,0.01931,0.0,0.0,0.00361,8595,3979,0.46294
04615_00945,46.15,9.45,1.0,0.39599,0.15669,0.03559,0.0,0.00817,0.0,0.01365,8571,5042,0.58827
04615_00955,46.15,9.55,1.0,0.31424,0.13736,0.03684,0.03812,0.0115,0.0,0.05067,8605,4203,0.48844
04615_00965,46.15,9.65,1.0,0.3528,0.23298,0.08473,0.00548,0.0,0.0,0.07028,8580,5753,0.67051
04615_00975,46.15,9.75,1.0,0.28353,0.37613,0.02034,0.01871,0.0,0.0,0.04899,8553,5816,0.68
04615_00985,46.15,9.85,1.0,0.23181,0.33345,0.05348,0.01478,0.0,0.0,0.06676,8658,5357,0.61874
04615_00995,46.15,9.95,1.0,0.2333,0.28665,0.02773,0.02141,0.03592,0.0,0.04025,8547,4681,0.54768
04615_01005,46.15,10.05,1.0,0.21119,0.34737,0.01767,0.02375,0.03218,0.0,0.02633,8547,4925,0.57623
04615_01015,46.15,10.15,1.0,0.14738,0.50543,0.0,0.06318,0.01317,0.0,0.03915,8658,5652,0.65281
04615_01025,46.15,10.25,1.0,0.05682,0.44838,0.00994,0.14077,0.02362,0.0,0.12545,8553,4406,0.51514
04615_01035,46.15,10.35,1.0,0.19557,0.45921,0.02308,0.00804,0.00734,0.0,0.09103,8580,5816,0.67786
04615_01045,46.15,10.45,1.0,0.0,0.05648,0.0,0.0,0.05811,0.0,0.07205,8605,486,0.05648
04615_01055,46.15,10.55,1.0,0.0,0.01377,0.0,0.0,0.02252,0.0,0.00805,8571,118,0.01377
04615_01065,46.15,10.65,1.0,0.0,0.27958,0.0,0.00489,0.10634,0.0,0.07295,8595,2403,0.27958
04615_01075,46.15,10.75,1.0,0.03577,0.40538,0.23328,0.01526,0.02272,0.0,0.04964,8582,5788,0.67443
04615_01085,46.15,10.85,1.0,0.03001,0.2074,0.05502,0.01861,0.13668,0.0,0.05327,8597,2514,0.29243
04615_01095,46.15,10.95,1.0,0.04474,0.25213,0.11616,0.00711,0.05546,0.0,0.08307,8583,3545,0.41303
04615_01105,46.15,11.05,1.0,0.14154,0.21255,0.16544,0.0,0.07252,0.0,0.0759,8577,4456,0.51953
04615_01115,46.15,11.15,1.0,0.01454,0.23485,0.25974,0.0,0.0,0.0,0.00174,8597,4377,0.50913
04615_01125,46.15,11.25,1.0,0.02958,0.36726,0.28377,0.0,0.0,0.0,0.05205,8588,5845,0.68061
04615_01135,46.15,11.35,1.0,0.01165,0.50705,0.10789,0.00548,0.04521,0.0,0.03087,8583,5378,0.62659
04615_01145,46.15,11.45,1.0,0.00023,0.448,0.09072,0.01549,0.0835,0.0,0.10073,8587,4628,0.53895
04615_01155,46.15,11.55,1.0,0.00186,0.38248,0.02679,0.03937,0.10645,0.0,0.128,8586,3530,0.41113
04615_01165,46.15,11.65,1.0,0.00954,0.49616,0.04689,0.00733,0.08611,0.0,0.08366,8594,4749,0.55259
04615_01175,46.15,11.75,1.0,0.10628,0.4806,0.18448,0.02902,0.00431,0.0,0.05163,8581,6619,0.77136
04615_01185,46.15,11.85,1.0,0.02294,0.48527,0.09095,0.03494,0.0375,0.0,0.06848,8587,5145,0.59916
04615_01195,46.15,11.95,1.0,0.25413,0.11106,0.22084,0.11106,0.11956,0.0,0.01083,8590,5034,0.58603
04615_01205,46.15,12.05,1.0,0.42827,0.01141,0.13321,0.05484,0.07452,0.0,0.0,8588,4920,0.57289
04615_01215,46.15,12.15,1.0,0.33124,0.00373,0.07058,0.0092,0.01584,0.0,0.0021,8586,3482,0.40555
04615_01225,46.15,12.25,1.0,0.24985,0.00047,0.13687,0.06826,0.00082,0.0,0.02108,8585,3324,0.38719
04615_01235,46.15,12.35,1.0,0.41982,0.00547,0.10865,0.0,0.00606,0.0,0.00035,8587,4585,0.53394
04615_01245,46.15,12.45,1.0,0.36182,0.09988,0.11956,0.02829,0.01781,0.0,0.01327,8590,4993,0.58126
04615_01255,46.15,12.55,1.0,0.58679,0.03786,0.06279,0.13385,0.0,0.0,0.10228,8584,5901,0.68744
04615_01265,46.15,12.65,1.0,0.31024,0.0,0.09619,0.02259,0.0,0.0,0.06591,8587,3490,0.40643
04615_01275,46.15,12.75,1.0,0.12925,0.0,0.0007,0.04506,0.0,0.0,0.02096,8588,1116,0.12995
04615_01285,46.15,12.85,1.0,0.11567,0.0,0.0,0.02423,0.0,0.0,0.00373,8585,993,0.11567
04615_01295,46.15,12.95,1.0,0.16529,0.0,0.01874,0.0,0.0,0.0,0.05354,8591,1581,0.18403
04615_01305,46.15,13.05,1.0,0.01806,0.0,0.00047,0.0,0.0,0.0,0.0,8584,159,0.01853
04615_01315,46.15,13.15,1.0,0.0106,0.0,0.0,0.0,0.0,0.0,0.0,8584,91,0.0106
04615_01325,46.15,13.25,1.0,0.03656,0.0,0.07487,0.0,0.0,0.0,0.01677,8588,957,0.11143
04615_01335,46.15,13.35,1.0,0.45867,0.0,0.0518,0.0,0.0,0.0,0.00303,8590,4385,0.51047
04615_01345,46.15,13.45,1.0,0.54129,0.0,0.14048,0.0,0.0,0.0,0.06465,8585,5853,0.68177
04615_01355,46.15,13.55,0.9504,0.80908,0.0,0.01758,0.00431,0.0,0.0,0.05204,8590,7101,0.82666
04615_01365,46.15,13.65,0.3356,0.85782,0.0,0.0,0.02014,0.0,0.0,0.0,8588,7367,0.85782
04625_00815,46.25,8.15,0.787,0.01516,0.16398,0.03604,0.15115,0.00315,0.0,0.15547,8574,1845,0.21518
04625_00825,46.25,8.25,1.0,0.05084,0.27017,0.14307,0.06903,0.00536,0.0,0.17864,8576,3980,0.46408
04625_00835,46.25,8.35,1.0,0.12274,0.30638,0.17769,0.00688,0.00525,0.0,0.12531,8571,5201,0.60681
04625_00845,46.25,8.45,0.6403,0.0035,0.23226,0.08882,0.10446,0.05731,0.0,0.16001,8568,2781,0.32458
04625_00855,46.25,8.55,0.0749,0.16846,0.27135,0.09228,0.10978,0.05495,0.0,0.1779,8572,4561,0.53209
04625_00925,46.25,9.25,0.5594,0.04692,0.13901,0.02194,0.03933,0.11555,0.0,0.14601,8568,1781,0.20787
04625_00935,46.25,9.35,1.0,0.2651,0.22756,0.02262,0.05211,0.01702,0.0,0.10352,8578,4420,0.51528
04625_00945,46.25,9.45,1.0,0.26534,0.18588,0.00397,0.00793,0.02334,0.0,0.17001,8570,3901,0.45519
04625_00955,46.25,9.55,0.9883,0.01849,0.20428,0.0,0.02586,0.06377,0.0,0.01977,8547,1904,0.22277
04625_00965,46.25,9.65,0.9275,0.11044,0.26647,0.00805,0.03895,0.00933,0.0,0.10461,8575,3301,0.38496
04625_00975,46.25,9.75,0.988,0.00557,0.11636,0.00023,0.06984,0.01102,0.0,0.04501,8620,1053,0.12216
04625_00985,46.25,9.85,1.0,0.15176,0.45704,0.01214,0.04039,0.01553,0.0,0.05989,8566,5319,0.62094
04625_00995,46.25,9.95,0.9908,0.01907,0.24921,0.00515,0.09793,0.00234,0.0,0.03884,8547,2337,0.27343
04625_01005,46.25,10.05,0.5278,0.03229,0.38446,0.00047,0.10062,0.06669,0.0,0.03756,8547,3566,0.41722
04625_01015,46.25,10.15,0.5608,0.10658,0.3103,0.07717,0.03712,0.00735,0.0,0.0781,8566,4232,0.49405
04625_01025,46.25,10.25,1.0,0.17204,0.45847,0.00534,0.04594,0.00336,0.0,0.03968,8620,5481,0.63585
04625_01035,46.25,10.35,1.0,0.0105,0.46204,0.0,0.1305,0.01971,0.0,0.07044,8575,4052,0.47254
04625_01045,46.25,10.45,1.0,0.00421,0.44659,0.0,0.02445,0.00117,0.00503,0.11361,8547,3853,0.4508
04625_01055,46.25,10.55,1.0,0.0,0.20268,0.0,0.14527,0.03932,0.0,0.10385,8570,1737,0.20268
04625_01065,46.25,10.65,1.0,0.0,0.29121,0.0,0.04115,0.03556,0.0,0.06027,8578,2498,0.29121
04625_01075,46.25,10.75,1.0,0.00327,0.30474,0.02614,0.0056,0.08648,0.0,0.04038,8568,2863,0.33415
04625_01085,46.25,10.85,1.0,0.01191,0.58935,0.02346,0.05953,0.03303,0.0,0.0572,8567,5352,0.62472
04625_01095,46.25,10.95,1.0,0.02879,0.26029,0.12787,0.04989,0.06469,0.0,0.10817,8579,3577,0.41695
04625_01105,46.25,11.05,1.0,0.11215,0.1758,0.31453,0.0,0.0,0.0,0.01049,8578,5168,0.60248
04625_01115,46.25,11.15,1.0,0.08691,0.21675,0.30623,0.0,0.0,0.0,0.08329,8572,5228,0.60989
04625_01125,46.25,11.25,1.0,0.15978,0.31278,0.21665,0.0,0.0,0.0,0.0313,8562,5901,0.68921
04625_01135,46.25,11.35,1.0,0.02519,0.37399,0.45038,0.0,0.0028,0.0,0.03685,8575,7285,0.84956
04625_01145,46.25,11.45,1.0,0.0042,0.53208,0.12996,0.00677,0.0,0.0,0.0574,8572,5711,0.66624
04625_01155,46.25,11.55,1.0,0.0,0.53221,0.01436,0.02066,0.02428,0.0,0.06816,8568,4683,0.54657
04625_01165,46.25,11.65,1.0,0.00303,0.6473,0.03092,0.00782,0.02998,0.0,0.07805,8571,5839,0.68125
04625_01175,46.25,11.75,1.0,0.0,0.4452,0.01423,0.04618,0.07334,0.0,0.15357,8576,3940,0.45943
04625_01185,46.25,11.85,1.0,0.00082,0.29963,0.07569,0.02251,0.04805,0.0,0.00082,8574,3225,0.37614
04625_01195,46.25,11.95,1.0,0.19342,0.19377,0.23203,0.05891,0.11269,0.0,0.0,8572,5308,0.61922
04625_01205,46.25,12.05,1.0,0.12849,0.19267,0.31135,0.0,0.14599,0.0,0.0,8569,5420,0.63251
04625_01215,46.25,12.15,1.0,0.26044,0.11453,0.12025,0.07511,0.23175,0.0,0.0,8574,4246,0.49522
04625_01225,46.25,12.25,1.0,0.34691,0.279,0.08903,0.15776,0.04562,0.0,0.0,8570,6127,0.71494
04625_01235,46.25,12.35,1.0,0.36768,0.08693,0.16756,0.02567,0.09673,0.0,0.04562,8570,5332,0.62217
04625_01245,46.25,12.45,1.0,0.38355,0.02824,0.14422,0.0028,0.0294,0.0,0.22392,8570,4765,0.55601
04625_01255,46.25,12.55,1.0,0.15864,0.07932,0.43964,0.04456,0.02006,0.0,0.14079,8573,5809,0.6776
04625_01265,46.25,12.65,1.0,0.32439,0.02578,0.41176,0.00152,0.03079,0.0,0.04806,8573,6532,0.76193
04625_01275,46.25,12.75,1.0,0.44644,0.06674,0.31389,0.0,0.0,0.0,0.021,8570,7088,0.82707
04625_01285,46.25,12.85,1.0,0.46179,0.00642,0.30977,0.05974,0.01248,0.0,0.03045,8571,6668,0.77798
04625_01295,46.25,12.95,1.0,0.59902,0.02486,0.25277,0.0,0.0,0.0,0.00724,8569,7512,0.87665
04625_01305,46.25,13.05,1.0,0.31362,0.0,0.05027,0.00467,0.0,0.0,0.05272,8574,3120,0.36389
04625_01315,46.25,13.15,1.0,0.24945,0.01901,0.00933,0.01446,0.01213,0.0,0.00571,8575,2382,0.27779
04625_01325,46.25,13.25,1.0,0.67456,0.0,0.06803,0.03116,0.01144,0.0,0.01319,8570,6364,0.74259
04625_01335,46.25,13.35,0.9523,0.78987,0.0,0.0707,0.08879,0.0,0.0,0.00793,8571,7376,0.86057
04625_01345,46.25,13.45,0.227,0.72751,0.00782,0.08542,0.08717,0.0,0.0,0.02626,8569,7033,0.82075
04625_01355,46.25,13.55,0.081,0.58269,0.00397,0.08934,0.07873,0.0,0.0,0.08572,8574,5796,0.676
04635_00825,46.35,8.25,0.4446,0.0,0.12878,0.00234,0.19762,0.02302,0.0,0.1171,8557,1122,0.13112
04635_00835,46.35,8.35,0.964,0.04535,0.09562,0.00503,0.0,0.03951,0.0,0.05786,8555,1249,0.146
04635_00845,46.35,8.45,0.5906,0.0007,0.23279,0.0007,0.07713,0.03681,0.0,0.14339,8557,2004,0.23419
04635_00925,46.35,9.25,0.1347,0.03787,0.3871,0.12108,0.03682,0.01379,0.0,0.07118,8556,4672,0.54605
04635_00935,46.35,9.35,1.0,0.19021,0.33929,0.0,0.04592,0.03669,0.0,0.0708,8559,4532,0.5295
04635_00945,46.35,9.45,0.891,0.20119,0.19115,0.00712,0.01787,0.01319,0.0,0.06889,8564,3421,0.39946
04635_00955,46.35,9.55,0.1327,0.07727,0.27151,0.0091,0.08533,0.02545,0.0,0.07412,8567,3066,0.35788
04635_00975,46.35,9.75,0.3321,0.0,0.09185,0.0,0.17927,0.02922,0.0,0.00923,8557,786,0.09185
04635_00985,46.35,9.85,0.6124,0.00047,0.11185,0.0,0.00948,0.03452,0.0,0.0117,8547,960,0.11232
04635_00995,46.35,9.95,0.6337,0.0,0.03592,0.0,0.00374,0.00023,0.0,0.0,8547,307,0.03592
04635_01015,46.35,10.15,0.743,0.0,0.10413,0.0,0.12519,0.02843,0.0,0.04762,8547,890,0.10413
04635_01025,46.35,10.25,1.0,0.02758,0.2966,0.0,0.1497,0.02197,0.0,0.07292,8557,2774,0.32418
04635_01035,46.35,10.35,1.0,0.01053,0.50439,0.0,0.03941,0.01134,0.0,0.05648,8551,4403,0.51492
04635_01045,46.35,10.45,1.0,0.0,0.09326,0.0,0.14964,0.0,0.0,0.02346,8567,799,0.09326
04635_01055,46.35,10.55,1.0,0.0,0.01892,0.0,0.05628,0.02055,0.0,0.03013,8564,162,0.01892
04635_01065,46.35,10.65,1.0,0.0,0.33287,0.01566,0.02185,0.01215,0.0,0.07115,8559,2983,0.34853
04635_01075,46.35,10.75,1.0,0.0,0.37938,0.02232,0.0,0.02676,0.0,0.06837,8556,3437,0.4017
04635_01085,46.35,10.85,1.0,0.00479,0.56259,0.0339,0.0,0.0187,0.0,0.06055,8555,5144,0.60128
04635_01095,46.35,10.95,1.0,0.02747,0.41765,0.18913,0.03437,0.01707,0.0,0.13863,8555,5426,0.63425
04635_01105,46.35,11.05,1.0,0.00444,0.21043,0.1459,0.0,0.0,0.0,0.00842,8554,3086,0.36077
04635_01115,46.35,11.15,1.0,0.01239,0.69215,0.08427,0.0,0.00865,0.0,0.03787,8556,6749,0.78881
04635_01125,46.35,11.25,1.0,0.17173,0.0528,0.16846,0.0,0.0,0.0,0.05748,8560,3364,0.39299
04635_01135,46.35,11.35,1.0,0.09441,0.21676,0.39834,0.0,0.0,0.0,0.02512,8558,6072,0.70951
04635_01145,46.35,11.45,1.0,0.0,0.73019,0.0548,0.03097,0.00935,0.0,0.05282,8558,6718,0.78499
04635_01155,46.35,11.55,1.0,0.0,0.5475,0.0,0.03541,0.01566,0.0,0.04394,8557,4685,0.5475
04635_01165,46.35,11.65,1.0,0.0,0.66616,0.00701,0.04231,0.01344,0.0,0.08919,8555,5759,0.67317
04635_01175,46.35,11.75,1.0,0.0,0.40213,0.0,0.10564,0.05785,0.0,0.06509,8557,3441,0.40213
04635_01185,46.35,11.85,1.0,0.00409,0.46032,0.05973,0.22186,0.01625,0.0,0.00386,8555,4484,0.52414
04635_01195,46.35,11.95,1.0,0.10764,0.50596,0.11279,0.06381,0.05739,0.0,0.0,8556,6215,0.72639
04635_01205,46.35,12.05,1.0,0.00549,0.24594,0.14728,0.03402,0.24208,0.0,0.0,8555,3411,0.39871
04635_01215,46.35,12.15,1.0,0.0,0.47365,0.23536,0.01215,0.09115,0.0,0.0,8557,6067,0.70901
04635_01225,46.35,12.25,1.0,0.01859,0.4166,0.24605,0.05085,0.13302,0.0,0.0,8555,5828,0.68124
04635_01235,46.35,12.35,1.0,0.05493,0.44829,0.14351,0.00631,0.23828,0.0,0.01169,8557,5534,0.64673
04635_01245,46.35,12.45,1.0,0.08322,0.06241,0.1586,0.03004,0.24673,0.0,0.03389,8556,2603,0.30423
04635_01255,46.35,12.55,1.0,0.05493,0.0714,0.3354,0.0076,0.22356,0.0,0.02349,8557,3951,0.46173
04635_01265,46.35,12.65,1.0,0.11093,0.04816,0.56037,0.00187,0.13279,0.0,0.00713,8555,6155,0.71946
04635_01275,46.35,12.75,1.0,0.47289,0.04791,0.3488,0.00526,0.03026,0.0,0.02617,8558,7442,0.8696
04635_01285,46.35,12.85,1.0,0.4934,0.09585,0.26616,0.0,0.00795,0.0,0.00994,8555,7318,0.85541
04635_01295,46.35,12.95,1.0,0.32589,0.05445,0.45431,0.0,0.00234,0.0,0.03576,8558,7143,0.83465
04635_01305,46.35,13.05,1.0,0.34007,0.01344,0.29274,0.0028,0.03167,0.0,0.0506,8557,5530,0.64625
04635_01315,46.35,13.15,1.0,0.3135,0.02537,0.27668,0.03939,0.00058,0.0,0.08101,8555,5266,0.61555
04635_01325,46.35,13.25,1.0,0.25862,0.13381,0.26493,0.03798,0.02174,0.0,0.11114,8557,5625,0.65736
04635_01335,46.35,13.35,1.0,0.33326,0.04767,0.37789,0.03412,0.01811,0.0,0.03307,8558,6494,0.75882
04635_01345,46.35,13.45,0.5605,0.21043,0.03624,0.20903,0.10475,0.01754,0.0,0.04723,8554,3898,0.4557
04635_01355,46.35,13.55,0.0909,0.31417,0.00584,0.232,0.02209,0.04967,0.0,0.0637,8556,4723,0.55201
04645_00835,46.45,8.35,0.3927,0.0,0.04368,0.0,0.21384,0.05446,0.0,0.00913,8539,373,0.04368
04645_00845,46.45,8.45,0.3771,0.0,0.02623,0.0,0.18328,0.06476,0.0,0.05727,8539,224,0.02623
04645_00925,46.45,9.25,0.3056,0.00632,0.12525,0.00457,0.21854,0.03207,0.0,0.04085,8543,1163,0.13614
04645_00935,46.45,9.35,0.9384,0.0,0.21904,0.0,0.36373,0.03313,0.0,0.00304,8542,1871,0.21904
04645_00945,46.45,9.45,0.5067,0.0,0.0499,0.0,0.21788,0.11561,0.0,0.0123,8537,426,0.0499
04645_01005,46.45,10.05,0.3877,0.0,0.01767,0.0,0.21282,0.02153,0.0,0.02071,8547,151,0.01767
04645_01015,46.45,10.15,0.8439,0.0,0.05558,0.0,0.13502,0.02562,0.0,0.00714,8547,475,0.05558
04645_01025,46.45,10.25,1.0,0.0,0.25292,0.0,0.11565,0.016,0.0,0.04731,8560,2165,0.25292
04645_01035,46.45,10.35,1.0,0.0,0.42619,0.0,0.00739,0.04048,0.0,0.03708,8522,3632,0.42619
04645_01045,46.45,10.45,1.0,0.0,0.37893,0.0,0.07185,0.0,0.0,0.0102,8532,3233,0.37893
04645_01055,46.45,10.55,1.0,0.0,0.07063,0.0,0.028,0.0034,0.0,0.01406,8537,603,0.07063
04645_01065,46.45,10.65,1.0,0.0,0.04179,0.0,0.00035,0.0,0.0,0.01229,8542,357,0.04179
04645_01075,46.45,10.75,1.0,0.0,0.15674,0.0,0.0041,0.03266,0.0,0.01756,8543,1339,0.15674
04645_01085,46.45,10.85,1.0,0.0,0.32881,0.0,0.05443,0.05607,0.0,0.02166,8543,2809,0.32881
04645_01095,46.45,10.95,1.0,0.0048,0.38588,0.03677,0.01921,0.07835,0.0,0.13889,8539,3650,0.42745
04645_01105,46.45,11.05,1.0,0.0,0.58247,0.03561,0.00972,0.00633,0.0,0.11715,8536,5276,0.61808
04645_01115,46.45,11.15,1.0,0.0,0.68372,0.00129,0.00281,0.0,0.0,0.05398,8540,5850,0.68501
04645_01125,46.45,11.25,1.0,0.09568,0.19651,0.26537,0.0,0.0,0.0,0.03197,8539,4761,0.55756
04645_01135,46.45,11.35,1.0,0.18719,0.19433,0.16495,0.0,0.0,0.0,0.00012,8542,4668,0.54647
04645_01145,46.45,11.45,1.0,0.11845,0.51779,0.12441,0.0,0.0,0.0,0.00257,8544,6499,0.76065
04645_01155,46.45,11.55,1.0,0.0,0.78311,0.01031,0.0123,0.00223,0.0,0.05668,8539,6775,0.79342
04645_01165,46.45,11.65,1.0,0.0,0.34758,0.0,0.06511,0.0,0.0,0.04368,8539,2968,0.34758
04645_01175,46.45,11.75,1.0,0.0,0.51962,0.0,0.07589,0.04427,0.0,0.06582,8539,4437,0.51962
04645_01185,46.45,11.85,1.0,0.0,0.17225,0.0,0.25504,0.04895,0.0,0.02459,8540,1471,0.17225
04645_01195,46.45,11.95,1.0,0.00339,0.54636,0.0,0.16085,0.07703,0.0,0.02318,8542,4696,0.54975
04645_01205,46.45,12.05,1.0,0.00492,0.52757,0.0,0.1922,0.00936,0.0,0.01089,8543,4549,0.53249
04645_01215,46.45,12.15,1.0,0.0,0.45743,0.154,0.07636,0.12297,0.0,0.00176,8539,5221,0.61143
04645_01225,46.45,12.25,1.0,0.0,0.16378,0.27464,0.02177,0.12374,0.0,0.0,8542,3745,0.43842
04645_01235,46.45,12.35,1.0,0.0,0.58722,0.12866,0.00503,0.05701,0.0,0.02657,8542,6115,0.71588
04645_01245,46.45,12.45,1.0,0.00761,0.5926,0.0521,0.0,0.10232,0.0,0.0,8542,5572,0.65231
04645_01255,46.45,12.55,1.0,0.00375,0.38707,0.27655,0.04238,0.09694,0.0,0.01932,8541,5700,0.66737
04645_01265,46.45,12.65,1.0,0.0123,0.21604,0.36101,0.14871,0.09426,0.0,0.03384,8540,5033,0.58935
04645_01275,46.45,12.75,1.0,0.25659,0.10961,0.26525,0.00773,0.08139,0.0,0.08631,8539,5392,0.63145
04645_01285,46.45,12.85,1.0,0.22021,0.05163,0.41981,0.0,0.02856,0.0,0.03067,8542,5908,0.69165
04645_01295,46.45,12.95,1.0,0.17516,0.06884,0.40054,0.09413,0.01382,0.0,0.05807,8541,5505,0.64454
04645_01305,46.45,13.05,1.0,0.21747,0.08186,0.4408,0.0,0.00738,0.0,0.01558,8539,6320,0.74013
04645_01315,46.45,13.15,1.0,0.22564,0.03478,0.42892,0.0,0.11511,0.0,0.04005,8540,5887,0.68934
04645_01325,46.45,13.25,1.0,0.1466,0.0418,0.58197,0.01218,0.01066,0.0,0.06932,8540,6579,0.77037
04645_01335,46.45,13.35,1.0,0.02096,0.07716,0.58108,0.03302,0.05433,0.0,0.13371,8541,5801,0.6792
04645_01345,46.45,13.45,1.0,0.02938,0.05513,0.39595,0.07128,0.0055,0.0,0.14221,8544,4105,0.48046
04645_01355,46.45,13.55,0.9206,0.06136,0.11956,0.51499,0.0,0.03653,0.0,0.13689,8540,5943,0.69591
04645_01365,46.45,13.65,0.5738,0.07938,0.1309,0.29399,0.00761,0.08617,0.0,0.11439,8541,4307,0.50427
04655_01005,46.55,10.05,0.3077,0.0,0.05417,0.0,0.32643,0.06564,0.0,0.01158,8547,463,0.05417
04655_01015,46.55,10.15,0.999,0.0,0.18089,0.0,0.15997,0.10907,0.0,0.0,8508,1539,0.18089
04655_01025,46.55,10.25,0.8343,0.0,0.03447,0.0,0.10236,0.21026,0.0,0.00353,8499,293,0.03447
04655_01035,46.55,10.35,0.4944,0.0,0.07342,0.0,0.07049,0.2034,0.0,0.01944,8540,627,0.07342
04655_01045,46.55,10.45,0.5411,0.0,0.07893,0.0,0.16125,0.01146,0.0,0.02806,8552,675,0.07893
04655_01055,46.55,10.55,1.0,0.0,0.39123,0.0047,0.01892,0.08838,0.0,0.02233,8509,3369,0.39593
04655_01065,46.55,10.65,1.0,0.0,0.15812,0.0,0.01971,0.05584,0.0,0.01185,8525,1348,0.15812
04655_01075,46.55,10.75,1.0,0.0,0.39515,0.0,0.02051,0.0,0.0,0.04068,8531,3371,0.39515
04655_01085,46.55,10.85,1.0,0.0,0.31027,0.01151,0.08153,0.02397,0.0,0.04958,8512,2739,0.32178
04655_01095,46.55,10.95,1.0,0.0,0.44111,0.0,0.02112,0.01115,0.0,0.06746,8524,3760,0.44111
04655_01105,46.55,11.05,1.0,0.0,0.60738,0.00152,0.08869,0.00598,0.0,0.06444,8535,5197,0.6089
04655_01115,46.55,11.15,1.0,0.05101,0.50768,0.17826,0.00152,0.0,0.0,0.01067,8527,6284,0.73695
04655_01125,46.55,11.25,1.0,0.15303,0.1954,0.13484,0.0,0.0,0.0,0.00352,8521,4118,0.48327
04655_01135,46.55,11.35,1.0,0.12352,0.34334,0.19613,0.0,0.0,0.0,0.05959,8525,5652,0.66299
04655_01145,46.55,11.45,1.0,0.08281,0.3874,0.17804,0.00598,0.01114,0.0,0.0244,8526,5527,0.64825
04655_01155,46.55,11.55,1.0,0.04894,0.41638,0.08051,0.0,0.00587,0.0,0.0433,8521,4651,0.54583
04655_01165,46.55,11.65,1.0,0.0,0.43522,0.0,0.0,0.00645,0.0,0.03412,8529,3712,0.43522
04655_01175,46.55,11.75,1.0,0.0,0.30883,0.0,0.06413,0.01653,0.0,0.04924,8529,2634,0.30883
04655_01185,46.55,11.85,1.0,0.0,0.20676,0.0,0.09106,0.02793,0.0,0.05902,8522,1762,0.20676
04655_01195,46.55,11.95,1.0,0.0,0.35926,0.0,0.2038,0.00997,0.0,0.06876,8523,3062,0.35926
04655_01205,46.55,12.05,1.0,0.0,0.32305,0.0,0.05889,0.04481,0.0,0.0115,8525,2754,0.32305
04655_01215,46.55,12.15,1.0,0.0,0.53742,0.0,0.01115,0.07191,0.0,0.02159,8524,4581,0.53742
04655_01225,46.55,12.25,1.0,0.0,0.46248,0.0,0.03307,0.07399,0.0,0.01864,8528,3944,0.46248
04655_01235,46.55,12.35,1.0,0.0,0.55266,0.01607,0.00199,0.16409,0.0,0.0,8526,4849,0.56873
04655_01245,46.55,12.45,1.0,0.0,0.65493,0.09249,0.02054,0.08169,0.0,0.0,8520,6368,0.74742
04655_01255,46.55,12.55,1.0,0.0,0.45989,0.04715,0.02135,0.16831,0.0,0.00915,8526,4323,0.50704
04655_01265,46.55,12.65,1.0,0.0,0.56133,0.04128,0.04268,0.13567,0.0,0.01677,8528,5139,0.60261
04655_01275,46.55,12.75,1.0,0.11718,0.37314,0.18721,0.0827,0.02135,0.0,0.03566,8525,5776,0.67753
04655_01285,46.55,12.85,1.0,0.01642,0.35167,0.34839,0.05607,0.03496,0.0,0.03425,8525,6108,0.71648
04655_01295,46.55,12.95,0.9998,0.07368,0.25672,0.23231,0.08483,0.11416,0.0,0.02734,8523,4796,0.56271
04655_01305,46.55,13.05,0.9854,0.05546,0.24613,0.2826,0.05617,0.08654,0.0,0.02568,8528,4982,0.58419
04655_01315,46.55,13.15,0.8691,0.02837,0.26521,0.34647,0.17622,0.03822,0.0,0.02732,8529,5459,0.64005
04655_01325,46.55,13.25,0.6143,0.04073,0.23709,0.34847,0.02946,0.06209,0.0,0.07347,8520,5336,0.62629
04655_01335,46.55,13.35,0.6627,0.03109,0.18067,0.45659,0.02252,0.04388,0.0,0.16225,8524,5697,0.66835
04655_01345,46.55,13.45,0.6047,0.0,0.24334,0.53243,0.05465,0.02404,0.0,0.05254,8527,6615,0.77577
04655_01355,46.55,13.55,0.4918,0.02874,0.21255,0.50944,0.03801,0.00352,0.0,0.01067,8525,6400,0.75073
04655_01365,46.55,13.65,0.3233,0.04492,0.14272,0.41527,0.00973,0.04058,0.0,0.00715,8527,5141,0.60291
04665_01015,46.65,10.15,0.1429,0.0,0.28206,0.0,0.01574,0.14553,0.0,0.0226,8452,2384,0.28206
04665_01025,46.65,10.25,0.1333,0.0,0.16721,0.0,0.11413,0.10465,0.0,0.05379,8552,1430,0.16721
04665_01045,46.65,10.45,0.7014,0.0,0.3451,0.00141,0.04636,0.02353,0.0,0.14319,8499,2945,0.34651
04665_01055,46.65,10.55,1.0,0.01935,0.40305,0.019,0.06592,0.01525,0.0,0.05607,8525,3763,0.4414
04665_01065,46.65,10.65,1.0,0.01093,0.40473,0.0,0.01117,0.00353,0.0,0.0891,8507,3536,0.41566
04665_01075,46.65,10.75,1.0,0.00893,0.21422,0.0,0.03995,0.0,0.0,0.17133,8510,1899,0.22315
04665_01085,46.65,10.85,1.0,0.0,0.22693,0.01376,0.01023,0.0,0.0,0.11993,8505,2047,0.24069
04665_01095,46.65,10.95,1.0,0.0,0.41984,0.01444,0.01408,0.0,0.0,0.17934,8520,3700,0.43428
04665_01105,46.65,11.05,1.0,0.03329,0.47188,0.01941,0.02,0.00294,0.0,0.09776,8500,4459,0.52458
04665_01115,46.65,11.15,1.0,0.10486,0.10615,0.10885,0.0,0.0,0.0,0.01163,8516,2724,0.31986
04665_01125,46.65,11.25,1.0,0.02386,0.54907,0.057,0.0,0.00858,0.0,0.03526,8509,5360,0.62993
04665_01135,46.65,11.35,1.0,0.0,0.59638,0.01058,0.00611,0.01081,0.0,0.06323,8508,5164,0.60696
04665_01145,46.65,11.45,1.0,0.0,0.36307,0.0,0.11965,0.08134,0.0,0.13,8508,3089,0.36307
04665_01155,46.65,11.55,1.0,0.00916,0.44938,0.05168,0.00364,0.0,0.0,0.05168,8514,4344,0.51022
04665_01165,46.65,11.65,1.0,0.0,0.63568,0.02033,0.0,0.0047,0.0,0.02915,8509,5582,0.65601
04665_01175,46.65,11.75,1.0,0.0,0.50376,0.0,0.05337,0.02786,0.0,0.06019,8506,4285,0.50376
04665_01185,46.65,11.85,1.0,0.0,0.54586,0.0,0.07974,0.01433,0.0,0.04627,8515,4648,0.54586
04665_01195,46.65,11.95,1.0,0.0,0.44199,0.0,0.02163,0.02351,0.0,0.09228,8507,3760,0.44199
04665_01205,46.65,12.05,1.0,0.0,0.30114,0.0,0.08119,0.03807,0.0,0.03866,8511,2563,0.30114
04665_01215,46.65,12.15,1.0,0.0,0.41403,0.0,0.06511,0.07463,0.0,0.01528,8509,3523,0.41403
04665_01225,46.65,12.25,1.0,0.0,0.42389,0.0,0.0451,0.06342,0.0,0.07153,8514,3609,0.42389
04665_01235,46.65,12.35,1.0,0.0,0.34384,0.0,0.02693,0.04269,0.0,0.0,8504,2924,0.34384
04665_01245,46.65,12.45,0.8919,0.0,0.45861,0.00528,0.33087,0.02031,0.0,0.0,8517,3951,0.46389
04665_01255,46.65,12.55,0.6315,0.0,0.47649,0.0,0.33118,0.01023,0.0,0.02398,8506,4053,0.47649
04665_01265,46.65,12.65,0.5623,0.0,0.575,0.0,0.31951,0.02584,0.0,0.00799,8513,4895,0.575
04665_01275,46.65,12.75,0.4391,0.00423,0.47555,0.03608,0.27974,0.01164,0.0,0.01422,8508,4389,0.51586
04665_01285,46.65,12.85,0.1557,0.03055,0.28696,0.15311,0.24454,0.04736,0.0,0.02385,8510,4005,0.47062
04665_01295,46.65,12.95,0.0518,0.1059,0.3103,0.20451,0.1099,0.05007,0.0,0.01457,8508,5281,0.62071
04675_01045,46.75,10.45,0.7544,0.0,0.08248,0.0,0.1606,0.03782,0.0,0.04854,8487,700,0.08248
04675_01055,46.75,10.55,1.0,0.0,0.40607,0.0,0.05611,0.02459,0.0,0.03941,8501,3452,0.40607
04675_01065,46.75,10.65,1.0,0.0,0.1072,0.0,0.08093,0.02509,0.0,0.06561,8489,910,0.1072
04675_01075,46.75,10.75,0.9254,0.0,0.02226,0.0,0.01731,0.01095,0.0,0.02968,8491,189,0.02226
04675_01085,46.75,10.85,0.7339,0.0,0.133,0.0,0.02834,0.02023,0.0,0.06797,8504,1131,0.133
04675_01095,46.75,10.95,0.7201,0.0,0.04009,0.0,0.04045,0.0,0.0,0.1145,8480,340,0.04009
04675_01105,46.75,11.05,0.9003,0.00012,0.0698,0.00094,0.05429,0.04019,0.0,0.02526,8510,603,0.07086
04675_01115,46.75,11.15,1.0,0.01698,0.11449,0.14102,0.12557,0.07794,0.0,0.1172,8481,2311,0.27249
04675_01125,46.75,11.25,1.0,0.0,0.45758,0.01388,0.01071,0.02,0.0,0.10131,8499,4007,0.47146
04675_01135,46.75,11.35,1.0,0.0,0.40261,0.0,0.10115,0.06818,0.0,0.04322,8492,3419,0.40261
04675_01145,46.75,11.45,1.0,0.0,0.38022,0.0,0.04214,0.09041,0.0,0.03014,8495,3230,0.38022
04675_01155,46.75,11.55,1.0,0.0,0.50277,0.0,0.08319,0.01518,0.0,0.07189,8499,4273,0.50277
04675_01165,46.75,11.65,1.0,0.0,0.54689,0.03617,0.0,0.0,0.0,0.0106,8488,4949,0.58306
04675_01175,46.75,11.75,1.0,0.0,0.76201,0.00742,0.05108,0.0,0.0,0.02177,8496,6537,0.76943
04675_01185,46.75,11.85,1.0,0.0,0.67012,0.0,0.07959,0.02225,0.0,0.0133,8494,5692,0.67012
04675_01195,46.75,11.95,1.0,0.0,0.57335,0.02107,0.02355,0.0146,0.0,0.02484,8494,5049,0.59442
04675_01205,46.75,12.05,1.0,0.0,0.64693,0.00377,0.03626,0.0,0.0,0.00895,8494,5527,0.6507
04675_01215,46.75,12.15,1.0,0.0,0.66757,0.0,0.0206,0.00165,0.0,0.00706,8495,5671,0.66757
04675_01225,46.75,12.25,0.9732,0.0,0.6004,0.0,0.08786,0.00624,0.0,0.03828,8491,5098,0.6004
04675_01235,46.75,12.35,0.5918,0.0,0.513,0.0,0.19715,0.00682,0.0,0.03094,8501,4361,0.513
04685_01045,46.85,10.45,0.2167,0.0,0.46261,0.0,0.15158,0.0742,0.0,0.0,8504,3934,0.46261
04685_01055,46.85,10.55,0.4737,0.0,0.26492,0.0,0.22474,0.01843,0.0,0.03911,8463,2242,0.26492
04685_01065,46.85,10.65,0.6554,0.0,0.06329,0.0,0.08262,0.0,0.0,0.05539,8485,537,0.06329
04685_01075,46.85,10.75,0.2107,0.0,0.00212,0.0,0.07078,0.0026,0.0,0.0,8477,18,0.00212
04685_01105,46.85,11.05,0.2215,0.0,0.02351,0.0,0.2228,0.00106,0.0,0.0,8465,199,0.02351
04685_01115,46.85,11.15,1.0,0.0,0.3428,0.0,0.13705,0.03747,0.0,0.07365,8486,2909,0.3428
04685_01125,46.85,11.25,1.0,0.0,0.31851,0.0,0.18892,0.04823,0.0,0.05024,8480,2701,0.31851
04685_01135,46.85,11.35,1.0,0.0,0.45541,0.0,0.04541,0.08292,0.0,0.04152,8478,3861,0.45541
04685_01145,46.85,11.45,1.0,0.0,0.48218,0.0,0.06937,0.05439,0.0,0.01557,8476,4087,0.48218
04685_01155,46.85,11.55,1.0,0.0,0.60134,0.0,0.13391,0.00543,0.0,0.07043,8476,5097,0.60134
04685_01165,46.85,11.65,1.0,0.00035,0.44295,0.0,0.1781,0.06129,0.0,0.08062,8484,3761,0.4433
04685_01175,46.85,11.75,1.0,0.00307,0.4862,0.0,0.09731,0.00684,0.0,0.03456,8478,4148,0.48927
04685_01185,46.85,11.85,1.0,0.0,0.49705,0.0,0.09875,0.09238,0.0,0.02584,8476,4213,0.49705
04685_01195,46.85,11.95,1.0,0.0,0.63459,0.00908,0.02924,0.0,0.0,0.03184,8481,5459,0.64367
04685_01205,46.85,12.05,1.0,0.0,0.4222,0.00519,0.07054,0.01132,0.0,0.05533,8477,3623,0.42739
04685_01215,46.85,12.15,0.998,0.0,0.42549,0.0,0.16046,0.00743,0.0,0.04975,8482,3609,0.42549
04685_01225,46.85,12.25,0.7522,0.0,0.28288,0.0,0.26991,0.00802,0.0,0.04329,8477,2398,0.28288
04695_01115,46.95,11.15,0.4186,0.0,0.00177,0.0,0.06475,0.00792,0.0,0.00012,8463,15,0.00177
04695_01125,46.95,11.25,0.7471,0.0,0.08806,0.0,0.1253,0.01548,0.0,0.03818,8460,745,0.08806
04695_01135,46.95,11.35,0.8348,0.0,0.24835,0.0,0.11933,0.10574,0.0,0.04076,8464,2102,0.24835
04695_01145,46.95,11.45,0.8444,0.0,0.45249,0.0,0.21969,0.03663,0.0,0.06783,8462,3829,0.45249
04695_01155,46.95,11.55,0.9477,0.0,0.29005,0.0,0.18667,0.00792,0.0,0.09405,8464,2455,0.29005
04695_01165,46.95,11.65,0.9698,0.0,0.09779,0.0,0.31808,0.02389,0.0,0.08632,8457,827,0.09779
04695_01175,46.95,11.75,0.8173,0.0,0.10742,0.0,0.13519,0.02529,0.0,0.02777,8462,909,0.10742
04695_01185,46.95,11.85,0.965,0.0,0.27912,0.0,0.16218,0.02091,0.0,0.06638,8466,2363,0.27912
04695_01195,46.95,11.95,1.0,0.00602,0.59279,0.00331,0.02315,0.01264,0.0,0.06604,8465,5097,0.60212
04695_01205,46.95,12.05,1.0,0.0,0.2705,0.0,0.10919,0.02304,0.0,0.05022,8462,2289,0.2705
04695_01215,46.95,12.15,0.5023,0.0,0.03072,0.0,0.18811,0.00827,0.0,0.01654,8463,260,0.03072
04705_01185,47.05,11.85,0.0629,0.0,0.07979,0.0045,0.19877,0.02664,0.0,0.0,8447,712,0.08429
04705_01195,47.05,11.95,0.3951,0.0,0.13098,0.0,0.12352,0.03659,0.0,0.02226,8444,1106,0.13098
04705_01205,47.05,12.05,0.5896,0.0,0.23813,0.00071,0.09366,0.01989,0.0,0.01303,8445,2017,0.23884
04705_01215,47.05,12.15,0.6511,0.0,0.08241,0.0,0.14468,0.05896,0.0,0.01421,8446,696,0.08241
04705_01225,47.05,12.25,0.1266,0.0,0.01006,0.0,0.12593,0.0,0.0,0.0,8449,85,0.01006
